{
"type": "FeatureCollection",
"name": "output",
"crs": { "type": "name", "properties": { "name": "urn:ogc:def:crs:OGC:1.3:CRS84" } },
"features": [
{ "type": "Feature", "properties": { "FeatureID": "1", "HA_Area": 100.0, "OBJECTID_1": 1687, "FID_1by1": 1702, "FREQUENCY": 368, "SUM_AgriAr": 63.1322138369, "Agri_Per": 63.1322138369, "Shape_Leng": 4000.0, "Shape_Area": 1000000.0, "nor_score": 0.75532429424900005, "oneminus": 0.24467570575100001 }, "geometry": { "type": "Polygon", "coordinates": [ [ [ 73.13803248952739, 22.640748929240139 ], [ 73.128305392596417, 22.640635640928508 ], [ 73.128182997012445, 22.649664646565348 ], [ 73.137910729128407, 22.649777984959023 ], [ 73.13803248952739, 22.640748929240139 ] ] ] } },
{ "type": "Feature", "properties": { "FeatureID": "2", "HA_Area": 100.0, "OBJECTID_1": 1695, "FID_1by1": 1710, "FREQUENCY": 530, "SUM_AgriAr": 41.7371583, "Agri_Per": 41.7371583, "Shape_Leng": 4000.0, "Shape_Area": 1000000.0, "nor_score": 0.49935029553, "oneminus": 0.50064970447000001 }, "geometry": { "type": "Polygon", "coordinates": [ [ [ 73.215851466360618, 22.641634010532883 ], [ 73.206123883245667, 22.641525439072691 ], [ 73.206006569642511, 22.650554838070093 ], [ 73.215734788084461, 22.650663457527724 ], [ 73.215851466360618, 22.641634010532883 ] ] ] } },
{ "type": "Feature", "properties": { "FeatureID": "3", "HA_Area": 100.0, "OBJECTID_1": 1341, "FID_1by1": 1355, "FREQUENCY": 507, "SUM_AgriAr": 45.321306891900001, "Agri_Per": 45.321306891900001, "Shape_Leng": 4000.0, "Shape_Area": 1000000.0, "nor_score": 0.54223164470399998, "oneminus": 0.45776835529600002 }, "geometry": { "type": "Polygon", "coordinates": [ [ [ 73.168051428428612, 22.577880524777331 ], [ 73.158328584397523, 22.577769350100105 ], [ 73.158208522848057, 22.586798580521414 ], [ 73.167931999860556, 22.586909804455392 ], [ 73.168051428428612, 22.577880524777331 ] ] ] } },
{ "type": "Feature", "properties": { "FeatureID": "4", "HA_Area": 100.0, "OBJECTID_1": 1396, "FID_1by1": 1411, "FREQUENCY": 569, "SUM_AgriAr": 50.615853683600001, "Agri_Per": 50.615853683600001, "Shape_Leng": 4000.0, "Shape_Area": 1000000.0, "nor_score": 0.60557648208199999, "oneminus": 0.39442351791800001 }, "geometry": { "type": "Polygon", "coordinates": [ [ [ 73.22627412804249, 22.587564798773794 ], [ 73.216550290896436, 22.587457103281199 ], [ 73.216433968282715, 22.596486614625078 ], [ 73.226158438837359, 22.596594357818283 ], [ 73.22627412804249, 22.587564798773794 ] ] ] } },
{ "type": "Feature", "properties": { "FeatureID": "5", "HA_Area": 100.0, "OBJECTID_1": 1089, "FID_1by1": 1103, "FREQUENCY": 91, "SUM_AgriAr": 1.97233462775, "Agri_Per": 1.97233462775, "Shape_Leng": 4000.0, "Shape_Area": 1000000.0, "nor_score": 0.0235973391425, "oneminus": 0.97640266085799998 }, "geometry": { "type": "Polygon", "coordinates": [ [ [ 73.149208352605555, 22.53251152192782 ], [ 73.139488791059946, 22.532399420536624 ], [ 73.139367772304027, 22.541428605420748 ], [ 73.149087965185743, 22.541540756557975 ], [ 73.149208352605555, 22.53251152192782 ] ] ] } },
{ "type": "Feature", "properties": { "FeatureID": "6", "HA_Area": 100.0, "OBJECTID_1": 1549, "FID_1by1": 1564, "FREQUENCY": 405, "SUM_AgriAr": 26.786846221400001, "Agri_Per": 26.786846221400001, "Shape_Leng": 4000.0, "Shape_Area": 1000000.0, "nor_score": 0.32048227818500002, "oneminus": 0.67951772181500003 }, "geometry": { "type": "Polygon", "coordinates": [ [ [ 73.255104451077457, 22.614973426114368 ], [ 73.245378536868628, 22.614867354264664 ], [ 73.245263939681109, 22.623896975824241 ], [ 73.254990488317304, 22.624003094611073 ], [ 73.255104451077457, 22.614973426114368 ] ] ] } },
{ "type": "Feature", "properties": { "FeatureID": "7", "HA_Area": 100.0, "OBJECTID_1": 1756, "FID_1by1": 1771, "FREQUENCY": 61, "SUM_AgriAr": 2.3593932517999998, "Agri_Per": 2.3593932517999998, "Shape_Leng": 4000.0, "Shape_Area": 1000000.0, "nor_score": 0.0282281728212, "oneminus": 0.97177182717900001 }, "geometry": { "type": "Polygon", "coordinates": [ [ [ 73.322749036176646, 22.651819332732366 ], [ 73.31302018278457, 22.651717203341391 ], [ 73.312909802608175, 22.660747105297784 ], [ 73.322639291835728, 22.660849279824792 ], [ 73.322749036176646, 22.651819332732366 ] ] ] } },
{ "type": "Feature", "properties": { "FeatureID": "8", "HA_Area": 100.0, "OBJECTID_1": 1351, "FID_1by1": 1366, "FREQUENCY": 99, "SUM_AgriAr": 7.0686887163399996, "Agri_Per": 7.0686887163399996, "Shape_Leng": 4000.0, "Shape_Area": 1000000.0, "nor_score": 0.084570966095499994, "oneminus": 0.91542903390499997 }, "geometry": { "type": "Polygon", "coordinates": [ [ [ 73.275006655364948, 22.579064649753796 ], [ 73.265283160141664, 22.578959941423363 ], [ 73.265170062346655, 22.587989699348835 ], [ 73.27489419074108, 22.588094454071832 ], [ 73.275006655364948, 22.579064649753796 ] ] ] } },
{ "type": "Feature", "properties": { "FeatureID": "9", "HA_Area": 100.0, "OBJECTID_1": 1198, "FID_1by1": 1212, "FREQUENCY": 94, "SUM_AgriAr": 2.6872548652199999, "Agri_Per": 2.6872548652199999, "Shape_Leng": 4000.0, "Shape_Area": 1000000.0, "nor_score": 0.032150763630499998, "oneminus": 0.96784923636999998 }, "geometry": { "type": "Polygon", "coordinates": [ [ [ 73.226620842360674, 22.560476057414601 ], [ 73.236342840057205, 22.560583022497507 ], [ 73.236457661650888, 22.55155337323124 ], [ 73.226736296091474, 22.55144645556457 ], [ 73.226620842360674, 22.560476057414601 ] ] ] } },
{ "type": "Feature", "properties": { "FeatureID": "10", "HA_Area": 100.0, "OBJECTID_1": 1145, "FID_1by1": 1159, "FREQUENCY": 578, "SUM_AgriAr": 49.403991691100003, "Agri_Per": 49.403991691100003, "Shape_Leng": 4000.0, "Shape_Area": 1000000.0, "nor_score": 0.59107756388199995, "oneminus": 0.408922436118 }, "geometry": { "type": "Polygon", "coordinates": [ [ [ 73.207410400255839, 22.542201342053229 ], [ 73.197689843903021, 22.542092711370167 ], [ 73.197572553655462, 22.551122180120576 ], [ 73.207293741771849, 22.551230858994646 ], [ 73.207410400255839, 22.542201342053229 ] ] ] } },
{ "type": "Feature", "properties": { "FeatureID": "11", "HA_Area": 100.0, "OBJECTID_1": 1938, "FID_1by1": 1954, "FREQUENCY": 589, "SUM_AgriAr": 53.782559065500003, "Agri_Per": 53.782559065500003, "Shape_Leng": 4000.0, "Shape_Area": 1000000.0, "nor_score": 0.64346347134299997, "oneminus": 0.35653652865699997 }, "geometry": { "type": "Polygon", "coordinates": [ [ [ 73.156883805970224, 22.686119404918834 ], [ 73.147153406221676, 22.686007047862045 ], [ 73.147031972855771, 22.695036099465867 ], [ 73.156763009440638, 22.695148506115036 ], [ 73.156883805970224, 22.686119404918834 ] ] ] } },
{ "type": "Feature", "properties": { "FeatureID": "12", "HA_Area": 100.0, "OBJECTID_1": 995, "FID_1by1": 1009, "FREQUENCY": 245, "SUM_AgriAr": 14.7643233929, "Agri_Per": 14.7643233929, "Shape_Leng": 4000.0, "Shape_Area": 1000000.0, "nor_score": 0.176642817811, "oneminus": 0.823357182189 }, "geometry": { "type": "Polygon", "coordinates": [ [ [ 73.197924245093276, 22.524033741750952 ], [ 73.207643538884255, 22.524142276070215 ], [ 73.207760019063244, 22.515112727035604 ], [ 73.198041356070704, 22.515004240889144 ], [ 73.197924245093276, 22.524033741750952 ] ] ] } },
{ "type": "Feature", "properties": { "FeatureID": "13", "HA_Area": 100.0, "OBJECTID_1": 1247, "FID_1by1": 1261, "FREQUENCY": 192, "SUM_AgriAr": 11.8329850121, "Agri_Per": 11.8329850121, "Shape_Leng": 4000.0, "Shape_Area": 1000000.0, "nor_score": 0.14157179845199999, "oneminus": 0.85842820154800004 }, "geometry": { "type": "Polygon", "coordinates": [ [ [ 73.226620842360674, 22.560476057414601 ], [ 73.216898903507044, 22.560368504987693 ], [ 73.216782758491362, 22.569398048459011 ], [ 73.226505329787003, 22.569505648568466 ], [ 73.226620842360674, 22.560476057414601 ] ] ] } },
{ "type": "Feature", "properties": { "FeatureID": "14", "HA_Area": 100.0, "OBJECTID_1": 1509, "FID_1by1": 1524, "FREQUENCY": 452, "SUM_AgriAr": 24.7231677037, "Agri_Per": 24.7231677037, "Shape_Leng": 4000.0, "Shape_Area": 1000000.0, "nor_score": 0.295792085569, "oneminus": 0.70420791443099995 }, "geometry": { "type": "Polygon", "coordinates": [ [ [ 73.352474291543004, 22.606971615864172 ], [ 73.342748446342441, 22.606871478471373 ], [ 73.342640249252582, 22.615901568324077 ], [ 73.352366728722757, 22.616001750042628 ], [ 73.352474291543004, 22.606971615864172 ] ] ] } },
{ "type": "Feature", "properties": { "FeatureID": "15", "HA_Area": 100.0, "OBJECTID_1": 1659, "FID_1by1": 1674, "FREQUENCY": 585, "SUM_AgriAr": 38.6206093638, "Agri_Per": 38.6206093638, "Shape_Leng": 4000.0, "Shape_Area": 1000000.0, "nor_score": 0.462063386317, "oneminus": 0.53793661368300005 }, "geometry": { "type": "Polygon", "coordinates": [ [ [ 73.352151438812129, 22.634061986471341 ], [ 73.342423689834547, 22.633961716084436 ], [ 73.342315327474196, 22.642991773985237 ], [ 73.352043711689802, 22.643092088714727 ], [ 73.352151438812129, 22.634061986471341 ] ] ] } },
{ "type": "Feature", "properties": { "FeatureID": "16", "HA_Area": 100.0, "OBJECTID_1": 1044, "FID_1by1": 1058, "FREQUENCY": 547, "SUM_AgriAr": 50.0865838665, "Agri_Per": 50.0865838665, "Shape_Leng": 4000.0, "Shape_Area": 1000000.0, "nor_score": 0.59924421006399997, "oneminus": 0.40075578993599997 }, "geometry": { "type": "Polygon", "coordinates": [ [ [ 73.197924245093276, 22.524033741750952 ], [ 73.188205011041632, 22.52392462117248 ], [ 73.188087209222147, 22.532954062894952 ], [ 73.197807074376499, 22.533063231912461 ], [ 73.197924245093276, 22.524033741750952 ] ] ] } },
{ "type": "Feature", "properties": { "FeatureID": "17", "HA_Area": 100.0, "OBJECTID_1": 1306, "FID_1by1": 1320, "FREQUENCY": 54, "SUM_AgriAr": 3.1109007766399999, "Agri_Per": 3.1109007766399999, "Shape_Leng": 4000.0, "Shape_Area": 1000000.0, "nor_score": 0.037219333693300001, "oneminus": 0.96278066630699999 }, "geometry": { "type": "Polygon", "coordinates": [ [ [ 73.314011081491756, 22.570447605636872 ], [ 73.304287992053176, 22.570345294481285 ], [ 73.304177483341647, 22.579375247070558 ], [ 73.313901205695245, 22.579477603571238 ], [ 73.314011081491756, 22.570447605636872 ] ] ] } },
{ "type": "Feature", "properties": { "FeatureID": "18", "HA_Area": 100.0, "OBJECTID_1": 1106, "FID_1by1": 1120, "FREQUENCY": 52, "SUM_AgriAr": 1.8736931081299999, "Agri_Per": 1.8736931081299999, "Shape_Leng": 4000.0, "Shape_Area": 1000000.0, "nor_score": 0.0224171756149, "oneminus": 0.97758282438499999 }, "geometry": { "type": "Polygon", "coordinates": [ [ [ 73.314450025234962, 22.534327507464379 ], [ 73.304729464235379, 22.534225377631966 ], [ 73.304619180556671, 22.543255372811199 ], [ 73.314340373183029, 22.543357547965833 ], [ 73.314450025234962, 22.534327507464379 ] ] ] } },
{ "type": "Feature", "properties": { "FeatureID": "19", "HA_Area": 100.0, "OBJECTID_1": 1809, "FID_1by1": 1824, "FREQUENCY": 532, "SUM_AgriAr": 37.308608408200001, "Agri_Per": 37.308608408200001, "Shape_Leng": 4000.0, "Shape_Area": 1000000.0, "nor_score": 0.44636638892699998, "oneminus": 0.55363361107300002 }, "geometry": { "type": "Polygon", "coordinates": [ [ [ 73.351828093031116, 22.661152261242325 ], [ 73.342098437370367, 22.66105185781079 ], [ 73.341989909594659, 22.670081883728695 ], [ 73.351720201462726, 22.670182331519687 ], [ 73.351828093031116, 22.661152261242325 ] ] ] } },
{ "type": "Feature", "properties": { "FeatureID": "20", "HA_Area": 100.0, "OBJECTID_1": 1007, "FID_1by1": 1021, "FREQUENCY": 8, "SUM_AgriAr": 0.089999999999599997, "Agri_Per": 0.089999999999599997, "Shape_Leng": 4000.0, "Shape_Area": 1000000.0, "nor_score": 0.00107677495134, "oneminus": 0.998923225049 }, "geometry": { "type": "Polygon", "coordinates": [ [ [ 73.324388516243104, 22.516368847600621 ], [ 73.314669161668689, 22.516267394565546 ], [ 73.314559621391439, 22.525297456329799 ], [ 73.324279606965291, 22.525398954415451 ], [ 73.324388516243104, 22.516368847600621 ] ] ] } },
{ "type": "Feature", "properties": { "FeatureID": "21", "HA_Area": 100.0, "OBJECTID_1": 1847, "FID_1by1": 1862, "FREQUENCY": 527, "SUM_AgriAr": 45.407454189100001, "Agri_Per": 45.407454189100001, "Shape_Leng": 4000.0, "Shape_Area": 1000000.0, "nor_score": 0.54326232527899998, "oneminus": 0.45673767472100002 }, "geometry": { "type": "Polygon", "coordinates": [ [ [ 73.234960411425433, 22.668937978863536 ], [ 73.225230802939009, 22.668830444318203 ], [ 73.225114582911303, 22.677859906846493 ], [ 73.234844827728438, 22.677967488886097 ], [ 73.234960411425433, 22.668937978863536 ] ] ] } },
{ "type": "Feature", "properties": { "FeatureID": "22", "HA_Area": 100.0, "OBJECTID_1": 1739, "FID_1by1": 1754, "FREQUENCY": 551, "SUM_AgriAr": 70.468325341899998, "Agri_Per": 70.468325341899998, "Shape_Leng": 4000.0, "Shape_Area": 1000000.0, "nor_score": 0.843094751014, "oneminus": 0.156905248986 }, "geometry": { "type": "Polygon", "coordinates": [ [ [ 73.157366378799935, 22.650002892288793 ], [ 73.147638523165185, 22.649890733538601 ], [ 73.14751733637128, 22.658919828298671 ], [ 73.157245827549943, 22.659032036616086 ], [ 73.157366378799935, 22.650002892288793 ] ] ] } },
{ "type": "Feature", "properties": { "FeatureID": "23", "HA_Area": 100.0, "OBJECTID_1": 1159, "FID_1by1": 1173, "FREQUENCY": 162, "SUM_AgriAr": 7.9845668244799999, "Agri_Per": 7.9845668244799999, "Shape_Leng": 4000.0, "Shape_Area": 1000000.0, "nor_score": 0.095528683932499997, "oneminus": 0.90447131606700004 }, "geometry": { "type": "Polygon", "coordinates": [ [ [ 73.343504285244677, 22.543660551670012 ], [ 73.333782925848965, 22.543560137408956 ], [ 73.333674481831395, 22.552590257148719 ], [ 73.343396473224331, 22.552690715956714 ], [ 73.343504285244677, 22.543660551670012 ] ] ] } },
{ "type": "Feature", "properties": { "FeatureID": "24", "HA_Area": 100.0, "OBJECTID_1": 1854, "FID_1by1": 1869, "FREQUENCY": 463, "SUM_AgriAr": 47.387821622099999, "Agri_Per": 47.387821622099999, "Shape_Leng": 4000.0, "Shape_Area": 1000000.0, "nor_score": 0.56695577023800003, "oneminus": 0.43304422976200002 }, "geometry": { "type": "Polygon", "coordinates": [ [ [ 73.303069297061981, 22.669674186305627 ], [ 73.293339284279952, 22.669570785454155 ], [ 73.29322751892461, 22.678600574966858 ], [ 73.302958168155598, 22.678704021487373 ], [ 73.303069297061981, 22.669674186305627 ] ] ] } },
{ "type": "Feature", "properties": { "FeatureID": "25", "HA_Area": 100.0, "OBJECTID_1": 1799, "FID_1by1": 1814, "FREQUENCY": 178, "SUM_AgriAr": 9.6028508440499998, "Agri_Per": 9.6028508440499998, "Shape_Leng": 4000.0, "Shape_Area": 1000000.0, "nor_score": 0.114890102782, "oneminus": 0.88510989721800004 }, "geometry": { "type": "Polygon", "coordinates": [ [ [ 73.254534057157628, 22.660121661536969 ], [ 73.244804967584074, 22.660015354942221 ], [ 73.244690078637873, 22.66904492292425 ], [ 73.254419804253217, 22.669151276485859 ], [ 73.254534057157628, 22.660121661536969 ] ] ] } },
{ "type": "Feature", "properties": { "FeatureID": "26", "HA_Area": 100.0, "OBJECTID_1": 1149, "FID_1by1": 1163, "FREQUENCY": 58, "SUM_AgriAr": 7.1388910462900004, "Agri_Per": 7.1388910462900004, "Shape_Leng": 4000.0, "Shape_Area": 1000000.0, "nor_score": 0.085410878433499995, "oneminus": 0.91458912156600003 }, "geometry": { "type": "Polygon", "coordinates": [ [ [ 73.246293216971765, 22.542629996696771 ], [ 73.236572424740743, 22.542523713278282 ], [ 73.236457661650888, 22.55155337323124 ], [ 73.246179085714104, 22.551659703799722 ], [ 73.246293216971765, 22.542629996696771 ] ] ] } },
{ "type": "Feature", "properties": { "FeatureID": "27", "HA_Area": 100.0, "OBJECTID_1": 1794, "FID_1by1": 1809, "FREQUENCY": 541, "SUM_AgriAr": 40.635242699300001, "Agri_Per": 40.635242699300001, "Shape_Leng": 4000.0, "Shape_Area": 1000000.0, "nor_score": 0.48616679422600001, "oneminus": 0.51383320577400005 }, "geometry": { "type": "Polygon", "coordinates": [ [ [ 73.205889196378763, 22.65958422632438 ], [ 73.196160401964889, 22.659474968683245 ], [ 73.196042333067609, 22.668504297920656 ], [ 73.205771763436985, 22.668613603832075 ], [ 73.205889196378763, 22.65958422632438 ] ] ] } },
{ "type": "Feature", "properties": { "FeatureID": "28", "HA_Area": 100.0, "OBJECTID_1": 1451, "FID_1by1": 1466, "FREQUENCY": 74, "SUM_AgriAr": 10.6043074004, "Agri_Per": 10.6043074004, "Shape_Leng": 4000.0, "Shape_Area": 1000000.0, "nor_score": 0.12687169539000001, "oneminus": 0.87312830461000002 }, "geometry": { "type": "Polygon", "coordinates": [ [ [ 73.274781668834535, 22.597124247712884 ], [ 73.265056906946626, 22.59701944659146 ], [ 73.264943693924792, 22.606049183147775 ], [ 73.274669089628645, 22.60615403067349 ], [ 73.274781668834535, 22.597124247712884 ] ] ] } },
{ "type": "Feature", "properties": { "FeatureID": "29", "HA_Area": 100.0, "OBJECTID_1": 1503, "FID_1by1": 1518, "FREQUENCY": 259, "SUM_AgriAr": 22.882942956899999, "Agri_Per": 22.882942956899999, "Shape_Leng": 4000.0, "Shape_Area": 1000000.0, "nor_score": 0.27377533098899998, "oneminus": 0.72622466901100002 }, "geometry": { "type": "Polygon", "coordinates": [ [ [ 73.294120052662009, 22.60636195955756 ], [ 73.284394542648556, 22.60625828948146 ], [ 73.284282540281751, 22.61528810790778 ], [ 73.29400868446703, 22.61539182387299 ], [ 73.294120052662009, 22.60636195955756 ] ] ] } },
{ "type": "Feature", "properties": { "FeatureID": "30", "HA_Area": 100.0, "OBJECTID_1": 1005, "FID_1by1": 1019, "FREQUENCY": 31, "SUM_AgriAr": 0.76117226259199999, "Agri_Per": 0.76117226259199999, "Shape_Leng": 4000.0, "Shape_Area": 1000000.0, "nor_score": 0.0091067914001799997, "oneminus": 0.9908932086 }, "geometry": { "type": "Polygon", "coordinates": [ [ [ 73.304949862957244, 22.516165355360439 ], [ 73.295230620430431, 22.516062729999124 ], [ 73.295119818203105, 22.525092700881551 ], [ 73.304839691696799, 22.525195371813886 ], [ 73.304949862957244, 22.516165355360439 ] ] ] } },
{ "type": "Feature", "properties": { "FeatureID": "31", "HA_Area": 100.0, "OBJECTID_1": 1199, "FID_1by1": 1213, "FREQUENCY": 14, "SUM_AgriAr": 0.42524513482199999, "Agri_Per": 0.42524513482199999, "Shape_Leng": 4000.0, "Shape_Area": 1000000.0, "nor_score": 0.0050877034373, "oneminus": 0.99491229656299995 }, "geometry": { "type": "Polygon", "coordinates": [ [ [ 73.246179085714104, 22.551659703799722 ], [ 73.236457661650888, 22.55155337323124 ], [ 73.236342840057205, 22.560583022497507 ], [ 73.246064896274561, 22.560689400221928 ], [ 73.246179085714104, 22.551659703799722 ] ] ] } },
{ "type": "Feature", "properties": { "FeatureID": "32", "HA_Area": 100.0, "OBJECTID_1": 1140, "FID_1by1": 1154, "FREQUENCY": 204, "SUM_AgriAr": 22.184606271500002, "Agri_Per": 22.184606271500002, "Shape_Leng": 4000.0, "Shape_Area": 1000000.0, "nor_score": 0.265420314873, "oneminus": 0.734579685127 }, "geometry": { "type": "Polygon", "coordinates": [ [ [ 73.158808219450378, 22.541652320990323 ], [ 73.149087965185743, 22.541540756557975 ], [ 73.148967516383024, 22.550569980449982 ], [ 73.158688402323349, 22.550681594374435 ], [ 73.158808219450378, 22.541652320990323 ] ] ] } },
{ "type": "Feature", "properties": { "FeatureID": "33", "HA_Area": 100.0, "OBJECTID_1": 1404, "FID_1by1": 1419, "FREQUENCY": 43, "SUM_AgriAr": 4.4651653722200004, "Agri_Per": 4.4651653722200004, "Shape_Leng": 4000.0, "Shape_Area": 1000000.0, "nor_score": 0.053421980293500003, "oneminus": 0.94657801970699995 }, "geometry": { "type": "Polygon", "coordinates": [ [ [ 73.30406691833096, 22.588405189003716 ], [ 73.294342619055598, 22.588302198913336 ], [ 73.294231364186032, 22.59733208456986 ], [ 73.303956297004689, 22.597435120277261 ], [ 73.30406691833096, 22.588405189003716 ] ] ] } },
{ "type": "Feature", "properties": { "FeatureID": "34", "HA_Area": 100.0, "OBJECTID_1": 1556, "FID_1by1": 1571, "FREQUENCY": 374, "SUM_AgriAr": 16.326164158200001, "Agri_Per": 16.326164158200001, "Shape_Leng": 4000.0, "Shape_Area": 1000000.0, "nor_score": 0.19532894019, "oneminus": 0.80467105980999998 }, "geometry": { "type": "Polygon", "coordinates": [ [ [ 73.323187455857209, 22.61569943767411 ], [ 73.313461142577424, 22.615597488770081 ], [ 73.313350986733369, 22.624627433417864 ], [ 73.323077934556977, 22.62472942743506 ], [ 73.323187455857209, 22.61569943767411 ] ] ] } },
{ "type": "Feature", "properties": { "FeatureID": "35", "HA_Area": 100.0, "OBJECTID_1": 1099, "FID_1by1": 1113, "FREQUENCY": 43, "SUM_AgriAr": 1.8091420281899999, "Agri_Per": 1.8091420281899999, "Shape_Leng": 4000.0, "Shape_Area": 1000000.0, "nor_score": 0.021644875770900001, "oneminus": 0.97835512422899995 }, "geometry": { "type": "Polygon", "coordinates": [ [ [ 73.236572424740743, 22.542523713278282 ], [ 73.246293216971765, 22.542629996696771 ], [ 73.246407290064468, 22.533600278916555 ], [ 73.236687129343792, 22.533494042642122 ], [ 73.236572424740743, 22.542523713278282 ] ] ] } },
{ "type": "Feature", "properties": { "FeatureID": "36", "HA_Area": 100.0, "OBJECTID_1": 1192, "FID_1by1": 1206, "FREQUENCY": 506, "SUM_AgriAr": 79.234709462699996, "Agri_Per": 79.234709462699996, "Shape_Leng": 4000.0, "Shape_Area": 1000000.0, "nor_score": 0.94797722695999997, "oneminus": 0.05202277304 }, "geometry": { "type": "Polygon", "coordinates": [ [ [ 73.178130357118945, 22.550903061267778 ], [ 73.16840934934261, 22.550792621318703 ], [ 73.168290103151932, 22.559821933205487 ], [ 73.178011742961274, 22.55993242213242 ], [ 73.178130357118945, 22.550903061267778 ] ] ] } },
{ "type": "Feature", "properties": { "FeatureID": "37", "HA_Area": 100.0, "OBJECTID_1": 1690, "FID_1by1": 1705, "FREQUENCY": 526, "SUM_AgriAr": 37.2297198873, "Agri_Per": 37.2297198873, "Shape_Leng": 4000.0, "Shape_Area": 1000000.0, "nor_score": 0.445422553557, "oneminus": 0.554577446443 }, "geometry": { "type": "Polygon", "coordinates": [ [ [ 73.167214150445744, 22.641085256792728 ], [ 73.157486868774825, 22.64097373718748 ], [ 73.157366378799935, 22.650002892288793 ], [ 73.167094295709802, 22.65011446119442 ], [ 73.167214150445744, 22.641085256792728 ] ] ] } },
{ "type": "Feature", "properties": { "FeatureID": "38", "HA_Area": 100.0, "OBJECTID_1": 1708, "FID_1by1": 1723, "FREQUENCY": 493, "SUM_AgriAr": 36.9226485971, "Agri_Per": 36.9226485971, "Shape_Leng": 4000.0, "Shape_Area": 1000000.0, "nor_score": 0.44174870162899998, "oneminus": 0.55825129837099996 }, "geometry": { "type": "Polygon", "coordinates": [ [ [ 73.342315327474196, 22.642991773985237 ], [ 73.332586998380918, 22.642890869398315 ], [ 73.332477945353304, 22.651920872032658 ], [ 73.342206909991503, 22.652021821228491 ], [ 73.342315327474196, 22.642991773985237 ] ] ] } },
{ "type": "Feature", "properties": { "FeatureID": "39", "HA_Area": 100.0, "OBJECTID_1": 1752, "FID_1by1": 1767, "FREQUENCY": 309, "SUM_AgriAr": 24.9690224175, "Agri_Per": 24.9690224175, "Shape_Leng": 4000.0, "Shape_Area": 1000000.0, "nor_score": 0.29873353220799997, "oneminus": 0.70126646779199997 }, "geometry": { "type": "Polygon", "coordinates": [ [ [ 73.283833960546488, 22.651407274763091 ], [ 73.274105333523295, 22.651302785148538 ], [ 73.273992410169868, 22.660332503953704 ], [ 73.2837216729624, 22.660437039747112 ], [ 73.283833960546488, 22.651407274763091 ] ] ] } },
{ "type": "Feature", "properties": { "FeatureID": "40", "HA_Area": 100.0, "OBJECTID_1": 1355, "FID_1by1": 1370, "FREQUENCY": 62, "SUM_AgriAr": 5.1294193211900003, "Agri_Per": 5.1294193211900003, "Shape_Leng": 4000.0, "Shape_Area": 1000000.0, "nor_score": 0.061369224888799999, "oneminus": 0.93863077511100002 }, "geometry": { "type": "Polygon", "coordinates": [ [ [ 73.313901205695245, 22.579477603571238 ], [ 73.304177483341647, 22.579375247070558 ], [ 73.30406691833096, 22.588405189003716 ], [ 73.313791273921879, 22.588507590855201 ], [ 73.313901205695245, 22.579477603571238 ] ] ] } },
{ "type": "Feature", "properties": { "FeatureID": "41", "HA_Area": 100.0, "OBJECTID_1": 1252, "FID_1by1": 1266, "FREQUENCY": 45, "SUM_AgriAr": 3.7635775014599999, "Agri_Per": 3.7635775014599999, "Shape_Leng": 4000.0, "Shape_Area": 1000000.0, "nor_score": 0.045028066455699997, "oneminus": 0.95497193354400001 }, "geometry": { "type": "Polygon", "coordinates": [ [ [ 73.27523141283136, 22.561005009100665 ], [ 73.265509182983678, 22.560900393537789 ], [ 73.26539620034842, 22.56993017281853 ], [ 73.275119062722794, 22.570034834762254 ], [ 73.27523141283136, 22.561005009100665 ] ] ] } },
{ "type": "Feature", "properties": { "FeatureID": "42", "HA_Area": 100.0, "OBJECTID_1": 1743, "FID_1by1": 1758, "FREQUENCY": 443, "SUM_AgriAr": 55.9679727388, "Agri_Per": 55.9679727388, "Shape_Leng": 4000.0, "Shape_Area": 1000000.0, "nor_score": 0.66961012358399996, "oneminus": 0.33038987641599998 }, "geometry": { "type": "Polygon", "coordinates": [ [ [ 73.19627841086114, 22.65044562869311 ], [ 73.186550312063289, 22.650335829411574 ], [ 73.186431667552085, 22.65936512087692 ], [ 73.196160401964889, 22.659474968683245 ], [ 73.19627841086114, 22.65044562869311 ] ] ] } },
{ "type": "Feature", "properties": { "FeatureID": "43", "HA_Area": 100.0, "OBJECTID_1": 1548, "FID_1by1": 1563, "FREQUENCY": 656, "SUM_AgriAr": 39.906996998799997, "Agri_Per": 39.906996998799997, "Shape_Leng": 4000.0, "Shape_Area": 1000000.0, "nor_score": 0.47745394168499999, "oneminus": 0.52254605831500001 }, "geometry": { "type": "Polygon", "coordinates": [ [ [ 73.245378536868628, 22.614867354264664 ], [ 73.235652680960456, 22.614760693479539 ], [ 73.235537449362596, 22.623790267841475 ], [ 73.245263939681109, 22.623896975824241 ], [ 73.245378536868628, 22.614867354264664 ] ] ] } },
{ "type": "Feature", "properties": { "FeatureID": "44", "HA_Area": 100.0, "OBJECTID_1": 1506, "FID_1by1": 1521, "FREQUENCY": 316, "SUM_AgriAr": 14.7976727208, "Agri_Per": 14.7976727208, "Shape_Leng": 4000.0, "Shape_Area": 1000000.0, "nor_score": 0.17704181471, "oneminus": 0.82295818528999998 }, "geometry": { "type": "Polygon", "coordinates": [ [ [ 73.323296921437958, 22.606669437254642 ], [ 73.313571242379282, 22.606567533458076 ], [ 73.313461142577424, 22.615597488770081 ], [ 73.323187455857209, 22.61569943767411 ], [ 73.323296921437958, 22.606669437254642 ] ] ] } },
{ "type": "Feature", "properties": { "FeatureID": "45", "HA_Area": 100.0, "OBJECTID_1": 1786, "FID_1by1": 1801, "FREQUENCY": 613, "SUM_AgriAr": 36.995299884600001, "Agri_Per": 36.995299884600001, "Shape_Leng": 4000.0, "Shape_Area": 1000000.0, "nor_score": 0.44261791370199999, "oneminus": 0.55738208629800001 }, "geometry": { "type": "Polygon", "coordinates": [ [ [ 73.128060539184816, 22.658693641409229 ], [ 73.118332233822898, 22.658579662867851 ], [ 73.118209077920838, 22.667608596559916 ], [ 73.127938019095325, 22.667722625456644 ], [ 73.128060539184816, 22.658693641409229 ] ] ] } },
{ "type": "Feature", "properties": { "FeatureID": "46", "HA_Area": 100.0, "OBJECTID_1": 1443, "FID_1by1": 1458, "FREQUENCY": 31, "SUM_AgriAr": 0.39659384621799998, "Agri_Per": 0.39659384621799998, "Shape_Leng": 4000.0, "Shape_Area": 1000000.0, "nor_score": 0.0047449146607199998, "oneminus": 0.99525508533899998 }, "geometry": { "type": "Polygon", "coordinates": [ [ [ 73.187260913311391, 22.596159854878842 ], [ 73.187142630374851, 22.605189210824044 ], [ 73.196867555939718, 22.605298767573796 ], [ 73.196985205197365, 22.596269363140646 ], [ 73.187260913311391, 22.596159854878842 ] ] ] } },
{ "type": "Feature", "properties": { "FeatureID": "47", "HA_Area": 100.0, "OBJECTID_1": 1486, "FID_1by1": 1501, "FREQUENCY": 715, "SUM_AgriAr": 50.244353742900003, "Agri_Per": 50.244353742900003, "Shape_Leng": 4000.0, "Shape_Area": 1000000.0, "nor_score": 0.60113179507500003, "oneminus": 0.39886820492500002 }, "geometry": { "type": "Polygon", "coordinates": [ [ [ 73.128794352858833, 22.604519510521872 ], [ 73.119069855594134, 22.604405833978653 ], [ 73.118947074926822, 22.613434832435061 ], [ 73.128672206067947, 22.613548559295388 ], [ 73.128794352858833, 22.604519510521872 ] ] ] } },
{ "type": "Feature", "properties": { "FeatureID": "48", "HA_Area": 100.0, "OBJECTID_1": 1885, "FID_1by1": 1901, "FREQUENCY": 615, "SUM_AgriAr": 51.659912711700002, "Agri_Per": 51.659912711700002, "Shape_Leng": 4000.0, "Shape_Area": 1000000.0, "nor_score": 0.61806777773900001, "oneminus": 0.38193222226099999 }, "geometry": { "type": "Polygon", "coordinates": [ [ [ 73.127815436725754, 22.676751598704062 ], [ 73.1180858594157, 22.676637519445602 ], [ 73.11796257828918, 22.685666431521412 ], [ 73.127692792057928, 22.685780561147986 ], [ 73.127815436725754, 22.676751598704062 ] ] ] } },
{ "type": "Feature", "properties": { "FeatureID": "49", "HA_Area": 100.0, "OBJECTID_1": 1392, "FID_1by1": 1407, "FREQUENCY": 419, "SUM_AgriAr": 25.776641607599998, "Agri_Per": 25.776641607599998, "Shape_Leng": 4000.0, "Shape_Area": 1000000.0, "nor_score": 0.30839602236500002, "oneminus": 0.69160397763500003 }, "geometry": { "type": "Polygon", "coordinates": [ [ [ 73.187260913311391, 22.596159854878842 ], [ 73.187379136046971, 22.587130488199229 ], [ 73.177655537700943, 22.587020440352987 ], [ 73.177536681626364, 22.596049758290384 ], [ 73.187260913311391, 22.596159854878842 ] ] ] } },
{ "type": "Feature", "properties": { "FeatureID": "50", "HA_Area": 100.0, "OBJECTID_1": 1186, "FID_1by1": 1200, "FREQUENCY": 860, "SUM_AgriAr": 58.0073583394, "Agri_Per": 58.0073583394, "Shape_Leng": 4000.0, "Shape_Area": 1000000.0, "nor_score": 0.69400967170500005, "oneminus": 0.305990328295 }, "geometry": { "type": "Polygon", "coordinates": [ [ [ 73.119805228253938, 22.550231616947045 ], [ 73.110084589847588, 22.550117655253757 ], [ 73.109961551833592, 22.559146667808534 ], [ 73.119682822165444, 22.559260680041024 ], [ 73.119805228253938, 22.550231616947045 ] ] ] } },
{ "type": "Feature", "properties": { "FeatureID": "51", "HA_Area": 100.0, "OBJECTID_1": 1588, "FID_1by1": 1603, "FREQUENCY": 516, "SUM_AgriAr": 38.216780011799997, "Agri_Per": 38.216780011799997, "Shape_Leng": 4000.0, "Shape_Area": 1000000.0, "nor_score": 0.45723190486300003, "oneminus": 0.54276809513699997 }, "geometry": { "type": "Polygon", "coordinates": [ [ [ 73.148001714030983, 22.622803384590583 ], [ 73.138275824635173, 22.622690785456573 ], [ 73.13815418802362, 22.631719862738141 ], [ 73.147880711977052, 22.631832511681033 ], [ 73.148001714030983, 22.622803384590583 ] ] ] } },
{ "type": "Feature", "properties": { "FeatureID": "52", "HA_Area": 100.0, "OBJECTID_1": 987, "FID_1by1": 1001, "FREQUENCY": 168, "SUM_AgriAr": 5.3345682429799997, "Agri_Per": 5.3345682429799997, "Shape_Leng": 4000.0, "Shape_Area": 1000000.0, "nor_score": 0.063823660669699994, "oneminus": 0.93617633933 }, "geometry": { "type": "Polygon", "coordinates": [ [ [ 73.130012405342214, 22.5142284307219 ], [ 73.120294229127154, 22.514115257000544 ], [ 73.120172072394723, 22.523144363115701 ], [ 73.129890879266782, 22.523257587090733 ], [ 73.130012405342214, 22.5142284307219 ] ] ] } },
{ "type": "Feature", "properties": { "FeatureID": "53", "HA_Area": 100.0, "OBJECTID_1": 1697, "FID_1by1": 1712, "FREQUENCY": 135, "SUM_AgriAr": 5.2610857545899998, "Agri_Per": 5.2610857545899998, "Shape_Leng": 4000.0, "Shape_Area": 1000000.0, "nor_score": 0.062944503971199994, "oneminus": 0.93705549602899996 }, "geometry": { "type": "Polygon", "coordinates": [ [ [ 73.235306810228678, 22.641849384418258 ], [ 73.225579108795912, 22.641741992319613 ], [ 73.225463065864076, 22.65077148705128 ], [ 73.235191402658387, 22.650878926626135 ], [ 73.235306810228678, 22.641849384418258 ] ] ] } },
{ "type": "Feature", "properties": { "FeatureID": "54", "HA_Area": 100.0, "OBJECTID_1": 1703, "FID_1by1": 1718, "FREQUENCY": 94, "SUM_AgriAr": 6.0324355407199999, "Agri_Per": 6.0324355407199999, "Shape_Leng": 4000.0, "Shape_Area": 1000000.0, "nor_score": 0.072173060953799995, "oneminus": 0.927826939046 }, "geometry": { "type": "Polygon", "coordinates": [ [ [ 73.283833960546488, 22.651407274763091 ], [ 73.293562644646443, 22.651511174342787 ], [ 73.293674239690787, 22.642481352751048 ], [ 73.283946191053801, 22.64237749908369 ], [ 73.283833960546488, 22.651407274763091 ] ] ] } },
{ "type": "Feature", "properties": { "FeatureID": "55", "HA_Area": 100.0, "OBJECTID_1": 1948, "FID_1by1": 1964, "FREQUENCY": 471, "SUM_AgriAr": 31.387016185699999, "Agri_Per": 31.387016185699999, "Shape_Leng": 4000.0, "Shape_Area": 1000000.0, "nor_score": 0.37551947584599998, "oneminus": 0.62448052415400002 }, "geometry": { "type": "Polygon", "coordinates": [ [ [ 73.254191124188239, 22.687210474220269 ], [ 73.244460125519694, 22.687104026707068 ], [ 73.244345061313524, 22.696133562500929 ], [ 73.254076696993678, 22.696240056998864 ], [ 73.254191124188239, 22.687210474220269 ] ] ] } },
{ "type": "Feature", "properties": { "FeatureID": "56", "HA_Area": 100.0, "OBJECTID_1": 1088, "FID_1by1": 1102, "FREQUENCY": 528, "SUM_AgriAr": 34.142738983100003, "Agri_Per": 34.142738983100003, "Shape_Leng": 4000.0, "Shape_Area": 1000000.0, "nor_score": 0.408489401192, "oneminus": 0.59151059880800005 }, "geometry": { "type": "Polygon", "coordinates": [ [ [ 73.139488791059946, 22.532399420536624 ], [ 73.129769291201029, 22.532286732715885 ], [ 73.129647641126951, 22.541315867593834 ], [ 73.139367772304027, 22.541428605420748 ], [ 73.139488791059946, 22.532399420536624 ] ] ] } },
{ "type": "Feature", "properties": { "FeatureID": "57", "HA_Area": 100.0, "OBJECTID_1": 1260, "FID_1by1": 1274, "FREQUENCY": 166, "SUM_AgriAr": 10.079091677299999, "Agri_Per": 10.079091677299999, "Shape_Leng": 4000.0, "Shape_Area": 1000000.0, "nor_score": 0.120587927227, "oneminus": 0.87941207277300004 }, "geometry": { "type": "Polygon", "coordinates": [ [ [ 73.35301128493218, 22.561820785468335 ], [ 73.343288606242098, 22.56172086962032 ], [ 73.34318068428199, 22.570751012657389 ], [ 73.352903995629489, 22.570850972803168 ], [ 73.35301128493218, 22.561820785468335 ] ] ] } },
{ "type": "Feature", "properties": { "FeatureID": "58", "HA_Area": 100.0, "OBJECTID_1": 1387, "FID_1by1": 1402, "FREQUENCY": 656, "SUM_AgriAr": 54.0638471444, "Agri_Per": 54.0638471444, "Shape_Leng": 4000.0, "Shape_Area": 1000000.0, "nor_score": 0.64682884864800005, "oneminus": 0.353171151352 }, "geometry": { "type": "Polygon", "coordinates": [ [ [ 73.138761752595556, 22.586574368604659 ], [ 73.12903846, 22.586461380652235 ], [ 73.128916437496812, 22.595490450972985 ], [ 73.138640363342276, 22.595603488969452 ], [ 73.138761752595556, 22.586574368604659 ] ] ] } },
{ "type": "Feature", "properties": { "FeatureID": "59", "HA_Area": 100.0, "OBJECTID_1": 1147, "FID_1by1": 1161, "FREQUENCY": 217, "SUM_AgriAr": 14.133180859199999, "Agri_Per": 14.133180859199999, "Shape_Leng": 4000.0, "Shape_Area": 1000000.0, "nor_score": 0.169091723689, "oneminus": 0.83090827631099995 }, "geometry": { "type": "Polygon", "coordinates": [ [ [ 73.226851690996511, 22.542416843021872 ], [ 73.217131016060947, 22.542309385942005 ], [ 73.217014989357835, 22.551338950814191 ], [ 73.226736296091474, 22.55144645556457 ], [ 73.226851690996511, 22.542416843021872 ] ] ] } },
{ "type": "Feature", "properties": { "FeatureID": "60", "HA_Area": 100.0, "OBJECTID_1": 1405, "FID_1by1": 1420, "FREQUENCY": 63, "SUM_AgriAr": 5.1273346277199998, "Agri_Per": 5.1273346277199998, "Shape_Leng": 4000.0, "Shape_Area": 1000000.0, "nor_score": 0.061344283269800001, "oneminus": 0.93865571673000003 }, "geometry": { "type": "Polygon", "coordinates": [ [ [ 73.313791273921879, 22.588507590855201 ], [ 73.30406691833096, 22.588405189003716 ], [ 73.303956297004689, 22.597435120277261 ], [ 73.313681286155344, 22.597537567485301 ], [ 73.313791273921879, 22.588507590855201 ] ] ] } },
{ "type": "Feature", "properties": { "FeatureID": "61", "HA_Area": 100.0, "OBJECTID_1": 1746, "FID_1by1": 1761, "FREQUENCY": 552, "SUM_AgriAr": 41.837866935699999, "Agri_Per": 41.837866935699999, "Shape_Leng": 4000.0, "Shape_Area": 1000000.0, "nor_score": 0.500555190378, "oneminus": 0.499444809622 }, "geometry": { "type": "Polygon", "coordinates": [ [ [ 73.225463065864076, 22.65077148705128 ], [ 73.215734788084461, 22.650663457527724 ], [ 73.215618050470638, 22.659692893785536 ], [ 73.225346963917502, 22.659800971051968 ], [ 73.225463065864076, 22.65077148705128 ] ] ] } },
{ "type": "Feature", "properties": { "FeatureID": "62", "HA_Area": 100.0, "OBJECTID_1": 1201, "FID_1by1": 1215, "FREQUENCY": 31, "SUM_AgriAr": 3.8309156287800001, "Agri_Per": 3.8309156287800001, "Shape_Leng": 4000.0, "Shape_Area": 1000000.0, "nor_score": 0.045833710997600002, "oneminus": 0.95416628900199996 }, "geometry": { "type": "Polygon", "coordinates": [ [ [ 73.26562210806425, 22.551870603584629 ], [ 73.255900567959216, 22.551765447255622 ], [ 73.255787010690739, 22.560795190573465 ], [ 73.265509182983678, 22.560900393537789 ], [ 73.26562210806425, 22.551870603584629 ] ] ] } },
{ "type": "Feature", "properties": { "FeatureID": "63", "HA_Area": 100.0, "OBJECTID_1": 1800, "FID_1by1": 1815, "FREQUENCY": 144, "SUM_AgriAr": 5.82682168961, "Agri_Per": 5.82682168961, "Shape_Leng": 4000.0, "Shape_Area": 1000000.0, "nor_score": 0.069713062681299995, "oneminus": 0.93028693731900003 }, "geometry": { "type": "Polygon", "coordinates": [ [ [ 73.26426320479392, 22.660227377878904 ], [ 73.254534057157628, 22.660121661536969 ], [ 73.254419804253217, 22.669151276485859 ], [ 73.264149587948282, 22.669257039533946 ], [ 73.26426320479392, 22.660227377878904 ] ] ] } },
{ "type": "Feature", "properties": { "FeatureID": "64", "HA_Area": 100.0, "OBJECTID_1": 1504, "FID_1by1": 1519, "FREQUENCY": 230, "SUM_AgriAr": 17.596006502400002, "Agri_Per": 17.596006502400002, "Shape_Leng": 4000.0, "Shape_Area": 1000000.0, "nor_score": 0.21052154495, "oneminus": 0.78947845505000003 }, "geometry": { "type": "Polygon", "coordinates": [ [ [ 73.303845619346447, 22.606465040887755 ], [ 73.294120052662009, 22.60636195955756 ], [ 73.29400868446703, 22.61539182387299 ], [ 73.303734885339807, 22.615494950831746 ], [ 73.303845619346447, 22.606465040887755 ] ] ] } },
{ "type": "Feature", "properties": { "FeatureID": "65", "HA_Area": 100.0, "OBJECTID_1": 1957, "FID_1by1": 1973, "FREQUENCY": 402, "SUM_AgriAr": 33.004079388800001, "Agri_Per": 33.004079388800001, "Shape_Leng": 4000.0, "Shape_Area": 1000000.0, "nor_score": 0.39486628864399997, "oneminus": 0.60513371135600003 }, "geometry": { "type": "Polygon", "coordinates": [ [ [ 73.341772688515093, 22.688141903557561 ], [ 73.332041178465474, 22.688040775869482 ], [ 73.33193184796805, 22.697070725136363 ], [ 73.341663995178919, 22.697171897461661 ], [ 73.341772688515093, 22.688141903557561 ] ] ] } },
{ "type": "Feature", "properties": { "FeatureID": "66", "HA_Area": 100.0, "OBJECTID_1": 1496, "FID_1by1": 1511, "FREQUENCY": 573, "SUM_AgriAr": 45.005392921199999, "Agri_Per": 45.005392921199999, "Shape_Leng": 4000.0, "Shape_Area": 1000000.0, "nor_score": 0.53845199747700001, "oneminus": 0.46154800252299999 }, "geometry": { "type": "Polygon", "coordinates": [ [ [ 73.226042690720746, 22.605623906152665 ], [ 73.216317586435125, 22.605516115252833 ], [ 73.216201145336413, 22.614545605160966 ], [ 73.225926883675498, 22.61465344377347 ], [ 73.226042690720746, 22.605623906152665 ] ] ] } },
{ "type": "Feature", "properties": { "FeatureID": "67", "HA_Area": 100.0, "OBJECTID_1": 1206, "FID_1by1": 1220, "FREQUENCY": 54, "SUM_AgriAr": 3.0030564338199999, "Agri_Per": 3.0030564338199999, "Shape_Leng": 4000.0, "Shape_Area": 1000000.0, "nor_score": 0.035929066060099997, "oneminus": 0.96407093394 }, "geometry": { "type": "Polygon", "coordinates": [ [ [ 73.304398444481933, 22.561315331239328 ], [ 73.314120901327684, 22.561417597055542 ], [ 73.314230665219355, 22.552387577830711 ], [ 73.304508840644317, 22.552285357348143 ], [ 73.304398444481933, 22.561315331239328 ] ] ] } },
{ "type": "Feature", "properties": { "FeatureID": "68", "HA_Area": 100.0, "OBJECTID_1": 1256, "FID_1by1": 1270, "FREQUENCY": 51, "SUM_AgriAr": 6.3738461537599997, "Agri_Per": 6.3738461537599997, "Shape_Leng": 4000.0, "Shape_Area": 1000000.0, "nor_score": 0.076257754245400003, "oneminus": 0.92374224575499997 }, "geometry": { "type": "Polygon", "coordinates": [ [ [ 73.314120901327684, 22.561417597055542 ], [ 73.304398444481933, 22.561315331239328 ], [ 73.304287992053176, 22.570345294481285 ], [ 73.314011081491756, 22.570447605636872 ], [ 73.314120901327684, 22.561417597055542 ] ] ] } },
{ "type": "Feature", "properties": { "FeatureID": "69", "HA_Area": 100.0, "OBJECTID_1": 1856, "FID_1by1": 1871, "FREQUENCY": 36, "SUM_AgriAr": 0.90958070925900003, "Agri_Per": 0.90958070925900003, "Shape_Leng": 4000.0, "Shape_Area": 1000000.0, "nor_score": 0.010882374710599999, "oneminus": 0.98911762528900005 }, "geometry": { "type": "Polygon", "coordinates": [ [ [ 73.322529491693899, 22.669879216241473 ], [ 73.312799366307701, 22.669776996572711 ], [ 73.31268887386679, 22.678806877162721 ], [ 73.322419635734875, 22.678909141978959 ], [ 73.322529491693899, 22.669879216241473 ] ] ] } },
{ "type": "Feature", "properties": { "FeatureID": "70", "HA_Area": 100.0, "OBJECTID_1": 1645, "FID_1by1": 1660, "FREQUENCY": 313, "SUM_AgriAr": 27.795940892899999, "Agri_Per": 27.795940892899999, "Shape_Leng": 4000.0, "Shape_Area": 1000000.0, "nor_score": 0.33255525447200002, "oneminus": 0.66744474552800004 }, "geometry": { "type": "Polygon", "coordinates": [ [ [ 73.215968085316462, 22.632604552804469 ], [ 73.206241137205637, 22.632496029335641 ], [ 73.206123883245667, 22.641525439072691 ], [ 73.215851466360618, 22.641634010532883 ], [ 73.215968085316462, 22.632604552804469 ] ] ] } },
{ "type": "Feature", "properties": { "FeatureID": "71", "HA_Area": 100.0, "OBJECTID_1": 1953, "FID_1by1": 1969, "FREQUENCY": 209, "SUM_AgriAr": 13.884232150600001, "Agri_Per": 13.884232150600001, "Shape_Leng": 4000.0, "Shape_Area": 1000000.0, "nor_score": 0.16611325998199999, "oneminus": 0.83388674001800001 }, "geometry": { "type": "Polygon", "coordinates": [ [ [ 73.302846982768983, 22.687733845974993 ], [ 73.293115696765724, 22.687630353779646 ], [ 73.293003817786683, 22.696660121889067 ], [ 73.302735740885637, 22.69676365976505 ], [ 73.302846982768983, 22.687733845974993 ] ] ] } },
{ "type": "Feature", "properties": { "FeatureID": "72", "HA_Area": 100.0, "OBJECTID_1": 1692, "FID_1by1": 1707, "FREQUENCY": 567, "SUM_AgriAr": 67.140363499100005, "Agri_Per": 67.140363499100005, "Shape_Leng": 4000.0, "Shape_Area": 1000000.0, "nor_score": 0.803278462666, "oneminus": 0.196721537334 }, "geometry": { "type": "Polygon", "coordinates": [ [ [ 73.18666889626806, 22.641306527190853 ], [ 73.176941493051075, 22.641196186798862 ], [ 73.176822273571887, 22.650225440240355 ], [ 73.186550312063289, 22.650335829411574 ], [ 73.18666889626806, 22.641306527190853 ] ] ] } },
{ "type": "Feature", "properties": { "FeatureID": "73", "HA_Area": 100.0, "OBJECTID_1": 1494, "FID_1by1": 1509, "FREQUENCY": 165, "SUM_AgriAr": 9.2523887851800009, "Agri_Per": 9.2523887851800009, "Shape_Leng": 4000.0, "Shape_Area": 1000000.0, "nor_score": 0.11069711648900001, "oneminus": 0.88930288351099995 }, "geometry": { "type": "Polygon", "coordinates": [ [ [ 73.206592541400624, 22.605407735721645 ], [ 73.196867555939718, 22.605298767573796 ], [ 73.19674984678602, 22.614328161275171 ], [ 73.206475466265729, 22.61443717765664 ], [ 73.206592541400624, 22.605407735721645 ] ] ] } },
{ "type": "Feature", "properties": { "FeatureID": "74", "HA_Area": 100.0, "OBJECTID_1": 1101, "FID_1by1": 1115, "FREQUENCY": 10, "SUM_AgriAr": 0.35749999998400001, "Agri_Per": 0.35749999998400001, "Shape_Leng": 4000.0, "Shape_Area": 1000000.0, "nor_score": 0.0042771893898699998, "oneminus": 0.99572281061000001 }, "geometry": { "type": "Polygon", "coordinates": [ [ [ 73.265847785628182, 22.533810991674915 ], [ 73.256127508933176, 22.533705928598923 ], [ 73.256014067367744, 22.542735693262944 ], [ 73.265734975606833, 22.542840802962505 ], [ 73.265847785628182, 22.533810991674915 ] ] ] } },
{ "type": "Feature", "properties": { "FeatureID": "75", "HA_Area": 100.0, "OBJECTID_1": 1294, "FID_1by1": 1308, "FREQUENCY": 850, "SUM_AgriAr": 37.400947770599998, "Agri_Per": 37.400947770599998, "Shape_Leng": 4000.0, "Shape_Area": 1000000.0, "nor_score": 0.44747115239899998, "oneminus": 0.55252884760099996 }, "geometry": { "type": "Polygon", "coordinates": [ [ [ 73.197337793768511, 22.569181085485482 ], [ 73.187615400985464, 22.569071722650783 ], [ 73.187497298599169, 22.578101110788712 ], [ 73.197220324094317, 22.578210522092991 ], [ 73.197337793768511, 22.569181085485482 ] ] ] } },
{ "type": "Feature", "properties": { "FeatureID": "76", "HA_Area": 100.0, "OBJECTID_1": 1701, "FID_1by1": 1716, "FREQUENCY": 102, "SUM_AgriAr": 4.3528735493199999, "Agri_Per": 4.3528735493199999, "Shape_Leng": 4000.0, "Shape_Area": 1000000.0, "nor_score": 0.052078502269699997, "oneminus": 0.94792149773000001 }, "geometry": { "type": "Polygon", "coordinates": [ [ [ 73.27421819947692, 22.642273055642139 ], [ 73.264490265283058, 22.642168022440554 ], [ 73.26437676389989, 22.651197705513287 ], [ 73.274105333523295, 22.651302785148538 ], [ 73.27421819947692, 22.642273055642139 ] ] ] } },
{ "type": "Feature", "properties": { "FeatureID": "77", "HA_Area": 100.0, "OBJECTID_1": 1208, "FID_1by1": 1222, "FREQUENCY": 75, "SUM_AgriAr": 10.2988715114, "Agri_Per": 10.2988715114, "Shape_Leng": 4000.0, "Shape_Area": 1000000.0, "nor_score": 0.123217409673, "oneminus": 0.87678259032700001 }, "geometry": { "type": "Polygon", "coordinates": [ [ [ 73.333674481831395, 22.552590257148719 ], [ 73.323952545722392, 22.552489211102156 ], [ 73.323843414117718, 22.561519275400276 ], [ 73.33356598252989, 22.561620366259771 ], [ 73.333674481831395, 22.552590257148719 ] ] ] } },
{ "type": "Feature", "properties": { "FeatureID": "78", "HA_Area": 100.0, "OBJECTID_1": 1546, "FID_1by1": 1561, "FREQUENCY": 253, "SUM_AgriAr": 7.2316108945600002, "Agri_Per": 7.2316108945600002, "Shape_Leng": 4000.0, "Shape_Area": 1000000.0, "nor_score": 0.086520194101399994, "oneminus": 0.91347980589900002 }, "geometry": { "type": "Polygon", "coordinates": [ [ [ 73.225926883675498, 22.61465344377347 ], [ 73.216201145336413, 22.614545605160966 ], [ 73.216084644969285, 22.623575084346012 ], [ 73.225811017684421, 22.623682970677216 ], [ 73.225926883675498, 22.61465344377347 ] ] ] } },
{ "type": "Feature", "properties": { "FeatureID": "79", "HA_Area": 100.0, "OBJECTID_1": 1585, "FID_1by1": 1600, "FREQUENCY": 448, "SUM_AgriAr": 29.9847657967, "Agri_Per": 29.9847657967, "Shape_Leng": 4000.0, "Shape_Area": 1000000.0, "nor_score": 0.35874271924200002, "oneminus": 0.64125728075800004 }, "geometry": { "type": "Polygon", "coordinates": [ [ [ 73.118824231766013, 22.622463820106212 ], [ 73.10909852893775, 22.622349453920609 ], [ 73.108974988762029, 22.631378380212677 ], [ 73.118701326093472, 22.631492796988585 ], [ 73.118824231766013, 22.622463820106212 ] ] ] } },
{ "type": "Feature", "properties": { "FeatureID": "80", "HA_Area": 100.0, "OBJECTID_1": 1498, "FID_1by1": 1513, "FREQUENCY": 578, "SUM_AgriAr": 31.016426970400001, "Agri_Per": 31.016426970400001, "Shape_Leng": 4000.0, "Shape_Area": 1000000.0, "nor_score": 0.37108568491, "oneminus": 0.62891431508999995 }, "geometry": { "type": "Polygon", "coordinates": [ [ [ 73.245493075755476, 22.605837722 ], [ 73.235767853935059, 22.605731108406562 ], [ 73.235652680960456, 22.614760693479539 ], [ 73.245378536868628, 22.614867354264664 ], [ 73.245493075755476, 22.605837722 ] ] ] } },
{ "type": "Feature", "properties": { "FeatureID": "81", "HA_Area": 100.0, "OBJECTID_1": 1250, "FID_1by1": 1264, "FREQUENCY": 108, "SUM_AgriAr": 9.1393597978399992, "Agri_Per": 9.1393597978399992, "Shape_Leng": 4000.0, "Shape_Area": 1000000.0, "nor_score": 0.109344818907, "oneminus": 0.89065518109300001 }, "geometry": { "type": "Polygon", "coordinates": [ [ [ 73.255787010690739, 22.560795190573465 ], [ 73.246064896274561, 22.560689400221928 ], [ 73.24595064863621, 22.569719085959903 ], [ 73.2556733955455, 22.569824923212995 ], [ 73.255787010690739, 22.560795190573465 ] ] ] } },
{ "type": "Feature", "properties": { "FeatureID": "82", "HA_Area": 100.0, "OBJECTID_1": 1094, "FID_1by1": 1108, "FREQUENCY": 547, "SUM_AgriAr": 56.136179669599997, "Agri_Per": 56.136179669599997, "Shape_Leng": 4000.0, "Shape_Area": 1000000.0, "nor_score": 0.67162257924799995, "oneminus": 0.32837742075199999 }, "geometry": { "type": "Polygon", "coordinates": [ [ [ 73.197807074376499, 22.533063231912461 ], [ 73.188087209222147, 22.532954062894952 ], [ 73.187969347324284, 22.541983493907523 ], [ 73.197689843903021, 22.542092711370167 ], [ 73.197807074376499, 22.533063231912461 ] ] ] } },
{ "type": "Feature", "properties": { "FeatureID": "83", "HA_Area": 100.0, "OBJECTID_1": 1491, "FID_1by1": 1506, "FREQUENCY": 308, "SUM_AgriAr": 12.4501314818, "Agri_Per": 12.4501314818, "Shape_Leng": 4000.0, "Shape_Area": 1000000.0, "nor_score": 0.14895544133899999, "oneminus": 0.85104455866100004 }, "geometry": { "type": "Polygon", "coordinates": [ [ [ 73.177417765028494, 22.605079065487207 ], [ 73.167692960223064, 22.604968331578227 ], [ 73.167573349118157, 22.613997579016001 ], [ 73.177298787889697, 22.614108361939969 ], [ 73.177417765028494, 22.605079065487207 ] ] ] } },
{ "type": "Feature", "properties": { "FeatureID": "84", "HA_Area": 100.0, "OBJECTID_1": 1452, "FID_1by1": 1467, "FREQUENCY": 30, "SUM_AgriAr": 1.92824961059, "Agri_Per": 1.92824961059, "Shape_Leng": 4000.0, "Shape_Area": 1000000.0, "nor_score": 0.023069898673600001, "oneminus": 0.976930101326 }, "geometry": { "type": "Polygon", "coordinates": [ [ [ 73.284506488021833, 22.59722846037706 ], [ 73.274781668834535, 22.597124247712884 ], [ 73.274669089628645, 22.60615403067349 ], [ 73.284394542648556, 22.60625828948146 ], [ 73.284506488021833, 22.59722846037706 ] ] ] } },
{ "type": "Feature", "properties": { "FeatureID": "85", "HA_Area": 100.0, "OBJECTID_1": 1238, "FID_1by1": 1252, "FREQUENCY": 700, "SUM_AgriAr": 60.565116478999997, "Agri_Per": 60.565116478999997, "Shape_Leng": 4000.0, "Shape_Area": 1000000.0, "nor_score": 0.72461111499700004, "oneminus": 0.27538888500300002 }, "geometry": { "type": "Polygon", "coordinates": [ [ [ 73.139125549660292, 22.55948694295223 ], [ 73.129404154881641, 22.559374105094037 ], [ 73.129282318674299, 22.568403207709238 ], [ 73.139004345736581, 22.568516095592525 ], [ 73.139125549660292, 22.55948694295223 ] ] ] } },
{ "type": "Feature", "properties": { "FeatureID": "86", "HA_Area": 100.0, "OBJECTID_1": 1210, "FID_1by1": 1224, "FREQUENCY": 122, "SUM_AgriAr": 9.8723267723700001, "Agri_Per": 9.8723267723700001, "Shape_Leng": 4000.0, "Shape_Area": 1000000.0, "nor_score": 0.118114157555, "oneminus": 0.88188584244500001 }, "geometry": { "type": "Polygon", "coordinates": [ [ [ 73.353118519579141, 22.552790587512551 ], [ 73.343396473224331, 22.552690715956714 ], [ 73.343288606242098, 22.56172086962032 ], [ 73.35301128493218, 22.561820785468335 ], [ 73.353118519579141, 22.552790587512551 ] ] ] } },
{ "type": "Feature", "properties": { "FeatureID": "87", "HA_Area": 100.0, "OBJECTID_1": 1385, "FID_1by1": 1400, "FREQUENCY": 560, "SUM_AgriAr": 34.673649719399997, "Agri_Per": 34.673649719399997, "Shape_Leng": 4000.0, "Shape_Area": 1000000.0, "nor_score": 0.414841305439, "oneminus": 0.585158694561 }, "geometry": { "type": "Polygon", "coordinates": [ [ [ 73.119315229521106, 22.586347804724149 ], [ 73.109592061481109, 22.586233640835783 ], [ 73.10946877253258, 22.595262610287424 ], [ 73.119192573786151, 22.595376824740509 ], [ 73.119315229521106, 22.586347804724149 ] ] ] } },
{ "type": "Feature", "properties": { "FeatureID": "88", "HA_Area": 100.0, "OBJECTID_1": 1639, "FID_1by1": 1654, "FREQUENCY": 474, "SUM_AgriAr": 61.717788141299998, "Agri_Per": 61.717788141299998, "Shape_Leng": 4000.0, "Shape_Area": 1000000.0, "nor_score": 0.73840187025399995, "oneminus": 0.261598129746 }, "geometry": { "type": "Polygon", "coordinates": [ [ [ 73.15760729749249, 22.631944571315628 ], [ 73.147880711977052, 22.631832511681033 ], [ 73.147759648361102, 22.640861627998216 ], [ 73.157486868774825, 22.64097373718748 ], [ 73.15760729749249, 22.631944571315628 ] ] ] } },
{ "type": "Feature", "properties": { "FeatureID": "89", "HA_Area": 100.0, "OBJECTID_1": 1298, "FID_1by1": 1312, "FREQUENCY": 12, "SUM_AgriAr": 0.230000000003, "Agri_Per": 0.230000000003, "Shape_Leng": 4000.0, "Shape_Area": 1000000.0, "nor_score": 0.0027517582090200001, "oneminus": 0.99724824179100002 }, "geometry": { "type": "Polygon", "coordinates": [ [ [ 73.236227959942667, 22.569612661073595 ], [ 73.226505329787003, 22.569505648568466 ], [ 73.226389758353321, 22.578535229022691 ], [ 73.236113021290237, 22.578642288956022 ], [ 73.236227959942667, 22.569612661073595 ] ] ] } },
{ "type": "Feature", "properties": { "FeatureID": "90", "HA_Area": 100.0, "OBJECTID_1": 1200, "FID_1by1": 1214, "FREQUENCY": 27, "SUM_AgriAr": 3.9602724999699999, "Agri_Per": 3.9602724999699999, "Shape_Leng": 4000.0, "Shape_Area": 1000000.0, "nor_score": 0.047381358094000001, "oneminus": 0.95261864190599999 }, "geometry": { "type": "Polygon", "coordinates": [ [ [ 73.255900567959216, 22.551765447255622 ], [ 73.246179085714104, 22.551659703799722 ], [ 73.246064896274561, 22.560689400221928 ], [ 73.255787010690739, 22.560795190573465 ], [ 73.255900567959216, 22.551765447255622 ] ] ] } },
{ "type": "Feature", "properties": { "FeatureID": "91", "HA_Area": 100.0, "OBJECTID_1": 1508, "FID_1by1": 1523, "FREQUENCY": 583, "SUM_AgriAr": 26.811677700400001, "Agri_Per": 26.811677700400001, "Shape_Leng": 4000.0, "Shape_Area": 1000000.0, "nor_score": 0.32077936612500002, "oneminus": 0.67922063387499998 }, "geometry": { "type": "Polygon", "coordinates": [ [ [ 73.342748446342441, 22.606871478471373 ], [ 73.333022656199873, 22.60677075226365 ], [ 73.332913824856504, 22.615800797530017 ], [ 73.342640249252582, 22.615901568324077 ], [ 73.342748446342441, 22.606871478471373 ] ] ] } },
{ "type": "Feature", "properties": { "FeatureID": "92", "HA_Area": 100.0, "OBJECTID_1": 1500, "FID_1by1": 1515, "FREQUENCY": 301, "SUM_AgriAr": 24.7163917556, "Agri_Per": 24.7163917556, "Shape_Leng": 4000.0, "Shape_Area": 1000000.0, "nor_score": 0.295711017, "oneminus": 0.704288983 }, "geometry": { "type": "Polygon", "coordinates": [ [ [ 73.264943693924792, 22.606049183147775 ], [ 73.255218355859569, 22.605943746918513 ], [ 73.255104451077457, 22.614973426114368 ], [ 73.264830423264343, 22.615078909014304 ], [ 73.264943693924792, 22.606049183147775 ] ] ] } },
{ "type": "Feature", "properties": { "FeatureID": "93", "HA_Area": 100.0, "OBJECTID_1": 1446, "FID_1by1": 1461, "FREQUENCY": 544, "SUM_AgriAr": 40.9183295769, "Agri_Per": 40.9183295769, "Shape_Leng": 4000.0, "Shape_Area": 1000000.0, "nor_score": 0.48955369265799997, "oneminus": 0.51044630734200003 }, "geometry": { "type": "Polygon", "coordinates": [ [ [ 73.226158438837359, 22.596594357818283 ], [ 73.216433968282715, 22.596486614625078 ], [ 73.216317586435125, 22.605516115252833 ], [ 73.226042690720746, 22.605623906152665 ], [ 73.226158438837359, 22.596594357818283 ] ] ] } },
{ "type": "Feature", "properties": { "FeatureID": "94", "HA_Area": 100.0, "OBJECTID_1": 1539, "FID_1by1": 1554, "FREQUENCY": 712, "SUM_AgriAr": 58.843376053199997, "Agri_Per": 58.843376053199997, "Shape_Leng": 4000.0, "Shape_Area": 1000000.0, "nor_score": 0.70401192651699995, "oneminus": 0.29598807348299999 }, "geometry": { "type": "Polygon", "coordinates": [ [ [ 73.15784797122771, 22.613886207274433 ], [ 73.148122654540856, 22.613774246730351 ], [ 73.148001714030983, 22.622803384590583 ], [ 73.157727664970835, 22.622915394676781 ], [ 73.15784797122771, 22.613886207274433 ] ] ] } },
{ "type": "Feature", "properties": { "FeatureID": "95", "HA_Area": 100.0, "OBJECTID_1": 1892, "FID_1by1": 1908, "FREQUENCY": 571, "SUM_AgriAr": 29.954606159699999, "Agri_Per": 29.954606159699999, "Shape_Leng": 4000.0, "Shape_Area": 1000000.0, "nor_score": 0.35838188433500001, "oneminus": 0.64161811566500004 }, "geometry": { "type": "Polygon", "coordinates": [ [ [ 73.195924204151737, 22.67753361640186 ], [ 73.186194197539876, 22.67742367152751 ], [ 73.1860753720036, 22.686452930705769 ], [ 73.195806015199736, 22.686562924123375 ], [ 73.195924204151737, 22.67753361640186 ] ] ] } },
{ "type": "Feature", "properties": { "FeatureID": "96", "HA_Area": 100.0, "OBJECTID_1": 1258, "FID_1by1": 1272, "FREQUENCY": 73, "SUM_AgriAr": 4.5138528147799999, "Agri_Per": 4.5138528147799999, "Shape_Leng": 4000.0, "Shape_Area": 1000000.0, "nor_score": 0.054004484944499997, "oneminus": 0.94599551505500001 }, "geometry": { "type": "Polygon", "coordinates": [ [ [ 73.33356598252989, 22.561620366259771 ], [ 73.323843414117718, 22.561519275400276 ], [ 73.323734226890892, 22.570549329060579 ], [ 73.33345742792838, 22.570650464738659 ], [ 73.33356598252989, 22.561620366259771 ] ] ] } },
{ "type": "Feature", "properties": { "FeatureID": "97", "HA_Area": 100.0, "OBJECTID_1": 0, "FID_1by1": 0, "FREQUENCY": 0, "SUM_AgriAr": 0.0, "Agri_Per": 0.0, "Shape_Leng": 4000.0, "Shape_Area": 1000000.0, "nor_score": 0.0, "oneminus": 1.0 }, "geometry": { "type": "Polygon", "coordinates": [ [ [ 73.24583634278207, 22.578748761010175 ], [ 73.236113021290237, 22.578642288956022 ], [ 73.235998024082875, 22.587671906141324 ], [ 73.245721978695229, 22.587778425369272 ], [ 73.24583634278207, 22.578748761010175 ] ] ] } },
{ "type": "Feature", "properties": { "FeatureID": "98", "HA_Area": 100.0, "OBJECTID_1": 1493, "FID_1by1": 1508, "FREQUENCY": 142, "SUM_AgriAr": 6.8521805715299999, "Agri_Per": 6.8521805715299999, "Shape_Leng": 4000.0, "Shape_Area": 1000000.0, "nor_score": 0.081980626683400004, "oneminus": 0.91801937331700001 }, "geometry": { "type": "Polygon", "coordinates": [ [ [ 73.196867555939718, 22.605298767573796 ], [ 73.187142630374851, 22.605189210824044 ], [ 73.187024287219828, 22.614218556031332 ], [ 73.19674984678602, 22.614328161275171 ], [ 73.196867555939718, 22.605298767573796 ] ] ] } },
{ "type": "Feature", "properties": { "FeatureID": "99", "HA_Area": 100.0, "OBJECTID_1": 1737, "FID_1by1": 1752, "FREQUENCY": 533, "SUM_AgriAr": 47.922451964700002, "Agri_Per": 47.922451964700002, "Shape_Leng": 4000.0, "Shape_Area": 1000000.0, "nor_score": 0.57335217647299996, "oneminus": 0.42664782352699998 }, "geometry": { "type": "Polygon", "coordinates": [ [ [ 73.128060539184816, 22.658693641409229 ], [ 73.137788906808581, 22.658807029891296 ], [ 73.137910729128407, 22.649777984959023 ], [ 73.128182997012445, 22.649664646565348 ], [ 73.128060539184816, 22.658693641409229 ] ] ] } },
{ "type": "Feature", "properties": { "FeatureID": "100", "HA_Area": 100.0, "OBJECTID_1": 1693, "FID_1by1": 1708, "FREQUENCY": 585, "SUM_AgriAr": 73.707056098099997, "Agri_Per": 73.707056098099997, "Shape_Leng": 4000.0, "Shape_Area": 1000000.0, "nor_score": 0.88184346381900003, "oneminus": 0.118156536181 }, "geometry": { "type": "Polygon", "coordinates": [ [ [ 73.196396359773857, 22.641416277953752 ], [ 73.18666889626806, 22.641306527190853 ], [ 73.186550312063289, 22.650335829411574 ], [ 73.19627841086114, 22.65044562869311 ], [ 73.196396359773857, 22.641416277953752 ] ] ] } },
{ "type": "Feature", "properties": { "FeatureID": "101", "HA_Area": 100.0, "OBJECTID_1": 1601, "FID_1by1": 1616, "FREQUENCY": 188, "SUM_AgriAr": 10.296578414500001, "Agri_Per": 10.296578414500001, "Shape_Leng": 4000.0, "Shape_Area": 1000000.0, "nor_score": 0.123189974681, "oneminus": 0.87681002531899999 }, "geometry": { "type": "Polygon", "coordinates": [ [ [ 73.274443759251838, 22.624213564539495 ], [ 73.264717094948452, 22.624108624187585 ], [ 73.264603708960294, 22.633138328664149 ], [ 73.274331008047525, 22.633243315437959 ], [ 73.274443759251838, 22.624213564539495 ] ] ] } },
{ "type": "Feature", "properties": { "FeatureID": "102", "HA_Area": 100.0, "OBJECTID_1": 1694, "FID_1by1": 1709, "FREQUENCY": 552, "SUM_AgriAr": 65.0660917907, "Agri_Per": 65.0660917907, "Shape_Leng": 4000.0, "Shape_Area": 1000000.0, "nor_score": 0.77846153135600005, "oneminus": 0.22153846864400001 }, "geometry": { "type": "Polygon", "coordinates": [ [ [ 73.196396359773857, 22.641416277953752 ], [ 73.19627841086114, 22.65044562869311 ], [ 73.206006569642511, 22.650554838070093 ], [ 73.206123883245667, 22.641525439072691 ], [ 73.196396359773857, 22.641416277953752 ] ] ] } },
{ "type": "Feature", "properties": { "FeatureID": "103", "HA_Area": 100.0, "OBJECTID_1": 1793, "FID_1by1": 1808, "FREQUENCY": 560, "SUM_AgriAr": 36.869547417200003, "Agri_Per": 36.869547417200003, "Shape_Leng": 4000.0, "Shape_Area": 1000000.0, "nor_score": 0.441113390291, "oneminus": 0.55888660970899995 }, "geometry": { "type": "Polygon", "coordinates": [ [ [ 73.196160401964889, 22.659474968683245 ], [ 73.186431667552085, 22.65936512087692 ], [ 73.186312962716826, 22.668394401583395 ], [ 73.196042333067609, 22.668504297920656 ], [ 73.196160401964889, 22.659474968683245 ] ] ] } },
{ "type": "Feature", "properties": { "FeatureID": "104", "HA_Area": 100.0, "OBJECTID_1": 1787, "FID_1by1": 1802, "FREQUENCY": 654, "SUM_AgriAr": 49.651709623499997, "Agri_Per": 49.651709623499997, "Shape_Leng": 4000.0, "Shape_Area": 1000000.0, "nor_score": 0.59404130237700004, "oneminus": 0.40595869762300002 }, "geometry": { "type": "Polygon", "coordinates": [ [ [ 73.137788906808581, 22.658807029891296 ], [ 73.128060539184816, 22.658693641409229 ], [ 73.127938019095325, 22.667722625456644 ], [ 73.137667022549849, 22.667836064033445 ], [ 73.137788906808581, 22.658807029891296 ] ] ] } },
{ "type": "Feature", "properties": { "FeatureID": "105", "HA_Area": 100.0, "OBJECTID_1": 1796, "FID_1by1": 1811, "FREQUENCY": 687, "SUM_AgriAr": 59.560206093300003, "Agri_Per": 59.560206093300003, "Shape_Leng": 4000.0, "Shape_Area": 1000000.0, "nor_score": 0.712588200201, "oneminus": 0.287411799799 }, "geometry": { "type": "Polygon", "coordinates": [ [ [ 73.225346963917502, 22.659800971051968 ], [ 73.215618050470638, 22.659692893785536 ], [ 73.215501253501827, 22.668722319302834 ], [ 73.225230802939009, 22.668830444318203 ], [ 73.225346963917502, 22.659800971051968 ] ] ] } },
{ "type": "Feature", "properties": { "FeatureID": "106", "HA_Area": 100.0, "OBJECTID_1": 1290, "FID_1by1": 1304, "FREQUENCY": 222, "SUM_AgriAr": 10.2945394876, "Agri_Per": 10.2945394876, "Shape_Leng": 4000.0, "Shape_Area": 1000000.0, "nor_score": 0.123165580621, "oneminus": 0.87683441937899997 }, "geometry": { "type": "Polygon", "coordinates": [ [ [ 73.158448584814693, 22.568740108932833 ], [ 73.148726434557389, 22.568628396005455 ], [ 73.148605801498718, 22.577657587661893 ], [ 73.158328584397523, 22.577769350100105 ], [ 73.158448584814693, 22.568740108932833 ] ] ] } },
{ "type": "Feature", "properties": { "FeatureID": "107", "HA_Area": 100.0, "OBJECTID_1": 1801, "FID_1by1": 1816, "FREQUENCY": 61, "SUM_AgriAr": 0.96101456036300004, "Agri_Per": 0.96101456036300004, "Shape_Leng": 4000.0, "Shape_Area": 1000000.0, "nor_score": 0.011497737849700001, "oneminus": 0.98850226215000003 }, "geometry": { "type": "Polygon", "coordinates": [ [ [ 73.273992410169868, 22.660332503953704 ], [ 73.26426320479392, 22.660227377878904 ], [ 73.264149587948282, 22.669257039533946 ], [ 73.273879429399884, 22.669362212054182 ], [ 73.273992410169868, 22.660332503953704 ] ] ] } },
{ "type": "Feature", "properties": { "FeatureID": "108", "HA_Area": 100.0, "OBJECTID_1": 992, "FID_1by1": 1006, "FREQUENCY": 540, "SUM_AgriAr": 59.291902006000001, "Agri_Per": 59.291902006000001, "Shape_Leng": 4000.0, "Shape_Area": 1000000.0, "nor_score": 0.70937816552800004, "oneminus": 0.29062183447200002 }, "geometry": { "type": "Polygon", "coordinates": [ [ [ 73.178604209573095, 22.514785510613759 ], [ 73.168885726711025, 22.514675266514431 ], [ 73.168766723442744, 22.523704621297053 ], [ 73.178485837050914, 22.523814914349565 ], [ 73.178604209573095, 22.514785510613759 ] ] ] } },
{ "type": "Feature", "properties": { "FeatureID": "109", "HA_Area": 100.0, "OBJECTID_1": 1954, "FID_1by1": 1970, "FREQUENCY": 138, "SUM_AgriAr": 8.5916419550499992, "Agri_Per": 8.5916419550499992, "Shape_Leng": 4000.0, "Shape_Area": 1000000.0, "nor_score": 0.102791831646, "oneminus": 0.89720816835399997 }, "geometry": { "type": "Polygon", "coordinates": [ [ [ 73.312578325268987, 22.68783674706437 ], [ 73.302846982768983, 22.687733845974993 ], [ 73.302735740885637, 22.69676365976505 ], [ 73.312467720497864, 22.69686660627422 ], [ 73.312578325268987, 22.68783674706437 ] ] ] } },
{ "type": "Feature", "properties": { "FeatureID": "110", "HA_Area": 100.0, "OBJECTID_1": 1138, "FID_1by1": 1152, "FREQUENCY": 372, "SUM_AgriAr": 18.261748509699999, "Agri_Per": 18.261748509699999, "Shape_Leng": 4000.0, "Shape_Area": 1000000.0, "nor_score": 0.21848659292200001, "oneminus": 0.78151340707799999 }, "geometry": { "type": "Polygon", "coordinates": [ [ [ 73.139367772304027, 22.541428605420748 ], [ 73.129647641126951, 22.541315867593834 ], [ 73.129525929026499, 22.550344991721065 ], [ 73.139246691843468, 22.550457779560464 ], [ 73.139367772304027, 22.541428605420748 ] ] ] } },
{ "type": "Feature", "properties": { "FeatureID": "111", "HA_Area": 100.0, "OBJECTID_1": 1598, "FID_1by1": 1613, "FREQUENCY": 99, "SUM_AgriAr": 3.2973459803499998, "Agri_Per": 3.2973459803499998, "Shape_Leng": 4000.0, "Shape_Area": 1000000.0, "nor_score": 0.0394499950839, "oneminus": 0.96055000491599996 }, "geometry": { "type": "Polygon", "coordinates": [ [ [ 73.245263939681109, 22.623896975824241 ], [ 73.235537449362596, 22.623790267841475 ], [ 73.235422159124383, 22.63281983148886 ], [ 73.245149284175923, 22.632926586675261 ], [ 73.245263939681109, 22.623896975824241 ] ] ] } },
{ "type": "Feature", "properties": { "FeatureID": "112", "HA_Area": 100.0, "OBJECTID_1": 1655, "FID_1by1": 1670, "FREQUENCY": 137, "SUM_AgriAr": 4.8599114537099997, "Agri_Per": 4.8599114537099997, "Shape_Leng": 4000.0, "Shape_Area": 1000000.0, "nor_score": 0.05814478799, "oneminus": 0.94185521201 }, "geometry": { "type": "Polygon", "coordinates": [ [ [ 73.313240774830803, 22.633657367397973 ], [ 73.303513248215495, 22.63355473870638 ], [ 73.303402345064939, 22.642584616630138 ], [ 73.313130506853312, 22.642687290706974 ], [ 73.313240774830803, 22.633657367397973 ] ] ] } },
{ "type": "Feature", "properties": { "FeatureID": "113", "HA_Area": 100.0, "OBJECTID_1": 1842, "FID_1by1": 1857, "FREQUENCY": 466, "SUM_AgriAr": 32.5668636499, "Agri_Per": 32.5668636499, "Shape_Leng": 4000.0, "Shape_Area": 1000000.0, "nor_score": 0.38963536691099998, "oneminus": 0.61036463308900002 }, "geometry": { "type": "Polygon", "coordinates": [ [ [ 73.186312962716826, 22.668394401583395 ], [ 73.17658365270772, 22.668283914835186 ], [ 73.176464251287342, 22.677313135981517 ], [ 73.186194197539876, 22.67742367152751 ], [ 73.186312962716826, 22.668394401583395 ] ] ] } },
{ "type": "Feature", "properties": { "FeatureID": "114", "HA_Area": 100.0, "OBJECTID_1": 986, "FID_1by1": 1000, "FREQUENCY": 329, "SUM_AgriAr": 13.588341014, "Agri_Per": 13.588341014, "Shape_Leng": 4000.0, "Shape_Area": 1000000.0, "nor_score": 0.16257316926900001, "oneminus": 0.83742683073099999 }, "geometry": { "type": "Polygon", "coordinates": [ [ [ 73.120294229127154, 22.514115257000544 ], [ 73.110576115205845, 22.514001497400407 ], [ 73.110453327834506, 22.523030553001821 ], [ 73.120172072394723, 22.523144363115701 ], [ 73.120294229127154, 22.514115257000544 ] ] ] } },
{ "type": "Feature", "properties": { "FeatureID": "115", "HA_Area": 100.0, "OBJECTID_1": 994, "FID_1by1": 1008, "FREQUENCY": 433, "SUM_AgriAr": 48.230856821899998, "Agri_Per": 48.230856821899998, "Shape_Leng": 4000.0, "Shape_Area": 1000000.0, "nor_score": 0.57704198341799995, "oneminus": 0.422958016582 }, "geometry": { "type": "Polygon", "coordinates": [ [ [ 73.198041356070704, 22.515004240889144 ], [ 73.188322752800147, 22.51489516874361 ], [ 73.188205011041632, 22.52392462117248 ], [ 73.197924245093276, 22.524033741750952 ], [ 73.198041356070704, 22.515004240889144 ] ] ] } },
{ "type": "Feature", "properties": { "FeatureID": "116", "HA_Area": 100.0, "OBJECTID_1": 1389, "FID_1by1": 1404, "FREQUENCY": 317, "SUM_AgriAr": 11.783953867599999, "Agri_Per": 11.783953867599999, "Shape_Leng": 4000.0, "Shape_Area": 1000000.0, "nor_score": 0.14098518169400001, "oneminus": 0.85901481830600002 }, "geometry": { "type": "Polygon", "coordinates": [ [ [ 73.158088400148472, 22.595827800193245 ], [ 73.158208522848057, 22.586798580521414 ], [ 73.148485106985646, 22.586686768566121 ], [ 73.148364351000268, 22.595715938714612 ], [ 73.158088400148472, 22.595827800193245 ] ] ] } },
{ "type": "Feature", "properties": { "FeatureID": "117", "HA_Area": 100.0, "OBJECTID_1": 1858, "FID_1by1": 1873, "FREQUENCY": 180, "SUM_AgriAr": 12.4199438113, "Agri_Per": 12.4199438113, "Shape_Leng": 4000.0, "Shape_Area": 1000000.0, "nor_score": 0.148594271034, "oneminus": 0.85140572896599997 }, "geometry": { "type": "Polygon", "coordinates": [ [ [ 73.341989909594659, 22.670081883728695 ], [ 73.332259672897308, 22.66998084529806 ], [ 73.332150453436483, 22.67901081592224 ], [ 73.341881326648291, 22.679111898978764 ], [ 73.341989909594659, 22.670081883728695 ] ] ] } },
{ "type": "Feature", "properties": { "FeatureID": "118", "HA_Area": 100.0, "OBJECTID_1": 1505, "FID_1by1": 1520, "FREQUENCY": 2, "SUM_AgriAr": 0.092500000001099994, "Agri_Per": 0.092500000001099994, "Shape_Leng": 4000.0, "Shape_Area": 1000000.0, "nor_score": 0.00110668536667, "oneminus": 0.99889331463300002 }, "geometry": { "type": "Polygon", "coordinates": [ [ [ 73.313571242379282, 22.606567533458076 ], [ 73.303845619346447, 22.606465040887755 ], [ 73.303734885339807, 22.615494950831746 ], [ 73.313461142577424, 22.615597488770081 ], [ 73.313571242379282, 22.606567533458076 ] ] ] } },
{ "type": "Feature", "properties": { "FeatureID": "119", "HA_Area": 100.0, "OBJECTID_1": 1751, "FID_1by1": 1766, "FREQUENCY": 36, "SUM_AgriAr": 0.62496084196799995, "Agri_Per": 0.62496084196799995, "Shape_Leng": 4000.0, "Shape_Area": 1000000.0, "nor_score": 0.0074771353355699999, "oneminus": 0.99252286466399997 }, "geometry": { "type": "Polygon", "coordinates": [ [ [ 73.274105333523295, 22.651302785148538 ], [ 73.26437676389989, 22.651197705513287 ], [ 73.26426320479392, 22.660227377878904 ], [ 73.273992410169868, 22.660332503953704 ], [ 73.274105333523295, 22.651302785148538 ] ] ] } },
{ "type": "Feature", "properties": { "FeatureID": "120", "HA_Area": 100.0, "OBJECTID_1": 1209, "FID_1by1": 1223, "FREQUENCY": 117, "SUM_AgriAr": 9.6528651332899997, "Agri_Per": 9.6528651332899997, "Shape_Leng": 4000.0, "Shape_Area": 1000000.0, "nor_score": 0.115488482047, "oneminus": 0.88451151795299998 }, "geometry": { "type": "Polygon", "coordinates": [ [ [ 73.343396473224331, 22.552690715956714 ], [ 73.333674481831395, 22.552590257148719 ], [ 73.33356598252989, 22.561620366259771 ], [ 73.343288606242098, 22.56172086962032 ], [ 73.343396473224331, 22.552690715956714 ] ] ] } },
{ "type": "Feature", "properties": { "FeatureID": "121", "HA_Area": 100.0, "OBJECTID_1": 1440, "FID_1by1": 1455, "FREQUENCY": 348, "SUM_AgriAr": 14.0475579273, "Agri_Per": 14.0475579273, "Shape_Leng": 4000.0, "Shape_Area": 1000000.0, "nor_score": 0.16806731670700001, "oneminus": 0.83193268329299996 }, "geometry": { "type": "Polygon", "coordinates": [ [ [ 73.158088400148472, 22.595827800193245 ], [ 73.157968216280977, 22.604857009112084 ], [ 73.167692960223064, 22.604968331578227 ], [ 73.167812510464614, 22.595939073390184 ], [ 73.158088400148472, 22.595827800193245 ] ] ] } },
{ "type": "Feature", "properties": { "FeatureID": "122", "HA_Area": 100.0, "OBJECTID_1": 1487, "FID_1by1": 1502, "FREQUENCY": 565, "SUM_AgriAr": 43.541506995600002, "Agri_Per": 43.541506995600002, "Shape_Leng": 4000.0, "Shape_Area": 1000000.0, "nor_score": 0.52093782307299996, "oneminus": 0.47906217692699998 }, "geometry": { "type": "Polygon", "coordinates": [ [ [ 73.138518912276467, 22.604632598568713 ], [ 73.128794352858833, 22.604519510521872 ], [ 73.128672206067947, 22.613548559295388 ], [ 73.138397399380111, 22.613661697398925 ], [ 73.138518912276467, 22.604632598568713 ] ] ] } },
{ "type": "Feature", "properties": { "FeatureID": "123", "HA_Area": 100.0, "OBJECTID_1": 1502, "FID_1by1": 1517, "FREQUENCY": 54, "SUM_AgriAr": 4.3275617907399999, "Agri_Per": 4.3275617907399999, "Shape_Leng": 4000.0, "Shape_Area": 1000000.0, "nor_score": 0.051775668185100002, "oneminus": 0.94822433181499999 }, "geometry": { "type": "Polygon", "coordinates": [ [ [ 73.284394542648556, 22.60625828948146 ], [ 73.274669089628645, 22.60615403067349 ], [ 73.274556453106641, 22.615183802950181 ], [ 73.284282540281751, 22.61528810790778 ], [ 73.284394542648556, 22.60625828948146 ] ] ] } },
{ "type": "Feature", "properties": { "FeatureID": "124", "HA_Area": 100.0, "OBJECTID_1": 1197, "FID_1by1": 1211, "FREQUENCY": 84, "SUM_AgriAr": 6.6410666364499997, "Agri_Per": 6.6410666364499997, "Shape_Leng": 4000.0, "Shape_Area": 1000000.0, "nor_score": 0.079454824492599996, "oneminus": 0.92054517550699999 }, "geometry": { "type": "Polygon", "coordinates": [ [ [ 73.226736296091474, 22.55144645556457 ], [ 73.217014989357835, 22.551338950814191 ], [ 73.216898903507044, 22.560368504987693 ], [ 73.226620842360674, 22.560476057414601 ], [ 73.226736296091474, 22.55144645556457 ] ] ] } },
{ "type": "Feature", "properties": { "FeatureID": "125", "HA_Area": 100.0, "OBJECTID_1": 1887, "FID_1by1": 1903, "FREQUENCY": 537, "SUM_AgriAr": 60.7390789154, "Agri_Per": 60.7390789154, "Shape_Leng": 4000.0, "Shape_Area": 1000000.0, "nor_score": 0.72669243048599996, "oneminus": 0.27330756951399998 }, "geometry": { "type": "Polygon", "coordinates": [ [ [ 73.147274777917545, 22.676977985463907 ], [ 73.137545076334078, 22.676865087381952 ], [ 73.137423068143164, 22.685894099933321 ], [ 73.147153406221676, 22.686007047862045 ], [ 73.147274777917545, 22.676977985463907 ] ] ] } },
{ "type": "Feature", "properties": { "FeatureID": "126", "HA_Area": 100.0, "OBJECTID_1": 1804, "FID_1by1": 1819, "FREQUENCY": 447, "SUM_AgriAr": 34.664528811899999, "Agri_Per": 34.664528811899999, "Shape_Leng": 4000.0, "Shape_Area": 1000000.0, "nor_score": 0.41473218138599999, "oneminus": 0.58526781861400001 }, "geometry": { "type": "Polygon", "coordinates": [ [ [ 73.303180369504673, 22.660644340433201 ], [ 73.293450992848378, 22.660540985244975 ], [ 73.293339284279952, 22.669570785454155 ], [ 73.303069297061981, 22.669674186305627 ], [ 73.303180369504673, 22.660644340433201 ] ] ] } },
{ "type": "Feature", "properties": { "FeatureID": "127", "HA_Area": 100.0, "OBJECTID_1": 1485, "FID_1by1": 1500, "FREQUENCY": 534, "SUM_AgriAr": 68.086045681399995, "Agri_Per": 68.086045681399995, "Shape_Leng": 4000.0, "Shape_Area": 1000000.0, "nor_score": 0.81459276139699999, "oneminus": 0.18540723860300001 }, "geometry": { "type": "Polygon", "coordinates": [ [ [ 73.119069855594134, 22.604405833978653 ], [ 73.109345420804701, 22.604291568954455 ], [ 73.109222006279197, 22.613320516833358 ], [ 73.118947074926822, 22.613434832435061 ], [ 73.119069855594134, 22.604405833978653 ] ] ] } },
{ "type": "Feature", "properties": { "FeatureID": "128", "HA_Area": 100.0, "OBJECTID_1": 1350, "FID_1by1": 1365, "FREQUENCY": 2, "SUM_AgriAr": 0.042500000001600001, "Agri_Per": 0.042500000001600001, "Shape_Leng": 4000.0, "Shape_Area": 1000000.0, "nor_score": 0.00050847706037600001, "oneminus": 0.99949152294 }, "geometry": { "type": "Polygon", "coordinates": [ [ [ 73.265283160141664, 22.578959941423363 ], [ 73.255559722506618, 22.578854645170733 ], [ 73.255445991557266, 22.587884356443226 ], [ 73.265170062346655, 22.587989699348835 ], [ 73.265283160141664, 22.578959941423363 ] ] ] } },
{ "type": "Feature", "properties": { "FeatureID": "129", "HA_Area": 100.0, "OBJECTID_1": 1843, "FID_1by1": 1858, "FREQUENCY": 531, "SUM_AgriAr": 36.834128899900001, "Agri_Per": 36.834128899900001, "Shape_Leng": 4000.0, "Shape_Area": 1000000.0, "nor_score": 0.44068963726600002, "oneminus": 0.55931036273400003 }, "geometry": { "type": "Polygon", "coordinates": [ [ [ 73.196042333067609, 22.668504297920656 ], [ 73.186312962716826, 22.668394401583395 ], [ 73.186194197539876, 22.67742367152751 ], [ 73.195924204151737, 22.67753361640186 ], [ 73.196042333067609, 22.668504297920656 ] ] ] } },
{ "type": "Feature", "properties": { "FeatureID": "130", "HA_Area": 100.0, "OBJECTID_1": 996, "FID_1by1": 1010, "FREQUENCY": 173, "SUM_AgriAr": 8.3806149908799998, "Agri_Per": 8.3806149908799998, "Shape_Leng": 4000.0, "Shape_Area": 1000000.0, "nor_score": 0.10026706998899999, "oneminus": 0.89973293001099997 }, "geometry": { "type": "Polygon", "coordinates": [ [ [ 73.217478741456233, 22.515220627168311 ], [ 73.207760019063244, 22.515112727035604 ], [ 73.207643538884255, 22.524142276070215 ], [ 73.217362892092964, 22.524250224115573 ], [ 73.217478741456233, 22.515220627168311 ] ] ] } },
{ "type": "Feature", "properties": { "FeatureID": "131", "HA_Area": 100.0, "OBJECTID_1": 993, "FID_1by1": 1007, "FREQUENCY": 537, "SUM_AgriAr": 50.8266364395, "Agri_Per": 50.8266364395, "Shape_Leng": 4000.0, "Shape_Area": 1000000.0, "nor_score": 0.60809832199000002, "oneminus": 0.39190167800999998 }, "geometry": { "type": "Polygon", "coordinates": [ [ [ 73.188322752800147, 22.51489516874361 ], [ 73.178604209573095, 22.514785510613759 ], [ 73.178485837050914, 22.523814914349565 ], [ 73.188205011041632, 22.52392462117248 ], [ 73.188322752800147, 22.51489516874361 ] ] ] } },
{ "type": "Feature", "properties": { "FeatureID": "132", "HA_Area": 100.0, "OBJECTID_1": 1397, "FID_1by1": 1412, "FREQUENCY": 169, "SUM_AgriAr": 12.3682810629, "Agri_Per": 12.3682810629, "Shape_Leng": 4000.0, "Shape_Area": 1000000.0, "nor_score": 0.14797616933, "oneminus": 0.85202383066999998 }, "geometry": { "type": "Polygon", "coordinates": [ [ [ 73.235998024082875, 22.587671906141324 ], [ 73.22627412804249, 22.587564798773794 ], [ 73.226158438837359, 22.596594357818283 ], [ 73.2358829683035, 22.596701512625994 ], [ 73.235998024082875, 22.587671906141324 ] ] ] } },
{ "type": "Feature", "properties": { "FeatureID": "133", "HA_Area": 100.0, "OBJECTID_1": 1343, "FID_1by1": 1357, "FREQUENCY": 669, "SUM_AgriAr": 54.971317177400003, "Agri_Per": 54.971317177400003, "Shape_Leng": 4000.0, "Shape_Area": 1000000.0, "nor_score": 0.65768597087699998, "oneminus": 0.34231402912300002 }, "geometry": { "type": "Polygon", "coordinates": [ [ [ 73.187497298599169, 22.578101110788712 ], [ 73.177774333269866, 22.577991111678521 ], [ 73.177655537700943, 22.587020440352987 ], [ 73.187379136046971, 22.587130488199229 ], [ 73.187497298599169, 22.578101110788712 ] ] ] } },
{ "type": "Feature", "properties": { "FeatureID": "134", "HA_Area": 100.0, "OBJECTID_1": 1595, "FID_1by1": 1610, "FREQUENCY": 122, "SUM_AgriAr": 4.0428248974400001, "Agri_Per": 4.0428248974400001, "Shape_Leng": 4000.0, "Shape_Area": 1000000.0, "nor_score": 0.048369028691400001, "oneminus": 0.95163097130899998 }, "geometry": { "type": "Polygon", "coordinates": [ [ [ 73.216084644969285, 22.623575084346012 ], [ 73.20635833153986, 22.623466608862472 ], [ 73.206241137205637, 22.632496029335641 ], [ 73.215968085316462, 22.632604552804469 ], [ 73.216084644969285, 22.623575084346012 ] ] ] } },
{ "type": "Feature", "properties": { "FeatureID": "135", "HA_Area": 100.0, "OBJECTID_1": 1700, "FID_1by1": 1715, "FREQUENCY": 340, "SUM_AgriAr": 21.4805675, "Agri_Per": 21.4805675, "Shape_Leng": 4000.0, "Shape_Area": 1000000.0, "nor_score": 0.25699707805200001, "oneminus": 0.74300292194799999 }, "geometry": { "type": "Polygon", "coordinates": [ [ [ 73.264490265283058, 22.642168022440554 ], [ 73.254762388795143, 22.642062399493156 ], [ 73.254648251999271, 22.651092035871574 ], [ 73.26437676389989, 22.651197705513287 ], [ 73.264490265283058, 22.642168022440554 ] ] ] } },
{ "type": "Feature", "properties": { "FeatureID": "136", "HA_Area": 100.0, "OBJECTID_1": 1958, "FID_1by1": 1974, "FREQUENCY": 407, "SUM_AgriAr": 27.562870591100001, "Agri_Per": 27.562870591100001, "Shape_Leng": 4000.0, "Shape_Area": 1000000.0, "nor_score": 0.329766762662, "oneminus": 0.670233237338 }, "geometry": { "type": "Polygon", "coordinates": [ [ [ 73.351504253767658, 22.688242440084348 ], [ 73.341772688515093, 22.688141903557561 ], [ 73.341663995178919, 22.697171897461661 ], [ 73.351396197608921, 22.697272478364802 ], [ 73.351504253767658, 22.688242440084348 ] ] ] } },
{ "type": "Feature", "properties": { "FeatureID": "137", "HA_Area": 100.0, "OBJECTID_1": 1686, "FID_1by1": 1701, "FREQUENCY": 450, "SUM_AgriAr": 46.7132414342, "Agri_Per": 46.7132414342, "Shape_Leng": 4000.0, "Shape_Area": 1000000.0, "nor_score": 0.55888498080399995, "oneminus": 0.44111501919599999 }, "geometry": { "type": "Polygon", "coordinates": [ [ [ 73.128305392596417, 22.640635640928508 ], [ 73.118578357890925, 22.640521763078674 ], [ 73.118455327140168, 22.649550718372929 ], [ 73.128182997012445, 22.649664646565348 ], [ 73.128305392596417, 22.640635640928508 ] ] ] } },
{ "type": "Feature", "properties": { "FeatureID": "138", "HA_Area": 100.0, "OBJECTID_1": 1807, "FID_1by1": 1822, "FREQUENCY": 304, "SUM_AgriAr": 24.953272419000001, "Agri_Per": 24.953272419000001, "Shape_Leng": 4000.0, "Shape_Area": 1000000.0, "nor_score": 0.29854509660900003, "oneminus": 0.70145490339100003 }, "geometry": { "type": "Polygon", "coordinates": [ [ [ 73.332368836864177, 22.660950864000384 ], [ 73.322639291835728, 22.660849279824792 ], [ 73.322529491693899, 22.669879216241473 ], [ 73.332259672897308, 22.66998084529806 ], [ 73.332368836864177, 22.660950864000384 ] ] ] } },
{ "type": "Feature", "properties": { "FeatureID": "139", "HA_Area": 100.0, "OBJECTID_1": 1336, "FID_1by1": 1350, "FREQUENCY": 659, "SUM_AgriAr": 58.182386715500002, "Agri_Per": 58.182386715500002, "Shape_Leng": 4000.0, "Shape_Area": 1000000.0, "nor_score": 0.69610374027400002, "oneminus": 0.30389625972599998 }, "geometry": { "type": "Polygon", "coordinates": [ [ [ 73.11943782281719, 22.577318773933097 ], [ 73.109715287668607, 22.577204660603069 ], [ 73.109592061481109, 22.586233640835783 ], [ 73.119315229521106, 22.586347804724149 ], [ 73.11943782281719, 22.577318773933097 ] ] ] } },
{ "type": "Feature", "properties": { "FeatureID": "140", "HA_Area": 100.0, "OBJECTID_1": 1458, "FID_1by1": 1473, "FREQUENCY": 221, "SUM_AgriAr": 16.167772800800002, "Agri_Per": 16.167772800800002, "Shape_Leng": 4000.0, "Shape_Area": 1000000.0, "nor_score": 0.19343391967699999, "oneminus": 0.80656608032300003 }, "geometry": { "type": "Polygon", "coordinates": [ [ [ 73.333131432162617, 22.597740696347881 ], [ 73.333022656199873, 22.60677075226365 ], [ 73.342748446342441, 22.606871478471373 ], [ 73.342856588374246, 22.597841377974913 ], [ 73.333131432162617, 22.597740696347881 ] ] ] } },
{ "type": "Feature", "properties": { "FeatureID": "141", "HA_Area": 100.0, "OBJECTID_1": 1097, "FID_1by1": 1111, "FREQUENCY": 203, "SUM_AgriAr": 12.1130130212, "Agri_Per": 12.1130130212, "Shape_Leng": 4000.0, "Shape_Area": 1000000.0, "nor_score": 0.14492210007199999, "oneminus": 0.85507789992799998 }, "geometry": { "type": "Polygon", "coordinates": [ [ [ 73.226967027092911, 22.533387219789997 ], [ 73.217246983633586, 22.533279810374637 ], [ 73.217131016060947, 22.542309385942005 ], [ 73.226851690996511, 22.542416843021872 ], [ 73.226967027092911, 22.533387219789997 ] ] ] } },
{ "type": "Feature", "properties": { "FeatureID": "142", "HA_Area": 100.0, "OBJECTID_1": 1092, "FID_1by1": 1106, "FREQUENCY": 449, "SUM_AgriAr": 58.499333774199997, "Agri_Per": 58.499333774199997, "Shape_Leng": 4000.0, "Shape_Area": 1000000.0, "nor_score": 0.69989574753700001, "oneminus": 0.30010425246299999 }, "geometry": { "type": "Polygon", "coordinates": [ [ [ 73.178367404146215, 22.532844307372844 ], [ 73.168647659470338, 22.532733965360979 ], [ 73.168528534776186, 22.541763298702698 ], [ 73.178248910841404, 22.541873689680077 ], [ 73.178367404146215, 22.532844307372844 ] ] ] } },
{ "type": "Feature", "properties": { "FeatureID": "143", "HA_Area": 100.0, "OBJECTID_1": 1640, "FID_1by1": 1655, "FREQUENCY": 443, "SUM_AgriAr": 34.475720941100001, "Agri_Per": 34.475720941100001, "Shape_Leng": 4000.0, "Shape_Area": 1000000.0, "nor_score": 0.41247325265399998, "oneminus": 0.58752674734599997 }, "geometry": { "type": "Polygon", "coordinates": [ [ [ 73.167333944247261, 22.632056041626743 ], [ 73.15760729749249, 22.631944571315628 ], [ 73.157486868774825, 22.64097373718748 ], [ 73.167214150445744, 22.641085256792728 ], [ 73.167333944247261, 22.632056041626743 ] ] ] } },
{ "type": "Feature", "properties": { "FeatureID": "144", "HA_Area": 100.0, "OBJECTID_1": 1108, "FID_1by1": 1122, "FREQUENCY": 70, "SUM_AgriAr": 2.2596736474000001, "Agri_Per": 2.2596736474000001, "Shape_Leng": 4000.0, "Shape_Area": 1000000.0, "nor_score": 0.027035110908099999, "oneminus": 0.97296488909199996 }, "geometry": { "type": "Polygon", "coordinates": [ [ [ 73.333891314598688, 22.534530007043944 ], [ 73.324170642130014, 22.534429050606285 ], [ 73.3240616217211, 22.543459136169673 ], [ 73.333782925848965, 22.543560137408956 ], [ 73.333891314598688, 22.534530007043944 ] ] ] } },
{ "type": "Feature", "properties": { "FeatureID": "145", "HA_Area": 100.0, "OBJECTID_1": 1846, "FID_1by1": 1861, "FREQUENCY": 628, "SUM_AgriAr": 53.979781289400002, "Agri_Per": 53.979781289400002, "Shape_Leng": 4000.0, "Shape_Area": 1000000.0, "nor_score": 0.64582307079300005, "oneminus": 0.354176929207 }, "geometry": { "type": "Polygon", "coordinates": [ [ [ 73.225230802939009, 22.668830444318203 ], [ 73.215501253501827, 22.668722319302834 ], [ 73.215384397160662, 22.677751734076136 ], [ 73.225114582911303, 22.677859906846493 ], [ 73.225230802939009, 22.668830444318203 ] ] ] } },
{ "type": "Feature", "properties": { "FeatureID": "146", "HA_Area": 100.0, "OBJECTID_1": 1249, "FID_1by1": 1263, "FREQUENCY": 44, "SUM_AgriAr": 1.48, "Agri_Per": 1.48, "Shape_Leng": 4000.0, "Shape_Area": 1000000.0, "nor_score": 0.017706965866499998, "oneminus": 0.98229303413299995 }, "geometry": { "type": "Polygon", "coordinates": [ [ [ 73.246064896274561, 22.560689400221928 ], [ 73.236342840057205, 22.560583022497507 ], [ 73.236227959942667, 22.569612661073595 ], [ 73.24595064863621, 22.569719085959903 ], [ 73.246064896274561, 22.560689400221928 ] ] ] } },
{ "type": "Feature", "properties": { "FeatureID": "147", "HA_Area": 100.0, "OBJECTID_1": 1507, "FID_1by1": 1522, "FREQUENCY": 673, "SUM_AgriAr": 30.7307989882, "Agri_Per": 30.7307989882, "Shape_Leng": 4000.0, "Shape_Area": 1000000.0, "nor_score": 0.36766838428100002, "oneminus": 0.63233161571899998 }, "geometry": { "type": "Polygon", "coordinates": [ [ [ 73.333022656199873, 22.60677075226365 ], [ 73.323296921437958, 22.606669437254642 ], [ 73.323187455857209, 22.61569943767411 ], [ 73.332913824856504, 22.615800797530017 ], [ 73.333022656199873, 22.60677075226365 ] ] ] } },
{ "type": "Feature", "properties": { "FeatureID": "148", "HA_Area": 100.0, "OBJECTID_1": 1297, "FID_1by1": 1311, "FREQUENCY": 433, "SUM_AgriAr": 33.961591904599999, "Agri_Per": 33.961591904599999, "Shape_Leng": 4000.0, "Shape_Area": 1000000.0, "nor_score": 0.40632212745099999, "oneminus": 0.59367787254899995 }, "geometry": { "type": "Polygon", "coordinates": [ [ [ 73.226505329787003, 22.569505648568466 ], [ 73.216782758491362, 22.569398048459011 ], [ 73.216666554293582, 22.57842758122468 ], [ 73.226389758353321, 22.578535229022691 ], [ 73.226505329787003, 22.569505648568466 ] ] ] } },
{ "type": "Feature", "properties": { "FeatureID": "149", "HA_Area": 100.0, "OBJECTID_1": 1956, "FID_1by1": 1972, "FREQUENCY": 226, "SUM_AgriAr": 15.5207242608, "Agri_Per": 15.5207242608, "Shape_Leng": 4000.0, "Shape_Area": 1000000.0, "nor_score": 0.185692523453, "oneminus": 0.81430747654699998 }, "geometry": { "type": "Polygon", "coordinates": [ [ [ 73.332041178465474, 22.688040775869482 ], [ 73.322309723942297, 22.68793905703382 ], [ 73.322199756299852, 22.696968961402614 ], [ 73.33193184796805, 22.697070725136363 ], [ 73.332041178465474, 22.688040775869482 ] ] ] } },
{ "type": "Feature", "properties": { "FeatureID": "150", "HA_Area": 100.0, "OBJECTID_1": 1000, "FID_1by1": 1014, "FREQUENCY": 21, "SUM_AgriAr": 0.68499999999600003, "Agri_Per": 0.68499999999600003, "Shape_Leng": 4000.0, "Shape_Area": 1000000.0, "nor_score": 0.0081954537962899993, "oneminus": 0.99180454620400005 }, "geometry": { "type": "Polygon", "coordinates": [ [ [ 73.256354218601984, 22.515646367270715 ], [ 73.246635261822604, 22.515540811338262 ], [ 73.246521305009111, 22.52457055046256 ], [ 73.256240892672324, 22.524676153267013 ], [ 73.256354218601984, 22.515646367270715 ] ] ] } },
{ "type": "Feature", "properties": { "FeatureID": "151", "HA_Area": 100.0, "OBJECTID_1": 1798, "FID_1by1": 1813, "FREQUENCY": 368, "SUM_AgriAr": 24.878643481800001, "Agri_Per": 24.878643481800001, "Shape_Leng": 4000.0, "Shape_Area": 1000000.0, "nor_score": 0.297652223607, "oneminus": 0.70234777639299995 }, "geometry": { "type": "Polygon", "coordinates": [ [ [ 73.244804967584074, 22.660015354942221 ], [ 73.235075936396356, 22.659908458109054 ], [ 73.234960411425433, 22.668937978863536 ], [ 73.244690078637873, 22.66904492292425 ], [ 73.244804967584074, 22.660015354942221 ] ] ] } },
{ "type": "Feature", "properties": { "FeatureID": "152", "HA_Area": 100.0, "OBJECTID_1": 1899, "FID_1by1": 1915, "FREQUENCY": 207, "SUM_AgriAr": 9.4417545784399994, "Agri_Per": 9.4417545784399994, "Shape_Leng": 4000.0, "Shape_Area": 1000000.0, "nor_score": 0.112962720298, "oneminus": 0.88703727970199997 }, "geometry": { "type": "Polygon", "coordinates": [ [ [ 73.264035913346106, 22.678286690474945 ], [ 73.254305493269086, 22.678180880714777 ], [ 73.254191124188239, 22.687210474220269 ], [ 73.263922180970496, 22.687316330698437 ], [ 73.264035913346106, 22.678286690474945 ] ] ] } },
{ "type": "Feature", "properties": { "FeatureID": "153", "HA_Area": 100.0, "OBJECTID_1": 1599, "FID_1by1": 1614, "FREQUENCY": 180, "SUM_AgriAr": 7.71385717269, "Agri_Per": 7.71385717269, "Shape_Leng": 4000.0, "Shape_Area": 1000000.0, "nor_score": 0.092289868686599996, "oneminus": 0.90771013131300005 }, "geometry": { "type": "Polygon", "coordinates": [ [ [ 73.254990488317304, 22.624003094611073 ], [ 73.245263939681109, 22.623896975824241 ], [ 73.245149284175923, 22.632926586675261 ], [ 73.25487646756217, 22.633032752405153 ], [ 73.254990488317304, 22.624003094611073 ] ] ] } },
{ "type": "Feature", "properties": { "FeatureID": "154", "HA_Area": 100.0, "OBJECTID_1": 1139, "FID_1by1": 1153, "FREQUENCY": 213, "SUM_AgriAr": 8.5002757545099996, "Agri_Per": 8.5002757545099996, "Shape_Leng": 4000.0, "Shape_Area": 1000000.0, "nor_score": 0.101698711244, "oneminus": 0.89830128875600002 }, "geometry": { "type": "Polygon", "coordinates": [ [ [ 73.149087965185743, 22.541540756557975 ], [ 73.139367772304027, 22.541428605420748 ], [ 73.139246691843468, 22.550457779560464 ], [ 73.148967516383024, 22.550569980449982 ], [ 73.149087965185743, 22.541540756557975 ] ] ] } },
{ "type": "Feature", "properties": { "FeatureID": "155", "HA_Area": 100.0, "OBJECTID_1": 1457, "FID_1by1": 1472, "FREQUENCY": 339, "SUM_AgriAr": 18.328788194200001, "Agri_Per": 18.328788194200001, "Shape_Leng": 4000.0, "Shape_Area": 1000000.0, "nor_score": 0.219288666844, "oneminus": 0.78071133315600005 }, "geometry": { "type": "Polygon", "coordinates": [ [ [ 73.333131432162617, 22.597740696347881 ], [ 73.323406331315482, 22.597639426180105 ], [ 73.323296921437958, 22.606669437254642 ], [ 73.333022656199873, 22.60677075226365 ], [ 73.333131432162617, 22.597740696347881 ] ] ] } },
{ "type": "Feature", "properties": { "FeatureID": "156", "HA_Area": 100.0, "OBJECTID_1": 1240, "FID_1by1": 1254, "FREQUENCY": 177, "SUM_AgriAr": 8.4270524115299992, "Agri_Per": 8.4270524115299992, "Shape_Leng": 4000.0, "Shape_Area": 1000000.0, "nor_score": 0.10082265500400001, "oneminus": 0.89917734499599999 }, "geometry": { "type": "Polygon", "coordinates": [ [ [ 73.158568524117371, 22.559710857023106 ], [ 73.148847006179523, 22.559599193600313 ], [ 73.148726434557389, 22.568628396005455 ], [ 73.158448584814693, 22.568740108932833 ], [ 73.158568524117371, 22.559710857023106 ] ] ] } },
{ "type": "Feature", "properties": { "FeatureID": "157", "HA_Area": 100.0, "OBJECTID_1": 1060, "FID_1by1": 1074, "FREQUENCY": 40, "SUM_AgriAr": 0.61195374997399998, "Agri_Per": 0.61195374997399998, "Shape_Leng": 4000.0, "Shape_Area": 1000000.0, "nor_score": 0.0073215163261399997, "oneminus": 0.99267848367400002 }, "geometry": { "type": "Polygon", "coordinates": [ [ [ 73.353439895744685, 22.525699929953948 ], [ 73.343719744463684, 22.525600191241143 ], [ 73.343612042319137, 22.534630376763683 ], [ 73.353332824969499, 22.534730159751913 ], [ 73.353439895744685, 22.525699929953948 ] ] ] } },
{ "type": "Feature", "properties": { "FeatureID": "158", "HA_Area": 100.0, "OBJECTID_1": 1555, "FID_1by1": 1570, "FREQUENCY": 108, "SUM_AgriAr": 3.8680660649499998, "Agri_Per": 3.8680660649499998, "Shape_Leng": 4000.0, "Shape_Area": 1000000.0, "nor_score": 0.046278184987499998, "oneminus": 0.95372181501200004 }, "geometry": { "type": "Polygon", "coordinates": [ [ [ 73.313461142577424, 22.615597488770081 ], [ 73.303734885339807, 22.615494950831746 ], [ 73.303624094968299, 22.624524850105768 ], [ 73.313350986733369, 22.624627433417864 ], [ 73.313461142577424, 22.615597488770081 ] ] ] } },
{ "type": "Feature", "properties": { "FeatureID": "159", "HA_Area": 100.0, "OBJECTID_1": 1257, "FID_1by1": 1271, "FREQUENCY": 101, "SUM_AgriAr": 10.9782980408, "Agri_Per": 10.9782980408, "Shape_Leng": 4000.0, "Shape_Area": 1000000.0, "nor_score": 0.131346181541, "oneminus": 0.86865381845900003 }, "geometry": { "type": "Polygon", "coordinates": [ [ [ 73.323843414117718, 22.561519275400276 ], [ 73.314120901327684, 22.561417597055542 ], [ 73.314011081491756, 22.570447605636872 ], [ 73.323734226890892, 22.570549329060579 ], [ 73.323843414117718, 22.561519275400276 ] ] ] } },
{ "type": "Feature", "properties": { "FeatureID": "160", "HA_Area": 100.0, "OBJECTID_1": 1152, "FID_1by1": 1166, "FREQUENCY": 30, "SUM_AgriAr": 1.8951379905000001, "Agri_Per": 1.8951379905000001, "Shape_Leng": 4000.0, "Shape_Area": 1000000.0, "nor_score": 0.022673745750100002, "oneminus": 0.97732625424999997 }, "geometry": { "type": "Polygon", "coordinates": [ [ [ 73.275455941367156, 22.542945325781226 ], [ 73.265734975606833, 22.542840802962505 ], [ 73.26562210806425, 22.551870603584629 ], [ 73.275343705707257, 22.551975172772497 ], [ 73.275455941367156, 22.542945325781226 ] ] ] } },
{ "type": "Feature", "properties": { "FeatureID": "161", "HA_Area": 100.0, "OBJECTID_1": 1157, "FID_1by1": 1171, "FREQUENCY": 52, "SUM_AgriAr": 2.6286974999899999, "Agri_Per": 2.6286974999899999, "Shape_Leng": 4000.0, "Shape_Area": 1000000.0, "nor_score": 0.031450173584999998, "oneminus": 0.96854982641499998 }, "geometry": { "type": "Polygon", "coordinates": [ [ [ 73.3240616217211, 22.543459136169673 ], [ 73.314340373183029, 22.543357547965833 ], [ 73.314230665219355, 22.552387577830711 ], [ 73.323952545722392, 22.552489211102156 ], [ 73.3240616217211, 22.543459136169673 ] ] ] } },
{ "type": "Feature", "properties": { "FeatureID": "162", "HA_Area": 100.0, "OBJECTID_1": 1104, "FID_1by1": 1118, "FREQUENCY": 39, "SUM_AgriAr": 7.1671648636700001, "Agri_Per": 7.1671648636700001, "Shape_Leng": 4000.0, "Shape_Area": 1000000.0, "nor_score": 0.0857491510816, "oneminus": 0.91425084891800001 }, "geometry": { "type": "Polygon", "coordinates": [ [ [ 73.295008959453099, 22.534122661122865 ], [ 73.285288511209927, 22.534019357950992 ], [ 73.285176964326837, 22.54304926170494 ], [ 73.294898044163972, 22.543152610719602 ], [ 73.295008959453099, 22.534122661122865 ] ] ] } },
{ "type": "Feature", "properties": { "FeatureID": "163", "HA_Area": 100.0, "OBJECTID_1": 1597, "FID_1by1": 1612, "FREQUENCY": 72, "SUM_AgriAr": 2.5341563174, "Agri_Per": 2.5341563174, "Shape_Leng": 4000.0, "Shape_Area": 1000000.0, "nor_score": 0.030319067170700001, "oneminus": 0.96968093282900003 }, "geometry": { "type": "Polygon", "coordinates": [ [ [ 73.235537449362596, 22.623790267841475 ], [ 73.225811017684421, 22.623682970677216 ], [ 73.225695092730291, 22.632712486860417 ], [ 73.235422159124383, 22.63281983148886 ], [ 73.235537449362596, 22.623790267841475 ] ] ] } },
{ "type": "Feature", "properties": { "FeatureID": "164", "HA_Area": 100.0, "OBJECTID_1": 1745, "FID_1by1": 1760, "FREQUENCY": 601, "SUM_AgriAr": 56.298763049800002, "Agri_Per": 56.298763049800002, "Shape_Leng": 4000.0, "Shape_Area": 1000000.0, "nor_score": 0.67356775381800005, "oneminus": 0.32643224618200001 }, "geometry": { "type": "Polygon", "coordinates": [ [ [ 73.215734788084461, 22.650663457527724 ], [ 73.206006569642511, 22.650554838070093 ], [ 73.205889196378763, 22.65958422632438 ], [ 73.215618050470638, 22.659692893785536 ], [ 73.215734788084461, 22.650663457527724 ] ] ] } },
{ "type": "Feature", "properties": { "FeatureID": "165", "HA_Area": 100.0, "OBJECTID_1": 1048, "FID_1by1": 1062, "FREQUENCY": 49, "SUM_AgriAr": 2.3175000000199999, "Agri_Per": 2.3175000000199999, "Shape_Leng": 4000.0, "Shape_Area": 1000000.0, "nor_score": 0.027726954997300001, "oneminus": 0.97227304500300005 }, "geometry": { "type": "Polygon", "coordinates": [ [ [ 73.227082304397754, 22.524357585872426 ], [ 73.226967027092911, 22.533387219789997 ], [ 73.236687129343792, 22.533494042642122 ], [ 73.236801775477034, 22.524464361326238 ], [ 73.227082304397754, 22.524357585872426 ] ] ] } },
{ "type": "Feature", "properties": { "FeatureID": "166", "HA_Area": 100.0, "OBJECTID_1": 1602, "FID_1by1": 1617, "FREQUENCY": 266, "SUM_AgriAr": 14.430574507, "Agri_Per": 14.430574507, "Shape_Leng": 4000.0, "Shape_Area": 1000000.0, "nor_score": 0.17264979069600001, "oneminus": 0.82735020930400005 }, "geometry": { "type": "Polygon", "coordinates": [ [ [ 73.284170480904791, 22.624317915652565 ], [ 73.274443759251838, 22.624213564539495 ], [ 73.274331008047525, 22.633243315437959 ], [ 73.284058364501021, 22.63334771271235 ], [ 73.284170480904791, 22.624317915652565 ] ] ] } },
{ "type": "Feature", "properties": { "FeatureID": "167", "HA_Area": 100.0, "OBJECTID_1": 1160, "FID_1by1": 1174, "FREQUENCY": 115, "SUM_AgriAr": 5.6569462607299998, "Agri_Per": 5.6569462607299998, "Shape_Leng": 4000.0, "Shape_Area": 1000000.0, "nor_score": 0.067680644829400005, "oneminus": 0.93231935517099995 }, "geometry": { "type": "Polygon", "coordinates": [ [ [ 73.353225699586289, 22.543760378939261 ], [ 73.343504285244677, 22.543660551670012 ], [ 73.343396473224331, 22.552690715956714 ], [ 73.353118519579141, 22.552790587512551 ], [ 73.353225699586289, 22.543760378939261 ] ] ] } },
{ "type": "Feature", "properties": { "FeatureID": "168", "HA_Area": 100.0, "OBJECTID_1": 1789, "FID_1by1": 1804, "FREQUENCY": 697, "SUM_AgriAr": 62.105588428700003, "Agri_Per": 62.105588428700003, "Shape_Leng": 4000.0, "Shape_Area": 1000000.0, "nor_score": 0.74304157731599996, "oneminus": 0.25695842268399999 }, "geometry": { "type": "Polygon", "coordinates": [ [ [ 73.157245827549943, 22.659032036616086 ], [ 73.14751733637128, 22.658919828298671 ], [ 73.147396087961411, 22.667948912274948 ], [ 73.157125215006943, 22.668061170165867 ], [ 73.157245827549943, 22.659032036616086 ] ] ] } },
{ "type": "Feature", "properties": { "FeatureID": "169", "HA_Area": 100.0, "OBJECTID_1": 1047, "FID_1by1": 1061, "FREQUENCY": 120, "SUM_AgriAr": 7.5900163339600004, "Agri_Per": 7.5900163339600004, "Shape_Leng": 4000.0, "Shape_Area": 1000000.0, "nor_score": 0.090808216318799997, "oneminus": 0.90919178368099995 }, "geometry": { "type": "Polygon", "coordinates": [ [ [ 73.227082304397754, 22.524357585872426 ], [ 73.217362892092964, 22.524250224115573 ], [ 73.217246983633586, 22.533279810374637 ], [ 73.226967027092911, 22.533387219789997 ], [ 73.227082304397754, 22.524357585872426 ] ] ] } },
{ "type": "Feature", "properties": { "FeatureID": "170", "HA_Area": 100.0, "OBJECTID_1": 1408, "FID_1by1": 1423, "FREQUENCY": 79, "SUM_AgriAr": 8.0600888052599995, "Agri_Per": 8.0600888052599995, "Shape_Leng": 4000.0, "Shape_Area": 1000000.0, "nor_score": 0.096432241456699999, "oneminus": 0.90356775854299998 }, "geometry": { "type": "Polygon", "coordinates": [ [ [ 73.342964675364087, 22.588811266838125 ], [ 73.333240152760851, 22.58871062978616 ], [ 73.333131432162617, 22.597740696347881 ], [ 73.342856588374246, 22.597841377974913 ], [ 73.342964675364087, 22.588811266838125 ] ] ] } },
{ "type": "Feature", "properties": { "FeatureID": "171", "HA_Area": 100.0, "OBJECTID_1": 1043, "FID_1by1": 1057, "FREQUENCY": 609, "SUM_AgriAr": 59.476978986399999, "Agri_Per": 59.476978986399999, "Shape_Leng": 4000.0, "Shape_Area": 1000000.0, "nor_score": 0.71159245726800002, "oneminus": 0.28840754273199998 }, "geometry": { "type": "Polygon", "coordinates": [ [ [ 73.188205011041632, 22.52392462117248 ], [ 73.178485837050914, 22.523814914349565 ], [ 73.178367404146215, 22.532844307372844 ], [ 73.188087209222147, 22.532954062894952 ], [ 73.188205011041632, 22.52392462117248 ] ] ] } },
{ "type": "Feature", "properties": { "FeatureID": "172", "HA_Area": 100.0, "OBJECTID_1": 1253, "FID_1by1": 1267, "FREQUENCY": 136, "SUM_AgriAr": 10.0138626436, "Agri_Per": 10.0138626436, "Shape_Leng": 4000.0, "Shape_Area": 1000000.0, "nor_score": 0.119807516231, "oneminus": 0.88019248376899994 }, "geometry": { "type": "Polygon", "coordinates": [ [ [ 73.284953699911668, 22.561109037247924 ], [ 73.27523141283136, 22.561005009100665 ], [ 73.275119062722794, 22.570034834762254 ], [ 73.284841982346521, 22.570138909030007 ], [ 73.284953699911668, 22.561109037247924 ] ] ] } },
{ "type": "Feature", "properties": { "FeatureID": "173", "HA_Area": 100.0, "OBJECTID_1": 1609, "FID_1by1": 1624, "FREQUENCY": 533, "SUM_AgriAr": 41.225637395, "Agri_Per": 41.225637395, "Shape_Leng": 4000.0, "Shape_Area": 1000000.0, "nor_score": 0.49323037444500001, "oneminus": 0.50676962555500005 }, "geometry": { "type": "Polygon", "coordinates": [ [ [ 73.352259111151113, 22.625031873579502 ], [ 73.342531997088642, 22.624931647529575 ], [ 73.342423689834547, 22.633961716084436 ], [ 73.352151438812129, 22.634061986471341 ], [ 73.352259111151113, 22.625031873579502 ] ] ] } },
{ "type": "Feature", "properties": { "FeatureID": "174", "HA_Area": 100.0, "OBJECTID_1": 1837, "FID_1by1": 1852, "FREQUENCY": 547, "SUM_AgriAr": 41.817729933599999, "Agri_Per": 41.817729933599999, "Shape_Leng": 4000.0, "Shape_Area": 1000000.0, "nor_score": 0.50031426793900002, "oneminus": 0.49968573206099998 }, "geometry": { "type": "Polygon", "coordinates": [ [ [ 73.137667022549849, 22.667836064033445 ], [ 73.127938019095325, 22.667722625456644 ], [ 73.127815436725754, 22.676751598704062 ], [ 73.137545076334078, 22.676865087381952 ], [ 73.137667022549849, 22.667836064033445 ] ] ] } },
{ "type": "Feature", "properties": { "FeatureID": "175", "HA_Area": 100.0, "OBJECTID_1": 1441, "FID_1by1": 1456, "FREQUENCY": 167, "SUM_AgriAr": 9.8537403603700007, "Agri_Per": 9.8537403603700007, "Shape_Leng": 4000.0, "Shape_Area": 1000000.0, "nor_score": 0.117891786634, "oneminus": 0.88210821336599998 }, "geometry": { "type": "Polygon", "coordinates": [ [ [ 73.177417765028494, 22.605079065487207 ], [ 73.177536681626364, 22.596049758290384 ], [ 73.167812510464614, 22.595939073390184 ], [ 73.167692960223064, 22.604968331578227 ], [ 73.177417765028494, 22.605079065487207 ] ] ] } },
{ "type": "Feature", "properties": { "FeatureID": "176", "HA_Area": 100.0, "OBJECTID_1": 1492, "FID_1by1": 1507, "FREQUENCY": 386, "SUM_AgriAr": 26.681361841600001, "Agri_Per": 26.681361841600001, "Shape_Leng": 4000.0, "Shape_Area": 1000000.0, "nor_score": 0.31922024554200001, "oneminus": 0.68077975445799999 }, "geometry": { "type": "Polygon", "coordinates": [ [ [ 73.177417765028494, 22.605079065487207 ], [ 73.177298787889697, 22.614108361939969 ], [ 73.187024287219828, 22.614218556031332 ], [ 73.187142630374851, 22.605189210824044 ], [ 73.177417765028494, 22.605079065487207 ] ] ] } },
{ "type": "Feature", "properties": { "FeatureID": "177", "HA_Area": 100.0, "OBJECTID_1": 1009, "FID_1by1": 1023, "FREQUENCY": 21, "SUM_AgriAr": 0.89673057444500004, "Agri_Per": 0.89673057444500004, "Shape_Leng": 4000.0, "Shape_Area": 1000000.0, "nor_score": 0.010728633563, "oneminus": 0.98927136643699998 }, "geometry": { "type": "Polygon", "coordinates": [ [ [ 73.343827391694276, 22.516569995105868 ], [ 73.334107926358854, 22.516469714451947 ], [ 73.333999648096636, 22.525499866057121 ], [ 73.343719744463684, 22.525600191241143 ], [ 73.343827391694276, 22.516569995105868 ] ] ] } },
{ "type": "Feature", "properties": { "FeatureID": "178", "HA_Area": 100.0, "OBJECTID_1": 1935, "FID_1by1": 1951, "FREQUENCY": 674, "SUM_AgriAr": 52.258470965400001, "Agri_Per": 52.258470965400001, "Shape_Leng": 4000.0, "Shape_Area": 1000000.0, "nor_score": 0.62522902812299996, "oneminus": 0.37477097187699998 }, "geometry": { "type": "Polygon", "coordinates": [ [ [ 73.127692792057928, 22.685780561147986 ], [ 73.11796257828918, 22.685666431521412 ], [ 73.117839234522961, 22.694695332783816 ], [ 73.1275700850736, 22.694809512784904 ], [ 73.127692792057928, 22.685780561147986 ] ] ] } },
{ "type": "Feature", "properties": { "FeatureID": "179", "HA_Area": 100.0, "OBJECTID_1": 1951, "FID_1by1": 1967, "FREQUENCY": 192, "SUM_AgriAr": 14.2103166204, "Agri_Per": 14.2103166204, "Shape_Leng": 4000.0, "Shape_Area": 1000000.0, "nor_score": 0.17001458875, "oneminus": 0.82998541125000003 }, "geometry": { "type": "Polygon", "coordinates": [ [ [ 73.283384467582621, 22.687526270492349 ], [ 73.273653295543085, 22.687421596127216 ], [ 73.273540142422647, 22.696451272092869 ], [ 73.283271951524526, 22.696555992660304 ], [ 73.283384467582621, 22.687526270492349 ] ] ] } },
{ "type": "Feature", "properties": { "FeatureID": "180", "HA_Area": 100.0, "OBJECTID_1": 1607, "FID_1by1": 1622, "FREQUENCY": 512, "SUM_AgriAr": 47.768982573099997, "Agri_Per": 47.768982573099997, "Shape_Leng": 4000.0, "Shape_Area": 1000000.0, "nor_score": 0.57151604317600002, "oneminus": 0.42848395682399998 }, "geometry": { "type": "Polygon", "coordinates": [ [ [ 73.332804938116325, 22.624830832143545 ], [ 73.323077934556977, 22.62472942743506 ], [ 73.322968357520992, 22.633759406534047 ], [ 73.332695995963192, 22.633860856100789 ], [ 73.332804938116325, 22.624830832143545 ] ] ] } },
{ "type": "Feature", "properties": { "FeatureID": "181", "HA_Area": 100.0, "OBJECTID_1": 1438, "FID_1by1": 1453, "FREQUENCY": 724, "SUM_AgriAr": 61.175653920899997, "Agri_Per": 61.175653920899997, "Shape_Leng": 4000.0, "Shape_Area": 1000000.0, "nor_score": 0.73191568637899995, "oneminus": 0.26808431362099999 }, "geometry": { "type": "Polygon", "coordinates": [ [ [ 73.148364351000268, 22.595715938714612 ], [ 73.138640363342276, 22.595603488969452 ], [ 73.138518912276467, 22.604632598568713 ], [ 73.148243533524649, 22.604745098103859 ], [ 73.148364351000268, 22.595715938714612 ] ] ] } },
{ "type": "Feature", "properties": { "FeatureID": "182", "HA_Area": 100.0, "OBJECTID_1": 1955, "FID_1by1": 1971, "FREQUENCY": 299, "SUM_AgriAr": 19.920526960299998, "Agri_Per": 19.920526960299998, "Shape_Leng": 4000.0, "Shape_Area": 1000000.0, "nor_score": 0.238332493871, "oneminus": 0.76166750612900003 }, "geometry": { "type": "Polygon", "coordinates": [ [ [ 73.322309723942297, 22.68793905703382 ], [ 73.312578325268987, 22.68783674706437 ], [ 73.312467720497864, 22.69686660627422 ], [ 73.322199756299852, 22.696968961402614 ], [ 73.322309723942297, 22.68793905703382 ] ] ] } },
{ "type": "Feature", "properties": { "FeatureID": "183", "HA_Area": 100.0, "OBJECTID_1": 1189, "FID_1by1": 1203, "FREQUENCY": 157, "SUM_AgriAr": 4.0193593566799999, "Agri_Per": 4.0193593566799999, "Shape_Leng": 4000.0, "Shape_Area": 1000000.0, "nor_score": 0.048088283063600003, "oneminus": 0.95191171693599996 }, "geometry": { "type": "Polygon", "coordinates": [ [ [ 73.148967516383024, 22.550569980449982 ], [ 73.139246691843468, 22.550457779560464 ], [ 73.139125549660292, 22.55948694295223 ], [ 73.148847006179523, 22.559599193600313 ], [ 73.148967516383024, 22.550569980449982 ] ] ] } },
{ "type": "Feature", "properties": { "FeatureID": "184", "HA_Area": 100.0, "OBJECTID_1": 1853, "FID_1by1": 1868, "FREQUENCY": 308, "SUM_AgriAr": 20.886165206899999, "Agri_Per": 20.886165206899999, "Shape_Leng": 4000.0, "Shape_Area": 1000000.0, "nor_score": 0.24988555027100001, "oneminus": 0.75011444972899999 }, "geometry": { "type": "Polygon", "coordinates": [ [ [ 73.293339284279952, 22.669570785454155 ], [ 73.283609328284854, 22.669466794032303 ], [ 73.283496926497165, 22.678496537615199 ], [ 73.29322751892461, 22.678600574966858 ], [ 73.293339284279952, 22.669570785454155 ] ] ] } },
{ "type": "Feature", "properties": { "FeatureID": "185", "HA_Area": 100.0, "OBJECTID_1": 1501, "FID_1by1": 1516, "FREQUENCY": 19, "SUM_AgriAr": 1.0139338511, "Agri_Per": 1.0139338511, "Shape_Leng": 4000.0, "Shape_Area": 1000000.0, "nor_score": 0.012130873035399999, "oneminus": 0.98786912696499996 }, "geometry": { "type": "Polygon", "coordinates": [ [ [ 73.274669089628645, 22.60615403067349 ], [ 73.264943693924792, 22.606049183147775 ], [ 73.264830423264343, 22.615078909014304 ], [ 73.274556453106641, 22.615183802950181 ], [ 73.274669089628645, 22.60615403067349 ] ] ] } },
{ "type": "Feature", "properties": { "FeatureID": "186", "HA_Area": 100.0, "OBJECTID_1": 1098, "FID_1by1": 1112, "FREQUENCY": 75, "SUM_AgriAr": 7.0010057766599996, "Agri_Per": 7.0010057766599996, "Shape_Leng": 4000.0, "Shape_Area": 1000000.0, "nor_score": 0.083761196161299997, "oneminus": 0.91623880383900003 }, "geometry": { "type": "Polygon", "coordinates": [ [ [ 73.236687129343792, 22.533494042642122 ], [ 73.226967027092911, 22.533387219789997 ], [ 73.226851690996511, 22.542416843021872 ], [ 73.236572424740743, 22.542523713278282 ], [ 73.236687129343792, 22.533494042642122 ] ] ] } },
{ "type": "Feature", "properties": { "FeatureID": "187", "HA_Area": 100.0, "OBJECTID_1": 1002, "FID_1by1": 1016, "FREQUENCY": 105, "SUM_AgriAr": 9.7820065041700008, "Agri_Per": 9.7820065041700008, "Shape_Leng": 4000.0, "Shape_Area": 1000000.0, "nor_score": 0.117033550862, "oneminus": 0.88296644913800004 }, "geometry": { "type": "Polygon", "coordinates": [ [ [ 73.275792305217223, 22.515855720863495 ], [ 73.266073233174069, 22.515751337117191 ], [ 73.265960538145023, 22.524781169725319 ], [ 73.275680241105505, 22.52488559982325 ], [ 73.275792305217223, 22.515855720863495 ] ] ] } },
{ "type": "Feature", "properties": { "FeatureID": "188", "HA_Area": 100.0, "OBJECTID_1": 1347, "FID_1by1": 1361, "FREQUENCY": 520, "SUM_AgriAr": 52.612666061600002, "Agri_Per": 52.612666061600002, "Shape_Leng": 4000.0, "Shape_Area": 1000000.0, "nor_score": 0.62946667709500004, "oneminus": 0.37053332290500002 }, "geometry": { "type": "Polygon", "coordinates": [ [ [ 73.216550290896436, 22.587457103281199 ], [ 73.22627412804249, 22.587564798773794 ], [ 73.226389758353321, 22.578535229022691 ], [ 73.216666554293582, 22.57842758122468 ], [ 73.216550290896436, 22.587457103281199 ] ] ] } },
{ "type": "Feature", "properties": { "FeatureID": "189", "HA_Area": 100.0, "OBJECTID_1": 1395, "FID_1by1": 1410, "FREQUENCY": 666, "SUM_AgriAr": 61.078325181799997, "Agri_Per": 61.078325181799997, "Shape_Leng": 4000.0, "Shape_Area": 1000000.0, "nor_score": 0.73075122917500002, "oneminus": 0.26924877082499998 }, "geometry": { "type": "Polygon", "coordinates": [ [ [ 73.216550290896436, 22.587457103281199 ], [ 73.206826512966984, 22.587348819678116 ], [ 73.206709556961926, 22.596378283060975 ], [ 73.216433968282715, 22.596486614625078 ], [ 73.216550290896436, 22.587457103281199 ] ] ] } },
{ "type": "Feature", "properties": { "FeatureID": "190", "HA_Area": 100.0, "OBJECTID_1": 1689, "FID_1by1": 1704, "FREQUENCY": 404, "SUM_AgriAr": 62.402120806500001, "Agri_Per": 62.402120806500001, "Shape_Leng": 4000.0, "Shape_Area": 1000000.0, "nor_score": 0.74658933994599996, "oneminus": 0.25341066005399998 }, "geometry": { "type": "Polygon", "coordinates": [ [ [ 73.157486868774825, 22.64097373718748 ], [ 73.147759648361102, 22.640861627998216 ], [ 73.147638523165185, 22.649890733538601 ], [ 73.157366378799935, 22.650002892288793 ], [ 73.157486868774825, 22.64097373718748 ] ] ] } },
{ "type": "Feature", "properties": { "FeatureID": "191", "HA_Area": 100.0, "OBJECTID_1": 1541, "FID_1by1": 1556, "FREQUENCY": 439, "SUM_AgriAr": 19.9821486433, "Agri_Per": 19.9821486433, "Shape_Leng": 4000.0, "Shape_Area": 1000000.0, "nor_score": 0.23906974592399999, "oneminus": 0.76093025407600001 }, "geometry": { "type": "Polygon", "coordinates": [ [ [ 73.177298787889697, 22.614108361939969 ], [ 73.167573349118157, 22.613997579016001 ], [ 73.16745367713213, 22.623026815700012 ], [ 73.177179750192309, 22.623137647645159 ], [ 73.177298787889697, 22.614108361939969 ] ] ] } },
{ "type": "Feature", "properties": { "FeatureID": "192", "HA_Area": 100.0, "OBJECTID_1": 1439, "FID_1by1": 1454, "FREQUENCY": 581, "SUM_AgriAr": 47.6239316335, "Agri_Per": 47.6239316335, "Shape_Leng": 4000.0, "Shape_Area": 1000000.0, "nor_score": 0.56978062963800002, "oneminus": 0.43021937036199998 }, "geometry": { "type": "Polygon", "coordinates": [ [ [ 73.148243533524649, 22.604745098103859 ], [ 73.157968216280977, 22.604857009112084 ], [ 73.158088400148472, 22.595827800193245 ], [ 73.148364351000268, 22.595715938714612 ], [ 73.148243533524649, 22.604745098103859 ] ] ] } },
{ "type": "Feature", "properties": { "FeatureID": "193", "HA_Area": 100.0, "OBJECTID_1": 1838, "FID_1by1": 1853, "FREQUENCY": 697, "SUM_AgriAr": 60.006011146500001, "Agri_Per": 60.006011146500001, "Shape_Leng": 4000.0, "Shape_Area": 1000000.0, "nor_score": 0.71792188591700001, "oneminus": 0.28207811408299999 }, "geometry": { "type": "Polygon", "coordinates": [ [ [ 73.147396087961411, 22.667948912274948 ], [ 73.137667022549849, 22.667836064033445 ], [ 73.137545076334078, 22.676865087381952 ], [ 73.147274777917545, 22.676977985463907 ], [ 73.147396087961411, 22.667948912274948 ] ] ] } },
{ "type": "Feature", "properties": { "FeatureID": "194", "HA_Area": 100.0, "OBJECTID_1": 1741, "FID_1by1": 1756, "FREQUENCY": 553, "SUM_AgriAr": 37.85495425, "Agri_Per": 37.85495425, "Shape_Leng": 4000.0, "Shape_Area": 1000000.0, "nor_score": 0.45290296134000002, "oneminus": 0.54709703866000003 }, "geometry": { "type": "Polygon", "coordinates": [ [ [ 73.176822273571887, 22.650225440240355 ], [ 73.167094295709802, 22.65011446119442 ], [ 73.166974380021614, 22.659143654828341 ], [ 73.176702993463337, 22.659254682920295 ], [ 73.176822273571887, 22.650225440240355 ] ] ] } },
{ "type": "Feature", "properties": { "FeatureID": "195", "HA_Area": 100.0, "OBJECTID_1": 1839, "FID_1by1": 1854, "FREQUENCY": 626, "SUM_AgriAr": 46.450958065599998, "Agri_Per": 46.450958065599998, "Shape_Leng": 4000.0, "Shape_Area": 1000000.0, "nor_score": 0.55574697901000003, "oneminus": 0.44425302099000002 }, "geometry": { "type": "Polygon", "coordinates": [ [ [ 73.147396087961411, 22.667948912274948 ], [ 73.147274777917545, 22.676977985463907 ], [ 73.157004541153015, 22.677090292934615 ], [ 73.157125215006943, 22.668061170165867 ], [ 73.147396087961411, 22.667948912274948 ] ] ] } },
{ "type": "Feature", "properties": { "FeatureID": "196", "HA_Area": 100.0, "OBJECTID_1": 1788, "FID_1by1": 1803, "FREQUENCY": 751, "SUM_AgriAr": 60.632277324199997, "Agri_Per": 60.632277324199997, "Shape_Leng": 4000.0, "Shape_Area": 1000000.0, "nor_score": 0.72541463850700005, "oneminus": 0.274585361493 }, "geometry": { "type": "Polygon", "coordinates": [ [ [ 73.137667022549849, 22.667836064033445 ], [ 73.147396087961411, 22.667948912274948 ], [ 73.14751733637128, 22.658919828298671 ], [ 73.137788906808581, 22.658807029891296 ], [ 73.137667022549849, 22.667836064033445 ] ] ] } },
{ "type": "Feature", "properties": { "FeatureID": "197", "HA_Area": 100.0, "OBJECTID_1": 1691, "FID_1by1": 1706, "FREQUENCY": 579, "SUM_AgriAr": 44.303560415100002, "Agri_Per": 44.303560415100002, "Shape_Leng": 4000.0, "Shape_Area": 1000000.0, "nor_score": 0.53005515678100001, "oneminus": 0.46994484321899999 }, "geometry": { "type": "Polygon", "coordinates": [ [ [ 73.167094295709802, 22.65011446119442 ], [ 73.176822273571887, 22.650225440240355 ], [ 73.176941493051075, 22.641196186798862 ], [ 73.167214150445744, 22.641085256792728 ], [ 73.167094295709802, 22.65011446119442 ] ] ] } },
{ "type": "Feature", "properties": { "FeatureID": "198", "HA_Area": 100.0, "OBJECTID_1": 1055, "FID_1by1": 1069, "FREQUENCY": 16, "SUM_AgriAr": 1.38, "Agri_Per": 1.38, "Shape_Leng": 4000.0, "Shape_Area": 1000000.0, "nor_score": 0.016510549253900001, "oneminus": 0.98348945074600003 }, "geometry": { "type": "Polygon", "coordinates": [ [ [ 73.304839691696799, 22.525195371813886 ], [ 73.295119818203105, 22.525092700881551 ], [ 73.295008959453099, 22.534122661122865 ], [ 73.304729464235379, 22.534225377631966 ], [ 73.304839691696799, 22.525195371813886 ] ] ] } },
{ "type": "Feature", "properties": { "FeatureID": "199", "HA_Area": 100.0, "OBJECTID_1": 1795, "FID_1by1": 1810, "FREQUENCY": 653, "SUM_AgriAr": 49.373376976700001, "Agri_Per": 49.373376976700001, "Shape_Leng": 4000.0, "Shape_Area": 1000000.0, "nor_score": 0.59071128435300002, "oneminus": 0.40928871564699998 }, "geometry": { "type": "Polygon", "coordinates": [ [ [ 73.215618050470638, 22.659692893785536 ], [ 73.205889196378763, 22.65958422632438 ], [ 73.205771763436985, 22.668613603832075 ], [ 73.215501253501827, 22.668722319302834 ], [ 73.215618050470638, 22.659692893785536 ] ] ] } },
{ "type": "Feature", "properties": { "FeatureID": "200", "HA_Area": 100.0, "OBJECTID_1": 1302, "FID_1by1": 1316, "FREQUENCY": 18, "SUM_AgriAr": 0.24869749999499999, "Agri_Per": 0.24869749999499999, "Shape_Leng": 4000.0, "Shape_Area": 1000000.0, "nor_score": 0.0029754582050699999, "oneminus": 0.997024541795 }, "geometry": { "type": "Polygon", "coordinates": [ [ [ 73.275119062722794, 22.570034834762254 ], [ 73.26539620034842, 22.56993017281853 ], [ 73.265283160141664, 22.578959941423363 ], [ 73.275006655364948, 22.579064649753796 ], [ 73.275119062722794, 22.570034834762254 ] ] ] } },
{ "type": "Feature", "properties": { "FeatureID": "201", "HA_Area": 100.0, "OBJECTID_1": 1806, "FID_1by1": 1821, "FREQUENCY": 96, "SUM_AgriAr": 4.67368871631, "Agri_Per": 4.67368871631, "Shape_Leng": 4000.0, "Shape_Area": 1000000.0, "nor_score": 0.055916788223299999, "oneminus": 0.94408321177700005 }, "geometry": { "type": "Polygon", "coordinates": [ [ [ 73.322639291835728, 22.660849279824792 ], [ 73.312909802608175, 22.660747105297784 ], [ 73.312799366307701, 22.669776996572711 ], [ 73.322529491693899, 22.669879216241473 ], [ 73.322639291835728, 22.660849279824792 ] ] ] } },
{ "type": "Feature", "properties": { "FeatureID": "202", "HA_Area": 100.0, "OBJECTID_1": 1489, "FID_1by1": 1504, "FREQUENCY": 651, "SUM_AgriAr": 60.092432960300002, "Agri_Per": 60.092432960300002, "Shape_Leng": 4000.0, "Shape_Area": 1000000.0, "nor_score": 0.71895585085500002, "oneminus": 0.28104414914499998 }, "geometry": { "type": "Polygon", "coordinates": [ [ [ 73.157968216280977, 22.604857009112084 ], [ 73.148243533524649, 22.604745098103859 ], [ 73.148122654540856, 22.613774246730351 ], [ 73.15784797122771, 22.613886207274433 ], [ 73.157968216280977, 22.604857009112084 ] ] ] } },
{ "type": "Feature", "properties": { "FeatureID": "203", "HA_Area": 100.0, "OBJECTID_1": 1090, "FID_1by1": 1104, "FREQUENCY": 131, "SUM_AgriAr": 5.2218619255599998, "Agri_Per": 5.2218619255599998, "Shape_Leng": 4000.0, "Shape_Area": 1000000.0, "nor_score": 0.062475223564600002, "oneminus": 0.93752477643499998 }, "geometry": { "type": "Polygon", "coordinates": [ [ [ 73.158927975516249, 22.532623036874298 ], [ 73.149208352605555, 22.53251152192782 ], [ 73.149087965185743, 22.541540756557975 ], [ 73.158808219450378, 22.541652320990323 ], [ 73.158927975516249, 22.532623036874298 ] ] ] } },
{ "type": "Feature", "properties": { "FeatureID": "204", "HA_Area": 100.0, "OBJECTID_1": 1852, "FID_1by1": 1867, "FREQUENCY": 140, "SUM_AgriAr": 9.7882068425500002, "Agri_Per": 9.7882068425500002, "Shape_Leng": 4000.0, "Shape_Area": 1000000.0, "nor_score": 0.11710773274, "oneminus": 0.88289226726000003 }, "geometry": { "type": "Polygon", "coordinates": [ [ [ 73.283609328284854, 22.669466794032303 ], [ 73.273879429399884, 22.669362212054182 ], [ 73.27376639119656, 22.678391909446507 ], [ 73.283496926497165, 22.678496537615199 ], [ 73.283609328284854, 22.669466794032303 ] ] ] } },
{ "type": "Feature", "properties": { "FeatureID": "205", "HA_Area": 100.0, "OBJECTID_1": 1757, "FID_1by1": 1772, "FREQUENCY": 97, "SUM_AgriAr": 5.2445716896599999, "Agri_Per": 5.2445716896599999, "Shape_Leng": 4000.0, "Shape_Area": 1000000.0, "nor_score": 0.062746926955000004, "oneminus": 0.93725307304500005 }, "geometry": { "type": "Polygon", "coordinates": [ [ [ 73.322639291835728, 22.660849279824792 ], [ 73.332368836864177, 22.660950864000384 ], [ 73.332477945353304, 22.651920872032658 ], [ 73.322749036176646, 22.651819332732366 ], [ 73.322639291835728, 22.660849279824792 ] ] ] } },
{ "type": "Feature", "properties": { "FeatureID": "206", "HA_Area": 100.0, "OBJECTID_1": 1103, "FID_1by1": 1117, "FREQUENCY": 35, "SUM_AgriAr": 3.09520817703, "Agri_Per": 3.09520817703, "Shape_Leng": 4000.0, "Shape_Area": 1000000.0, "nor_score": 0.037031584824700002, "oneminus": 0.96296841517499998 }, "geometry": { "type": "Polygon", "coordinates": [ [ [ 73.285288511209927, 22.534019357950992 ], [ 73.275568119827696, 22.533915468130321 ], [ 73.275455941367156, 22.542945325781226 ], [ 73.285176964326837, 22.54304926170494 ], [ 73.285288511209927, 22.534019357950992 ] ] ] } },
{ "type": "Feature", "properties": { "FeatureID": "207", "HA_Area": 100.0, "OBJECTID_1": 1246, "FID_1by1": 1260, "FREQUENCY": 713, "SUM_AgriAr": 47.380355660500001, "Agri_Per": 47.380355660500001, "Shape_Leng": 4000.0, "Shape_Area": 1000000.0, "nor_score": 0.56686644623299998, "oneminus": 0.43313355376700002 }, "geometry": { "type": "Polygon", "coordinates": [ [ [ 73.216898903507044, 22.560368504987693 ], [ 73.207177023818289, 22.560260365231333 ], [ 73.207060246377836, 22.569289860759802 ], [ 73.216782758491362, 22.569398048459011 ], [ 73.216898903507044, 22.560368504987693 ] ] ] } },
{ "type": "Feature", "properties": { "FeatureID": "208", "HA_Area": 100.0, "OBJECTID_1": 1310, "FID_1by1": 1324, "FREQUENCY": 87, "SUM_AgriAr": 12.444052431099999, "Agri_Per": 12.444052431099999, "Shape_Leng": 4000.0, "Shape_Area": 1000000.0, "nor_score": 0.148882710567, "oneminus": 0.85111728943300002 }, "geometry": { "type": "Polygon", "coordinates": [ [ [ 73.352903995629489, 22.570850972803168 ], [ 73.34318068428199, 22.570751012657389 ], [ 73.343072707327991, 22.579781145064473 ], [ 73.352796651655154, 22.579881149513607 ], [ 73.352903995629489, 22.570850972803168 ] ] ] } },
{ "type": "Feature", "properties": { "FeatureID": "209", "HA_Area": 100.0, "OBJECTID_1": 1352, "FID_1by1": 1367, "FREQUENCY": 63, "SUM_AgriAr": 8.8082105251599998, "Agri_Per": 8.8082105251599998, "Shape_Leng": 4000.0, "Shape_Area": 1000000.0, "nor_score": 0.105382893996, "oneminus": 0.89461710600400002 }, "geometry": { "type": "Polygon", "coordinates": [ [ [ 73.27489419074108, 22.588094454071832 ], [ 73.28461837641818, 22.588198620598039 ], [ 73.28473020785421, 22.579168770147863 ], [ 73.275006655364948, 22.579064649753796 ], [ 73.27489419074108, 22.588094454071832 ] ] ] } },
{ "type": "Feature", "properties": { "FeatureID": "210", "HA_Area": 100.0, "OBJECTID_1": 1401, "FID_1by1": 1416, "FREQUENCY": 9, "SUM_AgriAr": 0.37487743259799999, "Agri_Per": 0.37487743259799999, "Shape_Leng": 4000.0, "Shape_Area": 1000000.0, "nor_score": 0.0044850958805, "oneminus": 0.99551490412 }, "geometry": { "type": "Polygon", "coordinates": [ [ [ 73.27489419074108, 22.588094454071832 ], [ 73.265170062346655, 22.587989699348835 ], [ 73.265056906946626, 22.59701944659146 ], [ 73.274781668834535, 22.597124247712884 ], [ 73.27489419074108, 22.588094454071832 ] ] ] } },
{ "type": "Feature", "properties": { "FeatureID": "211", "HA_Area": 100.0, "OBJECTID_1": 1057, "FID_1by1": 1071, "FREQUENCY": 2, "SUM_AgriAr": 0.022500000000299999, "Agri_Per": 0.022500000000299999, "Shape_Leng": 4000.0, "Shape_Area": 1000000.0, "nor_score": 0.000269193737839, "oneminus": 0.99973080626199995 }, "geometry": { "type": "Polygon", "coordinates": [ [ [ 73.324279606965291, 22.525398954415451 ], [ 73.314559621391439, 22.525297456329799 ], [ 73.314450025234962, 22.534327507464379 ], [ 73.324170642130014, 22.534429050606285 ], [ 73.324279606965291, 22.525398954415451 ] ] ] } },
{ "type": "Feature", "properties": { "FeatureID": "212", "HA_Area": 100.0, "OBJECTID_1": 1039, "FID_1by1": 1053, "FREQUENCY": 198, "SUM_AgriAr": 5.7755921714399996, "Agri_Per": 5.7755921714399996, "Shape_Leng": 4000.0, "Shape_Area": 1000000.0, "nor_score": 0.069100144215300002, "oneminus": 0.93089985578500001 }, "geometry": { "type": "Polygon", "coordinates": [ [ [ 73.149328678660297, 22.523482276563012 ], [ 73.13960974812916, 22.523370224911581 ], [ 73.139488791059946, 22.532399420536624 ], [ 73.149208352605555, 22.53251152192782 ], [ 73.149328678660297, 22.523482276563012 ] ] ] } },
{ "type": "Feature", "properties": { "FeatureID": "213", "HA_Area": 100.0, "OBJECTID_1": 1143, "FID_1by1": 1157, "FREQUENCY": 409, "SUM_AgriAr": 49.052695269499999, "Agri_Per": 49.052695269499999, "Shape_Leng": 4000.0, "Shape_Area": 1000000.0, "nor_score": 0.58687459513399998, "oneminus": 0.41312540486600002 }, "geometry": { "type": "Polygon", "coordinates": [ [ [ 73.187969347324284, 22.541983493907523 ], [ 73.178248910841404, 22.541873689680077 ], [ 73.178130357118945, 22.550903061267778 ], [ 73.187851425330535, 22.551012914206687 ], [ 73.187969347324284, 22.541983493907523 ] ] ] } },
{ "type": "Feature", "properties": { "FeatureID": "214", "HA_Area": 100.0, "OBJECTID_1": 1890, "FID_1by1": 1906, "FREQUENCY": 405, "SUM_AgriAr": 27.130854666899999, "Agri_Per": 27.130854666899999, "Shape_Leng": 4000.0, "Shape_Area": 1000000.0, "nor_score": 0.32459805237599998, "oneminus": 0.67540194762399997 }, "geometry": { "type": "Polygon", "coordinates": [ [ [ 73.176464251287342, 22.677313135981517 ], [ 73.166734365717332, 22.677202009778863 ], [ 73.166614267065569, 22.686231171088473 ], [ 73.176344789184441, 22.686342346355808 ], [ 73.176464251287342, 22.677313135981517 ] ] ] } },
{ "type": "Feature", "properties": { "FeatureID": "215", "HA_Area": 100.0, "OBJECTID_1": 1908, "FID_1by1": 1924, "FREQUENCY": 307, "SUM_AgriAr": 23.825342675000002, "Agri_Per": 23.825342675000002, "Shape_Leng": 4000.0, "Shape_Area": 1000000.0, "nor_score": 0.28505035777299997, "oneminus": 0.71494964222699997 }, "geometry": { "type": "Polygon", "coordinates": [ [ [ 73.351612255046916, 22.679212391134836 ], [ 73.341881326648291, 22.679111898978764 ], [ 73.341772688515093, 22.688141903557561 ], [ 73.351504253767658, 22.688242440084348 ], [ 73.351612255046916, 22.679212391134836 ] ] ] } },
{ "type": "Feature", "properties": { "FeatureID": "216", "HA_Area": 100.0, "OBJECTID_1": 1287, "FID_1by1": 1301, "FREQUENCY": 741, "SUM_AgriAr": 50.888337704599998, "Agri_Per": 50.888337704599998, "Shape_Leng": 4000.0, "Shape_Area": 1000000.0, "nor_score": 0.60883652617600004, "oneminus": 0.39116347382400002 }, "geometry": { "type": "Polygon", "coordinates": [ [ [ 73.129282318674299, 22.568403207709238 ], [ 73.119560353692577, 22.568289732370879 ], [ 73.11943782281719, 22.577318773933097 ], [ 73.129160420386455, 22.577432299563139 ], [ 73.129282318674299, 22.568403207709238 ] ] ] } },
{ "type": "Feature", "properties": { "FeatureID": "217", "HA_Area": 100.0, "OBJECTID_1": 1037, "FID_1by1": 1051, "FREQUENCY": 622, "SUM_AgriAr": 51.112384280100002, "Agri_Per": 51.112384280100002, "Shape_Leng": 4000.0, "Shape_Area": 1000000.0, "nor_score": 0.611517056625, "oneminus": 0.388482943375 }, "geometry": { "type": "Polygon", "coordinates": [ [ [ 73.129890879266782, 22.523257587090733 ], [ 73.120172072394723, 22.523144363115701 ], [ 73.120049853350451, 22.532173458480859 ], [ 73.129769291201029, 22.532286732715885 ], [ 73.129890879266782, 22.523257587090733 ] ] ] } },
{ "type": "Feature", "properties": { "FeatureID": "218", "HA_Area": 100.0, "OBJECTID_1": 1001, "FID_1by1": 1015, "FREQUENCY": 46, "SUM_AgriAr": 4.8985335829599999, "Agri_Per": 4.8985335829599999, "Shape_Leng": 4000.0, "Shape_Area": 1000000.0, "nor_score": 0.0586068695605, "oneminus": 0.94139313043999995 }, "geometry": { "type": "Polygon", "coordinates": [ [ [ 73.266073233174069, 22.515751337117191 ], [ 73.256354218601984, 22.515646367270715 ], [ 73.256240892672324, 22.524676153267013 ], [ 73.265960538145023, 22.524781169725319 ], [ 73.266073233174069, 22.515751337117191 ] ] ] } },
{ "type": "Feature", "properties": { "FeatureID": "219", "HA_Area": 100.0, "OBJECTID_1": 1344, "FID_1by1": 1358, "FREQUENCY": 774, "SUM_AgriAr": 36.0870264072, "Agri_Per": 36.0870264072, "Shape_Leng": 4000.0, "Shape_Area": 1000000.0, "nor_score": 0.43175117892999998, "oneminus": 0.56824882106999997 }, "geometry": { "type": "Polygon", "coordinates": [ [ [ 73.197220324094317, 22.578210522092991 ], [ 73.187497298599169, 22.578101110788712 ], [ 73.187379136046971, 22.587130488199229 ], [ 73.197102794576423, 22.587239947979217 ], [ 73.197220324094317, 22.578210522092991 ] ] ] } },
{ "type": "Feature", "properties": { "FeatureID": "220", "HA_Area": 100.0, "OBJECTID_1": 1100, "FID_1by1": 1114, "FREQUENCY": 96, "SUM_AgriAr": 18.444296927700002, "Agri_Per": 18.444296927700002, "Shape_Leng": 4000.0, "Shape_Area": 1000000.0, "nor_score": 0.220670632521, "oneminus": 0.77932936747899995 }, "geometry": { "type": "Polygon", "coordinates": [ [ [ 73.256127508933176, 22.533705928598923 ], [ 73.246407290064468, 22.533600278916555 ], [ 73.246293216971765, 22.542629996696771 ], [ 73.256014067367744, 22.542735693262944 ], [ 73.256127508933176, 22.533705928598923 ] ] ] } },
{ "type": "Feature", "properties": { "FeatureID": "221", "HA_Area": 100.0, "OBJECTID_1": 1553, "FID_1by1": 1568, "FREQUENCY": 310, "SUM_AgriAr": 22.255700727299999, "Agri_Per": 22.255700727299999, "Shape_Leng": 4000.0, "Shape_Area": 1000000.0, "nor_score": 0.26627090075299997, "oneminus": 0.73372909924700003 }, "geometry": { "type": "Polygon", "coordinates": [ [ [ 73.284170480904791, 22.624317915652565 ], [ 73.293897259584512, 22.624421677512679 ], [ 73.29400868446703, 22.61539182387299 ], [ 73.284282540281751, 22.61528810790778 ], [ 73.284170480904791, 22.624317915652565 ] ] ] } },
{ "type": "Feature", "properties": { "FeatureID": "222", "HA_Area": 100.0, "OBJECTID_1": 1288, "FID_1by1": 1302, "FREQUENCY": 735, "SUM_AgriAr": 53.912549388099997, "Agri_Per": 53.912549388099997, "Shape_Leng": 4000.0, "Shape_Area": 1000000.0, "nor_score": 0.645018697157, "oneminus": 0.354981302843 }, "geometry": { "type": "Polygon", "coordinates": [ [ [ 73.129282318674299, 22.568403207709238 ], [ 73.129160420386455, 22.577432299563139 ], [ 73.138883080054342, 22.577545237477835 ], [ 73.139004345736581, 22.568516095592525 ], [ 73.129282318674299, 22.568403207709238 ] ] ] } },
{ "type": "Feature", "properties": { "FeatureID": "223", "HA_Area": 100.0, "OBJECTID_1": 1791, "FID_1by1": 1806, "FREQUENCY": 605, "SUM_AgriAr": 46.863058742900002, "Agri_Per": 46.863058742900002, "Shape_Leng": 4000.0, "Shape_Area": 1000000.0, "nor_score": 0.560677419974, "oneminus": 0.439322580026 }, "geometry": { "type": "Polygon", "coordinates": [ [ [ 73.176702993463337, 22.659254682920295 ], [ 73.166974380021614, 22.659143654828341 ], [ 73.166854403363402, 22.668172837690992 ], [ 73.17658365270772, 22.668283914835186 ], [ 73.176702993463337, 22.659254682920295 ] ] ] } },
{ "type": "Feature", "properties": { "FeatureID": "224", "HA_Area": 100.0, "OBJECTID_1": 1603, "FID_1by1": 1618, "FREQUENCY": 76, "SUM_AgriAr": 3.3230341050500001, "Agri_Per": 3.3230341050500001, "Shape_Leng": 4000.0, "Shape_Area": 1000000.0, "nor_score": 0.039757332075300002, "oneminus": 0.96024266792500002 }, "geometry": { "type": "Polygon", "coordinates": [ [ [ 73.293897259584512, 22.624421677512679 ], [ 73.284170480904791, 22.624317915652565 ], [ 73.284058364501021, 22.63334771271235 ], [ 73.293785777997954, 22.633451520473177 ], [ 73.293897259584512, 22.624421677512679 ] ] ] } },
{ "type": "Feature", "properties": { "FeatureID": "225", "HA_Area": 100.0, "OBJECTID_1": 1053, "FID_1by1": 1067, "FREQUENCY": 76, "SUM_AgriAr": 11.6938315683, "Agri_Per": 11.6938315683, "Shape_Leng": 4000.0, "Shape_Area": 1000000.0, "nor_score": 0.13990694353300001, "oneminus": 0.86009305646699996 }, "geometry": { "type": "Polygon", "coordinates": [ [ [ 73.285400001232105, 22.52498944354668 ], [ 73.275680241105505, 22.52488559982325 ], [ 73.275568119827696, 22.533915468130321 ], [ 73.285288511209927, 22.534019357950992 ], [ 73.285400001232105, 22.52498944354668 ] ] ] } },
{ "type": "Feature", "properties": { "FeatureID": "226", "HA_Area": 100.0, "OBJECTID_1": 1902, "FID_1by1": 1918, "FREQUENCY": 345, "SUM_AgriAr": 26.7415602224, "Agri_Per": 26.7415602224, "Shape_Leng": 4000.0, "Shape_Area": 1000000.0, "nor_score": 0.31994046897, "oneminus": 0.68005953103000005 }, "geometry": { "type": "Polygon", "coordinates": [ [ [ 73.29322751892461, 22.678600574966858 ], [ 73.283496926497165, 22.678496537615199 ], [ 73.283384467582621, 22.687526270492349 ], [ 73.293115696765724, 22.687630353779646 ], [ 73.29322751892461, 22.678600574966858 ] ] ] } },
{ "type": "Feature", "properties": { "FeatureID": "227", "HA_Area": 100.0, "OBJECTID_1": 1755, "FID_1by1": 1770, "FREQUENCY": 116, "SUM_AgriAr": 4.3887482886500004, "Agri_Per": 4.3887482886500004, "Shape_Leng": 4000.0, "Shape_Area": 1000000.0, "nor_score": 0.052507713610799998, "oneminus": 0.94749228638899996 }, "geometry": { "type": "Polygon", "coordinates": [ [ [ 73.31302018278457, 22.651717203341391 ], [ 73.30329138550016, 22.651614483873558 ], [ 73.303180369504673, 22.660644340433201 ], [ 73.312909802608175, 22.660747105297784 ], [ 73.31302018278457, 22.651717203341391 ] ] ] } },
{ "type": "Feature", "properties": { "FeatureID": "228", "HA_Area": 100.0, "OBJECTID_1": 1946, "FID_1by1": 1962, "FREQUENCY": 548, "SUM_AgriAr": 51.096262994299998, "Agri_Per": 51.096262994299998, "Shape_Leng": 4000.0, "Shape_Area": 1000000.0, "nor_score": 0.61132417888299995, "oneminus": 0.388675821117 }, "geometry": { "type": "Polygon", "coordinates": [ [ [ 73.224998303817102, 22.686889358633369 ], [ 73.22488196563917, 22.695918799675361 ], [ 73.234613484087561, 22.696026476721592 ], [ 73.234729185288202, 22.68699698817327 ], [ 73.224998303817102, 22.686889358633369 ] ] ] } },
{ "type": "Feature", "properties": { "FeatureID": "229", "HA_Area": 100.0, "OBJECTID_1": 1836, "FID_1by1": 1851, "FREQUENCY": 563, "SUM_AgriAr": 39.3948732689, "Agri_Per": 39.3948732689, "Shape_Leng": 4000.0, "Shape_Area": 1000000.0, "nor_score": 0.471326808303, "oneminus": 0.528673191697 }, "geometry": { "type": "Polygon", "coordinates": [ [ [ 73.127938019095325, 22.667722625456644 ], [ 73.118209077920838, 22.667608596559916 ], [ 73.1180858594157, 22.676637519445602 ], [ 73.127815436725754, 22.676751598704062 ], [ 73.127938019095325, 22.667722625456644 ] ] ] } },
{ "type": "Feature", "properties": { "FeatureID": "230", "HA_Area": 100.0, "OBJECTID_1": 1654, "FID_1by1": 1669, "FREQUENCY": 171, "SUM_AgriAr": 6.2797260782300004, "Agri_Per": 6.2797260782300004, "Shape_Leng": 4000.0, "Shape_Area": 1000000.0, "nor_score": 0.075131686025899994, "oneminus": 0.92486831397400004 }, "geometry": { "type": "Polygon", "coordinates": [ [ [ 73.303513248215495, 22.63355473870638 ], [ 73.293785777997954, 22.633451520473177 ], [ 73.293674239690787, 22.642481352751048 ], [ 73.303402345064939, 22.642584616630138 ], [ 73.303513248215495, 22.63355473870638 ] ] ] } },
{ "type": "Feature", "properties": { "FeatureID": "231", "HA_Area": 100.0, "OBJECTID_1": 1407, "FID_1by1": 1422, "FREQUENCY": 31, "SUM_AgriAr": 4.5356154059799998, "Agri_Per": 4.5356154059799998, "Shape_Leng": 4000.0, "Shape_Area": 1000000.0, "nor_score": 0.054264856201000002, "oneminus": 0.94573514379900003 }, "geometry": { "type": "Polygon", "coordinates": [ [ [ 73.333240152760851, 22.58871062978616 ], [ 73.323515685505981, 22.588609404453948 ], [ 73.323406331315482, 22.597639426180105 ], [ 73.333131432162617, 22.597740696347881 ], [ 73.333240152760851, 22.58871062978616 ] ] ] } },
{ "type": "Feature", "properties": { "FeatureID": "232", "HA_Area": 100.0, "OBJECTID_1": 1046, "FID_1by1": 1060, "FREQUENCY": 361, "SUM_AgriAr": 20.561593054900001, "Agri_Per": 20.561593054900001, "Shape_Leng": 4000.0, "Shape_Area": 1000000.0, "nor_score": 0.24600231512500001, "oneminus": 0.75399768487499996 }, "geometry": { "type": "Polygon", "coordinates": [ [ [ 73.207643538884255, 22.524142276070215 ], [ 73.207526999287552, 22.533171814410586 ], [ 73.217246983633586, 22.533279810374637 ], [ 73.217362892092964, 22.524250224115573 ], [ 73.207643538884255, 22.524142276070215 ] ] ] } },
{ "type": "Feature", "properties": { "FeatureID": "233", "HA_Area": 100.0, "OBJECTID_1": 1148, "FID_1by1": 1162, "FREQUENCY": 35, "SUM_AgriAr": 3.86287716554, "Agri_Per": 3.86287716554, "Shape_Leng": 4000.0, "Shape_Area": 1000000.0, "nor_score": 0.046216104133000001, "oneminus": 0.95378389586699996 }, "geometry": { "type": "Polygon", "coordinates": [ [ [ 73.236572424740743, 22.542523713278282 ], [ 73.226851690996511, 22.542416843021872 ], [ 73.226736296091474, 22.55144645556457 ], [ 73.236457661650888, 22.55155337323124 ], [ 73.236572424740743, 22.542523713278282 ] ] ] } },
{ "type": "Feature", "properties": { "FeatureID": "234", "HA_Area": 100.0, "OBJECTID_1": 1488, "FID_1by1": 1503, "FREQUENCY": 729, "SUM_AgriAr": 58.061964694399997, "Agri_Per": 58.061964694399997, "Shape_Leng": 4000.0, "Shape_Area": 1000000.0, "nor_score": 0.69466299120800001, "oneminus": 0.30533700879199999 }, "geometry": { "type": "Polygon", "coordinates": [ [ [ 73.148243533524649, 22.604745098103859 ], [ 73.138518912276467, 22.604632598568713 ], [ 73.138397399380111, 22.613661697398925 ], [ 73.148122654540856, 22.613774246730351 ], [ 73.148243533524649, 22.604745098103859 ] ] ] } },
{ "type": "Feature", "properties": { "FeatureID": "235", "HA_Area": 100.0, "OBJECTID_1": 1945, "FID_1by1": 1961, "FREQUENCY": 478, "SUM_AgriAr": 34.335529172100003, "Agri_Per": 34.335529172100003, "Shape_Leng": 4000.0, "Shape_Area": 1000000.0, "nor_score": 0.41079597503999998, "oneminus": 0.58920402496000002 }, "geometry": { "type": "Polygon", "coordinates": [ [ [ 73.224998303817102, 22.686889358633369 ], [ 73.215267481429805, 22.68678113810196 ], [ 73.215150506291863, 22.695810531376839 ], [ 73.22488196563917, 22.695918799675361 ], [ 73.224998303817102, 22.686889358633369 ] ] ] } },
{ "type": "Feature", "properties": { "FeatureID": "236", "HA_Area": 100.0, "OBJECTID_1": 1305, "FID_1by1": 1319, "FREQUENCY": 207, "SUM_AgriAr": 18.523894104899998, "Agri_Per": 18.523894104899998, "Shape_Leng": 4000.0, "Shape_Area": 1000000.0, "nor_score": 0.221622946372, "oneminus": 0.77837705362800003 }, "geometry": { "type": "Polygon", "coordinates": [ [ [ 73.294453817287206, 22.579272302591455 ], [ 73.304177483341647, 22.579375247070558 ], [ 73.304287992053176, 22.570345294481285 ], [ 73.294564958897368, 22.570242395607686 ], [ 73.294453817287206, 22.579272302591455 ] ] ] } },
{ "type": "Feature", "properties": { "FeatureID": "237", "HA_Area": 100.0, "OBJECTID_1": 1045, "FID_1by1": 1059, "FREQUENCY": 562, "SUM_AgriAr": 40.825252058700002, "Agri_Per": 40.825252058700002, "Shape_Leng": 4000.0, "Shape_Area": 1000000.0, "nor_score": 0.48844009776800001, "oneminus": 0.51155990223199999 }, "geometry": { "type": "Polygon", "coordinates": [ [ [ 73.207643538884255, 22.524142276070215 ], [ 73.197924245093276, 22.524033741750952 ], [ 73.197807074376499, 22.533063231912461 ], [ 73.207526999287552, 22.533171814410586 ], [ 73.207643538884255, 22.524142276070215 ] ] ] } },
{ "type": "Feature", "properties": { "FeatureID": "238", "HA_Area": 100.0, "OBJECTID_1": 1558, "FID_1by1": 1573, "FREQUENCY": 556, "SUM_AgriAr": 56.3727742162, "Agri_Per": 56.3727742162, "Shape_Leng": 4000.0, "Shape_Area": 1000000.0, "nor_score": 0.67445323570799998, "oneminus": 0.32554676429200002 }, "geometry": { "type": "Polygon", "coordinates": [ [ [ 73.342640249252582, 22.615901568324077 ], [ 73.332913824856504, 22.615800797530017 ], [ 73.332804938116325, 22.624830832143545 ], [ 73.342531997088642, 22.624931647529575 ], [ 73.342640249252582, 22.615901568324077 ] ] ] } },
{ "type": "Feature", "properties": { "FeatureID": "239", "HA_Area": 100.0, "OBJECTID_1": 1358, "FID_1by1": 1373, "FREQUENCY": 86, "SUM_AgriAr": 17.092112519699999, "Agri_Per": 17.092112519699999, "Shape_Leng": 4000.0, "Shape_Area": 1000000.0, "nor_score": 0.20449287363099999, "oneminus": 0.79550712636900001 }, "geometry": { "type": "Polygon", "coordinates": [ [ [ 73.333240152760851, 22.58871062978616 ], [ 73.342964675364087, 22.588811266838125 ], [ 73.343072707327991, 22.579781145064473 ], [ 73.333348818010734, 22.579680552581937 ], [ 73.333240152760851, 22.58871062978616 ] ] ] } },
{ "type": "Feature", "properties": { "FeatureID": "240", "HA_Area": 100.0, "OBJECTID_1": 1590, "FID_1by1": 1605, "FREQUENCY": 496, "SUM_AgriAr": 44.549265259199998, "Agri_Per": 44.549265259199998, "Shape_Leng": 4000.0, "Shape_Area": 1000000.0, "nor_score": 0.53299481035399998, "oneminus": 0.46700518964600002 }, "geometry": { "type": "Polygon", "coordinates": [ [ [ 73.16745367713213, 22.623026815700012 ], [ 73.157727664970835, 22.622915394676781 ], [ 73.15760729749249, 22.631944571315628 ], [ 73.167333944247261, 22.632056041626743 ], [ 73.16745367713213, 22.623026815700012 ] ] ] } },
{ "type": "Feature", "properties": { "FeatureID": "241", "HA_Area": 100.0, "OBJECTID_1": 1353, "FID_1by1": 1368, "FREQUENCY": 117, "SUM_AgriAr": 7.4969772641699999, "Agri_Per": 7.4969772641699999, "Shape_Leng": 4000.0, "Shape_Area": 1000000.0, "nor_score": 0.089695081431600002, "oneminus": 0.910304918568 }, "geometry": { "type": "Polygon", "coordinates": [ [ [ 73.294453817287206, 22.579272302591455 ], [ 73.28473020785421, 22.579168770147863 ], [ 73.28461837641818, 22.588198620598039 ], [ 73.294342619055598, 22.588302198913336 ], [ 73.294453817287206, 22.579272302591455 ] ] ] } },
{ "type": "Feature", "properties": { "FeatureID": "242", "HA_Area": 100.0, "OBJECTID_1": 1702, "FID_1by1": 1717, "FREQUENCY": 66, "SUM_AgriAr": 2.54155712777, "Agri_Per": 2.54155712777, "Shape_Leng": 4000.0, "Shape_Area": 1000000.0, "nor_score": 0.030407611695499999, "oneminus": 0.96959238830500005 }, "geometry": { "type": "Polygon", "coordinates": [ [ [ 73.283946191053801, 22.64237749908369 ], [ 73.27421819947692, 22.642273055642139 ], [ 73.274105333523295, 22.651302785148538 ], [ 73.283833960546488, 22.651407274763091 ], [ 73.283946191053801, 22.64237749908369 ] ] ] } },
{ "type": "Feature", "properties": { "FeatureID": "243", "HA_Area": 100.0, "OBJECTID_1": 989, "FID_1by1": 1003, "FREQUENCY": 77, "SUM_AgriAr": 2.0105198158199999, "Agri_Per": 2.0105198158199999, "Shape_Leng": 4000.0, "Shape_Area": 1000000.0, "nor_score": 0.024054193076199999, "oneminus": 0.97594580692400001 }, "geometry": { "type": "Polygon", "coordinates": [ [ [ 73.149448943367801, 22.514453020467094 ], [ 73.139730643529575, 22.514341018549164 ], [ 73.13960974812916, 22.523370224911581 ], [ 73.149328678660297, 22.523482276563012 ], [ 73.149448943367801, 22.514453020467094 ] ] ] } },
{ "type": "Feature", "properties": { "FeatureID": "244", "HA_Area": 100.0, "OBJECTID_1": 1356, "FID_1by1": 1371, "FREQUENCY": 37, "SUM_AgriAr": 3.7740725674500002, "Agri_Per": 3.7740725674500002, "Shape_Leng": 4000.0, "Shape_Area": 1000000.0, "nor_score": 0.045153631168699998, "oneminus": 0.95484636883100005 }, "geometry": { "type": "Polygon", "coordinates": [ [ [ 73.323624984025713, 22.579579372079621 ], [ 73.313901205695245, 22.579477603571238 ], [ 73.313791273921879, 22.588507590855201 ], [ 73.323515685505981, 22.588609404453948 ], [ 73.323624984025713, 22.579579372079621 ] ] ] } },
{ "type": "Feature", "properties": { "FeatureID": "245", "HA_Area": 100.0, "OBJECTID_1": 1653, "FID_1by1": 1668, "FREQUENCY": 134, "SUM_AgriAr": 5.8000988104299998, "Agri_Per": 5.8000988104299998, "Shape_Leng": 4000.0, "Shape_Area": 1000000.0, "nor_score": 0.069393345715399998, "oneminus": 0.930606654285 }, "geometry": { "type": "Polygon", "coordinates": [ [ [ 73.293785777997954, 22.633451520473177 ], [ 73.284058364501021, 22.63334771271235 ], [ 73.283946191053801, 22.64237749908369 ], [ 73.293674239690787, 22.642481352751048 ], [ 73.293785777997954, 22.633451520473177 ] ] ] } },
{ "type": "Feature", "properties": { "FeatureID": "246", "HA_Area": 100.0, "OBJECTID_1": 1490, "FID_1by1": 1505, "FREQUENCY": 504, "SUM_AgriAr": 41.513201568299998, "Agri_Per": 41.513201568299998, "Shape_Leng": 4000.0, "Shape_Area": 1000000.0, "nor_score": 0.49667083998700001, "oneminus": 0.50332916001299999 }, "geometry": { "type": "Polygon", "coordinates": [ [ [ 73.167692960223064, 22.604968331578227 ], [ 73.157968216280977, 22.604857009112084 ], [ 73.15784797122771, 22.613886207274433 ], [ 73.167573349118157, 22.613997579016001 ], [ 73.167692960223064, 22.604968331578227 ] ] ] } },
{ "type": "Feature", "properties": { "FeatureID": "247", "HA_Area": 100.0, "OBJECTID_1": 1606, "FID_1by1": 1621, "FREQUENCY": 115, "SUM_AgriAr": 6.0424523345300001, "Agri_Per": 6.0424523345300001, "Shape_Leng": 4000.0, "Shape_Area": 1000000.0, "nor_score": 0.072292903539000003, "oneminus": 0.92770709646100002 }, "geometry": { "type": "Polygon", "coordinates": [ [ [ 73.323077934556977, 22.62472942743506 ], [ 73.313350986733369, 22.624627433417864 ], [ 73.313240774830803, 22.633657367397973 ], [ 73.322968357520992, 22.633759406534047 ], [ 73.323077934556977, 22.62472942743506 ] ] ] } },
{ "type": "Feature", "properties": { "FeatureID": "248", "HA_Area": 100.0, "OBJECTID_1": 1648, "FID_1by1": 1663, "FREQUENCY": 246, "SUM_AgriAr": 11.5548350523, "Agri_Per": 11.5548350523, "Shape_Leng": 4000.0, "Shape_Area": 1000000.0, "nor_score": 0.13824396612500001, "oneminus": 0.86175603387499999 }, "geometry": { "type": "Polygon", "coordinates": [ [ [ 73.235422159124383, 22.63281983148886 ], [ 73.235306810228678, 22.641849384418258 ], [ 73.24503457033606, 22.641956186814262 ], [ 73.245149284175923, 22.632926586675261 ], [ 73.235422159124383, 22.63281983148886 ] ] ] } },
{ "type": "Feature", "properties": { "FeatureID": "249", "HA_Area": 100.0, "OBJECTID_1": 1849, "FID_1by1": 1864, "FREQUENCY": 350, "SUM_AgriAr": 22.3756121278, "Agri_Per": 22.3756121278, "Shape_Leng": 4000.0, "Shape_Area": 1000000.0, "nor_score": 0.26770554066899999, "oneminus": 0.73229445933100001 }, "geometry": { "type": "Polygon", "coordinates": [ [ [ 73.254419804253217, 22.669151276485859 ], [ 73.244690078637873, 22.66904492292425 ], [ 73.244575131288769, 22.678074480180356 ], [ 73.254305493269086, 22.678180880714777 ], [ 73.254419804253217, 22.669151276485859 ] ] ] } },
{ "type": "Feature", "properties": { "FeatureID": "250", "HA_Area": 100.0, "OBJECTID_1": 1705, "FID_1by1": 1720, "FREQUENCY": 264, "SUM_AgriAr": 8.5344581418499992, "Agri_Per": 8.5344581418499992, "Shape_Leng": 4000.0, "Shape_Area": 1000000.0, "nor_score": 0.102107675005, "oneminus": 0.89789232499500005 }, "geometry": { "type": "Polygon", "coordinates": [ [ [ 73.313130506853312, 22.642687290706974 ], [ 73.303402345064939, 22.642584616630138 ], [ 73.30329138550016, 22.651614483873558 ], [ 73.31302018278457, 22.651717203341391 ], [ 73.313130506853312, 22.642687290706974 ] ] ] } },
{ "type": "Feature", "properties": { "FeatureID": "251", "HA_Area": 100.0, "OBJECTID_1": 1151, "FID_1by1": 1165, "FREQUENCY": 42, "SUM_AgriAr": 1.95231881802, "Agri_Per": 1.95231881802, "Shape_Leng": 4000.0, "Shape_Area": 1000000.0, "nor_score": 0.023357866669800002, "oneminus": 0.97664213333000005 }, "geometry": { "type": "Polygon", "coordinates": [ [ [ 73.265734975606833, 22.542840802962505 ], [ 73.256014067367744, 22.542735693262944 ], [ 73.255900567959216, 22.551765447255622 ], [ 73.26562210806425, 22.551870603584629 ], [ 73.265734975606833, 22.542840802962505 ] ] ] } },
{ "type": "Feature", "properties": { "FeatureID": "252", "HA_Area": 100.0, "OBJECTID_1": 1551, "FID_1by1": 1566, "FREQUENCY": 89, "SUM_AgriAr": 6.3014529911799997, "Agri_Per": 6.3014529911799997, "Shape_Leng": 4000.0, "Shape_Area": 1000000.0, "nor_score": 0.075391630421900002, "oneminus": 0.92460836957799997 }, "geometry": { "type": "Polygon", "coordinates": [ [ [ 73.274556453106641, 22.615183802950181 ], [ 73.264830423264343, 22.615078909014304 ], [ 73.264717094948452, 22.624108624187585 ], [ 73.274443759251838, 22.624213564539495 ], [ 73.274556453106641, 22.615183802950181 ] ] ] } },
{ "type": "Feature", "properties": { "FeatureID": "253", "HA_Area": 100.0, "OBJECTID_1": 1647, "FID_1by1": 1662, "FREQUENCY": 38, "SUM_AgriAr": 0.84385408854199995, "Agri_Per": 0.84385408854199995, "Shape_Leng": 4000.0, "Shape_Area": 1000000.0, "nor_score": 0.0100960105015, "oneminus": 0.98990398949900005 }, "geometry": { "type": "Polygon", "coordinates": [ [ [ 73.235422159124383, 22.63281983148886 ], [ 73.225695092730291, 22.632712486860417 ], [ 73.225579108795912, 22.641741992319613 ], [ 73.235306810228678, 22.641849384418258 ], [ 73.235422159124383, 22.63281983148886 ] ] ] } },
{ "type": "Feature", "properties": { "FeatureID": "254", "HA_Area": 100.0, "OBJECTID_1": 1495, "FID_1by1": 1510, "FREQUENCY": 237, "SUM_AgriAr": 13.486684133900001, "Agri_Per": 13.486684133900001, "Shape_Leng": 4000.0, "Shape_Area": 1000000.0, "nor_score": 0.161356929467, "oneminus": 0.83864307053300002 }, "geometry": { "type": "Polygon", "coordinates": [ [ [ 73.206592541400624, 22.605407735721645 ], [ 73.206475466265729, 22.61443717765664 ], [ 73.216201145336413, 22.614545605160966 ], [ 73.216317586435125, 22.605516115252833 ], [ 73.206592541400624, 22.605407735721645 ] ] ] } },
{ "type": "Feature", "properties": { "FeatureID": "255", "HA_Area": 100.0, "OBJECTID_1": 1738, "FID_1by1": 1753, "FREQUENCY": 435, "SUM_AgriAr": 58.9182425411, "Agri_Per": 58.9182425411, "Shape_Leng": 4000.0, "Shape_Area": 1000000.0, "nor_score": 0.70490764161599995, "oneminus": 0.295092358384 }, "geometry": { "type": "Polygon", "coordinates": [ [ [ 73.147638523165185, 22.649890733538601 ], [ 73.137910729128407, 22.649777984959023 ], [ 73.137788906808581, 22.658807029891296 ], [ 73.14751733637128, 22.658919828298671 ], [ 73.147638523165185, 22.649890733538601 ] ] ] } },
{ "type": "Feature", "properties": { "FeatureID": "256", "HA_Area": 100.0, "OBJECTID_1": 1342, "FID_1by1": 1356, "FREQUENCY": 490, "SUM_AgriAr": 51.9186825548, "Agri_Per": 51.9186825548, "Shape_Leng": 4000.0, "Shape_Area": 1000000.0, "nor_score": 0.62116374313099998, "oneminus": 0.37883625686900002 }, "geometry": { "type": "Polygon", "coordinates": [ [ [ 73.177774333269866, 22.577991111678521 ], [ 73.168051428428612, 22.577880524777331 ], [ 73.167931999860556, 22.586909804455392 ], [ 73.177655537700943, 22.587020440352987 ], [ 73.177774333269866, 22.577991111678521 ] ] ] } },
{ "type": "Feature", "properties": { "FeatureID": "257", "HA_Area": 100.0, "OBJECTID_1": 1187, "FID_1by1": 1201, "FREQUENCY": 919, "SUM_AgriAr": 55.157676558200002, "Agri_Per": 55.157676558200002, "Shape_Leng": 4000.0, "Shape_Area": 1000000.0, "nor_score": 0.65991560546799999, "oneminus": 0.34008439453200001 }, "geometry": { "type": "Polygon", "coordinates": [ [ [ 73.129525929026499, 22.550344991721065 ], [ 73.119805228253938, 22.550231616947045 ], [ 73.119682822165444, 22.559260680041024 ], [ 73.129404154881641, 22.559374105094037 ], [ 73.129525929026499, 22.550344991721065 ] ] ] } },
{ "type": "Feature", "properties": { "FeatureID": "258", "HA_Area": 100.0, "OBJECTID_1": 1444, "FID_1by1": 1459, "FREQUENCY": 313, "SUM_AgriAr": 32.896461694000003, "Agri_Per": 32.896461694000003, "Shape_Leng": 4000.0, "Shape_Area": 1000000.0, "nor_score": 0.39357873266600002, "oneminus": 0.60642126733400004 }, "geometry": { "type": "Polygon", "coordinates": [ [ [ 73.206592541400624, 22.605407735721645 ], [ 73.206709556961926, 22.596378283060975 ], [ 73.196985205197365, 22.596269363140646 ], [ 73.196867555939718, 22.605298767573796 ], [ 73.206592541400624, 22.605407735721645 ] ] ] } },
{ "type": "Feature", "properties": { "FeatureID": "259", "HA_Area": 100.0, "OBJECTID_1": 1400, "FID_1by1": 1415, "FREQUENCY": 50, "SUM_AgriAr": 5.1739075000500003, "Agri_Per": 5.1739075000500003, "Shape_Leng": 4000.0, "Shape_Area": 1000000.0, "nor_score": 0.0619014888513, "oneminus": 0.938098511149 }, "geometry": { "type": "Polygon", "coordinates": [ [ [ 73.265170062346655, 22.587989699348835 ], [ 73.255445991557266, 22.587884356443226 ], [ 73.255332202680549, 22.596914057026972 ], [ 73.265056906946626, 22.59701944659146 ], [ 73.265170062346655, 22.587989699348835 ] ] ] } },
{ "type": "Feature", "properties": { "FeatureID": "260", "HA_Area": 100.0, "OBJECTID_1": 1753, "FID_1by1": 1768, "FREQUENCY": 423, "SUM_AgriAr": 48.366681434999997, "Agri_Per": 48.366681434999997, "Shape_Leng": 4000.0, "Shape_Area": 1000000.0, "nor_score": 0.57866701165300005, "oneminus": 0.421332988347 }, "geometry": { "type": "Polygon", "coordinates": [ [ [ 73.293562644646443, 22.651511174342787 ], [ 73.283833960546488, 22.651407274763091 ], [ 73.2837216729624, 22.660437039747112 ], [ 73.293450992848378, 22.660540985244975 ], [ 73.293562644646443, 22.651511174342787 ] ] ] } },
{ "type": "Feature", "properties": { "FeatureID": "261", "HA_Area": 100.0, "OBJECTID_1": 1301, "FID_1by1": 1315, "FREQUENCY": 42, "SUM_AgriAr": 4.4850000000100003, "Agri_Per": 4.4850000000100003, "Shape_Leng": 4000.0, "Shape_Area": 1000000.0, "nor_score": 0.0536592850754, "oneminus": 0.94634071492500005 }, "geometry": { "type": "Polygon", "coordinates": [ [ [ 73.26539620034842, 22.56993017281853 ], [ 73.2556733955455, 22.569824923212995 ], [ 73.255559722506618, 22.578854645170733 ], [ 73.265283160141664, 22.578959941423363 ], [ 73.26539620034842, 22.56993017281853 ] ] ] } },
{ "type": "Feature", "properties": { "FeatureID": "262", "HA_Area": 100.0, "OBJECTID_1": 1340, "FID_1by1": 1354, "FREQUENCY": 117, "SUM_AgriAr": 4.2033104073900001, "Agri_Per": 4.2033104073900001, "Shape_Leng": 4000.0, "Shape_Area": 1000000.0, "nor_score": 0.050289103993299999, "oneminus": 0.94971089600699998 }, "geometry": { "type": "Polygon", "coordinates": [ [ [ 73.158328584397523, 22.577769350100105 ], [ 73.148605801498718, 22.577657587661893 ], [ 73.148485106985646, 22.586686768566121 ], [ 73.158208522848057, 22.586798580521414 ], [ 73.158328584397523, 22.577769350100105 ] ] ] } },
{ "type": "Feature", "properties": { "FeatureID": "263", "HA_Area": 100.0, "OBJECTID_1": 1050, "FID_1by1": 1064, "FREQUENCY": 59, "SUM_AgriAr": 6.3273078722299996, "Agri_Per": 6.3273078722299996, "Shape_Leng": 4000.0, "Shape_Area": 1000000.0, "nor_score": 0.075700962513900003, "oneminus": 0.92429903748599995 }, "geometry": { "type": "Polygon", "coordinates": [ [ [ 73.256240892672324, 22.524676153267013 ], [ 73.246521305009111, 22.52457055046256 ], [ 73.246407290064468, 22.533600278916555 ], [ 73.256127508933176, 22.533705928598923 ], [ 73.256240892672324, 22.524676153267013 ] ] ] } },
{ "type": "Feature", "properties": { "FeatureID": "264", "HA_Area": 100.0, "OBJECTID_1": 1888, "FID_1by1": 1904, "FREQUENCY": 554, "SUM_AgriAr": 41.054052968999997, "Agri_Per": 41.054052968999997, "Shape_Leng": 4000.0, "Shape_Area": 1000000.0, "nor_score": 0.49117750986800002, "oneminus": 0.50882249013199998 }, "geometry": { "type": "Polygon", "coordinates": [ [ [ 73.157004541153015, 22.677090292934615 ], [ 73.147274777917545, 22.676977985463907 ], [ 73.147153406221676, 22.686007047862045 ], [ 73.156883805970224, 22.686119404918834 ], [ 73.157004541153015, 22.677090292934615 ] ] ] } },
{ "type": "Feature", "properties": { "FeatureID": "265", "HA_Area": 100.0, "OBJECTID_1": 1293, "FID_1by1": 1307, "FREQUENCY": 525, "SUM_AgriAr": 24.216424984300001, "Agri_Per": 24.216424984300001, "Shape_Leng": 4000.0, "Shape_Area": 1000000.0, "nor_score": 0.289729331491, "oneminus": 0.710270668509 }, "geometry": { "type": "Polygon", "coordinates": [ [ [ 73.187615400985464, 22.569071722650783 ], [ 73.177893068350784, 22.568961772270505 ], [ 73.177774333269866, 22.577991111678521 ], [ 73.187497298599169, 22.578101110788712 ], [ 73.187615400985464, 22.569071722650783 ] ] ] } },
{ "type": "Feature", "properties": { "FeatureID": "266", "HA_Area": 100.0, "OBJECTID_1": 1600, "FID_1by1": 1615, "FREQUENCY": 218, "SUM_AgriAr": 13.401130695000001, "Agri_Per": 13.401130695000001, "Shape_Leng": 4000.0, "Shape_Area": 1000000.0, "nor_score": 0.16033335391199999, "oneminus": 0.83966664608800001 }, "geometry": { "type": "Polygon", "coordinates": [ [ [ 73.264717094948452, 22.624108624187585 ], [ 73.254990488317304, 22.624003094611073 ], [ 73.25487646756217, 22.633032752405153 ], [ 73.264603708960294, 22.633138328664149 ], [ 73.264717094948452, 22.624108624187585 ] ] ] } },
{ "type": "Feature", "properties": { "FeatureID": "267", "HA_Area": 100.0, "OBJECTID_1": 1901, "FID_1by1": 1917, "FREQUENCY": 67, "SUM_AgriAr": 1.3812541896299999, "Agri_Per": 1.3812541896299999, "Shape_Leng": 4000.0, "Shape_Area": 1000000.0, "nor_score": 0.016525554587, "oneminus": 0.983474445413 }, "geometry": { "type": "Polygon", "coordinates": [ [ [ 73.283496926497165, 22.678496537615199 ], [ 73.27376639119656, 22.678391909446507 ], [ 73.273653295543085, 22.687421596127216 ], [ 73.283384467582621, 22.687526270492349 ], [ 73.283496926497165, 22.678496537615199 ] ] ] } },
{ "type": "Feature", "properties": { "FeatureID": "268", "HA_Area": 100.0, "OBJECTID_1": 1898, "FID_1by1": 1914, "FREQUENCY": 412, "SUM_AgriAr": 25.468020828699999, "Agri_Per": 25.468020828699999, "Shape_Leng": 4000.0, "Shape_Area": 1000000.0, "nor_score": 0.30470363209599999, "oneminus": 0.69529636790399996 }, "geometry": { "type": "Polygon", "coordinates": [ [ [ 73.254305493269086, 22.678180880714777 ], [ 73.244575131288769, 22.678074480180356 ], [ 73.244460125519694, 22.687104026707068 ], [ 73.254191124188239, 22.687210474220269 ], [ 73.254305493269086, 22.678180880714777 ] ] ] } },
{ "type": "Feature", "properties": { "FeatureID": "269", "HA_Area": 100.0, "OBJECTID_1": 1749, "FID_1by1": 1764, "FREQUENCY": 157, "SUM_AgriAr": 5.473671687, "Agri_Per": 5.473671687, "Shape_Leng": 4000.0, "Shape_Area": 1000000.0, "nor_score": 0.0654879173826, "oneminus": 0.93451208261700003 }, "geometry": { "type": "Polygon", "coordinates": [ [ [ 73.254648251999271, 22.651092035871574 ], [ 73.244919798144437, 22.650985776237725 ], [ 73.244804967584074, 22.660015354942221 ], [ 73.254534057157628, 22.660121661536969 ], [ 73.254648251999271, 22.651092035871574 ] ] ] } },
{ "type": "Feature", "properties": { "FeatureID": "270", "HA_Area": 100.0, "OBJECTID_1": 1454, "FID_1by1": 1469, "FREQUENCY": 69, "SUM_AgriAr": 6.8484383512400004, "Agri_Per": 6.8484383512400004, "Shape_Leng": 4000.0, "Shape_Area": 1000000.0, "nor_score": 0.081935854138199996, "oneminus": 0.91806414586200003 }, "geometry": { "type": "Polygon", "coordinates": [ [ [ 73.303956297004689, 22.597435120277261 ], [ 73.294231364186032, 22.59733208456986 ], [ 73.294120052662009, 22.60636195955756 ], [ 73.303845619346447, 22.606465040887755 ], [ 73.303956297004689, 22.597435120277261 ] ] ] } },
{ "type": "Feature", "properties": { "FeatureID": "271", "HA_Area": 100.0, "OBJECTID_1": 1543, "FID_1by1": 1558, "FREQUENCY": 422, "SUM_AgriAr": 26.247692008000001, "Agri_Per": 26.247692008000001, "Shape_Leng": 4000.0, "Shape_Area": 1000000.0, "nor_score": 0.31403174760899999, "oneminus": 0.68596825239100001 }, "geometry": { "type": "Polygon", "coordinates": [ [ [ 73.19674984678602, 22.614328161275171 ], [ 73.187024287219828, 22.614218556031332 ], [ 73.186905883828729, 22.623247890497233 ], [ 73.196632077718803, 22.623357544241284 ], [ 73.19674984678602, 22.614328161275171 ] ] ] } },
{ "type": "Feature", "properties": { "FeatureID": "272", "HA_Area": 100.0, "OBJECTID_1": 1940, "FID_1by1": 1956, "FREQUENCY": 593, "SUM_AgriAr": 48.100342854099999, "Agri_Per": 48.100342854099999, "Shape_Leng": 4000.0, "Shape_Area": 1000000.0, "nor_score": 0.57548049262599998, "oneminus": 0.42451950737400002 }, "geometry": { "type": "Polygon", "coordinates": [ [ [ 73.176344789184441, 22.686342346355808 ], [ 73.166614267065569, 22.686231171088473 ], [ 73.166494107390264, 22.69526032161632 ], [ 73.17622526638128, 22.695371545954561 ], [ 73.176344789184441, 22.686342346355808 ] ] ] } },
{ "type": "Feature", "properties": { "FeatureID": "273", "HA_Area": 100.0, "OBJECTID_1": 1154, "FID_1by1": 1168, "FREQUENCY": 20, "SUM_AgriAr": 0.42802499999600002, "Agri_Per": 0.42802499999600002, "Shape_Leng": 4000.0, "Shape_Area": 1000000.0, "nor_score": 0.0051209622060499997, "oneminus": 0.994879037794 }, "geometry": { "type": "Polygon", "coordinates": [ [ [ 73.294898044163972, 22.543152610719602 ], [ 73.285176964326837, 22.54304926170494 ], [ 73.285065360566264, 22.552079154805078 ], [ 73.294787072319281, 22.552182549668295 ], [ 73.294898044163972, 22.543152610719602 ] ] ] } },
{ "type": "Feature", "properties": { "FeatureID": "274", "HA_Area": 100.0, "OBJECTID_1": 1844, "FID_1by1": 1859, "FREQUENCY": 576, "SUM_AgriAr": 31.534495041900001, "Agri_Per": 31.534495041900001, "Shape_Leng": 4000.0, "Shape_Area": 1000000.0, "nor_score": 0.377283937382, "oneminus": 0.62271606261800005 }, "geometry": { "type": "Polygon", "coordinates": [ [ [ 73.205771763436985, 22.668613603832075 ], [ 73.196042333067609, 22.668504297920656 ], [ 73.195924204151737, 22.67753361640186 ], [ 73.205654270799741, 22.677642970589677 ], [ 73.205771763436985, 22.668613603832075 ] ] ] } },
{ "type": "Feature", "properties": { "FeatureID": "275", "HA_Area": 100.0, "OBJECTID_1": 1137, "FID_1by1": 1151, "FREQUENCY": 843, "SUM_AgriAr": 48.248782721700003, "Agri_Per": 48.248782721700003, "Shape_Leng": 4000.0, "Shape_Area": 1000000.0, "nor_score": 0.57725645186100005, "oneminus": 0.422743548139 }, "geometry": { "type": "Polygon", "coordinates": [ [ [ 73.129647641126951, 22.541315867593834 ], [ 73.119927571976234, 22.541202543092481 ], [ 73.119805228253938, 22.550231616947045 ], [ 73.129525929026499, 22.550344991721065 ], [ 73.129647641126951, 22.541315867593834 ] ] ] } },
{ "type": "Feature", "properties": { "FeatureID": "276", "HA_Area": 100.0, "OBJECTID_1": 1906, "FID_1by1": 1922, "FREQUENCY": 222, "SUM_AgriAr": 9.9900108692600007, "Agri_Per": 9.9900108692600007, "Shape_Leng": 4000.0, "Shape_Area": 1000000.0, "nor_score": 0.119522149641, "oneminus": 0.88047785035899995 }, "geometry": { "type": "Polygon", "coordinates": [ [ [ 73.332150453436483, 22.67901081592224 ], [ 73.322419635734875, 22.678909141978959 ], [ 73.322309723942297, 22.68793905703382 ], [ 73.332041178465474, 22.688040775869482 ], [ 73.332150453436483, 22.67901081592224 ] ] ] } },
{ "type": "Feature", "properties": { "FeatureID": "277", "HA_Area": 100.0, "OBJECTID_1": 1003, "FID_1by1": 1017, "FREQUENCY": 132, "SUM_AgriAr": 14.725524695200001, "Agri_Per": 14.725524695200001, "Shape_Leng": 4000.0, "Shape_Area": 1000000.0, "nor_score": 0.17617862374599999, "oneminus": 0.82382137625399998 }, "geometry": { "type": "Polygon", "coordinates": [ [ [ 73.285511434409884, 22.515959518495485 ], [ 73.275792305217223, 22.515855720863495 ], [ 73.275680241105505, 22.52488559982325 ], [ 73.285400001232105, 22.52498944354668 ], [ 73.285511434409884, 22.515959518495485 ] ] ] } },
{ "type": "Feature", "properties": { "FeatureID": "278", "HA_Area": 100.0, "OBJECTID_1": 1093, "FID_1by1": 1107, "FREQUENCY": 485, "SUM_AgriAr": 62.664399160899997, "Agri_Per": 62.664399160899997, "Shape_Leng": 4000.0, "Shape_Area": 1000000.0, "nor_score": 0.74972728174900005, "oneminus": 0.250272718251 }, "geometry": { "type": "Polygon", "coordinates": [ [ [ 73.188087209222147, 22.532954062894952 ], [ 73.178367404146215, 22.532844307372844 ], [ 73.178248910841404, 22.541873689680077 ], [ 73.187969347324284, 22.541983493907523 ], [ 73.188087209222147, 22.532954062894952 ] ] ] } },
{ "type": "Feature", "properties": { "FeatureID": "279", "HA_Area": 100.0, "OBJECTID_1": 1110, "FID_1by1": 1124, "FREQUENCY": 142, "SUM_AgriAr": 3.4335326553700001, "Agri_Per": 3.4335326553700001, "Shape_Leng": 4000.0, "Shape_Area": 1000000.0, "nor_score": 0.041079355088000001, "oneminus": 0.95892064491200002 }, "geometry": { "type": "Polygon", "coordinates": [ [ [ 73.353332824969499, 22.534730159751913 ], [ 73.343612042319137, 22.534630376763683 ], [ 73.343504285244677, 22.543660551670012 ], [ 73.353225699586289, 22.543760378939261 ], [ 73.353332824969499, 22.534730159751913 ] ] ] } },
{ "type": "Feature", "properties": { "FeatureID": "280", "HA_Area": 100.0, "OBJECTID_1": 1644, "FID_1by1": 1659, "FREQUENCY": 534, "SUM_AgriAr": 53.431367310500001, "Agri_Per": 53.431367310500001, "Shape_Leng": 4000.0, "Shape_Area": 1000000.0, "nor_score": 0.63926175484400005, "oneminus": 0.360738245156 }, "geometry": { "type": "Polygon", "coordinates": [ [ [ 73.206241137205637, 22.632496029335641 ], [ 73.196514248720575, 22.632386916468633 ], [ 73.196396359773857, 22.641416277953752 ], [ 73.206123883245667, 22.641525439072691 ], [ 73.206241137205637, 22.632496029335641 ] ] ] } },
{ "type": "Feature", "properties": { "FeatureID": "281", "HA_Area": 100.0, "OBJECTID_1": 1348, "FID_1by1": 1362, "FREQUENCY": 41, "SUM_AgriAr": 2.1949143903900001, "Agri_Per": 2.1949143903900001, "Shape_Leng": 4000.0, "Shape_Area": 1000000.0, "nor_score": 0.0262603203991, "oneminus": 0.97373967960100005 }, "geometry": { "type": "Polygon", "coordinates": [ [ [ 73.236113021290237, 22.578642288956022 ], [ 73.226389758353321, 22.578535229022691 ], [ 73.22627412804249, 22.587564798773794 ], [ 73.235998024082875, 22.587671906141324 ], [ 73.236113021290237, 22.578642288956022 ] ] ] } },
{ "type": "Feature", "properties": { "FeatureID": "282", "HA_Area": 100.0, "OBJECTID_1": 1388, "FID_1by1": 1403, "FREQUENCY": 570, "SUM_AgriAr": 31.7707446591, "Agri_Per": 31.7707446591, "Shape_Leng": 4000.0, "Shape_Area": 1000000.0, "nor_score": 0.38011046704899998, "oneminus": 0.61988953295100002 }, "geometry": { "type": "Polygon", "coordinates": [ [ [ 73.148485106985646, 22.586686768566121 ], [ 73.138761752595556, 22.586574368604659 ], [ 73.138640363342276, 22.595603488969452 ], [ 73.148364351000268, 22.595715938714612 ], [ 73.148485106985646, 22.586686768566121 ] ] ] } },
{ "type": "Feature", "properties": { "FeatureID": "283", "HA_Area": 100.0, "OBJECTID_1": 1107, "FID_1by1": 1121, "FREQUENCY": 83, "SUM_AgriAr": 6.65663324446, "Agri_Per": 6.65663324446, "Shape_Leng": 4000.0, "Shape_Area": 1000000.0, "nor_score": 0.079641065976799999, "oneminus": 0.92035893402299995 }, "geometry": { "type": "Polygon", "coordinates": [ [ [ 73.324170642130014, 22.534429050606285 ], [ 73.314450025234962, 22.534327507464379 ], [ 73.314340373183029, 22.543357547965833 ], [ 73.3240616217211, 22.543459136169673 ], [ 73.324170642130014, 22.534429050606285 ] ] ] } },
{ "type": "Feature", "properties": { "FeatureID": "284", "HA_Area": 100.0, "OBJECTID_1": 1041, "FID_1by1": 1055, "FREQUENCY": 485, "SUM_AgriAr": 51.000137987099997, "Agri_Per": 51.000137987099997, "Shape_Leng": 4000.0, "Shape_Area": 1000000.0, "nor_score": 0.61017412332800003, "oneminus": 0.38982587667200003 }, "geometry": { "type": "Polygon", "coordinates": [ [ [ 73.168766723442744, 22.523704621297053 ], [ 73.159047670538683, 22.523593742029867 ], [ 73.158927975516249, 22.532623036874298 ], [ 73.168647659470338, 22.532733965360979 ], [ 73.168766723442744, 22.523704621297053 ] ] ] } },
{ "type": "Feature", "properties": { "FeatureID": "285", "HA_Area": 100.0, "OBJECTID_1": 1386, "FID_1by1": 1401, "FREQUENCY": 581, "SUM_AgriAr": 50.896540528000003, "Agri_Per": 50.896540528000003, "Shape_Leng": 4000.0, "Shape_Area": 1000000.0, "nor_score": 0.60893466611799996, "oneminus": 0.39106533388199999 }, "geometry": { "type": "Polygon", "coordinates": [ [ [ 73.12903846, 22.586461380652235 ], [ 73.119315229521106, 22.586347804724149 ], [ 73.119192573786151, 22.595376824740509 ], [ 73.128916437496812, 22.595490450972985 ], [ 73.12903846, 22.586461380652235 ] ] ] } },
{ "type": "Feature", "properties": { "FeatureID": "286", "HA_Area": 100.0, "OBJECTID_1": 1155, "FID_1by1": 1169, "FREQUENCY": 34, "SUM_AgriAr": 0.90154766836800004, "Agri_Per": 0.90154766836800004, "Shape_Leng": 4000.0, "Shape_Area": 1000000.0, "nor_score": 0.0107862660749, "oneminus": 0.989213733925 }, "geometry": { "type": "Polygon", "coordinates": [ [ [ 73.304619180556671, 22.543255372811199 ], [ 73.294898044163972, 22.543152610719602 ], [ 73.294787072319281, 22.552182549668295 ], [ 73.304508840644317, 22.552285357348143 ], [ 73.304619180556671, 22.543255372811199 ] ] ] } },
{ "type": "Feature", "properties": { "FeatureID": "287", "HA_Area": 100.0, "OBJECTID_1": 1141, "FID_1by1": 1155, "FREQUENCY": 423, "SUM_AgriAr": 48.3598953049, "Agri_Per": 48.3598953049, "Shape_Leng": 4000.0, "Shape_Area": 1000000.0, "nor_score": 0.578585821266, "oneminus": 0.421414178734 }, "geometry": { "type": "Polygon", "coordinates": [ [ [ 73.168528534776186, 22.541763298702698 ], [ 73.158808219450378, 22.541652320990323 ], [ 73.158688402323349, 22.550681594374435 ], [ 73.16840934934261, 22.550792621318703 ], [ 73.168528534776186, 22.541763298702698 ] ] ] } },
{ "type": "Feature", "properties": { "FeatureID": "288", "HA_Area": 100.0, "OBJECTID_1": 1641, "FID_1by1": 1656, "FREQUENCY": 451, "SUM_AgriAr": 39.145515624399998, "Agri_Per": 39.145515624399998, "Shape_Leng": 4000.0, "Shape_Area": 1000000.0, "nor_score": 0.46834345202, "oneminus": 0.53165654797999995 }, "geometry": { "type": "Polygon", "coordinates": [ [ [ 73.177060651918666, 22.632166922599286 ], [ 73.167333944247261, 22.632056041626743 ], [ 73.167214150445744, 22.641085256792728 ], [ 73.176941493051075, 22.641196186798862 ], [ 73.177060651918666, 22.632166922599286 ] ] ] } },
{ "type": "Feature", "properties": { "FeatureID": "289", "HA_Area": 100.0, "OBJECTID_1": 1295, "FID_1by1": 1309, "FREQUENCY": 666, "SUM_AgriAr": 43.461724785000001, "Agri_Per": 43.461724785000001, "Shape_Leng": 4000.0, "Shape_Area": 1000000.0, "nor_score": 0.51998329545199995, "oneminus": 0.48001670454799999 }, "geometry": { "type": "Polygon", "coordinates": [ [ [ 73.207060246377836, 22.569289860759802 ], [ 73.197337793768511, 22.569181085485482 ], [ 73.197220324094317, 22.578210522092991 ], [ 73.20694340943318, 22.57831934557656 ], [ 73.207060246377836, 22.569289860759802 ] ] ] } },
{ "type": "Feature", "properties": { "FeatureID": "290", "HA_Area": 100.0, "OBJECTID_1": 1685, "FID_1by1": 1700, "FREQUENCY": 393, "SUM_AgriAr": 41.158591035100002, "Agri_Per": 41.158591035100002, "Shape_Leng": 4000.0, "Shape_Area": 1000000.0, "nor_score": 0.49242822065800002, "oneminus": 0.50757177934200004 }, "geometry": { "type": "Polygon", "coordinates": [ [ [ 73.118578357890925, 22.640521763078674 ], [ 73.108851385733701, 22.640407295706062 ], [ 73.108727719834391, 22.649436200397197 ], [ 73.118455327140168, 22.649550718372929 ], [ 73.118578357890925, 22.640521763078674 ] ] ] } },
{ "type": "Feature", "properties": { "FeatureID": "291", "HA_Area": 100.0, "OBJECTID_1": 1559, "FID_1by1": 1574, "FREQUENCY": 627, "SUM_AgriAr": 60.319541020300001, "Agri_Per": 60.319541020300001, "Shape_Leng": 4000.0, "Shape_Area": 1000000.0, "nor_score": 0.72167300941300006, "oneminus": 0.278326990587 }, "geometry": { "type": "Polygon", "coordinates": [ [ [ 73.352366728722757, 22.616001750042628 ], [ 73.342640249252582, 22.615901568324077 ], [ 73.342531997088642, 22.624931647529575 ], [ 73.352259111151113, 22.625031873579502 ], [ 73.352366728722757, 22.616001750042628 ] ] ] } },
{ "type": "Feature", "properties": { "FeatureID": "292", "HA_Area": 100.0, "OBJECTID_1": 1750, "FID_1by1": 1765, "FREQUENCY": 60, "SUM_AgriAr": 0.737527060362, "Agri_Per": 0.737527060362, "Shape_Leng": 4000.0, "Shape_Area": 1000000.0, "nor_score": 0.0088238962726200007, "oneminus": 0.99117610372700005 }, "geometry": { "type": "Polygon", "coordinates": [ [ [ 73.254648251999271, 22.651092035871574 ], [ 73.254534057157628, 22.660121661536969 ], [ 73.26426320479392, 22.660227377878904 ], [ 73.26437676389989, 22.651197705513287 ], [ 73.254648251999271, 22.651092035871574 ] ] ] } },
{ "type": "Feature", "properties": { "FeatureID": "293", "HA_Area": 100.0, "OBJECTID_1": 1406, "FID_1by1": 1421, "FREQUENCY": 1, "SUM_AgriAr": 0.0050000000005799997, "Agri_Per": 0.0050000000005799997, "Shape_Leng": 4000.0, "Shape_Area": 1000000.0, "nor_score": 5.9820830637100002e-05, "oneminus": 0.99994017916900002 }, "geometry": { "type": "Polygon", "coordinates": [ [ [ 73.323515685505981, 22.588609404453948 ], [ 73.313791273921879, 22.588507590855201 ], [ 73.313681286155344, 22.597537567485301 ], [ 73.323406331315482, 22.597639426180105 ], [ 73.323515685505981, 22.588609404453948 ] ] ] } },
{ "type": "Feature", "properties": { "FeatureID": "294", "HA_Area": 100.0, "OBJECTID_1": 1586, "FID_1by1": 1601, "FREQUENCY": 558, "SUM_AgriAr": 42.959913902799997, "Agri_Per": 42.959913902799997, "Shape_Leng": 4000.0, "Shape_Area": 1000000.0, "nor_score": 0.51397954669299994, "oneminus": 0.486020453307 }, "geometry": { "type": "Polygon", "coordinates": [ [ [ 73.128549997105992, 22.622577597290004 ], [ 73.118824231766013, 22.622463820106212 ], [ 73.118701326093472, 22.631492796988585 ], [ 73.128427725954879, 22.631606624502218 ], [ 73.128549997105992, 22.622577597290004 ] ] ] } },
{ "type": "Feature", "properties": { "FeatureID": "295", "HA_Area": 100.0, "OBJECTID_1": 1435, "FID_1by1": 1450, "FREQUENCY": 502, "SUM_AgriAr": 65.637557849399997, "Agri_Per": 65.637557849399997, "Shape_Leng": 4000.0, "Shape_Area": 1000000.0, "nor_score": 0.78529864621800005, "oneminus": 0.214701353782 }, "geometry": { "type": "Polygon", "coordinates": [ [ [ 73.119192573786151, 22.595376824740509 ], [ 73.10946877253258, 22.595262610287424 ], [ 73.109345420804701, 22.604291568954455 ], [ 73.119069855594134, 22.604405833978653 ], [ 73.119192573786151, 22.595376824740509 ] ] ] } },
{ "type": "Feature", "properties": { "FeatureID": "296", "HA_Area": 100.0, "OBJECTID_1": 1153, "FID_1by1": 1167, "FREQUENCY": 59, "SUM_AgriAr": 2.4361432594800001, "Agri_Per": 2.4361432594800001, "Shape_Leng": 4000.0, "Shape_Area": 1000000.0, "nor_score": 0.0291464226632, "oneminus": 0.97085357733699995 }, "geometry": { "type": "Polygon", "coordinates": [ [ [ 73.285176964326837, 22.54304926170494 ], [ 73.275455941367156, 22.542945325781226 ], [ 73.275343705707257, 22.551975172772497 ], [ 73.285065360566264, 22.552079154805078 ], [ 73.285176964326837, 22.54304926170494 ] ] ] } },
{ "type": "Feature", "properties": { "FeatureID": "297", "HA_Area": 100.0, "OBJECTID_1": 1937, "FID_1by1": 1953, "FREQUENCY": 701, "SUM_AgriAr": 60.076458194200001, "Agri_Per": 60.076458194200001, "Shape_Leng": 4000.0, "Shape_Area": 1000000.0, "nor_score": 0.718764726099, "oneminus": 0.281235273901 }, "geometry": { "type": "Polygon", "coordinates": [ [ [ 73.147153406221676, 22.686007047862045 ], [ 73.137423068143164, 22.685894099933321 ], [ 73.137300997958988, 22.694923101684051 ], [ 73.147031972855771, 22.695036099465867 ], [ 73.147153406221676, 22.686007047862045 ] ] ] } },
{ "type": "Feature", "properties": { "FeatureID": "298", "HA_Area": 100.0, "OBJECTID_1": 1445, "FID_1by1": 1460, "FREQUENCY": 598, "SUM_AgriAr": 54.055395691100003, "Agri_Per": 54.055395691100003, "Shape_Leng": 4000.0, "Shape_Area": 1000000.0, "nor_score": 0.64672773405700001, "oneminus": 0.35327226594299999 }, "geometry": { "type": "Polygon", "coordinates": [ [ [ 73.216433968282715, 22.596486614625078 ], [ 73.206709556961926, 22.596378283060975 ], [ 73.206592541400624, 22.605407735721645 ], [ 73.216317586435125, 22.605516115252833 ], [ 73.216433968282715, 22.596486614625078 ] ] ] } },
{ "type": "Feature", "properties": { "FeatureID": "299", "HA_Area": 100.0, "OBJECTID_1": 1403, "FID_1by1": 1418, "FREQUENCY": 71, "SUM_AgriAr": 7.30216038876, "Agri_Per": 7.30216038876, "Shape_Leng": 4000.0, "Shape_Area": 1000000.0, "nor_score": 0.0873642599701, "oneminus": 0.91263574003000003 }, "geometry": { "type": "Polygon", "coordinates": [ [ [ 73.294342619055598, 22.588302198913336 ], [ 73.28461837641818, 22.588198620598039 ], [ 73.284506488021833, 22.59722846037706 ], [ 73.294231364186032, 22.59733208456986 ], [ 73.294342619055598, 22.588302198913336 ] ] ] } },
{ "type": "Feature", "properties": { "FeatureID": "300", "HA_Area": 100.0, "OBJECTID_1": 1207, "FID_1by1": 1221, "FREQUENCY": 75, "SUM_AgriAr": 7.06633415731, "Agri_Per": 7.06633415731, "Shape_Leng": 4000.0, "Shape_Area": 1000000.0, "nor_score": 0.084542795760100001, "oneminus": 0.91545720424 }, "geometry": { "type": "Polygon", "coordinates": [ [ [ 73.323952545722392, 22.552489211102156 ], [ 73.314230665219355, 22.552387577830711 ], [ 73.314120901327684, 22.561417597055542 ], [ 73.323843414117718, 22.561519275400276 ], [ 73.323952545722392, 22.552489211102156 ] ] ] } },
{ "type": "Feature", "properties": { "FeatureID": "301", "HA_Area": 100.0, "OBJECTID_1": 1105, "FID_1by1": 1119, "FREQUENCY": 26, "SUM_AgriAr": 0.53327820925900005, "Agri_Per": 0.53327820925900005, "Shape_Leng": 4000.0, "Shape_Area": 1000000.0, "nor_score": 0.0063802290869700001, "oneminus": 0.99361977091300002 }, "geometry": { "type": "Polygon", "coordinates": [ [ [ 73.304729464235379, 22.534225377631966 ], [ 73.295008959453099, 22.534122661122865 ], [ 73.294898044163972, 22.543152610719602 ], [ 73.304619180556671, 22.543255372811199 ], [ 73.304729464235379, 22.534225377631966 ] ] ] } },
{ "type": "Feature", "properties": { "FeatureID": "302", "HA_Area": 100.0, "OBJECTID_1": 1699, "FID_1by1": 1714, "FREQUENCY": 146, "SUM_AgriAr": 5.3403055070400001, "Agri_Per": 5.3403055070400001, "Shape_Leng": 4000.0, "Shape_Area": 1000000.0, "nor_score": 0.06389230225, "oneminus": 0.93610769775000002 }, "geometry": { "type": "Polygon", "coordinates": [ [ [ 73.254648251999271, 22.651092035871574 ], [ 73.254762388795143, 22.642062399493156 ], [ 73.24503457033606, 22.641956186814262 ], [ 73.244919798144437, 22.650985776237725 ], [ 73.254648251999271, 22.651092035871574 ] ] ] } },
{ "type": "Feature", "properties": { "FeatureID": "303", "HA_Area": 100.0, "OBJECTID_1": 1552, "FID_1by1": 1567, "FREQUENCY": 234, "SUM_AgriAr": 19.7010073796, "Agri_Per": 19.7010073796, "Shape_Leng": 4000.0, "Shape_Area": 1000000.0, "nor_score": 0.23570612514, "oneminus": 0.76429387486 }, "geometry": { "type": "Polygon", "coordinates": [ [ [ 73.284282540281751, 22.61528810790778 ], [ 73.274556453106641, 22.615183802950181 ], [ 73.274443759251838, 22.624213564539495 ], [ 73.284170480904791, 22.624317915652565 ], [ 73.284282540281751, 22.61528810790778 ] ] ] } },
{ "type": "Feature", "properties": { "FeatureID": "304", "HA_Area": 100.0, "OBJECTID_1": 1706, "FID_1by1": 1721, "FREQUENCY": 280, "SUM_AgriAr": 14.3538786447, "Agri_Per": 14.3538786447, "Shape_Leng": 4000.0, "Shape_Area": 1000000.0, "nor_score": 0.171732188658, "oneminus": 0.828267811342 }, "geometry": { "type": "Polygon", "coordinates": [ [ [ 73.322858724732967, 22.642789374967652 ], [ 73.313130506853312, 22.642687290706974 ], [ 73.31302018278457, 22.651717203341391 ], [ 73.322749036176646, 22.651819332732366 ], [ 73.322858724732967, 22.642789374967652 ] ] ] } },
{ "type": "Feature", "properties": { "FeatureID": "305", "HA_Area": 100.0, "OBJECTID_1": 1436, "FID_1by1": 1451, "FREQUENCY": 569, "SUM_AgriAr": 60.974067625899998, "Agri_Per": 60.974067625899998, "Shape_Leng": 4000.0, "Shape_Area": 1000000.0, "nor_score": 0.72950387445599996, "oneminus": 0.27049612554399999 }, "geometry": { "type": "Polygon", "coordinates": [ [ [ 73.119192573786151, 22.595376824740509 ], [ 73.119069855594134, 22.604405833978653 ], [ 73.128794352858833, 22.604519510521872 ], [ 73.128916437496812, 22.595490450972985 ], [ 73.119192573786151, 22.595376824740509 ] ] ] } },
{ "type": "Feature", "properties": { "FeatureID": "306", "HA_Area": 100.0, "OBJECTID_1": 1008, "FID_1by1": 1022, "FREQUENCY": 11, "SUM_AgriAr": 0.112499999992, "Agri_Per": 0.112499999992, "Shape_Leng": 4000.0, "Shape_Area": 1000000.0, "nor_score": 0.00134596868908, "oneminus": 0.99865403131099995 }, "geometry": { "type": "Polygon", "coordinates": [ [ [ 73.334107926358854, 22.516469714451947 ], [ 73.324388516243104, 22.516368847600621 ], [ 73.324279606965291, 22.525398954415451 ], [ 73.333999648096636, 22.525499866057121 ], [ 73.334107926358854, 22.516469714451947 ] ] ] } },
{ "type": "Feature", "properties": { "FeatureID": "307", "HA_Area": 100.0, "OBJECTID_1": 1307, "FID_1by1": 1321, "FREQUENCY": 76, "SUM_AgriAr": 11.2932606042, "Agri_Per": 11.2932606042, "Shape_Leng": 4000.0, "Shape_Area": 1000000.0, "nor_score": 0.13511444597300001, "oneminus": 0.86488555402699996 }, "geometry": { "type": "Polygon", "coordinates": [ [ [ 73.323734226890892, 22.570549329060579 ], [ 73.314011081491756, 22.570447605636872 ], [ 73.313901205695245, 22.579477603571238 ], [ 73.323624984025713, 22.579579372079621 ], [ 73.323734226890892, 22.570549329060579 ] ] ] } },
{ "type": "Feature", "properties": { "FeatureID": "308", "HA_Area": 100.0, "OBJECTID_1": 1891, "FID_1by1": 1907, "FREQUENCY": 572, "SUM_AgriAr": 31.6785501944, "Agri_Per": 31.6785501944, "Shape_Leng": 4000.0, "Shape_Area": 1000000.0, "nor_score": 0.379007437158, "oneminus": 0.620992562842 }, "geometry": { "type": "Polygon", "coordinates": [ [ [ 73.186194197539876, 22.67742367152751 ], [ 73.176464251287342, 22.677313135981517 ], [ 73.176344789184441, 22.686342346355808 ], [ 73.1860753720036, 22.686452930705769 ], [ 73.186194197539876, 22.67742367152751 ] ] ] } },
{ "type": "Feature", "properties": { "FeatureID": "309", "HA_Area": 100.0, "OBJECTID_1": 1936, "FID_1by1": 1952, "FREQUENCY": 647, "SUM_AgriAr": 71.821556986000004, "Agri_Per": 71.821556986000004, "Shape_Leng": 4000.0, "Shape_Area": 1000000.0, "nor_score": 0.85928503921099997, "oneminus": 0.140714960789 }, "geometry": { "type": "Polygon", "coordinates": [ [ [ 73.137423068143164, 22.685894099933321 ], [ 73.127692792057928, 22.685780561147986 ], [ 73.1275700850736, 22.694809512784904 ], [ 73.137300997958988, 22.694923101684051 ], [ 73.137423068143164, 22.685894099933321 ] ] ] } },
{ "type": "Feature", "properties": { "FeatureID": "310", "HA_Area": 100.0, "OBJECTID_1": 1459, "FID_1by1": 1474, "FREQUENCY": 229, "SUM_AgriAr": 18.9725957753, "Agri_Per": 18.9725957753, "Shape_Leng": 4000.0, "Shape_Area": 1000000.0, "nor_score": 0.226991287698, "oneminus": 0.77300871230199997 }, "geometry": { "type": "Polygon", "coordinates": [ [ [ 73.35258179962787, 22.597941471047548 ], [ 73.342856588374246, 22.597841377974913 ], [ 73.342748446342441, 22.606871478471373 ], [ 73.352474291543004, 22.606971615864172 ], [ 73.35258179962787, 22.597941471047548 ] ] ] } },
{ "type": "Feature", "properties": { "FeatureID": "311", "HA_Area": 100.0, "OBJECTID_1": 1589, "FID_1by1": 1604, "FREQUENCY": 517, "SUM_AgriAr": 68.048871606500001, "Agri_Per": 68.048871606500001, "Shape_Leng": 4000.0, "Shape_Area": 1000000.0, "nor_score": 0.81414800458900005, "oneminus": 0.185851995411 }, "geometry": { "type": "Polygon", "coordinates": [ [ [ 73.157727664970835, 22.622915394676781 ], [ 73.148001714030983, 22.622803384590583 ], [ 73.147880711977052, 22.631832511681033 ], [ 73.15760729749249, 22.631944571315628 ], [ 73.157727664970835, 22.622915394676781 ] ] ] } },
{ "type": "Feature", "properties": { "FeatureID": "312", "HA_Area": 100.0, "OBJECTID_1": 1205, "FID_1by1": 1219, "FREQUENCY": 60, "SUM_AgriAr": 2.3079105070299999, "Agri_Per": 2.3079105070299999, "Shape_Leng": 4000.0, "Shape_Area": 1000000.0, "nor_score": 0.027612224710100001, "oneminus": 0.97238777528999998 }, "geometry": { "type": "Polygon", "coordinates": [ [ [ 73.304508840644317, 22.552285357348143 ], [ 73.294787072319281, 22.552182549668295 ], [ 73.294676043902555, 22.561212477965476 ], [ 73.304398444481933, 22.561315331239328 ], [ 73.304508840644317, 22.552285357348143 ] ] ] } },
{ "type": "Feature", "properties": { "FeatureID": "313", "HA_Area": 100.0, "OBJECTID_1": 1239, "FID_1by1": 1253, "FREQUENCY": 389, "SUM_AgriAr": 22.591932721300001, "Agri_Per": 22.591932721300001, "Shape_Leng": 4000.0, "Shape_Area": 1000000.0, "nor_score": 0.270293636186, "oneminus": 0.729706363814 }, "geometry": { "type": "Polygon", "coordinates": [ [ [ 73.148847006179523, 22.559599193600313 ], [ 73.139125549660292, 22.55948694295223 ], [ 73.139004345736581, 22.568516095592525 ], [ 73.148726434557389, 22.568628396005455 ], [ 73.148847006179523, 22.559599193600313 ] ] ] } },
{ "type": "Feature", "properties": { "FeatureID": "314", "HA_Area": 100.0, "OBJECTID_1": 1191, "FID_1by1": 1205, "FREQUENCY": 514, "SUM_AgriAr": 58.592037315, "Agri_Per": 58.592037315, "Shape_Leng": 4000.0, "Shape_Area": 1000000.0, "nor_score": 0.7010048681, "oneminus": 0.2989951319 }, "geometry": { "type": "Polygon", "coordinates": [ [ [ 73.168290103151932, 22.559821933205487 ], [ 73.16840934934261, 22.550792621318703 ], [ 73.158688402323349, 22.550681594374435 ], [ 73.158568524117371, 22.559710857023106 ], [ 73.168290103151932, 22.559821933205487 ] ] ] } },
{ "type": "Feature", "properties": { "FeatureID": "315", "HA_Area": 100.0, "OBJECTID_1": 1947, "FID_1by1": 1963, "FREQUENCY": 502, "SUM_AgriAr": 54.29435993, "Agri_Per": 54.29435993, "Shape_Leng": 4000.0, "Shape_Area": 1000000.0, "nor_score": 0.64958674190900001, "oneminus": 0.35041325809099999 }, "geometry": { "type": "Polygon", "coordinates": [ [ [ 73.244460125519694, 22.687104026707068 ], [ 73.234729185288202, 22.68699698817327 ], [ 73.234613484087561, 22.696026476721592 ], [ 73.244345061313524, 22.696133562500929 ], [ 73.244460125519694, 22.687104026707068 ] ] ] } },
{ "type": "Feature", "properties": { "FeatureID": "316", "HA_Area": 100.0, "OBJECTID_1": 1455, "FID_1by1": 1470, "FREQUENCY": 13, "SUM_AgriAr": 2.9386459114800001, "Agri_Per": 2.9386459114800001, "Shape_Leng": 4000.0, "Shape_Area": 1000000.0, "nor_score": 0.035158447870500001, "oneminus": 0.96484155212900002 }, "geometry": { "type": "Polygon", "coordinates": [ [ [ 73.313681286155344, 22.597537567485301 ], [ 73.303956297004689, 22.597435120277261 ], [ 73.303845619346447, 22.606465040887755 ], [ 73.313571242379282, 22.606567533458076 ], [ 73.313681286155344, 22.597537567485301 ] ] ] } },
{ "type": "Feature", "properties": { "FeatureID": "317", "HA_Area": 100.0, "OBJECTID_1": 1242, "FID_1by1": 1256, "FREQUENCY": 541, "SUM_AgriAr": 47.950168581600003, "Agri_Per": 47.950168581600003, "Shape_Leng": 4000.0, "Shape_Area": 1000000.0, "nor_score": 0.57368378268200004, "oneminus": 0.42631621731800001 }, "geometry": { "type": "Polygon", "coordinates": [ [ [ 73.168290103151932, 22.559821933205487 ], [ 73.168170796186516, 22.568851234359528 ], [ 73.177893068350784, 22.568961772270505 ], [ 73.178011742961274, 22.55993242213242 ], [ 73.168290103151932, 22.559821933205487 ] ] ] } },
{ "type": "Feature", "properties": { "FeatureID": "318", "HA_Area": 100.0, "OBJECTID_1": 1442, "FID_1by1": 1457, "FREQUENCY": 99, "SUM_AgriAr": 3.8449987665699998, "Agri_Per": 3.8449987665699998, "Shape_Leng": 4000.0, "Shape_Area": 1000000.0, "nor_score": 0.046002203997600001, "oneminus": 0.95399779600199996 }, "geometry": { "type": "Polygon", "coordinates": [ [ [ 73.187260913311391, 22.596159854878842 ], [ 73.177536681626364, 22.596049758290384 ], [ 73.177417765028494, 22.605079065487207 ], [ 73.187142630374851, 22.605189210824044 ], [ 73.187260913311391, 22.596159854878842 ] ] ] } },
{ "type": "Feature", "properties": { "FeatureID": "319", "HA_Area": 100.0, "OBJECTID_1": 1394, "FID_1by1": 1409, "FREQUENCY": 703, "SUM_AgriAr": 51.738710607400002, "Agri_Per": 51.738710607400002, "Shape_Leng": 4000.0, "Shape_Area": 1000000.0, "nor_score": 0.61901052885399999, "oneminus": 0.38098947114600001 }, "geometry": { "type": "Polygon", "coordinates": [ [ [ 73.206826512966984, 22.587348819678116 ], [ 73.197102794576423, 22.587239947979217 ], [ 73.196985205197365, 22.596269363140646 ], [ 73.206709556961926, 22.596378283060975 ], [ 73.206826512966984, 22.587348819678116 ] ] ] } },
{ "type": "Feature", "properties": { "FeatureID": "320", "HA_Area": 100.0, "OBJECTID_1": 1939, "FID_1by1": 1955, "FREQUENCY": 637, "SUM_AgriAr": 37.869893785499997, "Agri_Per": 37.869893785499997, "Shape_Leng": 4000.0, "Shape_Area": 1000000.0, "nor_score": 0.45308170042500001, "oneminus": 0.54691829957500004 }, "geometry": { "type": "Polygon", "coordinates": [ [ [ 73.166614267065569, 22.686231171088473 ], [ 73.156883805970224, 22.686119404918834 ], [ 73.156763009440638, 22.695148506115036 ], [ 73.166494107390264, 22.69526032161632 ], [ 73.166614267065569, 22.686231171088473 ] ] ] } },
{ "type": "Feature", "properties": { "FeatureID": "321", "HA_Area": 100.0, "OBJECTID_1": 1593, "FID_1by1": 1608, "FREQUENCY": 613, "SUM_AgriAr": 42.7109666379, "Agri_Per": 42.7109666379, "Shape_Leng": 4000.0, "Shape_Area": 1000000.0, "nor_score": 0.51100110025900003, "oneminus": 0.48899889974100003 }, "geometry": { "type": "Polygon", "coordinates": [ [ [ 73.196632077718803, 22.623357544241284 ], [ 73.186905883828729, 22.623247890497233 ], [ 73.186787420184018, 22.632277214218227 ], [ 73.196514248720575, 22.632386916468633 ], [ 73.196632077718803, 22.623357544241284 ] ] ] } },
{ "type": "Feature", "properties": { "FeatureID": "322", "HA_Area": 100.0, "OBJECTID_1": 1087, "FID_1by1": 1101, "FREQUENCY": 587, "SUM_AgriAr": 61.634111368299997, "Agri_Per": 61.634111368299997, "Shape_Leng": 4000.0, "Shape_Area": 1000000.0, "nor_score": 0.73740074744100004, "oneminus": 0.26259925255900002 }, "geometry": { "type": "Polygon", "coordinates": [ [ [ 73.129769291201029, 22.532286732715885 ], [ 73.120049853350451, 22.532173458480859 ], [ 73.119927571976234, 22.541202543092481 ], [ 73.129647641126951, 22.541315867593834 ], [ 73.129769291201029, 22.532286732715885 ] ] ] } },
{ "type": "Feature", "properties": { "FeatureID": "323", "HA_Area": 100.0, "OBJECTID_1": 988, "FID_1by1": 1002, "FREQUENCY": 138, "SUM_AgriAr": 9.3386548314900004, "Agri_Per": 9.3386548314900004, "Shape_Leng": 4000.0, "Shape_Area": 1000000.0, "nor_score": 0.11172921779800001, "oneminus": 0.88827078220199995 }, "geometry": { "type": "Polygon", "coordinates": [ [ [ 73.139730643529575, 22.514341018549164 ], [ 73.130012405342214, 22.5142284307219 ], [ 73.129890879266782, 22.523257587090733 ], [ 73.13960974812916, 22.523370224911581 ], [ 73.139730643529575, 22.514341018549164 ] ] ] } },
{ "type": "Feature", "properties": { "FeatureID": "324", "HA_Area": 100.0, "OBJECTID_1": 1251, "FID_1by1": 1265, "FREQUENCY": 12, "SUM_AgriAr": 1.25815564186, "Agri_Per": 1.25815564186, "Shape_Leng": 4000.0, "Shape_Area": 1000000.0, "nor_score": 0.0150527831116, "oneminus": 0.98494721688800002 }, "geometry": { "type": "Polygon", "coordinates": [ [ [ 73.265509182983678, 22.560900393537789 ], [ 73.255787010690739, 22.560795190573465 ], [ 73.2556733955455, 22.569824923212995 ], [ 73.26539620034842, 22.56993017281853 ], [ 73.265509182983678, 22.560900393537789 ] ] ] } },
{ "type": "Feature", "properties": { "FeatureID": "325", "HA_Area": 100.0, "OBJECTID_1": 990, "FID_1by1": 1004, "FREQUENCY": 581, "SUM_AgriAr": 61.223180206599999, "Agri_Per": 61.223180206599999, "Shape_Leng": 4000.0, "Shape_Area": 1000000.0, "nor_score": 0.73248429875599996, "oneminus": 0.26751570124399998 }, "geometry": { "type": "Polygon", "coordinates": [ [ [ 73.159167304535444, 22.514564436460542 ], [ 73.149448943367801, 22.514453020467094 ], [ 73.149328678660297, 22.523482276563012 ], [ 73.159047670538683, 22.523593742029867 ], [ 73.159167304535444, 22.514564436460542 ] ] ] } },
{ "type": "Feature", "properties": { "FeatureID": "326", "HA_Area": 100.0, "OBJECTID_1": 1698, "FID_1by1": 1713, "FREQUENCY": 123, "SUM_AgriAr": 4.06093918963, "Agri_Per": 4.06093918963, "Shape_Leng": 4000.0, "Shape_Area": 1000000.0, "nor_score": 0.048585751092499997, "oneminus": 0.95141424890799997 }, "geometry": { "type": "Polygon", "coordinates": [ [ [ 73.24503457033606, 22.641956186814262 ], [ 73.235306810228678, 22.641849384418258 ], [ 73.235191402658387, 22.650878926626135 ], [ 73.244919798144437, 22.650985776237725 ], [ 73.24503457033606, 22.641956186814262 ] ] ] } },
{ "type": "Feature", "properties": { "FeatureID": "327", "HA_Area": 100.0, "OBJECTID_1": 1642, "FID_1by1": 1657, "FREQUENCY": 572, "SUM_AgriAr": 61.852731167000002, "Agri_Per": 61.852731167000002, "Shape_Leng": 4000.0, "Shape_Area": 1000000.0, "nor_score": 0.74001635103100005, "oneminus": 0.259983648969 }, "geometry": { "type": "Polygon", "coordinates": [ [ [ 73.186787420184018, 22.632277214218227 ], [ 73.177060651918666, 22.632166922599286 ], [ 73.176941493051075, 22.641196186798862 ], [ 73.18666889626806, 22.641306527190853 ], [ 73.186787420184018, 22.632277214218227 ] ] ] } },
{ "type": "Feature", "properties": { "FeatureID": "328", "HA_Area": 100.0, "OBJECTID_1": 1453, "FID_1by1": 1468, "FREQUENCY": 15, "SUM_AgriAr": 0.84170798898900001, "Agri_Per": 0.84170798898900001, "Shape_Leng": 4000.0, "Shape_Area": 1000000.0, "nor_score": 0.0100703342099, "oneminus": 0.98992966578999997 }, "geometry": { "type": "Polygon", "coordinates": [ [ [ 73.294231364186032, 22.59733208456986 ], [ 73.284506488021833, 22.59722846037706 ], [ 73.284394542648556, 22.60625828948146 ], [ 73.294120052662009, 22.60636195955756 ], [ 73.294231364186032, 22.59733208456986 ] ] ] } },
{ "type": "Feature", "properties": { "FeatureID": "329", "HA_Area": 100.0, "OBJECTID_1": 1747, "FID_1by1": 1762, "FREQUENCY": 574, "SUM_AgriAr": 37.084376238099999, "Agri_Per": 37.084376238099999, "Shape_Leng": 4000.0, "Shape_Area": 1000000.0, "nor_score": 0.44368363799299998, "oneminus": 0.55631636200699996 }, "geometry": { "type": "Polygon", "coordinates": [ [ [ 73.235191402658387, 22.650878926626135 ], [ 73.225463065864076, 22.65077148705128 ], [ 73.225346963917502, 22.659800971051968 ], [ 73.235075936396356, 22.659908458109054 ], [ 73.235191402658387, 22.650878926626135 ] ] ] } },
{ "type": "Feature", "properties": { "FeatureID": "330", "HA_Area": 100.0, "OBJECTID_1": 1845, "FID_1by1": 1860, "FREQUENCY": 527, "SUM_AgriAr": 38.209560545499997, "Agri_Per": 38.209560545499997, "Shape_Leng": 4000.0, "Shape_Area": 1000000.0, "nor_score": 0.45714552996899999, "oneminus": 0.54285447003099996 }, "geometry": { "type": "Polygon", "coordinates": [ [ [ 73.215501253501827, 22.668722319302834 ], [ 73.205771763436985, 22.668613603832075 ], [ 73.205654270799741, 22.677642970589677 ], [ 73.215384397160662, 22.677751734076136 ], [ 73.215501253501827, 22.668722319302834 ] ] ] } },
{ "type": "Feature", "properties": { "FeatureID": "331", "HA_Area": 100.0, "OBJECTID_1": 1785, "FID_1by1": 1800, "FREQUENCY": 421, "SUM_AgriAr": 29.136636993100002, "Agri_Per": 29.136636993100002, "Shape_Leng": 4000.0, "Shape_Area": 1000000.0, "nor_score": 0.34859556533899999, "oneminus": 0.65140443466099995 }, "geometry": { "type": "Polygon", "coordinates": [ [ [ 73.118332233822898, 22.658579662867851 ], [ 73.108603991045769, 22.658465094282594 ], [ 73.108480199349444, 22.667493977358717 ], [ 73.118209077920838, 22.667608596559916 ], [ 73.118332233822898, 22.658579662867851 ] ] ] } },
{ "type": "Feature", "properties": { "FeatureID": "332", "HA_Area": 100.0, "OBJECTID_1": 1889, "FID_1by1": 1905, "FREQUENCY": 454, "SUM_AgriAr": 28.479819575, "Agri_Per": 28.479819575, "Shape_Leng": 4000.0, "Shape_Area": 1000000.0, "nor_score": 0.34073729263500002, "oneminus": 0.65926270736500003 }, "geometry": { "type": "Polygon", "coordinates": [ [ [ 73.166734365717332, 22.677202009778863 ], [ 73.157004541153015, 22.677090292934615 ], [ 73.156883805970224, 22.686119404918834 ], [ 73.166614267065569, 22.686231171088473 ], [ 73.166734365717332, 22.677202009778863 ] ] ] } },
{ "type": "Feature", "properties": { "FeatureID": "333", "HA_Area": 100.0, "OBJECTID_1": 1390, "FID_1by1": 1405, "FREQUENCY": 170, "SUM_AgriAr": 9.0002769780200005, "Agri_Per": 9.0002769780200005, "Shape_Leng": 4000.0, "Shape_Area": 1000000.0, "nor_score": 0.107680808945, "oneminus": 0.89231919105500002 }, "geometry": { "type": "Polygon", "coordinates": [ [ [ 73.167931999860556, 22.586909804455392 ], [ 73.158208522848057, 22.586798580521414 ], [ 73.158088400148472, 22.595827800193245 ], [ 73.167812510464614, 22.595939073390184 ], [ 73.167931999860556, 22.586909804455392 ] ] ] } },
{ "type": "Feature", "properties": { "FeatureID": "334", "HA_Area": 100.0, "OBJECTID_1": 1300, "FID_1by1": 1314, "FREQUENCY": 22, "SUM_AgriAr": 2.08249999999, "Agri_Per": 2.08249999999, "Shape_Leng": 4000.0, "Shape_Area": 1000000.0, "nor_score": 0.0249153759574, "oneminus": 0.975084624043 }, "geometry": { "type": "Polygon", "coordinates": [ [ [ 73.24595064863621, 22.569719085959903 ], [ 73.24583634278207, 22.578748761010175 ], [ 73.255559722506618, 22.578854645170733 ], [ 73.2556733955455, 22.569824923212995 ], [ 73.24595064863621, 22.569719085959903 ] ] ] } },
{ "type": "Feature", "properties": { "FeatureID": "335", "HA_Area": 100.0, "OBJECTID_1": 1897, "FID_1by1": 1913, "FREQUENCY": 511, "SUM_AgriAr": 33.636302278499997, "Agri_Per": 33.636302278499997, "Shape_Leng": 4000.0, "Shape_Area": 1000000.0, "nor_score": 0.40243030832600002, "oneminus": 0.59756969167399998 }, "geometry": { "type": "Polygon", "coordinates": [ [ [ 73.244575131288769, 22.678074480180356 ], [ 73.234844827728438, 22.677967488886097 ], [ 73.234729185288202, 22.68699698817327 ], [ 73.244460125519694, 22.687104026707068 ], [ 73.244575131288769, 22.678074480180356 ] ] ] } },
{ "type": "Feature", "properties": { "FeatureID": "336", "HA_Area": 100.0, "OBJECTID_1": 1150, "FID_1by1": 1164, "FREQUENCY": 68, "SUM_AgriAr": 7.8471327022599997, "Agri_Per": 7.8471327022599997, "Shape_Leng": 4000.0, "Shape_Area": 1000000.0, "nor_score": 0.093884399262900001, "oneminus": 0.90611560073700004 }, "geometry": { "type": "Polygon", "coordinates": [ [ [ 73.256014067367744, 22.542735693262944 ], [ 73.246293216971765, 22.542629996696771 ], [ 73.246179085714104, 22.551659703799722 ], [ 73.255900567959216, 22.551765447255622 ], [ 73.256014067367744, 22.542735693262944 ] ] ] } },
{ "type": "Feature", "properties": { "FeatureID": "337", "HA_Area": 100.0, "OBJECTID_1": 1299, "FID_1by1": 1313, "FREQUENCY": 23, "SUM_AgriAr": 1.33249999999, "Agri_Per": 1.33249999999, "Shape_Leng": 4000.0, "Shape_Area": 1000000.0, "nor_score": 0.015942251362799999, "oneminus": 0.98405774863700002 }, "geometry": { "type": "Polygon", "coordinates": [ [ [ 73.24595064863621, 22.569719085959903 ], [ 73.236227959942667, 22.569612661073595 ], [ 73.236113021290237, 22.578642288956022 ], [ 73.24583634278207, 22.578748761010175 ], [ 73.24595064863621, 22.569719085959903 ] ] ] } },
{ "type": "Feature", "properties": { "FeatureID": "338", "HA_Area": 100.0, "OBJECTID_1": 1841, "FID_1by1": 1856, "FREQUENCY": 481, "SUM_AgriAr": 45.210328884900001, "Agri_Per": 45.210328884900001, "Shape_Leng": 4000.0, "Shape_Area": 1000000.0, "nor_score": 0.54090388539199996, "oneminus": 0.45909611460799998 }, "geometry": { "type": "Polygon", "coordinates": [ [ [ 73.166854403363402, 22.668172837690992 ], [ 73.166734365717332, 22.677202009778863 ], [ 73.176464251287342, 22.677313135981517 ], [ 73.17658365270772, 22.668283914835186 ], [ 73.166854403363402, 22.668172837690992 ] ] ] } },
{ "type": "Feature", "properties": { "FeatureID": "339", "HA_Area": 100.0, "OBJECTID_1": 1193, "FID_1by1": 1207, "FREQUENCY": 527, "SUM_AgriAr": 55.0834610868, "Agri_Per": 55.0834610868, "Shape_Leng": 4000.0, "Shape_Area": 1000000.0, "nor_score": 0.65902767924000005, "oneminus": 0.34097232076 }, "geometry": { "type": "Polygon", "coordinates": [ [ [ 73.187851425330535, 22.551012914206687 ], [ 73.178130357118945, 22.550903061267778 ], [ 73.178011742961274, 22.55993242213242 ], [ 73.187733443223422, 22.560042323788942 ], [ 73.187851425330535, 22.551012914206687 ] ] ] } },
{ "type": "Feature", "properties": { "FeatureID": "340", "HA_Area": 100.0, "OBJECTID_1": 1450, "FID_1by1": 1465, "FREQUENCY": 103, "SUM_AgriAr": 6.3373644552300004, "Agri_Per": 6.3373644552300004, "Shape_Leng": 4000.0, "Shape_Area": 1000000.0, "nor_score": 0.075821281143599997, "oneminus": 0.924178718856 }, "geometry": { "type": "Polygon", "coordinates": [ [ [ 73.255218355859569, 22.605943746918513 ], [ 73.264943693924792, 22.606049183147775 ], [ 73.265056906946626, 22.59701944659146 ], [ 73.255332202680549, 22.596914057026972 ], [ 73.255218355859569, 22.605943746918513 ] ] ] } },
{ "type": "Feature", "properties": { "FeatureID": "341", "HA_Area": 100.0, "OBJECTID_1": 1840, "FID_1by1": 1855, "FREQUENCY": 498, "SUM_AgriAr": 47.647364661499999, "Agri_Per": 47.647364661499999, "Shape_Leng": 4000.0, "Shape_Area": 1000000.0, "nor_score": 0.57006098627799995, "oneminus": 0.429939013722 }, "geometry": { "type": "Polygon", "coordinates": [ [ [ 73.166854403363402, 22.668172837690992 ], [ 73.157125215006943, 22.668061170165867 ], [ 73.157004541153015, 22.677090292934615 ], [ 73.166734365717332, 22.677202009778863 ], [ 73.166854403363402, 22.668172837690992 ] ] ] } },
{ "type": "Feature", "properties": { "FeatureID": "342", "HA_Area": 100.0, "OBJECTID_1": 1241, "FID_1by1": 1255, "FREQUENCY": 135, "SUM_AgriAr": 8.2721176573000008, "Agri_Per": 8.2721176573000008, "Shape_Leng": 4000.0, "Shape_Area": 1000000.0, "nor_score": 0.098968989866100004, "oneminus": 0.901031010134 }, "geometry": { "type": "Polygon", "coordinates": [ [ [ 73.168290103151932, 22.559821933205487 ], [ 73.158568524117371, 22.559710857023106 ], [ 73.158448584814693, 22.568740108932833 ], [ 73.168170796186516, 22.568851234359528 ], [ 73.168290103151932, 22.559821933205487 ] ] ] } },
{ "type": "Feature", "properties": { "FeatureID": "343", "HA_Area": 100.0, "OBJECTID_1": 1499, "FID_1by1": 1514, "FREQUENCY": 397, "SUM_AgriAr": 22.645152144899999, "Agri_Per": 22.645152144899999, "Shape_Leng": 4000.0, "Shape_Area": 1000000.0, "nor_score": 0.27093036221099998, "oneminus": 0.72906963778900002 }, "geometry": { "type": "Polygon", "coordinates": [ [ [ 73.255218355859569, 22.605943746918513 ], [ 73.245493075755476, 22.605837722 ], [ 73.245378536868628, 22.614867354264664 ], [ 73.255104451077457, 22.614973426114368 ], [ 73.255218355859569, 22.605943746918513 ] ] ] } },
{ "type": "Feature", "properties": { "FeatureID": "344", "HA_Area": 100.0, "OBJECTID_1": 1308, "FID_1by1": 1322, "FREQUENCY": 132, "SUM_AgriAr": 9.2457428728500002, "Agri_Per": 9.2457428728500002, "Shape_Leng": 4000.0, "Shape_Area": 1000000.0, "nor_score": 0.110617603689, "oneminus": 0.88938239631100002 }, "geometry": { "type": "Polygon", "coordinates": [ [ [ 73.33345742792838, 22.570650464738659 ], [ 73.323734226890892, 22.570549329060579 ], [ 73.323624984025713, 22.579579372079621 ], [ 73.333348818010734, 22.579680552581937 ], [ 73.33345742792838, 22.570650464738659 ] ] ] } },
{ "type": "Feature", "properties": { "FeatureID": "345", "HA_Area": 100.0, "OBJECTID_1": 1393, "FID_1by1": 1408, "FREQUENCY": 447, "SUM_AgriAr": 22.635131166000001, "Agri_Per": 22.635131166000001, "Shape_Leng": 4000.0, "Shape_Area": 1000000.0, "nor_score": 0.27081046955499999, "oneminus": 0.72918953044500001 }, "geometry": { "type": "Polygon", "coordinates": [ [ [ 73.197102794576423, 22.587239947979217 ], [ 73.187379136046971, 22.587130488199229 ], [ 73.187260913311391, 22.596159854878842 ], [ 73.196985205197365, 22.596269363140646 ], [ 73.197102794576423, 22.587239947979217 ] ] ] } },
{ "type": "Feature", "properties": { "FeatureID": "346", "HA_Area": 100.0, "OBJECTID_1": 1649, "FID_1by1": 1664, "FREQUENCY": 144, "SUM_AgriAr": 5.6765025824900004, "Agri_Per": 5.6765025824900004, "Shape_Leng": 4000.0, "Shape_Area": 1000000.0, "nor_score": 0.067914619911800006, "oneminus": 0.93208538008800002 }, "geometry": { "type": "Polygon", "coordinates": [ [ [ 73.25487646756217, 22.633032752405153 ], [ 73.245149284175923, 22.632926586675261 ], [ 73.24503457033606, 22.641956186814262 ], [ 73.254762388795143, 22.642062399493156 ], [ 73.25487646756217, 22.633032752405153 ] ] ] } },
{ "type": "Feature", "properties": { "FeatureID": "347", "HA_Area": 100.0, "OBJECTID_1": 997, "FID_1by1": 1011, "FREQUENCY": 24, "SUM_AgriAr": 0.69705875000200002, "Agri_Per": 0.69705875000200002, "Shape_Leng": 4000.0, "Shape_Area": 1000000.0, "nor_score": 0.0083397266846300007, "oneminus": 0.99166027331499995 }, "geometry": { "type": "Polygon", "coordinates": [ [ [ 73.227197522928151, 22.515327941272652 ], [ 73.217478741456233, 22.515220627168311 ], [ 73.217362892092964, 22.524250224115573 ], [ 73.227082304397754, 22.524357585872426 ], [ 73.227197522928151, 22.515327941272652 ] ] ] } },
{ "type": "Feature", "properties": { "FeatureID": "348", "HA_Area": 100.0, "OBJECTID_1": 1952, "FID_1by1": 1968, "FREQUENCY": 357, "SUM_AgriAr": 33.171744273900003, "Agri_Per": 33.171744273900003, "Shape_Leng": 4000.0, "Shape_Area": 1000000.0, "nor_score": 0.39687225918300001, "oneminus": 0.60312774081700005 }, "geometry": { "type": "Polygon", "coordinates": [ [ [ 73.293115696765724, 22.687630353779646 ], [ 73.283384467582621, 22.687526270492349 ], [ 73.283271951524526, 22.696555992660304 ], [ 73.293003817786683, 22.696660121889067 ], [ 73.293115696765724, 22.687630353779646 ] ] ] } },
{ "type": "Feature", "properties": { "FeatureID": "349", "HA_Area": 100.0, "OBJECTID_1": 1058, "FID_1by1": 1072, "FREQUENCY": 11, "SUM_AgriAr": 0.23594510317699999, "Agri_Per": 0.23594510317699999, "Shape_Leng": 4000.0, "Shape_Area": 1000000.0, "nor_score": 0.0028228864110300001, "oneminus": 0.99717711358899996 }, "geometry": { "type": "Polygon", "coordinates": [ [ [ 73.333999648096636, 22.525499866057121 ], [ 73.324279606965291, 22.525398954415451 ], [ 73.324170642130014, 22.534429050606285 ], [ 73.333891314598688, 22.534530007043944 ], [ 73.333999648096636, 22.525499866057121 ] ] ] } },
{ "type": "Feature", "properties": { "FeatureID": "350", "HA_Area": 100.0, "OBJECTID_1": 1651, "FID_1by1": 1666, "FREQUENCY": 175, "SUM_AgriAr": 8.5605293918599994, "Agri_Per": 8.5605293918599994, "Shape_Leng": 4000.0, "Shape_Area": 1000000.0, "nor_score": 0.102419595771, "oneminus": 0.89758040422899998 }, "geometry": { "type": "Polygon", "coordinates": [ [ [ 73.274331008047525, 22.633243315437959 ], [ 73.264603708960294, 22.633138328664149 ], [ 73.264490265283058, 22.642168022440554 ], [ 73.27421819947692, 22.642273055642139 ], [ 73.274331008047525, 22.633243315437959 ] ] ] } },
{ "type": "Feature", "properties": { "FeatureID": "351", "HA_Area": 100.0, "OBJECTID_1": 1398, "FID_1by1": 1413, "FREQUENCY": 122, "SUM_AgriAr": 19.694440321999998, "Agri_Per": 19.694440321999998, "Shape_Leng": 4000.0, "Shape_Area": 1000000.0, "nor_score": 0.23562755577200001, "oneminus": 0.76437244422799999 }, "geometry": { "type": "Polygon", "coordinates": [ [ [ 73.245721978695229, 22.587778425369272 ], [ 73.235998024082875, 22.587671906141324 ], [ 73.2358829683035, 22.596701512625994 ], [ 73.245607556358692, 22.596808079033696 ], [ 73.245721978695229, 22.587778425369272 ] ] ] } },
{ "type": "Feature", "properties": { "FeatureID": "352", "HA_Area": 100.0, "OBJECTID_1": 1759, "FID_1by1": 1774, "FREQUENCY": 529, "SUM_AgriAr": 35.918539921600001, "Agri_Per": 35.918539921600001, "Shape_Leng": 4000.0, "Shape_Area": 1000000.0, "nor_score": 0.42973537862700001, "oneminus": 0.57026462137300005 }, "geometry": { "type": "Polygon", "coordinates": [ [ [ 73.351935929768132, 22.652122180306197 ], [ 73.342206909991503, 22.652021821228491 ], [ 73.342098437370367, 22.66105185781079 ], [ 73.351828093031116, 22.661152261242325 ], [ 73.351935929768132, 22.652122180306197 ] ] ] } },
{ "type": "Feature", "properties": { "FeatureID": "353", "HA_Area": 100.0, "OBJECTID_1": 1540, "FID_1by1": 1555, "FREQUENCY": 649, "SUM_AgriAr": 59.2791454523, "Agri_Per": 59.2791454523, "Shape_Leng": 4000.0, "Shape_Area": 1000000.0, "nor_score": 0.70922554400100002, "oneminus": 0.29077445599899998 }, "geometry": { "type": "Polygon", "coordinates": [ [ [ 73.167573349118157, 22.613997579016001 ], [ 73.15784797122771, 22.613886207274433 ], [ 73.157727664970835, 22.622915394676781 ], [ 73.16745367713213, 22.623026815700012 ], [ 73.167573349118157, 22.613997579016001 ] ] ] } },
{ "type": "Feature", "properties": { "FeatureID": "354", "HA_Area": 100.0, "OBJECTID_1": 1255, "FID_1by1": 1269, "FREQUENCY": 41, "SUM_AgriAr": 2.2278263526200002, "Agri_Per": 2.2278263526200002, "Shape_Leng": 4000.0, "Shape_Area": 1000000.0, "nor_score": 0.026654084582700001, "oneminus": 0.973345915417 }, "geometry": { "type": "Polygon", "coordinates": [ [ [ 73.304398444481933, 22.561315331239328 ], [ 73.294676043902555, 22.561212477965476 ], [ 73.294564958897368, 22.570242395607686 ], [ 73.304287992053176, 22.570345294481285 ], [ 73.304398444481933, 22.561315331239328 ] ] ] } },
{ "type": "Feature", "properties": { "FeatureID": "355", "HA_Area": 100.0, "OBJECTID_1": 1146, "FID_1by1": 1160, "FREQUENCY": 498, "SUM_AgriAr": 47.495696755600001, "Agri_Per": 47.495696755600001, "Shape_Leng": 4000.0, "Shape_Area": 1000000.0, "nor_score": 0.56824640625599998, "oneminus": 0.43175359374400002 }, "geometry": { "type": "Polygon", "coordinates": [ [ [ 73.217131016060947, 22.542309385942005 ], [ 73.207410400255839, 22.542201342053229 ], [ 73.207293741771849, 22.551230858994646 ], [ 73.217014989357835, 22.551338950814191 ], [ 73.217131016060947, 22.542309385942005 ] ] ] } },
{ "type": "Feature", "properties": { "FeatureID": "356", "HA_Area": 100.0, "OBJECTID_1": 1707, "FID_1by1": 1722, "FREQUENCY": 470, "SUM_AgriAr": 28.220124731799999, "Agri_Per": 28.220124731799999, "Shape_Leng": 4000.0, "Shape_Area": 1000000.0, "nor_score": 0.33763026038900001, "oneminus": 0.66236973961099999 }, "geometry": { "type": "Polygon", "coordinates": [ [ [ 73.332586998380918, 22.642890869398315 ], [ 73.322858724732967, 22.642789374967652 ], [ 73.322749036176646, 22.651819332732366 ], [ 73.332477945353304, 22.651920872032658 ], [ 73.332586998380918, 22.642890869398315 ] ] ] } },
{ "type": "Feature", "properties": { "FeatureID": "357", "HA_Area": 100.0, "OBJECTID_1": 1144, "FID_1by1": 1158, "FREQUENCY": 529, "SUM_AgriAr": 50.846947243700001, "Agri_Per": 50.846947243700001, "Shape_Leng": 4000.0, "Shape_Area": 1000000.0, "nor_score": 0.60834132382499995, "oneminus": 0.391658676175 }, "geometry": { "type": "Polygon", "coordinates": [ [ [ 73.197689843903021, 22.542092711370167 ], [ 73.187969347324284, 22.541983493907523 ], [ 73.187851425330535, 22.551012914206687 ], [ 73.197572553655462, 22.551122180120576 ], [ 73.197689843903021, 22.542092711370167 ] ] ] } },
{ "type": "Feature", "properties": { "FeatureID": "358", "HA_Area": 100.0, "OBJECTID_1": 1237, "FID_1by1": 1251, "FREQUENCY": 659, "SUM_AgriAr": 67.202264134000004, "Agri_Per": 67.202264134000004, "Shape_Leng": 4000.0, "Shape_Area": 1000000.0, "nor_score": 0.80401905214500002, "oneminus": 0.195980947855 }, "geometry": { "type": "Polygon", "coordinates": [ [ [ 73.129404154881641, 22.559374105094037 ], [ 73.119682822165444, 22.559260680041024 ], [ 73.119560353692577, 22.568289732370879 ], [ 73.129282318674299, 22.568403207709238 ], [ 73.129404154881641, 22.559374105094037 ] ] ] } },
{ "type": "Feature", "properties": { "FeatureID": "359", "HA_Area": 100.0, "OBJECTID_1": 1557, "FID_1by1": 1572, "FREQUENCY": 496, "SUM_AgriAr": 27.094703407600001, "Agri_Per": 27.094703407600001, "Shape_Leng": 4000.0, "Shape_Area": 1000000.0, "nor_score": 0.324165532704, "oneminus": 0.67583446729600005 }, "geometry": { "type": "Polygon", "coordinates": [ [ [ 73.332913824856504, 22.615800797530017 ], [ 73.323187455857209, 22.61569943767411 ], [ 73.323077934556977, 22.62472942743506 ], [ 73.332804938116325, 22.624830832143545 ], [ 73.332913824856504, 22.615800797530017 ] ] ] } },
{ "type": "Feature", "properties": { "FeatureID": "360", "HA_Area": 100.0, "OBJECTID_1": 1594, "FID_1by1": 1609, "FREQUENCY": 318, "SUM_AgriAr": 24.053191366299998, "Agri_Per": 24.053191366299998, "Shape_Leng": 4000.0, "Shape_Area": 1000000.0, "nor_score": 0.28777637736799999, "oneminus": 0.71222362263200001 }, "geometry": { "type": "Polygon", "coordinates": [ [ [ 73.20635833153986, 22.623466608862472 ], [ 73.196632077718803, 22.623357544241284 ], [ 73.196514248720575, 22.632386916468633 ], [ 73.206241137205637, 22.632496029335641 ], [ 73.20635833153986, 22.623466608862472 ] ] ] } },
{ "type": "Feature", "properties": { "FeatureID": "361", "HA_Area": 100.0, "OBJECTID_1": 1409, "FID_1by1": 1424, "FREQUENCY": 106, "SUM_AgriAr": 5.0909787163300004, "Agri_Per": 5.0909787163300004, "Shape_Leng": 4000.0, "Shape_Area": 1000000.0, "nor_score": 0.060909315106300002, "oneminus": 0.93909068489400005 }, "geometry": { "type": "Polygon", "coordinates": [ [ [ 73.352689252993258, 22.588911315596221 ], [ 73.342964675364087, 22.588811266838125 ], [ 73.342856588374246, 22.597841377974913 ], [ 73.35258179962787, 22.597941471047548 ], [ 73.352689252993258, 22.588911315596221 ] ] ] } },
{ "type": "Feature", "properties": { "FeatureID": "362", "HA_Area": 100.0, "OBJECTID_1": 1345, "FID_1by1": 1359, "FREQUENCY": 975, "SUM_AgriAr": 49.343359816400003, "Agri_Per": 49.343359816400003, "Shape_Leng": 4000.0, "Shape_Area": 1000000.0, "nor_score": 0.59035215405999997, "oneminus": 0.40964784593999998 }, "geometry": { "type": "Polygon", "coordinates": [ [ [ 73.20694340943318, 22.57831934557656 ], [ 73.197220324094317, 22.578210522092991 ], [ 73.197102794576423, 22.587239947979217 ], [ 73.206826512966984, 22.587348819678116 ], [ 73.20694340943318, 22.57831934557656 ] ] ] } },
{ "type": "Feature", "properties": { "FeatureID": "363", "HA_Area": 100.0, "OBJECTID_1": 1748, "FID_1by1": 1763, "FREQUENCY": 178, "SUM_AgriAr": 8.4219024828099993, "Agri_Per": 8.4219024828099993, "Shape_Leng": 4000.0, "Shape_Area": 1000000.0, "nor_score": 0.100761040402, "oneminus": 0.89923895959800004 }, "geometry": { "type": "Polygon", "coordinates": [ [ [ 73.235075936396356, 22.659908458109054 ], [ 73.244804967584074, 22.660015354942221 ], [ 73.244919798144437, 22.650985776237725 ], [ 73.235191402658387, 22.650878926626135 ], [ 73.235075936396356, 22.659908458109054 ] ] ] } },
{ "type": "Feature", "properties": { "FeatureID": "364", "HA_Area": 100.0, "OBJECTID_1": 1893, "FID_1by1": 1909, "FREQUENCY": 603, "SUM_AgriAr": 37.677507428399998, "Agri_Per": 37.677507428399998, "Shape_Leng": 4000.0, "Shape_Area": 1000000.0, "nor_score": 0.45077995808799998, "oneminus": 0.54922004191200002 }, "geometry": { "type": "Polygon", "coordinates": [ [ [ 73.205654270799741, 22.677642970589677 ], [ 73.195924204151737, 22.67753361640186 ], [ 73.195806015199736, 22.686562924123375 ], [ 73.205536718449579, 22.686672326593712 ], [ 73.205654270799741, 22.677642970589677 ] ] ] } },
{ "type": "Feature", "properties": { "FeatureID": "365", "HA_Area": 100.0, "OBJECTID_1": 1158, "FID_1by1": 1172, "FREQUENCY": 51, "SUM_AgriAr": 3.6245375000200002, "Agri_Per": 3.6245375000200002, "Shape_Leng": 4000.0, "Shape_Area": 1000000.0, "nor_score": 0.043364568780299997, "oneminus": 0.95663543122000005 }, "geometry": { "type": "Polygon", "coordinates": [ [ [ 73.333782925848965, 22.543560137408956 ], [ 73.3240616217211, 22.543459136169673 ], [ 73.323952545722392, 22.552489211102156 ], [ 73.333674481831395, 22.552590257148719 ], [ 73.333782925848965, 22.543560137408956 ] ] ] } },
{ "type": "Feature", "properties": { "FeatureID": "366", "HA_Area": 100.0, "OBJECTID_1": 999, "FID_1by1": 1013, "FREQUENCY": 18, "SUM_AgriAr": 0.39749999999699998, "Agri_Per": 0.39749999999699998, "Shape_Leng": 4000.0, "Shape_Area": 1000000.0, "nor_score": 0.0047557560350599999, "oneminus": 0.995244243965 }, "geometry": { "type": "Polygon", "coordinates": [ [ [ 73.246635261822604, 22.515540811338262 ], [ 73.236916363157462, 22.51543466933412 ], [ 73.236801775477034, 22.524464361326238 ], [ 73.246521305009111, 22.52457055046256 ], [ 73.246635261822604, 22.515540811338262 ] ] ] } },
{ "type": "Feature", "properties": { "FeatureID": "367", "HA_Area": 100.0, "OBJECTID_1": 1142, "FID_1by1": 1156, "FREQUENCY": 511, "SUM_AgriAr": 74.388348342499995, "Agri_Per": 74.388348342499995, "Shape_Leng": 4000.0, "Shape_Area": 1000000.0, "nor_score": 0.88999455741099998, "oneminus": 0.110005442589 }, "geometry": { "type": "Polygon", "coordinates": [ [ [ 73.178248910841404, 22.541873689680077 ], [ 73.168528534776186, 22.541763298702698 ], [ 73.16840934934261, 22.550792621318703 ], [ 73.178130357118945, 22.550903061267778 ], [ 73.178248910841404, 22.541873689680077 ] ] ] } },
{ "type": "Feature", "properties": { "FeatureID": "368", "HA_Area": 100.0, "OBJECTID_1": 1656, "FID_1by1": 1671, "FREQUENCY": 233, "SUM_AgriAr": 9.9986982092600005, "Agri_Per": 9.9986982092600005, "Shape_Leng": 4000.0, "Shape_Area": 1000000.0, "nor_score": 0.11962608642, "oneminus": 0.88037391357999994 }, "geometry": { "type": "Polygon", "coordinates": [ [ [ 73.322968357520992, 22.633759406534047 ], [ 73.313240774830803, 22.633657367397973 ], [ 73.313130506853312, 22.642687290706974 ], [ 73.322858724732967, 22.642789374967652 ], [ 73.322968357520992, 22.633759406534047 ] ] ] } },
{ "type": "Feature", "properties": { "FeatureID": "369", "HA_Area": 100.0, "OBJECTID_1": 1949, "FID_1by1": 1965, "FREQUENCY": 86, "SUM_AgriAr": 3.9834162994, "Agri_Per": 3.9834162994, "Shape_Leng": 4000.0, "Shape_Area": 1000000.0, "nor_score": 0.047658254355199998, "oneminus": 0.95234174564499996 }, "geometry": { "type": "Polygon", "coordinates": [ [ [ 73.263922180970496, 22.687316330698437 ], [ 73.254191124188239, 22.687210474220269 ], [ 73.254076696993678, 22.696240056998864 ], [ 73.263808390804542, 22.696345960200965 ], [ 73.263922180970496, 22.687316330698437 ] ] ] } },
{ "type": "Feature", "properties": { "FeatureID": "370", "HA_Area": 100.0, "OBJECTID_1": 1190, "FID_1by1": 1204, "FREQUENCY": 221, "SUM_AgriAr": 17.365577351, "Agri_Per": 17.365577351, "Shape_Leng": 4000.0, "Shape_Area": 1000000.0, "nor_score": 0.207764652302, "oneminus": 0.79223534769799997 }, "geometry": { "type": "Polygon", "coordinates": [ [ [ 73.158688402323349, 22.550681594374435 ], [ 73.148967516383024, 22.550569980449982 ], [ 73.148847006179523, 22.559599193600313 ], [ 73.158568524117371, 22.559710857023106 ], [ 73.158688402323349, 22.550681594374435 ] ] ] } },
{ "type": "Feature", "properties": { "FeatureID": "371", "HA_Area": 100.0, "OBJECTID_1": 1550, "FID_1by1": 1565, "FREQUENCY": 271, "SUM_AgriAr": 23.2579302187, "Agri_Per": 23.2579302187, "Shape_Leng": 4000.0, "Shape_Area": 1000000.0, "nor_score": 0.27826174088400002, "oneminus": 0.72173825911599998 }, "geometry": { "type": "Polygon", "coordinates": [ [ [ 73.264830423264343, 22.615078909014304 ], [ 73.255104451077457, 22.614973426114368 ], [ 73.254990488317304, 22.624003094611073 ], [ 73.264717094948452, 22.624108624187585 ], [ 73.264830423264343, 22.615078909014304 ] ] ] } },
{ "type": "Feature", "properties": { "FeatureID": "372", "HA_Area": 100.0, "OBJECTID_1": 1696, "FID_1by1": 1711, "FREQUENCY": 286, "SUM_AgriAr": 16.637433764099999, "Agri_Per": 16.637433764099999, "Shape_Leng": 4000.0, "Shape_Area": 1000000.0, "nor_score": 0.19905302146500001, "oneminus": 0.80094697853499996 }, "geometry": { "type": "Polygon", "coordinates": [ [ [ 73.225579108795912, 22.641741992319613 ], [ 73.215851466360618, 22.641634010532883 ], [ 73.215734788084461, 22.650663457527724 ], [ 73.225463065864076, 22.65077148705128 ], [ 73.225579108795912, 22.641741992319613 ] ] ] } },
{ "type": "Feature", "properties": { "FeatureID": "373", "HA_Area": 100.0, "OBJECTID_1": 1202, "FID_1by1": 1216, "FREQUENCY": 76, "SUM_AgriAr": 11.355829543400001, "Agri_Per": 11.355829543400001, "Shape_Leng": 4000.0, "Shape_Area": 1000000.0, "nor_score": 0.13586303115600001, "oneminus": 0.86413696884400004 }, "geometry": { "type": "Polygon", "coordinates": [ [ [ 73.275343705707257, 22.551975172772497 ], [ 73.26562210806425, 22.551870603584629 ], [ 73.265509182983678, 22.560900393537789 ], [ 73.27523141283136, 22.561005009100665 ], [ 73.275343705707257, 22.551975172772497 ] ] ] } },
{ "type": "Feature", "properties": { "FeatureID": "374", "HA_Area": 100.0, "OBJECTID_1": 1650, "FID_1by1": 1665, "FREQUENCY": 251, "SUM_AgriAr": 9.0595411825800003, "Agri_Per": 9.0595411825800003, "Shape_Leng": 4000.0, "Shape_Area": 1000000.0, "nor_score": 0.10838985573400001, "oneminus": 0.89161014426600005 }, "geometry": { "type": "Polygon", "coordinates": [ [ [ 73.264603708960294, 22.633138328664149 ], [ 73.25487646756217, 22.633032752405153 ], [ 73.254762388795143, 22.642062399493156 ], [ 73.264490265283058, 22.642168022440554 ], [ 73.264603708960294, 22.633138328664149 ] ] ] } },
{ "type": "Feature", "properties": { "FeatureID": "375", "HA_Area": 100.0, "OBJECTID_1": 1203, "FID_1by1": 1217, "FREQUENCY": 50, "SUM_AgriAr": 7.5506864678700003, "Agri_Per": 7.5506864678700003, "Shape_Leng": 4000.0, "Shape_Area": 1000000.0, "nor_score": 0.090337667267199995, "oneminus": 0.90966233273300001 }, "geometry": { "type": "Polygon", "coordinates": [ [ [ 73.275343705707257, 22.551975172772497 ], [ 73.27523141283136, 22.561005009100665 ], [ 73.284953699911668, 22.561109037247924 ], [ 73.285065360566264, 22.552079154805078 ], [ 73.275343705707257, 22.551975172772497 ] ] ] } },
{ "type": "Feature", "properties": { "FeatureID": "376", "HA_Area": 100.0, "OBJECTID_1": 1536, "FID_1by1": 1551, "FREQUENCY": 449, "SUM_AgriAr": 40.304667820399999, "Agri_Per": 40.304667820399999, "Shape_Leng": 4000.0, "Shape_Area": 1000000.0, "nor_score": 0.482211741458, "oneminus": 0.51778825854199995 }, "geometry": { "type": "Polygon", "coordinates": [ [ [ 73.128672206067947, 22.613548559295388 ], [ 73.118947074926822, 22.613434832435061 ], [ 73.118824231766013, 22.622463820106212 ], [ 73.128549997105992, 22.622577597290004 ], [ 73.128672206067947, 22.613548559295388 ] ] ] } },
{ "type": "Feature", "properties": { "FeatureID": "377", "HA_Area": 100.0, "OBJECTID_1": 1109, "FID_1by1": 1123, "FREQUENCY": 140, "SUM_AgriAr": 4.3911448686999996, "Agri_Per": 4.3911448686999996, "Shape_Leng": 4000.0, "Shape_Area": 1000000.0, "nor_score": 0.052536386692600003, "oneminus": 0.94746361330700002 }, "geometry": { "type": "Polygon", "coordinates": [ [ [ 73.333782925848965, 22.543560137408956 ], [ 73.343504285244677, 22.543660551670012 ], [ 73.343612042319137, 22.534630376763683 ], [ 73.333891314598688, 22.534530007043944 ], [ 73.333782925848965, 22.543560137408956 ] ] ] } },
{ "type": "Feature", "properties": { "FeatureID": "378", "HA_Area": 100.0, "OBJECTID_1": 1797, "FID_1by1": 1812, "FREQUENCY": 505, "SUM_AgriAr": 38.190387414900002, "Agri_Per": 38.190387414900002, "Shape_Leng": 4000.0, "Shape_Area": 1000000.0, "nor_score": 0.45691613944999998, "oneminus": 0.54308386055000002 }, "geometry": { "type": "Polygon", "coordinates": [ [ [ 73.235075936396356, 22.659908458109054 ], [ 73.225346963917502, 22.659800971051968 ], [ 73.225230802939009, 22.668830444318203 ], [ 73.234960411425433, 22.668937978863536 ], [ 73.235075936396356, 22.659908458109054 ] ] ] } },
{ "type": "Feature", "properties": { "FeatureID": "379", "HA_Area": 100.0, "OBJECTID_1": 1437, "FID_1by1": 1452, "FREQUENCY": 603, "SUM_AgriAr": 65.251579391800007, "Agri_Per": 65.251579391800007, "Shape_Leng": 4000.0, "Shape_Area": 1000000.0, "nor_score": 0.78068073582999997, "oneminus": 0.21931926417 }, "geometry": { "type": "Polygon", "coordinates": [ [ [ 73.138640363342276, 22.595603488969452 ], [ 73.128916437496812, 22.595490450972985 ], [ 73.128794352858833, 22.604519510521872 ], [ 73.138518912276467, 22.604632598568713 ], [ 73.138640363342276, 22.595603488969452 ] ] ] } },
{ "type": "Feature", "properties": { "FeatureID": "380", "HA_Area": 100.0, "OBJECTID_1": 1010, "FID_1by1": 1024, "FREQUENCY": 27, "SUM_AgriAr": 5.0823031755399999, "Agri_Per": 5.0823031755399999, "Shape_Leng": 4000.0, "Shape_Area": 1000000.0, "nor_score": 0.060805519495000002, "oneminus": 0.93919448050499998 }, "geometry": { "type": "Polygon", "coordinates": [ [ [ 73.353546911927694, 22.516669689548813 ], [ 73.343827391694276, 22.516569995105868 ], [ 73.343719744463684, 22.525600191241143 ], [ 73.353439895744685, 22.525699929953948 ], [ 73.353546911927694, 22.516669689548813 ] ] ] } },
{ "type": "Feature", "properties": { "FeatureID": "381", "HA_Area": 100.0, "OBJECTID_1": 1040, "FID_1by1": 1054, "FREQUENCY": 405, "SUM_AgriAr": 50.624896274299999, "Agri_Per": 50.624896274299999, "Shape_Leng": 4000.0, "Shape_Area": 1000000.0, "nor_score": 0.60568466913899999, "oneminus": 0.39431533086100001 }, "geometry": { "type": "Polygon", "coordinates": [ [ [ 73.159047670538683, 22.523593742029867 ], [ 73.149328678660297, 22.523482276563012 ], [ 73.149208352605555, 22.53251152192782 ], [ 73.158927975516249, 22.532623036874298 ], [ 73.159047670538683, 22.523593742029867 ] ] ] } },
{ "type": "Feature", "properties": { "FeatureID": "382", "HA_Area": 100.0, "OBJECTID_1": 1286, "FID_1by1": 1300, "FREQUENCY": 748, "SUM_AgriAr": 66.271684504800007, "Agri_Per": 66.271684504800007, "Shape_Leng": 4000.0, "Shape_Area": 1000000.0, "nor_score": 0.792885442868, "oneminus": 0.207114557132 }, "geometry": { "type": "Polygon", "coordinates": [ [ [ 73.119560353692577, 22.568289732370879 ], [ 73.109838451113347, 22.568175669592808 ], [ 73.109715287668607, 22.577204660603069 ], [ 73.11943782281719, 22.577318773933097 ], [ 73.119560353692577, 22.568289732370879 ] ] ] } },
{ "type": "Feature", "properties": { "FeatureID": "383", "HA_Area": 100.0, "OBJECTID_1": 1056, "FID_1by1": 1070, "FREQUENCY": 12, "SUM_AgriAr": 0.20565125000600001, "Agri_Per": 0.20565125000600001, "Shape_Leng": 4000.0, "Shape_Area": 1000000.0, "nor_score": 0.0024604457191, "oneminus": 0.99753955428100005 }, "geometry": { "type": "Polygon", "coordinates": [ [ [ 73.314559621391439, 22.525297456329799 ], [ 73.304839691696799, 22.525195371813886 ], [ 73.304729464235379, 22.534225377631966 ], [ 73.314450025234962, 22.534327507464379 ], [ 73.314559621391439, 22.525297456329799 ] ] ] } },
{ "type": "Feature", "properties": { "FeatureID": "384", "HA_Area": 100.0, "OBJECTID_1": 1194, "FID_1by1": 1208, "FREQUENCY": 672, "SUM_AgriAr": 45.028957389200002, "Agri_Per": 45.028957389200002, "Shape_Leng": 4000.0, "Shape_Area": 1000000.0, "nor_score": 0.53873392668700004, "oneminus": 0.46126607331300001 }, "geometry": { "type": "Polygon", "coordinates": [ [ [ 73.197572553655462, 22.551122180120576 ], [ 73.187851425330535, 22.551012914206687 ], [ 73.187733443223422, 22.560042323788942 ], [ 73.197455203616414, 22.560151638160182 ], [ 73.197572553655462, 22.551122180120576 ] ] ] } },
{ "type": "Feature", "properties": { "FeatureID": "385", "HA_Area": 100.0, "OBJECTID_1": 1535, "FID_1by1": 1550, "FREQUENCY": 385, "SUM_AgriAr": 22.334521928499999, "Agri_Per": 22.334521928499999, "Shape_Leng": 4000.0, "Shape_Area": 1000000.0, "nor_score": 0.26721393069799998, "oneminus": 0.73278606930199996 }, "geometry": { "type": "Polygon", "coordinates": [ [ [ 73.118947074926822, 22.613434832435061 ], [ 73.109222006279197, 22.613320516833358 ], [ 73.10909852893775, 22.622349453920609 ], [ 73.118824231766013, 22.622463820106212 ], [ 73.118947074926822, 22.613434832435061 ] ] ] } },
{ "type": "Feature", "properties": { "FeatureID": "386", "HA_Area": 100.0, "OBJECTID_1": 1547, "FID_1by1": 1562, "FREQUENCY": 341, "SUM_AgriAr": 21.375653429700002, "Agri_Per": 21.375653429700002, "Shape_Leng": 4000.0, "Shape_Area": 1000000.0, "nor_score": 0.25574186868600002, "oneminus": 0.74425813131399998 }, "geometry": { "type": "Polygon", "coordinates": [ [ [ 73.235652680960456, 22.614760693479539 ], [ 73.225926883675498, 22.61465344377347 ], [ 73.225811017684421, 22.623682970677216 ], [ 73.235537449362596, 22.623790267841475 ], [ 73.235652680960456, 22.614760693479539 ] ] ] } },
{ "type": "Feature", "properties": { "FeatureID": "387", "HA_Area": 100.0, "OBJECTID_1": 1309, "FID_1by1": 1323, "FREQUENCY": 89, "SUM_AgriAr": 11.27143642, "Agri_Per": 11.27143642, "Shape_Leng": 4000.0, "Shape_Area": 1000000.0, "nor_score": 0.13485333780799999, "oneminus": 0.86514666219199998 }, "geometry": { "type": "Polygon", "coordinates": [ [ [ 73.34318068428199, 22.570751012657389 ], [ 73.33345742792838, 22.570650464738659 ], [ 73.333348818010734, 22.579680552581937 ], [ 73.343072707327991, 22.579781145064473 ], [ 73.34318068428199, 22.570751012657389 ] ] ] } },
{ "type": "Feature", "properties": { "FeatureID": "388", "HA_Area": 100.0, "OBJECTID_1": 1303, "FID_1by1": 1317, "FREQUENCY": 28, "SUM_AgriAr": 2.98814356339, "Agri_Per": 2.98814356339, "Shape_Leng": 4000.0, "Shape_Area": 1000000.0, "nor_score": 0.035750646000800003, "oneminus": 0.96424935399900003 }, "geometry": { "type": "Polygon", "coordinates": [ [ [ 73.284841982346521, 22.570138909030007 ], [ 73.275119062722794, 22.570034834762254 ], [ 73.275006655364948, 22.579064649753796 ], [ 73.28473020785421, 22.579168770147863 ], [ 73.284841982346521, 22.570138909030007 ] ] ] } },
{ "type": "Feature", "properties": { "FeatureID": "389", "HA_Area": 100.0, "OBJECTID_1": 1790, "FID_1by1": 1805, "FREQUENCY": 617, "SUM_AgriAr": 53.1211656065, "Agri_Per": 53.1211656065, "Shape_Leng": 4000.0, "Shape_Area": 1000000.0, "nor_score": 0.635550450125, "oneminus": 0.364449549875 }, "geometry": { "type": "Polygon", "coordinates": [ [ [ 73.166974380021614, 22.659143654828341 ], [ 73.157245827549943, 22.659032036616086 ], [ 73.157125215006943, 22.668061170165867 ], [ 73.166854403363402, 22.668172837690992 ], [ 73.166974380021614, 22.659143654828341 ] ] ] } },
{ "type": "Feature", "properties": { "FeatureID": "390", "HA_Area": 100.0, "OBJECTID_1": 1942, "FID_1by1": 1958, "FREQUENCY": 559, "SUM_AgriAr": 33.050760370500001, "Agri_Per": 33.050760370500001, "Shape_Leng": 4000.0, "Shape_Area": 1000000.0, "nor_score": 0.39542478766400002, "oneminus": 0.60457521233599998 }, "geometry": { "type": "Polygon", "coordinates": [ [ [ 73.195806015199736, 22.686562924123375 ], [ 73.1860753720036, 22.686452930705769 ], [ 73.185956486090319, 22.695482179114695 ], [ 73.195687766194027, 22.695592221081711 ], [ 73.195806015199736, 22.686562924123375 ] ] ] } },
{ "type": "Feature", "properties": { "FeatureID": "391", "HA_Area": 100.0, "OBJECTID_1": 1096, "FID_1by1": 1110, "FREQUENCY": 400, "SUM_AgriAr": 32.044841790200003, "Agri_Per": 32.044841790200003, "Shape_Leng": 4000.0, "Shape_Area": 1000000.0, "nor_score": 0.38338981066, "oneminus": 0.61661018934 }, "geometry": { "type": "Polygon", "coordinates": [ [ [ 73.217246983633586, 22.533279810374637 ], [ 73.207526999287552, 22.533171814410586 ], [ 73.207410400255839, 22.542201342053229 ], [ 73.217131016060947, 22.542309385942005 ], [ 73.217246983633586, 22.533279810374637 ] ] ] } },
{ "type": "Feature", "properties": { "FeatureID": "392", "HA_Area": 100.0, "OBJECTID_1": 1339, "FID_1by1": 1353, "FREQUENCY": 231, "SUM_AgriAr": 10.8052680881, "Agri_Per": 10.8052680881, "Shape_Leng": 4000.0, "Shape_Area": 1000000.0, "nor_score": 0.12927602244200001, "oneminus": 0.87072397755800002 }, "geometry": { "type": "Polygon", "coordinates": [ [ [ 73.148605801498718, 22.577657587661893 ], [ 73.138883080054342, 22.577545237477835 ], [ 73.138761752595556, 22.586574368604659 ], [ 73.148485106985646, 22.586686768566121 ], [ 73.148605801498718, 22.577657587661893 ] ] ] } },
{ "type": "Feature", "properties": { "FeatureID": "393", "HA_Area": 100.0, "OBJECTID_1": 1195, "FID_1by1": 1209, "FREQUENCY": 566, "SUM_AgriAr": 41.551372169399997, "Agri_Per": 41.551372169399997, "Shape_Leng": 4000.0, "Shape_Area": 1000000.0, "nor_score": 0.49712751939900002, "oneminus": 0.50287248060099998 }, "geometry": { "type": "Polygon", "coordinates": [ [ [ 73.197572553655462, 22.551122180120576 ], [ 73.197455203616414, 22.560151638160182 ], [ 73.207177023818289, 22.560260365231333 ], [ 73.207293741771849, 22.551230858994646 ], [ 73.197572553655462, 22.551122180120576 ] ] ] } },
{ "type": "Feature", "properties": { "FeatureID": "394", "HA_Area": 100.0, "OBJECTID_1": 1758, "FID_1by1": 1773, "FREQUENCY": 143, "SUM_AgriAr": 10.7255572978, "Agri_Per": 10.7255572978, "Shape_Leng": 4000.0, "Shape_Area": 1000000.0, "nor_score": 0.128322349305, "oneminus": 0.87167765069500003 }, "geometry": { "type": "Polygon", "coordinates": [ [ [ 73.342206909991503, 22.652021821228491 ], [ 73.332477945353304, 22.651920872032658 ], [ 73.332368836864177, 22.660950864000384 ], [ 73.342098437370367, 22.66105185781079 ], [ 73.342206909991503, 22.652021821228491 ] ] ] } },
{ "type": "Feature", "properties": { "FeatureID": "395", "HA_Area": 100.0, "OBJECTID_1": 1036, "FID_1by1": 1050, "FREQUENCY": 539, "SUM_AgriAr": 45.733946778700002, "Agri_Per": 45.733946778700002, "Shape_Leng": 4000.0, "Shape_Area": 1000000.0, "nor_score": 0.54716853686, "oneminus": 0.45283146314 }, "geometry": { "type": "Polygon", "coordinates": [ [ [ 73.120172072394723, 22.523144363115701 ], [ 73.110453327834506, 22.523030553001821 ], [ 73.110330477829834, 22.532059597846871 ], [ 73.120049853350451, 22.532173458480859 ], [ 73.120172072394723, 22.523144363115701 ] ] ] } },
{ "type": "Feature", "properties": { "FeatureID": "396", "HA_Area": 100.0, "OBJECTID_1": 1448, "FID_1by1": 1463, "FREQUENCY": 142, "SUM_AgriAr": 5.7262341286499998, "Agri_Per": 5.7262341286499998, "Shape_Leng": 4000.0, "Shape_Area": 1000000.0, "nor_score": 0.068509616391700001, "oneminus": 0.93149038360799996 }, "geometry": { "type": "Polygon", "coordinates": [ [ [ 73.245607556358692, 22.596808079033696 ], [ 73.2358829683035, 22.596701512625994 ], [ 73.235767853935059, 22.605731108406562 ], [ 73.245493075755476, 22.605837722 ], [ 73.245607556358692, 22.596808079033696 ] ] ] } },
{ "type": "Feature", "properties": { "FeatureID": "397", "HA_Area": 100.0, "OBJECTID_1": 1646, "FID_1by1": 1661, "FREQUENCY": 4, "SUM_AgriAr": 0.020000000000899999, "Agri_Per": 0.020000000000899999, "Shape_Leng": 4000.0, "Shape_Area": 1000000.0, "nor_score": 0.000239283322531, "oneminus": 0.99976071667699995 }, "geometry": { "type": "Polygon", "coordinates": [ [ [ 73.225695092730291, 22.632712486860417 ], [ 73.215968085316462, 22.632604552804469 ], [ 73.215851466360618, 22.641634010532883 ], [ 73.225579108795912, 22.641741992319613 ], [ 73.225695092730291, 22.632712486860417 ] ] ] } },
{ "type": "Feature", "properties": { "FeatureID": "398", "HA_Area": 100.0, "OBJECTID_1": 1754, "FID_1by1": 1769, "FREQUENCY": 255, "SUM_AgriAr": 11.204422703500001, "Agri_Per": 11.204422703500001, "Shape_Leng": 4000.0, "Shape_Area": 1000000.0, "nor_score": 0.134051574571, "oneminus": 0.86594842542899997 }, "geometry": { "type": "Polygon", "coordinates": [ [ [ 73.293450992848378, 22.660540985244975 ], [ 73.303180369504673, 22.660644340433201 ], [ 73.30329138550016, 22.651614483873558 ], [ 73.293562644646443, 22.651511174342787 ], [ 73.293450992848378, 22.660540985244975 ] ] ] } },
{ "type": "Feature", "properties": { "FeatureID": "399", "HA_Area": 100.0, "OBJECTID_1": 1943, "FID_1by1": 1959, "FREQUENCY": 378, "SUM_AgriAr": 25.401200523299998, "Agri_Per": 25.401200523299998, "Shape_Leng": 4000.0, "Shape_Area": 1000000.0, "nor_score": 0.30390418286199999, "oneminus": 0.69609581713799995 }, "geometry": { "type": "Polygon", "coordinates": [ [ [ 73.205536718449579, 22.686672326593712 ], [ 73.195806015199736, 22.686562924123375 ], [ 73.195687766194027, 22.695592221081711 ], [ 73.205419106368993, 22.695701671840709 ], [ 73.205536718449579, 22.686672326593712 ] ] ] } },
{ "type": "Feature", "properties": { "FeatureID": "400", "HA_Area": 100.0, "OBJECTID_1": 1803, "FID_1by1": 1818, "FREQUENCY": 346, "SUM_AgriAr": 42.608712577600002, "Agri_Per": 42.608712577600002, "Shape_Leng": 4000.0, "Shape_Area": 1000000.0, "nor_score": 0.50977771569499997, "oneminus": 0.49022228430499998 }, "geometry": { "type": "Polygon", "coordinates": [ [ [ 73.293450992848378, 22.660540985244975 ], [ 73.2837216729624, 22.660437039747112 ], [ 73.283609328284854, 22.669466794032303 ], [ 73.293339284279952, 22.669570785454155 ], [ 73.293450992848378, 22.660540985244975 ] ] ] } },
{ "type": "Feature", "properties": { "FeatureID": "401", "HA_Area": 100.0, "OBJECTID_1": 1086, "FID_1by1": 1100, "FREQUENCY": 635, "SUM_AgriAr": 42.989370811100002, "Agri_Per": 42.989370811100002, "Shape_Leng": 4000.0, "Shape_Area": 1000000.0, "nor_score": 0.51433197403800002, "oneminus": 0.48566802596199998 }, "geometry": { "type": "Polygon", "coordinates": [ [ [ 73.120049853350451, 22.532173458480859 ], [ 73.110330477829834, 22.532059597846871 ], [ 73.110207565173596, 22.54108863193203 ], [ 73.119927571976234, 22.541202543092481 ], [ 73.120049853350451, 22.532173458480859 ] ] ] } },
{ "type": "Feature", "properties": { "FeatureID": "402", "HA_Area": 100.0, "OBJECTID_1": 1337, "FID_1by1": 1351, "FREQUENCY": 545, "SUM_AgriAr": 30.0660730267, "Agri_Per": 30.0660730267, "Shape_Leng": 4000.0, "Shape_Area": 1000000.0, "nor_score": 0.35971549244899997, "oneminus": 0.64028450755099997 }, "geometry": { "type": "Polygon", "coordinates": [ [ [ 73.129160420386455, 22.577432299563139 ], [ 73.11943782281719, 22.577318773933097 ], [ 73.119315229521106, 22.586347804724149 ], [ 73.12903846, 22.586461380652235 ], [ 73.129160420386455, 22.577432299563139 ] ] ] } },
{ "type": "Feature", "properties": { "FeatureID": "403", "HA_Area": 100.0, "OBJECTID_1": 1402, "FID_1by1": 1417, "FREQUENCY": 25, "SUM_AgriAr": 4.7152312308399997, "Agri_Per": 4.7152312308399997, "Shape_Leng": 4000.0, "Shape_Area": 1000000.0, "nor_score": 0.056413809768399999, "oneminus": 0.94358619023199997 }, "geometry": { "type": "Polygon", "coordinates": [ [ [ 73.28461837641818, 22.588198620598039 ], [ 73.27489419074108, 22.588094454071832 ], [ 73.274781668834535, 22.597124247712884 ], [ 73.284506488021833, 22.59722846037706 ], [ 73.28461837641818, 22.588198620598039 ] ] ] } },
{ "type": "Feature", "properties": { "FeatureID": "404", "HA_Area": 100.0, "OBJECTID_1": 1895, "FID_1by1": 1911, "FREQUENCY": 442, "SUM_AgriAr": 39.311739195800001, "Agri_Per": 39.311739195800001, "Shape_Leng": 4000.0, "Shape_Area": 1000000.0, "nor_score": 0.47033217844199998, "oneminus": 0.52966782155799996 }, "geometry": { "type": "Polygon", "coordinates": [ [ [ 73.215267481429805, 22.68678113810196 ], [ 73.224998303817102, 22.686889358633369 ], [ 73.225114582911303, 22.677859906846493 ], [ 73.215384397160662, 22.677751734076136 ], [ 73.215267481429805, 22.68678113810196 ] ] ] } },
{ "type": "Feature", "properties": { "FeatureID": "405", "HA_Area": 100.0, "OBJECTID_1": 1349, "FID_1by1": 1364, "FREQUENCY": 6, "SUM_AgriAr": 0.20815124999699999, "Agri_Per": 0.20815124999699999, "Shape_Leng": 4000.0, "Shape_Area": 1000000.0, "nor_score": 0.0024903561343100002, "oneminus": 0.99750964386600005 }, "geometry": { "type": "Polygon", "coordinates": [ [ [ 73.255559722506618, 22.578854645170733 ], [ 73.24583634278207, 22.578748761010175 ], [ 73.245721978695229, 22.587778425369272 ], [ 73.255445991557266, 22.587884356443226 ], [ 73.255559722506618, 22.578854645170733 ] ] ] } },
{ "type": "Feature", "properties": { "FeatureID": "406", "HA_Area": 100.0, "OBJECTID_1": 1740, "FID_1by1": 1755, "FREQUENCY": 503, "SUM_AgriAr": 53.163168124499997, "Agri_Per": 53.163168124499997, "Shape_Leng": 4000.0, "Shape_Area": 1000000.0, "nor_score": 0.63605297522799997, "oneminus": 0.36394702477200003 }, "geometry": { "type": "Polygon", "coordinates": [ [ [ 73.167094295709802, 22.65011446119442 ], [ 73.157366378799935, 22.650002892288793 ], [ 73.157245827549943, 22.659032036616086 ], [ 73.166974380021614, 22.659143654828341 ], [ 73.167094295709802, 22.65011446119442 ] ] ] } },
{ "type": "Feature", "properties": { "FeatureID": "407", "HA_Area": 100.0, "OBJECTID_1": 1054, "FID_1by1": 1068, "FREQUENCY": 88, "SUM_AgriAr": 14.389662699300001, "Agri_Per": 14.389662699300001, "Shape_Leng": 4000.0, "Shape_Area": 1000000.0, "nor_score": 0.17216031503199999, "oneminus": 0.82783968496799998 }, "geometry": { "type": "Polygon", "coordinates": [ [ [ 73.295119818203105, 22.525092700881551 ], [ 73.285400001232105, 22.52498944354668 ], [ 73.285288511209927, 22.534019357950992 ], [ 73.295008959453099, 22.534122661122865 ], [ 73.295119818203105, 22.525092700881551 ] ] ] } },
{ "type": "Feature", "properties": { "FeatureID": "408", "HA_Area": 100.0, "OBJECTID_1": 1636, "FID_1by1": 1651, "FREQUENCY": 453, "SUM_AgriAr": 57.5139609115, "Agri_Per": 57.5139609115, "Shape_Leng": 4000.0, "Shape_Area": 1000000.0, "nor_score": 0.688106582912, "oneminus": 0.311893417088 }, "geometry": { "type": "Polygon", "coordinates": [ [ [ 73.128427725954879, 22.631606624502218 ], [ 73.118701326093472, 22.631492796988585 ], [ 73.118578357890925, 22.640521763078674 ], [ 73.128305392596417, 22.640635640928508 ], [ 73.128427725954879, 22.631606624502218 ] ] ] } },
{ "type": "Feature", "properties": { "FeatureID": "409", "HA_Area": 100.0, "OBJECTID_1": 998, "FID_1by1": 1012, "FREQUENCY": 5, "SUM_AgriAr": 0.42577750000499998, "Agri_Per": 0.42577750000499998, "Shape_Leng": 4000.0, "Shape_Area": 1000000.0, "nor_score": 0.0050940727427900004, "oneminus": 0.994905927257 }, "geometry": { "type": "Polygon", "coordinates": [ [ [ 73.236916363157462, 22.51543466933412 ], [ 73.227197522928151, 22.515327941272652 ], [ 73.227082304397754, 22.524357585872426 ], [ 73.236801775477034, 22.524464361326238 ], [ 73.236916363157462, 22.51543466933412 ] ] ] } },
{ "type": "Feature", "properties": { "FeatureID": "410", "HA_Area": 100.0, "OBJECTID_1": 1449, "FID_1by1": 1464, "FREQUENCY": 139, "SUM_AgriAr": 9.0312661601700004, "Agri_Per": 9.0312661601700004, "Shape_Leng": 4000.0, "Shape_Area": 1000000.0, "nor_score": 0.10805156866899999, "oneminus": 0.89194843133099999 }, "geometry": { "type": "Polygon", "coordinates": [ [ [ 73.255332202680549, 22.596914057026972 ], [ 73.245607556358692, 22.596808079033696 ], [ 73.245493075755476, 22.605837722 ], [ 73.255218355859569, 22.605943746918513 ], [ 73.255332202680549, 22.596914057026972 ] ] ] } },
{ "type": "Feature", "properties": { "FeatureID": "411", "HA_Area": 100.0, "OBJECTID_1": 1851, "FID_1by1": 1866, "FREQUENCY": 102, "SUM_AgriAr": 4.9838142203700002, "Agri_Per": 4.9838142203700002, "Shape_Leng": 4000.0, "Shape_Area": 1000000.0, "nor_score": 0.059627181273799998, "oneminus": 0.94037281872599998 }, "geometry": { "type": "Polygon", "coordinates": [ [ [ 73.273879429399884, 22.669362212054182 ], [ 73.264149587948282, 22.669257039533946 ], [ 73.264035913346106, 22.678286690474945 ], [ 73.27376639119656, 22.678391909446507 ], [ 73.273879429399884, 22.669362212054182 ] ] ] } },
{ "type": "Feature", "properties": { "FeatureID": "412", "HA_Area": 100.0, "OBJECTID_1": 1637, "FID_1by1": 1652, "FREQUENCY": 458, "SUM_AgriAr": 63.363670431499997, "Agri_Per": 63.363670431499997, "Shape_Leng": 4000.0, "Shape_Area": 1000000.0, "nor_score": 0.75809347939799998, "oneminus": 0.24190652060199999 }, "geometry": { "type": "Polygon", "coordinates": [ [ [ 73.128427725954879, 22.631606624502218 ], [ 73.128305392596417, 22.640635640928508 ], [ 73.13803248952739, 22.640748929240139 ], [ 73.13815418802362, 22.631719862738141 ], [ 73.128427725954879, 22.631606624502218 ] ] ] } },
{ "type": "Feature", "properties": { "FeatureID": "413", "HA_Area": 100.0, "OBJECTID_1": 1391, "FID_1by1": 1406, "FREQUENCY": 235, "SUM_AgriAr": 12.842273178499999, "Agri_Per": 12.842273178499999, "Shape_Leng": 4000.0, "Shape_Area": 1000000.0, "nor_score": 0.15364708974399999, "oneminus": 0.84635291025600001 }, "geometry": { "type": "Polygon", "coordinates": [ [ [ 73.177655537700943, 22.587020440352987 ], [ 73.167931999860556, 22.586909804455392 ], [ 73.167812510464614, 22.595939073390184 ], [ 73.177536681626364, 22.596049758290384 ], [ 73.177655537700943, 22.587020440352987 ] ] ] } },
{ "type": "Feature", "properties": { "FeatureID": "414", "HA_Area": 100.0, "OBJECTID_1": 1944, "FID_1by1": 1960, "FREQUENCY": 337, "SUM_AgriAr": 31.320897850400002, "Agri_Per": 31.320897850400002, "Shape_Leng": 4000.0, "Shape_Area": 1000000.0, "nor_score": 0.37472842509900001, "oneminus": 0.62527157490100005 }, "geometry": { "type": "Polygon", "coordinates": [ [ [ 73.215267481429805, 22.68678113810196 ], [ 73.205536718449579, 22.686672326593712 ], [ 73.205419106368993, 22.695701671840709 ], [ 73.215150506291863, 22.695810531376839 ], [ 73.215267481429805, 22.68678113810196 ] ] ] } },
{ "type": "Feature", "properties": { "FeatureID": "415", "HA_Area": 100.0, "OBJECTID_1": 1245, "FID_1by1": 1259, "FREQUENCY": 648, "SUM_AgriAr": 40.788748157599997, "Agri_Per": 40.788748157599997, "Shape_Leng": 4000.0, "Shape_Area": 1000000.0, "nor_score": 0.48800335903100001, "oneminus": 0.51199664096899999 }, "geometry": { "type": "Polygon", "coordinates": [ [ [ 73.207177023818289, 22.560260365231333 ], [ 73.197455203616414, 22.560151638160182 ], [ 73.197337793768511, 22.569181085485482 ], [ 73.207060246377836, 22.569289860759802 ], [ 73.207177023818289, 22.560260365231333 ] ] ] } },
{ "type": "Feature", "properties": { "FeatureID": "416", "HA_Area": 100.0, "OBJECTID_1": 1884, "FID_1by1": 1900, "FREQUENCY": 421, "SUM_AgriAr": 52.667909589799997, "Agri_Per": 52.667909589799997, "Shape_Leng": 4000.0, "Shape_Area": 1000000.0, "nor_score": 0.63012761984300003, "oneminus": 0.36987238015700002 }, "geometry": { "type": "Polygon", "coordinates": [ [ [ 73.1180858594157, 22.676637519445602 ], [ 73.108356344727028, 22.676522849622053 ], [ 73.108232427160132, 22.685551711069071 ], [ 73.11796257828918, 22.685666431521412 ], [ 73.1180858594157, 22.676637519445602 ] ] ] } },
{ "type": "Feature", "properties": { "FeatureID": "417", "HA_Area": 100.0, "OBJECTID_1": 1357, "FID_1by1": 1372, "FREQUENCY": 46, "SUM_AgriAr": 5.5855737946900001, "Agri_Per": 5.5855737946900001, "Shape_Leng": 4000.0, "Shape_Area": 1000000.0, "nor_score": 0.066826732788900001, "oneminus": 0.93317326721100002 }, "geometry": { "type": "Polygon", "coordinates": [ [ [ 73.333348818010734, 22.579680552581937 ], [ 73.323624984025713, 22.579579372079621 ], [ 73.323515685505981, 22.588609404453948 ], [ 73.333240152760851, 22.58871062978616 ], [ 73.333348818010734, 22.579680552581937 ] ] ] } },
{ "type": "Feature", "properties": { "FeatureID": "418", "HA_Area": 100.0, "OBJECTID_1": 1204, "FID_1by1": 1218, "FREQUENCY": 53, "SUM_AgriAr": 6.0568807507700004, "Agri_Per": 6.0568807507700004, "Shape_Leng": 4000.0, "Shape_Area": 1000000.0, "nor_score": 0.072465527507799998, "oneminus": 0.92753447249200005 }, "geometry": { "type": "Polygon", "coordinates": [ [ [ 73.294787072319281, 22.552182549668295 ], [ 73.285065360566264, 22.552079154805078 ], [ 73.284953699911668, 22.561109037247924 ], [ 73.294676043902555, 22.561212477965476 ], [ 73.294787072319281, 22.552182549668295 ] ] ] } },
{ "type": "Feature", "properties": { "FeatureID": "419", "HA_Area": 100.0, "OBJECTID_1": 1608, "FID_1by1": 1623, "FREQUENCY": 537, "SUM_AgriAr": 55.8587597171, "Agri_Per": 55.8587597171, "Shape_Leng": 4000.0, "Shape_Area": 1000000.0, "nor_score": 0.66830348085000002, "oneminus": 0.33169651914999998 }, "geometry": { "type": "Polygon", "coordinates": [ [ [ 73.332695995963192, 22.633860856100789 ], [ 73.342423689834547, 22.633961716084436 ], [ 73.342531997088642, 22.624931647529575 ], [ 73.332804938116325, 22.624830832143545 ], [ 73.332695995963192, 22.633860856100789 ] ] ] } },
{ "type": "Feature", "properties": { "FeatureID": "420", "HA_Area": 100.0, "OBJECTID_1": 1059, "FID_1by1": 1073, "FREQUENCY": 63, "SUM_AgriAr": 1.94134641851, "Agri_Per": 1.94134641851, "Shape_Leng": 4000.0, "Shape_Area": 1000000.0, "nor_score": 0.0232265910592, "oneminus": 0.97677340894099995 }, "geometry": { "type": "Polygon", "coordinates": [ [ [ 73.343719744463684, 22.525600191241143 ], [ 73.333999648096636, 22.525499866057121 ], [ 73.333891314598688, 22.534530007043944 ], [ 73.343612042319137, 22.534630376763683 ], [ 73.343719744463684, 22.525600191241143 ] ] ] } },
{ "type": "Feature", "properties": { "FeatureID": "421", "HA_Area": 100.0, "OBJECTID_1": 1657, "FID_1by1": 1672, "FREQUENCY": 309, "SUM_AgriAr": 16.426869658299999, "Agri_Per": 16.426869658299999, "Shape_Leng": 4000.0, "Shape_Area": 1000000.0, "nor_score": 0.19653379752299999, "oneminus": 0.80346620247699996 }, "geometry": { "type": "Polygon", "coordinates": [ [ [ 73.332695995963192, 22.633860856100789 ], [ 73.322968357520992, 22.633759406534047 ], [ 73.322858724732967, 22.642789374967652 ], [ 73.332586998380918, 22.642890869398315 ], [ 73.332695995963192, 22.633860856100789 ] ] ] } },
{ "type": "Feature", "properties": { "FeatureID": "422", "HA_Area": 100.0, "OBJECTID_1": 1587, "FID_1by1": 1602, "FREQUENCY": 521, "SUM_AgriAr": 47.363527183899997, "Agri_Per": 47.363527183899997, "Shape_Leng": 4000.0, "Shape_Area": 1000000.0, "nor_score": 0.56666510754300004, "oneminus": 0.43333489245700002 }, "geometry": { "type": "Polygon", "coordinates": [ [ [ 73.13815418802362, 22.631719862738141 ], [ 73.138275824635173, 22.622690785456573 ], [ 73.128549997105992, 22.622577597290004 ], [ 73.128427725954879, 22.631606624502218 ], [ 73.13815418802362, 22.631719862738141 ] ] ] } },
{ "type": "Feature", "properties": { "FeatureID": "423", "HA_Area": 100.0, "OBJECTID_1": 1038, "FID_1by1": 1052, "FREQUENCY": 236, "SUM_AgriAr": 16.922033900300001, "Agri_Per": 16.922033900300001, "Shape_Leng": 4000.0, "Shape_Area": 1000000.0, "nor_score": 0.20245802477399999, "oneminus": 0.79754197522600001 }, "geometry": { "type": "Polygon", "coordinates": [ [ [ 73.13960974812916, 22.523370224911581 ], [ 73.129890879266782, 22.523257587090733 ], [ 73.129769291201029, 22.532286732715885 ], [ 73.139488791059946, 22.532399420536624 ], [ 73.13960974812916, 22.523370224911581 ] ] ] } },
{ "type": "Feature", "properties": { "FeatureID": "424", "HA_Area": 100.0, "OBJECTID_1": 1244, "FID_1by1": 1258, "FREQUENCY": 832, "SUM_AgriAr": 44.9621287517, "Agri_Per": 44.9621287517, "Shape_Leng": 4000.0, "Shape_Area": 1000000.0, "nor_score": 0.53793437776599995, "oneminus": 0.462065622234 }, "geometry": { "type": "Polygon", "coordinates": [ [ [ 73.197455203616414, 22.560151638160182 ], [ 73.187733443223422, 22.560042323788942 ], [ 73.187615400985464, 22.569071722650783 ], [ 73.197337793768511, 22.569181085485482 ], [ 73.197455203616414, 22.560151638160182 ] ] ] } },
{ "type": "Feature", "properties": { "FeatureID": "425", "HA_Area": 100.0, "OBJECTID_1": 1903, "FID_1by1": 1919, "FREQUENCY": 362, "SUM_AgriAr": 35.436394102599998, "Agri_Per": 35.436394102599998, "Shape_Leng": 4000.0, "Shape_Area": 1000000.0, "nor_score": 0.42396690595100001, "oneminus": 0.57603309404900005 }, "geometry": { "type": "Polygon", "coordinates": [ [ [ 73.302958168155598, 22.678704021487373 ], [ 73.29322751892461, 22.678600574966858 ], [ 73.293115696765724, 22.687630353779646 ], [ 73.302846982768983, 22.687733845974993 ], [ 73.302958168155598, 22.678704021487373 ] ] ] } },
{ "type": "Feature", "properties": { "FeatureID": "426", "HA_Area": 100.0, "OBJECTID_1": 1709, "FID_1by1": 1724, "FREQUENCY": 420, "SUM_AgriAr": 65.619437816100003, "Agri_Per": 65.619437816100003, "Shape_Leng": 4000.0, "Shape_Area": 1000000.0, "nor_score": 0.78508185512899997, "oneminus": 0.214918144871 }, "geometry": { "type": "Polygon", "coordinates": [ [ [ 73.352043711689802, 22.643092088714727 ], [ 73.342315327474196, 22.642991773985237 ], [ 73.342206909991503, 22.652021821228491 ], [ 73.351935929768132, 22.652122180306197 ], [ 73.352043711689802, 22.643092088714727 ] ] ] } },
{ "type": "Feature", "properties": { "FeatureID": "427", "HA_Area": 100.0, "OBJECTID_1": 1850, "FID_1by1": 1865, "FREQUENCY": 207, "SUM_AgriAr": 10.0472242112, "Agri_Per": 10.0472242112, "Shape_Leng": 4000.0, "Shape_Area": 1000000.0, "nor_score": 0.120206659568, "oneminus": 0.87979334043199997 }, "geometry": { "type": "Polygon", "coordinates": [ [ [ 73.264149587948282, 22.669257039533946 ], [ 73.254419804253217, 22.669151276485859 ], [ 73.254305493269086, 22.678180880714777 ], [ 73.264035913346106, 22.678286690474945 ], [ 73.264149587948282, 22.669257039533946 ] ] ] } },
{ "type": "Feature", "properties": { "FeatureID": "428", "HA_Area": 100.0, "OBJECTID_1": 1638, "FID_1by1": 1653, "FREQUENCY": 468, "SUM_AgriAr": 57.635719560399998, "Agri_Per": 57.635719560399998, "Shape_Leng": 4000.0, "Shape_Area": 1000000.0, "nor_score": 0.68956332361399997, "oneminus": 0.31043667638599998 }, "geometry": { "type": "Polygon", "coordinates": [ [ [ 73.13815418802362, 22.631719862738141 ], [ 73.13803248952739, 22.640748929240139 ], [ 73.147759648361102, 22.640861627998216 ], [ 73.147880711977052, 22.631832511681033 ], [ 73.13815418802362, 22.631719862738141 ] ] ] } },
{ "type": "Feature", "properties": { "FeatureID": "429", "HA_Area": 100.0, "OBJECTID_1": 1855, "FID_1by1": 1870, "FREQUENCY": 324, "SUM_AgriAr": 16.357971147499999, "Agri_Per": 16.357971147499999, "Shape_Leng": 4000.0, "Shape_Area": 1000000.0, "nor_score": 0.19570948429400001, "oneminus": 0.80429051570599996 }, "geometry": { "type": "Polygon", "coordinates": [ [ [ 73.302958168155598, 22.678704021487373 ], [ 73.31268887386679, 22.678806877162721 ], [ 73.312799366307701, 22.669776996572711 ], [ 73.303069297061981, 22.669674186305627 ], [ 73.302958168155598, 22.678704021487373 ] ] ] } },
{ "type": "Feature", "properties": { "FeatureID": "430", "HA_Area": 100.0, "OBJECTID_1": 1447, "FID_1by1": 1462, "FREQUENCY": 444, "SUM_AgriAr": 35.027793626499999, "Agri_Per": 35.027793626499999, "Shape_Leng": 4000.0, "Shape_Area": 1000000.0, "nor_score": 0.41907834197600002, "oneminus": 0.58092165802399998 }, "geometry": { "type": "Polygon", "coordinates": [ [ [ 73.2358829683035, 22.596701512625994 ], [ 73.226158438837359, 22.596594357818283 ], [ 73.226042690720746, 22.605623906152665 ], [ 73.235767853935059, 22.605731108406562 ], [ 73.2358829683035, 22.596701512625994 ] ] ] } },
{ "type": "Feature", "properties": { "FeatureID": "431", "HA_Area": 100.0, "OBJECTID_1": 1095, "FID_1by1": 1109, "FREQUENCY": 566, "SUM_AgriAr": 55.971872920199999, "Agri_Per": 55.971872920199999, "Shape_Leng": 4000.0, "Shape_Area": 1000000.0, "nor_score": 0.66965678600300005, "oneminus": 0.33034321399700001 }, "geometry": { "type": "Polygon", "coordinates": [ [ [ 73.207526999287552, 22.533171814410586 ], [ 73.197807074376499, 22.533063231912461 ], [ 73.197689843903021, 22.542092711370167 ], [ 73.207410400255839, 22.542201342053229 ], [ 73.207526999287552, 22.533171814410586 ] ] ] } },
{ "type": "Feature", "properties": { "FeatureID": "432", "HA_Area": 100.0, "OBJECTID_1": 1091, "FID_1by1": 1105, "FREQUENCY": 370, "SUM_AgriAr": 37.888824260699998, "Agri_Per": 37.888824260699998, "Shape_Leng": 4000.0, "Shape_Area": 1000000.0, "nor_score": 0.45330818777499998, "oneminus": 0.54669181222499996 }, "geometry": { "type": "Polygon", "coordinates": [ [ [ 73.168647659470338, 22.532733965360979 ], [ 73.158927975516249, 22.532623036874298 ], [ 73.158808219450378, 22.541652320990323 ], [ 73.168528534776186, 22.541763298702698 ], [ 73.168647659470338, 22.532733965360979 ] ] ] } },
{ "type": "Feature", "properties": { "FeatureID": "433", "HA_Area": 100.0, "OBJECTID_1": 1254, "FID_1by1": 1268, "FREQUENCY": 131, "SUM_AgriAr": 6.5244676605800001, "Agri_Per": 6.5244676605800001, "Shape_Leng": 4000.0, "Shape_Area": 1000000.0, "nor_score": 0.078059814975100006, "oneminus": 0.92194018502499997 }, "geometry": { "type": "Polygon", "coordinates": [ [ [ 73.294676043902555, 22.561212477965476 ], [ 73.284953699911668, 22.561109037247924 ], [ 73.284841982346521, 22.570138909030007 ], [ 73.294564958897368, 22.570242395607686 ], [ 73.294676043902555, 22.561212477965476 ] ] ] } },
{ "type": "Feature", "properties": { "FeatureID": "434", "HA_Area": 100.0, "OBJECTID_1": 1596, "FID_1by1": 1611, "FREQUENCY": 6, "SUM_AgriAr": 0.081074932588299994, "Agri_Per": 0.081074932588299994, "Shape_Leng": 4000.0, "Shape_Area": 1000000.0, "nor_score": 0.00096999396214400005, "oneminus": 0.99903000603799996 }, "geometry": { "type": "Polygon", "coordinates": [ [ [ 73.225811017684421, 22.623682970677216 ], [ 73.216084644969285, 22.623575084346012 ], [ 73.215968085316462, 22.632604552804469 ], [ 73.225695092730291, 22.632712486860417 ], [ 73.225811017684421, 22.623682970677216 ] ] ] } },
{ "type": "Feature", "properties": { "FeatureID": "435", "HA_Area": 100.0, "OBJECTID_1": 1652, "FID_1by1": 1667, "FREQUENCY": 150, "SUM_AgriAr": 5.8265664536199999, "Agri_Per": 5.8265664536199999, "Shape_Leng": 4000.0, "Shape_Area": 1000000.0, "nor_score": 0.069710008995500006, "oneminus": 0.93028999100400001 }, "geometry": { "type": "Polygon", "coordinates": [ [ [ 73.284058364501021, 22.63334771271235 ], [ 73.274331008047525, 22.633243315437959 ], [ 73.27421819947692, 22.642273055642139 ], [ 73.283946191053801, 22.64237749908369 ], [ 73.284058364501021, 22.63334771271235 ] ] ] } },
{ "type": "Feature", "properties": { "FeatureID": "436", "HA_Area": 100.0, "OBJECTID_1": 1802, "FID_1by1": 1817, "FREQUENCY": 202, "SUM_AgriAr": 12.9058663879, "Agri_Per": 12.9058663879, "Shape_Leng": 4000.0, "Shape_Area": 1000000.0, "nor_score": 0.15440792946500001, "oneminus": 0.84559207053499996 }, "geometry": { "type": "Polygon", "coordinates": [ [ [ 73.2837216729624, 22.660437039747112 ], [ 73.273992410169868, 22.660332503953704 ], [ 73.273879429399884, 22.669362212054182 ], [ 73.283609328284854, 22.669466794032303 ], [ 73.2837216729624, 22.660437039747112 ] ] ] } },
{ "type": "Feature", "properties": { "FeatureID": "437", "HA_Area": 100.0, "OBJECTID_1": 1248, "FID_1by1": 1262, "FREQUENCY": 57, "SUM_AgriAr": 0.95042446056499996, "Agri_Per": 0.95042446056499996, "Shape_Leng": 4000.0, "Shape_Area": 1000000.0, "nor_score": 0.0113710361364, "oneminus": 0.98862896386400001 }, "geometry": { "type": "Polygon", "coordinates": [ [ [ 73.236342840057205, 22.560583022497507 ], [ 73.226620842360674, 22.560476057414601 ], [ 73.226505329787003, 22.569505648568466 ], [ 73.236227959942667, 22.569612661073595 ], [ 73.236342840057205, 22.560583022497507 ] ] ] } },
{ "type": "Feature", "properties": { "FeatureID": "438", "HA_Area": 100.0, "OBJECTID_1": 1886, "FID_1by1": 1902, "FREQUENCY": 677, "SUM_AgriAr": 47.912227296499999, "Agri_Per": 47.912227296499999, "Shape_Leng": 4000.0, "Shape_Area": 1000000.0, "nor_score": 0.57322984684400002, "oneminus": 0.42677015315599998 }, "geometry": { "type": "Polygon", "coordinates": [ [ [ 73.137545076334078, 22.676865087381952 ], [ 73.127815436725754, 22.676751598704062 ], [ 73.127692792057928, 22.685780561147986 ], [ 73.137423068143164, 22.685894099933321 ], [ 73.137545076334078, 22.676865087381952 ] ] ] } },
{ "type": "Feature", "properties": { "FeatureID": "439", "HA_Area": 100.0, "OBJECTID_1": 1004, "FID_1by1": 1018, "FREQUENCY": 87, "SUM_AgriAr": 3.8746889874099999, "Agri_Per": 3.8746889874099999, "Shape_Leng": 4000.0, "Shape_Area": 1000000.0, "nor_score": 0.046357422732100001, "oneminus": 0.95364257726799995 }, "geometry": { "type": "Polygon", "coordinates": [ [ [ 73.295230620430431, 22.516062729999124 ], [ 73.285511434409884, 22.515959518495485 ], [ 73.285400001232105, 22.52498944354668 ], [ 73.295119818203105, 22.525092700881551 ], [ 73.295230620430431, 22.516062729999124 ] ] ] } },
{ "type": "Feature", "properties": { "FeatureID": "440", "HA_Area": 100.0, "OBJECTID_1": 1904, "FID_1by1": 1920, "FREQUENCY": 474, "SUM_AgriAr": 40.868733463799998, "Agri_Per": 40.868733463799998, "Shape_Leng": 4000.0, "Shape_Area": 1000000.0, "nor_score": 0.488960316522, "oneminus": 0.511039683478 }, "geometry": { "type": "Polygon", "coordinates": [ [ [ 73.31268887386679, 22.678806877162721 ], [ 73.302958168155598, 22.678704021487373 ], [ 73.302846982768983, 22.687733845974993 ], [ 73.312578325268987, 22.68783674706437 ], [ 73.31268887386679, 22.678806877162721 ] ] ] } },
{ "type": "Feature", "properties": { "FeatureID": "441", "HA_Area": 100.0, "OBJECTID_1": 1537, "FID_1by1": 1552, "FREQUENCY": 474, "SUM_AgriAr": 45.421781767500001, "Agri_Per": 45.421781767500001, "Shape_Leng": 4000.0, "Shape_Area": 1000000.0, "nor_score": 0.54343374280699996, "oneminus": 0.45656625719299998 }, "geometry": { "type": "Polygon", "coordinates": [ [ [ 73.138397399380111, 22.613661697398925 ], [ 73.128672206067947, 22.613548559295388 ], [ 73.128549997105992, 22.622577597290004 ], [ 73.138275824635173, 22.622690785456573 ], [ 73.138397399380111, 22.613661697398925 ] ] ] } },
{ "type": "Feature", "properties": { "FeatureID": "442", "HA_Area": 100.0, "OBJECTID_1": 1704, "FID_1by1": 1719, "FREQUENCY": 74, "SUM_AgriAr": 1.9359838173899999, "Agri_Per": 1.9359838173899999, "Shape_Leng": 4000.0, "Shape_Area": 1000000.0, "nor_score": 0.023162432008599999, "oneminus": 0.97683756799099997 }, "geometry": { "type": "Polygon", "coordinates": [ [ [ 73.303402345064939, 22.642584616630138 ], [ 73.293674239690787, 22.642481352751048 ], [ 73.293562644646443, 22.651511174342787 ], [ 73.30329138550016, 22.651614483873558 ], [ 73.303402345064939, 22.642584616630138 ] ] ] } },
{ "type": "Feature", "properties": { "FeatureID": "443", "HA_Area": 100.0, "OBJECTID_1": 1941, "FID_1by1": 1957, "FREQUENCY": 515, "SUM_AgriAr": 38.435543304399999, "Agri_Per": 38.435543304399999, "Shape_Leng": 4000.0, "Shape_Area": 1000000.0, "nor_score": 0.45984922523799998, "oneminus": 0.54015077476200002 }, "geometry": { "type": "Polygon", "coordinates": [ [ [ 73.1860753720036, 22.686452930705769 ], [ 73.176344789184441, 22.686342346355808 ], [ 73.17622526638128, 22.695371545954561 ], [ 73.185956486090319, 22.695482179114695 ], [ 73.1860753720036, 22.686452930705769 ] ] ] } },
{ "type": "Feature", "properties": { "FeatureID": "444", "HA_Area": 100.0, "OBJECTID_1": 1604, "FID_1by1": 1619, "FREQUENCY": 164, "SUM_AgriAr": 6.2949787499500003, "Agri_Per": 6.2949787499500003, "Shape_Leng": 4000.0, "Shape_Area": 1000000.0, "nor_score": 0.075314171524300005, "oneminus": 0.924685828476 }, "geometry": { "type": "Polygon", "coordinates": [ [ [ 73.303624094968299, 22.624524850105768 ], [ 73.293897259584512, 22.624421677512679 ], [ 73.293785777997954, 22.633451520473177 ], [ 73.303513248215495, 22.63355473870638 ], [ 73.303624094968299, 22.624524850105768 ] ] ] } },
{ "type": "Feature", "properties": { "FeatureID": "445", "HA_Area": 100.0, "OBJECTID_1": 1049, "FID_1by1": 1063, "FREQUENCY": 5, "SUM_AgriAr": 0.174999999997, "Agri_Per": 0.174999999997, "Shape_Leng": 4000.0, "Shape_Area": 1000000.0, "nor_score": 0.0020937290720200001, "oneminus": 0.99790627092799999 }, "geometry": { "type": "Polygon", "coordinates": [ [ [ 73.246521305009111, 22.52457055046256 ], [ 73.236801775477034, 22.524464361326238 ], [ 73.236687129343792, 22.533494042642122 ], [ 73.246407290064468, 22.533600278916555 ], [ 73.246521305009111, 22.52457055046256 ] ] ] } },
{ "type": "Feature", "properties": { "FeatureID": "446", "HA_Area": 100.0, "OBJECTID_1": 1894, "FID_1by1": 1910, "FREQUENCY": 402, "SUM_AgriAr": 31.380571950099998, "Agri_Per": 31.380571950099998, "Shape_Leng": 4000.0, "Shape_Area": 1000000.0, "nor_score": 0.37544237594099999, "oneminus": 0.62455762405899995 }, "geometry": { "type": "Polygon", "coordinates": [ [ [ 73.215384397160662, 22.677751734076136 ], [ 73.205654270799741, 22.677642970589677 ], [ 73.205536718449579, 22.686672326593712 ], [ 73.215267481429805, 22.68678113810196 ], [ 73.215384397160662, 22.677751734076136 ] ] ] } },
{ "type": "Feature", "properties": { "FeatureID": "447", "HA_Area": 100.0, "OBJECTID_1": 1605, "FID_1by1": 1620, "FREQUENCY": 90, "SUM_AgriAr": 2.8873458972699999, "Agri_Per": 2.8873458972699999, "Shape_Leng": 4000.0, "Shape_Area": 1000000.0, "nor_score": 0.034544685978300002, "oneminus": 0.96545531402200002 }, "geometry": { "type": "Polygon", "coordinates": [ [ [ 73.303624094968299, 22.624524850105768 ], [ 73.303513248215495, 22.63355473870638 ], [ 73.313240774830803, 22.633657367397973 ], [ 73.313350986733369, 22.624627433417864 ], [ 73.303624094968299, 22.624524850105768 ] ] ] } },
{ "type": "Feature", "properties": { "FeatureID": "448", "HA_Area": 100.0, "OBJECTID_1": 1052, "FID_1by1": 1066, "FREQUENCY": 18, "SUM_AgriAr": 0.42999999999400002, "Agri_Per": 0.42999999999400002, "Shape_Leng": 4000.0, "Shape_Area": 1000000.0, "nor_score": 0.0051445914341199999, "oneminus": 0.99485540856599997 }, "geometry": { "type": "Polygon", "coordinates": [ [ [ 73.275680241105505, 22.52488559982325 ], [ 73.265960538145023, 22.524781169725319 ], [ 73.265847785628182, 22.533810991674915 ], [ 73.275568119827696, 22.533915468130321 ], [ 73.275680241105505, 22.52488559982325 ] ] ] } },
{ "type": "Feature", "properties": { "FeatureID": "449", "HA_Area": 100.0, "OBJECTID_1": 1243, "FID_1by1": 1257, "FREQUENCY": 590, "SUM_AgriAr": 41.696000897099999, "Agri_Per": 41.696000897099999, "Shape_Leng": 4000.0, "Shape_Area": 1000000.0, "nor_score": 0.49885788152400001, "oneminus": 0.50114211847599999 }, "geometry": { "type": "Polygon", "coordinates": [ [ [ 73.187733443223422, 22.560042323788942 ], [ 73.178011742961274, 22.55993242213242 ], [ 73.177893068350784, 22.568961772270505 ], [ 73.187615400985464, 22.569071722650783 ], [ 73.187733443223422, 22.560042323788942 ] ] ] } },
{ "type": "Feature", "properties": { "FeatureID": "450", "HA_Area": 100.0, "OBJECTID_1": 1808, "FID_1by1": 1823, "FREQUENCY": 225, "SUM_AgriAr": 30.715008278399999, "Agri_Per": 30.715008278399999, "Shape_Leng": 4000.0, "Shape_Area": 1000000.0, "nor_score": 0.367479461605, "oneminus": 0.632520538395 }, "geometry": { "type": "Polygon", "coordinates": [ [ [ 73.342098437370367, 22.66105185781079 ], [ 73.332368836864177, 22.660950864000384 ], [ 73.332259672897308, 22.66998084529806 ], [ 73.341989909594659, 22.670081883728695 ], [ 73.342098437370367, 22.66105185781079 ] ] ] } },
{ "type": "Feature", "properties": { "FeatureID": "451", "HA_Area": 100.0, "OBJECTID_1": 1950, "FID_1by1": 1966, "FREQUENCY": 138, "SUM_AgriAr": 9.2698386509899997, "Agri_Per": 9.2698386509899997, "Shape_Leng": 4000.0, "Shape_Area": 1000000.0, "nor_score": 0.110905889582, "oneminus": 0.88909411041800002 }, "geometry": { "type": "Polygon", "coordinates": [ [ [ 73.273653295543085, 22.687421596127216 ], [ 73.263922180970496, 22.687316330698437 ], [ 73.263808390804542, 22.696345960200965 ], [ 73.273540142422647, 22.696451272092869 ], [ 73.273653295543085, 22.687421596127216 ] ] ] } },
{ "type": "Feature", "properties": { "FeatureID": "452", "HA_Area": 100.0, "OBJECTID_1": 1399, "FID_1by1": 1414, "FREQUENCY": 47, "SUM_AgriAr": 3.6706600337, "Agri_Per": 3.6706600337, "Shape_Leng": 4000.0, "Shape_Area": 1000000.0, "nor_score": 0.043916386435400002, "oneminus": 0.95608361356500005 }, "geometry": { "type": "Polygon", "coordinates": [ [ [ 73.255445991557266, 22.587884356443226 ], [ 73.245721978695229, 22.587778425369272 ], [ 73.245607556358692, 22.596808079033696 ], [ 73.255332202680549, 22.596914057026972 ], [ 73.255445991557266, 22.587884356443226 ] ] ] } },
{ "type": "Feature", "properties": { "FeatureID": "453", "HA_Area": 100.0, "OBJECTID_1": 1538, "FID_1by1": 1553, "FREQUENCY": 596, "SUM_AgriAr": 54.040289253399997, "Agri_Per": 54.040289253399997, "Shape_Leng": 4000.0, "Shape_Area": 1000000.0, "nor_score": 0.64654699812700001, "oneminus": 0.35345300187299999 }, "geometry": { "type": "Polygon", "coordinates": [ [ [ 73.148122654540856, 22.613774246730351 ], [ 73.138397399380111, 22.613661697398925 ], [ 73.138275824635173, 22.622690785456573 ], [ 73.148001714030983, 22.622803384590583 ], [ 73.148122654540856, 22.613774246730351 ] ] ] } },
{ "type": "Feature", "properties": { "FeatureID": "454", "HA_Area": 100.0, "OBJECTID_1": 1857, "FID_1by1": 1872, "FREQUENCY": 59, "SUM_AgriAr": 2.7906032609700002, "Agri_Per": 2.7906032609700002, "Shape_Leng": 4000.0, "Shape_Area": 1000000.0, "nor_score": 0.033387241006100001, "oneminus": 0.96661275899400001 }, "geometry": { "type": "Polygon", "coordinates": [ [ [ 73.322419635734875, 22.678909141978959 ], [ 73.332150453436483, 22.67901081592224 ], [ 73.332259672897308, 22.66998084529806 ], [ 73.322529491693899, 22.669879216241473 ], [ 73.322419635734875, 22.678909141978959 ] ] ] } },
{ "type": "Feature", "properties": { "FeatureID": "455", "HA_Area": 100.0, "OBJECTID_1": 1289, "FID_1by1": 1303, "FREQUENCY": 385, "SUM_AgriAr": 21.914907557399999, "Agri_Per": 21.914907557399999, "Shape_Leng": 4000.0, "Shape_Area": 1000000.0, "nor_score": 0.26219359465300002, "oneminus": 0.73780640534700004 }, "geometry": { "type": "Polygon", "coordinates": [ [ [ 73.148726434557389, 22.568628396005455 ], [ 73.139004345736581, 22.568516095592525 ], [ 73.138883080054342, 22.577545237477835 ], [ 73.148605801498718, 22.577657587661893 ], [ 73.148726434557389, 22.568628396005455 ] ] ] } },
{ "type": "Feature", "properties": { "FeatureID": "456", "HA_Area": 100.0, "OBJECTID_1": 991, "FID_1by1": 1005, "FREQUENCY": 625, "SUM_AgriAr": 63.056287916800002, "Agri_Per": 63.056287916800002, "Shape_Leng": 4000.0, "Shape_Area": 1000000.0, "nor_score": 0.75441590392799995, "oneminus": 0.24558409607199999 }, "geometry": { "type": "Polygon", "coordinates": [ [ [ 73.168885726711025, 22.514675266514431 ], [ 73.159167304535444, 22.514564436460542 ], [ 73.159047670538683, 22.523593742029867 ], [ 73.168766723442744, 22.523704621297053 ], [ 73.168885726711025, 22.514675266514431 ] ] ] } },
{ "type": "Feature", "properties": { "FeatureID": "457", "HA_Area": 100.0, "OBJECTID_1": 1744, "FID_1by1": 1759, "FREQUENCY": 644, "SUM_AgriAr": 50.3514723993, "Agri_Per": 50.3514723993, "Shape_Leng": 4000.0, "Shape_Area": 1000000.0, "nor_score": 0.60241338047600002, "oneminus": 0.39758661952399998 }, "geometry": { "type": "Polygon", "coordinates": [ [ [ 73.206006569642511, 22.650554838070093 ], [ 73.19627841086114, 22.65044562869311 ], [ 73.196160401964889, 22.659474968683245 ], [ 73.205889196378763, 22.65958422632438 ], [ 73.206006569642511, 22.650554838070093 ] ] ] } },
{ "type": "Feature", "properties": { "FeatureID": "458", "HA_Area": 100.0, "OBJECTID_1": 1156, "FID_1by1": 1170, "FREQUENCY": 80, "SUM_AgriAr": 1.81743962778, "Agri_Per": 1.81743962778, "Shape_Leng": 4000.0, "Shape_Area": 1000000.0, "nor_score": 0.0217441496308, "oneminus": 0.97825585036899998 }, "geometry": { "type": "Polygon", "coordinates": [ [ [ 73.314340373183029, 22.543357547965833 ], [ 73.304619180556671, 22.543255372811199 ], [ 73.304508840644317, 22.552285357348143 ], [ 73.314230665219355, 22.552387577830711 ], [ 73.314340373183029, 22.543357547965833 ] ] ] } },
{ "type": "Feature", "properties": { "FeatureID": "459", "HA_Area": 100.0, "OBJECTID_1": 1643, "FID_1by1": 1658, "FREQUENCY": 520, "SUM_AgriAr": 41.692498564899999, "Agri_Per": 41.692498564899999, "Shape_Leng": 4000.0, "Shape_Area": 1000000.0, "nor_score": 0.49881597904000002, "oneminus": 0.50118402096000003 }, "geometry": { "type": "Polygon", "coordinates": [ [ [ 73.196514248720575, 22.632386916468633 ], [ 73.186787420184018, 22.632277214218227 ], [ 73.18666889626806, 22.641306527190853 ], [ 73.196396359773857, 22.641416277953752 ], [ 73.196514248720575, 22.632386916468633 ] ] ] } },
{ "type": "Feature", "properties": { "FeatureID": "460", "HA_Area": 100.0, "OBJECTID_1": 1591, "FID_1by1": 1606, "FREQUENCY": 514, "SUM_AgriAr": 34.533800872800001, "Agri_Per": 34.533800872800001, "Shape_Leng": 4000.0, "Shape_Area": 1000000.0, "nor_score": 0.41316813060599999, "oneminus": 0.58683186939400001 }, "geometry": { "type": "Polygon", "coordinates": [ [ [ 73.177179750192309, 22.623137647645159 ], [ 73.16745367713213, 22.623026815700012 ], [ 73.167333944247261, 22.632056041626743 ], [ 73.177060651918666, 22.632166922599286 ], [ 73.177179750192309, 22.623137647645159 ] ] ] } },
{ "type": "Feature", "properties": { "FeatureID": "461", "HA_Area": 100.0, "OBJECTID_1": 1735, "FID_1by1": 1750, "FREQUENCY": 440, "SUM_AgriAr": 43.132100157799997, "Agri_Per": 43.132100157799997, "Shape_Leng": 4000.0, "Shape_Area": 1000000.0, "nor_score": 0.51603961165300005, "oneminus": 0.483960388347 }, "geometry": { "type": "Polygon", "coordinates": [ [ [ 73.118455327140168, 22.649550718372929 ], [ 73.108727719834391, 22.649436200397197 ], [ 73.108603991045769, 22.658465094282594 ], [ 73.118332233822898, 22.658579662867851 ], [ 73.118455327140168, 22.649550718372929 ] ] ] } },
{ "type": "Feature", "properties": { "FeatureID": "462", "HA_Area": 100.0, "OBJECTID_1": 1835, "FID_1by1": 1850, "FREQUENCY": 314, "SUM_AgriAr": 31.498774324, "Agri_Per": 31.498774324, "Shape_Leng": 4000.0, "Shape_Area": 1000000.0, "nor_score": 0.37685656877899998, "oneminus": 0.62314343122100002 }, "geometry": { "type": "Polygon", "coordinates": [ [ [ 73.118209077920838, 22.667608596559916 ], [ 73.108480199349444, 22.667493977358717 ], [ 73.108356344727028, 22.676522849622053 ], [ 73.1180858594157, 22.676637519445602 ], [ 73.118209077920838, 22.667608596559916 ] ] ] } },
{ "type": "Feature", "properties": { "FeatureID": "463", "HA_Area": 100.0, "OBJECTID_1": 1544, "FID_1by1": 1559, "FREQUENCY": 103, "SUM_AgriAr": 3.6560327539299999, "Agri_Per": 3.6560327539299999, "Shape_Leng": 4000.0, "Shape_Area": 1000000.0, "nor_score": 0.0437413832302, "oneminus": 0.95625861677000001 }, "geometry": { "type": "Polygon", "coordinates": [ [ [ 73.206475466265729, 22.61443717765664 ], [ 73.19674984678602, 22.614328161275171 ], [ 73.196632077718803, 22.623357544241284 ], [ 73.20635833153986, 22.623466608862472 ], [ 73.206475466265729, 22.61443717765664 ] ] ] } },
{ "type": "Feature", "properties": { "FeatureID": "464", "HA_Area": 100.0, "OBJECTID_1": 1354, "FID_1by1": 1369, "FREQUENCY": 113, "SUM_AgriAr": 9.2261472446500008, "Agri_Per": 9.2261472446500008, "Shape_Leng": 4000.0, "Shape_Area": 1000000.0, "nor_score": 0.110383158338, "oneminus": 0.88961684166199995 }, "geometry": { "type": "Polygon", "coordinates": [ [ [ 73.304177483341647, 22.579375247070558 ], [ 73.294453817287206, 22.579272302591455 ], [ 73.294342619055598, 22.588302198913336 ], [ 73.30406691833096, 22.588405189003716 ], [ 73.304177483341647, 22.579375247070558 ] ] ] } },
{ "type": "Feature", "properties": { "FeatureID": "465", "HA_Area": 100.0, "OBJECTID_1": 1497, "FID_1by1": 1512, "FREQUENCY": 700, "SUM_AgriAr": 49.742809769399997, "Agri_Per": 49.742809769399997, "Shape_Leng": 4000.0, "Shape_Area": 1000000.0, "nor_score": 0.59513123965699999, "oneminus": 0.40486876034300001 }, "geometry": { "type": "Polygon", "coordinates": [ [ [ 73.235767853935059, 22.605731108406562 ], [ 73.226042690720746, 22.605623906152665 ], [ 73.225926883675498, 22.61465344377347 ], [ 73.235652680960456, 22.614760693479539 ], [ 73.235767853935059, 22.605731108406562 ] ] ] } },
{ "type": "Feature", "properties": { "FeatureID": "466", "HA_Area": 100.0, "OBJECTID_1": 1900, "FID_1by1": 1916, "FREQUENCY": 36, "SUM_AgriAr": 0.82762256738999995, "Agri_Per": 0.82762256738999995, "Shape_Leng": 4000.0, "Shape_Area": 1000000.0, "nor_score": 0.0099018138859100005, "oneminus": 0.99009818611400002 }, "geometry": { "type": "Polygon", "coordinates": [ [ [ 73.263922180970496, 22.687316330698437 ], [ 73.273653295543085, 22.687421596127216 ], [ 73.27376639119656, 22.678391909446507 ], [ 73.264035913346106, 22.678286690474945 ], [ 73.263922180970496, 22.687316330698437 ] ] ] } },
{ "type": "Feature", "properties": { "FeatureID": "467", "HA_Area": 100.0, "OBJECTID_1": 1905, "FID_1by1": 1921, "FREQUENCY": 159, "SUM_AgriAr": 8.9707011855799994, "Agri_Per": 8.9707011855799994, "Shape_Leng": 4000.0, "Shape_Area": 1000000.0, "nor_score": 0.107326959251, "oneminus": 0.892673040749 }, "geometry": { "type": "Polygon", "coordinates": [ [ [ 73.322419635734875, 22.678909141978959 ], [ 73.31268887386679, 22.678806877162721 ], [ 73.312578325268987, 22.68783674706437 ], [ 73.322309723942297, 22.68793905703382 ], [ 73.322419635734875, 22.678909141978959 ] ] ] } },
{ "type": "Feature", "properties": { "FeatureID": "468", "HA_Area": 100.0, "OBJECTID_1": 1658, "FID_1by1": 1673, "FREQUENCY": 454, "SUM_AgriAr": 25.898008683699999, "Agri_Per": 25.898008683699999, "Shape_Leng": 4000.0, "Shape_Area": 1000000.0, "nor_score": 0.30984807822499999, "oneminus": 0.69015192177499995 }, "geometry": { "type": "Polygon", "coordinates": [ [ [ 73.342423689834547, 22.633961716084436 ], [ 73.332695995963192, 22.633860856100789 ], [ 73.332586998380918, 22.642890869398315 ], [ 73.342315327474196, 22.642991773985237 ], [ 73.342423689834547, 22.633961716084436 ] ] ] } },
{ "type": "Feature", "properties": { "FeatureID": "469", "HA_Area": 100.0, "OBJECTID_1": 1291, "FID_1by1": 1305, "FREQUENCY": 360, "SUM_AgriAr": 21.438177411600002, "Agri_Per": 21.438177411600002, "Shape_Leng": 4000.0, "Shape_Area": 1000000.0, "nor_score": 0.25648991599199999, "oneminus": 0.74351008400800001 }, "geometry": { "type": "Polygon", "coordinates": [ [ [ 73.168170796186516, 22.568851234359528 ], [ 73.158448584814693, 22.568740108932833 ], [ 73.158328584397523, 22.577769350100105 ], [ 73.168051428428612, 22.577880524777331 ], [ 73.168170796186516, 22.568851234359528 ] ] ] } },
{ "type": "Feature", "properties": { "FeatureID": "470", "HA_Area": 100.0, "OBJECTID_1": 1456, "FID_1by1": 1471, "FREQUENCY": 23, "SUM_AgriAr": 0.98361986518599998, "Agri_Per": 0.98361986518599998, "Shape_Leng": 4000.0, "Shape_Area": 1000000.0, "nor_score": 0.011768191472000001, "oneminus": 0.98823180852799997 }, "geometry": { "type": "Polygon", "coordinates": [ [ [ 73.323406331315482, 22.597639426180105 ], [ 73.313681286155344, 22.597537567485301 ], [ 73.313571242379282, 22.606567533458076 ], [ 73.323296921437958, 22.606669437254642 ], [ 73.323406331315482, 22.597639426180105 ] ] ] } },
{ "type": "Feature", "properties": { "FeatureID": "471", "HA_Area": 100.0, "OBJECTID_1": 1102, "FID_1by1": 1116, "FREQUENCY": 23, "SUM_AgriAr": 0.33000000000899998, "Agri_Per": 0.33000000000899998, "Shape_Leng": 4000.0, "Shape_Area": 1000000.0, "nor_score": 0.0039481748217000002, "oneminus": 0.99605182517799995 }, "geometry": { "type": "Polygon", "coordinates": [ [ [ 73.275568119827696, 22.533915468130321 ], [ 73.265847785628182, 22.533810991674915 ], [ 73.265734975606833, 22.542840802962505 ], [ 73.275455941367156, 22.542945325781226 ], [ 73.275568119827696, 22.533915468130321 ] ] ] } },
{ "type": "Feature", "properties": { "FeatureID": "472", "HA_Area": 100.0, "OBJECTID_1": 1545, "FID_1by1": 1560, "FREQUENCY": 96, "SUM_AgriAr": 3.15300177672, "Agri_Per": 3.15300177672, "Shape_Leng": 4000.0, "Shape_Area": 1000000.0, "nor_score": 0.037723037052400002, "oneminus": 0.96227696294800003 }, "geometry": { "type": "Polygon", "coordinates": [ [ [ 73.216201145336413, 22.614545605160966 ], [ 73.206475466265729, 22.61443717765664 ], [ 73.20635833153986, 22.623466608862472 ], [ 73.216084644969285, 22.623575084346012 ], [ 73.216201145336413, 22.614545605160966 ] ] ] } },
{ "type": "Feature", "properties": { "FeatureID": "473", "HA_Area": 100.0, "OBJECTID_1": 1136, "FID_1by1": 1150, "FREQUENCY": 661, "SUM_AgriAr": 50.553240525600003, "Agri_Per": 50.553240525600003, "Shape_Leng": 4000.0, "Shape_Area": 1000000.0, "nor_score": 0.60482736785799995, "oneminus": 0.39517263214199999 }, "geometry": { "type": "Polygon", "coordinates": [ [ [ 73.119927571976234, 22.541202543092481 ], [ 73.110207565173596, 22.54108863193203 ], [ 73.110084589847588, 22.550117655253757 ], [ 73.119805228253938, 22.550231616947045 ], [ 73.119927571976234, 22.541202543092481 ] ] ] } },
{ "type": "Feature", "properties": { "FeatureID": "474", "HA_Area": 100.0, "OBJECTID_1": 1006, "FID_1by1": 1020, "FREQUENCY": 5, "SUM_AgriAr": 0.10239500000600001, "Agri_Per": 0.10239500000600001, "Shape_Leng": 4000.0, "Shape_Area": 1000000.0, "nor_score": 0.00122507079055, "oneminus": 0.99877492920900002 }, "geometry": { "type": "Polygon", "coordinates": [ [ [ 73.314669161668689, 22.516267394565546 ], [ 73.304949862957244, 22.516165355360439 ], [ 73.304839691696799, 22.525195371813886 ], [ 73.314559621391439, 22.525297456329799 ], [ 73.314669161668689, 22.516267394565546 ] ] ] } },
{ "type": "Feature", "properties": { "FeatureID": "475", "HA_Area": 100.0, "OBJECTID_1": 1296, "FID_1by1": 1310, "FREQUENCY": 663, "SUM_AgriAr": 54.510280507899999, "Agri_Per": 54.510280507899999, "Shape_Leng": 4000.0, "Shape_Area": 1000000.0, "nor_score": 0.65217005157300001, "oneminus": 0.34782994842699999 }, "geometry": { "type": "Polygon", "coordinates": [ [ [ 73.216782758491362, 22.569398048459011 ], [ 73.207060246377836, 22.569289860759802 ], [ 73.20694340943318, 22.57831934557656 ], [ 73.216666554293582, 22.57842758122468 ], [ 73.216782758491362, 22.569398048459011 ] ] ] } },
{ "type": "Feature", "properties": { "FeatureID": "476", "HA_Area": 100.0, "OBJECTID_1": 1042, "FID_1by1": 1056, "FREQUENCY": 604, "SUM_AgriAr": 42.0326851417, "Agri_Per": 42.0326851417, "Shape_Leng": 4000.0, "Shape_Area": 1000000.0, "nor_score": 0.50288602775900004, "oneminus": 0.49711397224100001 }, "geometry": { "type": "Polygon", "coordinates": [ [ [ 73.178485837050914, 22.523814914349565 ], [ 73.168766723442744, 22.523704621297053 ], [ 73.168647659470338, 22.532733965360979 ], [ 73.178367404146215, 22.532844307372844 ], [ 73.178485837050914, 22.523814914349565 ] ] ] } },
{ "type": "Feature", "properties": { "FeatureID": "477", "HA_Area": 100.0, "OBJECTID_1": 1542, "FID_1by1": 1557, "FREQUENCY": 475, "SUM_AgriAr": 25.545968818799999, "Agri_Per": 25.545968818799999, "Shape_Leng": 4000.0, "Shape_Area": 1000000.0, "nor_score": 0.30563621479899999, "oneminus": 0.69436378520099995 }, "geometry": { "type": "Polygon", "coordinates": [ [ [ 73.177179750192309, 22.623137647645159 ], [ 73.186905883828729, 22.623247890497233 ], [ 73.187024287219828, 22.614218556031332 ], [ 73.177298787889697, 22.614108361939969 ], [ 73.177179750192309, 22.623137647645159 ] ] ] } },
{ "type": "Feature", "properties": { "FeatureID": "478", "HA_Area": 100.0, "OBJECTID_1": 1259, "FID_1by1": 1273, "FREQUENCY": 53, "SUM_AgriAr": 7.0939695784400003, "Agri_Per": 7.0939695784400003, "Shape_Leng": 4000.0, "Shape_Area": 1000000.0, "nor_score": 0.084873430529499999, "oneminus": 0.91512656947000004 }, "geometry": { "type": "Polygon", "coordinates": [ [ [ 73.343288606242098, 22.56172086962032 ], [ 73.33356598252989, 22.561620366259771 ], [ 73.33345742792838, 22.570650464738659 ], [ 73.34318068428199, 22.570751012657389 ], [ 73.343288606242098, 22.56172086962032 ] ] ] } },
{ "type": "Feature", "properties": { "FeatureID": "479", "HA_Area": 100.0, "OBJECTID_1": 1792, "FID_1by1": 1807, "FREQUENCY": 573, "SUM_AgriAr": 48.567776497499999, "Agri_Per": 48.567776497499999, "Shape_Leng": 4000.0, "Shape_Area": 1000000.0, "nor_score": 0.581072946388, "oneminus": 0.418927053612 }, "geometry": { "type": "Polygon", "coordinates": [ [ [ 73.186431667552085, 22.65936512087692 ], [ 73.176702993463337, 22.659254682920295 ], [ 73.17658365270772, 22.668283914835186 ], [ 73.186312962716826, 22.668394401583395 ], [ 73.186431667552085, 22.65936512087692 ] ] ] } },
{ "type": "Feature", "properties": { "FeatureID": "480", "HA_Area": 100.0, "OBJECTID_1": 1292, "FID_1by1": 1306, "FREQUENCY": 285, "SUM_AgriAr": 26.269575098200001, "Agri_Per": 26.269575098200001, "Shape_Leng": 4000.0, "Shape_Area": 1000000.0, "nor_score": 0.31429356053500002, "oneminus": 0.68570643946499998 }, "geometry": { "type": "Polygon", "coordinates": [ [ [ 73.168170796186516, 22.568851234359528 ], [ 73.168051428428612, 22.577880524777331 ], [ 73.177774333269866, 22.577991111678521 ], [ 73.177893068350784, 22.568961772270505 ], [ 73.168170796186516, 22.568851234359528 ] ] ] } },
{ "type": "Feature", "properties": { "FeatureID": "481", "HA_Area": 100.0, "OBJECTID_1": 1848, "FID_1by1": 1863, "FREQUENCY": 567, "SUM_AgriAr": 46.454396739000003, "Agri_Per": 46.454396739000003, "Shape_Leng": 4000.0, "Shape_Area": 1000000.0, "nor_score": 0.55578811987, "oneminus": 0.44421188013000001 }, "geometry": { "type": "Polygon", "coordinates": [ [ [ 73.234844827728438, 22.677967488886097 ], [ 73.244575131288769, 22.678074480180356 ], [ 73.244690078637873, 22.66904492292425 ], [ 73.234960411425433, 22.668937978863536 ], [ 73.234844827728438, 22.677967488886097 ] ] ] } },
{ "type": "Feature", "properties": { "FeatureID": "482", "HA_Area": 100.0, "OBJECTID_1": 1805, "FID_1by1": 1820, "FREQUENCY": 213, "SUM_AgriAr": 11.8762619684, "Agri_Per": 11.8762619684, "Shape_Leng": 4000.0, "Shape_Area": 1000000.0, "nor_score": 0.14208957114599999, "oneminus": 0.85791042885400004 }, "geometry": { "type": "Polygon", "coordinates": [ [ [ 73.312909802608175, 22.660747105297784 ], [ 73.303180369504673, 22.660644340433201 ], [ 73.303069297061981, 22.669674186305627 ], [ 73.312799366307701, 22.669776996572711 ], [ 73.312909802608175, 22.660747105297784 ] ] ] } },
{ "type": "Feature", "properties": { "FeatureID": "483", "HA_Area": 100.0, "OBJECTID_1": 1592, "FID_1by1": 1607, "FREQUENCY": 695, "SUM_AgriAr": 51.639562296299999, "Agri_Per": 51.639562296299999, "Shape_Leng": 4000.0, "Shape_Area": 1000000.0, "nor_score": 0.61782430198899996, "oneminus": 0.38217569801099999 }, "geometry": { "type": "Polygon", "coordinates": [ [ [ 73.186905883828729, 22.623247890497233 ], [ 73.177179750192309, 22.623137647645159 ], [ 73.177060651918666, 22.632166922599286 ], [ 73.186787420184018, 22.632277214218227 ], [ 73.186905883828729, 22.623247890497233 ] ] ] } },
{ "type": "Feature", "properties": { "FeatureID": "484", "HA_Area": 100.0, "OBJECTID_1": 1742, "FID_1by1": 1757, "FREQUENCY": 611, "SUM_AgriAr": 49.850945054999997, "Agri_Per": 49.850945054999997, "Shape_Leng": 4000.0, "Shape_Area": 1000000.0, "nor_score": 0.59642498817800005, "oneminus": 0.40357501182200001 }, "geometry": { "type": "Polygon", "coordinates": [ [ [ 73.176702993463337, 22.659254682920295 ], [ 73.186431667552085, 22.65936512087692 ], [ 73.186550312063289, 22.650335829411574 ], [ 73.176822273571887, 22.650225440240355 ], [ 73.176702993463337, 22.659254682920295 ] ] ] } },
{ "type": "Feature", "properties": { "FeatureID": "485", "HA_Area": 100.0, "OBJECTID_1": 1896, "FID_1by1": 1912, "FREQUENCY": 516, "SUM_AgriAr": 40.2903160607, "Agri_Per": 40.2903160607, "Shape_Leng": 4000.0, "Shape_Area": 1000000.0, "nor_score": 0.48204003462099998, "oneminus": 0.51795996537900002 }, "geometry": { "type": "Polygon", "coordinates": [ [ [ 73.234844827728438, 22.677967488886097 ], [ 73.225114582911303, 22.677859906846493 ], [ 73.224998303817102, 22.686889358633369 ], [ 73.234729185288202, 22.68699698817327 ], [ 73.234844827728438, 22.677967488886097 ] ] ] } },
{ "type": "Feature", "properties": { "FeatureID": "486", "HA_Area": 100.0, "OBJECTID_1": 1907, "FID_1by1": 1923, "FREQUENCY": 246, "SUM_AgriAr": 19.849786444700001, "Agri_Per": 19.849786444700001, "Shape_Leng": 4000.0, "Shape_Area": 1000000.0, "nor_score": 0.23748614259100001, "oneminus": 0.76251385740900002 }, "geometry": { "type": "Polygon", "coordinates": [ [ [ 73.341881326648291, 22.679111898978764 ], [ 73.332150453436483, 22.67901081592224 ], [ 73.332041178465474, 22.688040775869482 ], [ 73.341772688515093, 22.688141903557561 ], [ 73.341881326648291, 22.679111898978764 ] ] ] } },
{ "type": "Feature", "properties": { "FeatureID": "487", "HA_Area": 100.0, "OBJECTID_1": 1688, "FID_1by1": 1703, "FREQUENCY": 431, "SUM_AgriAr": 67.231221013899997, "Agri_Per": 67.231221013899997, "Shape_Leng": 4000.0, "Shape_Area": 1000000.0, "nor_score": 0.804365497067, "oneminus": 0.195634502933 }, "geometry": { "type": "Polygon", "coordinates": [ [ [ 73.147759648361102, 22.640861627998216 ], [ 73.13803248952739, 22.640748929240139 ], [ 73.137910729128407, 22.649777984959023 ], [ 73.147638523165185, 22.649890733538601 ], [ 73.147759648361102, 22.640861627998216 ] ] ] } },
{ "type": "Feature", "properties": { "FeatureID": "488", "HA_Area": 100.0, "OBJECTID_1": 1859, "FID_1by1": 1874, "FREQUENCY": 333, "SUM_AgriAr": 24.532789386099999, "Agri_Per": 24.532789386099999, "Shape_Leng": 4000.0, "Shape_Area": 1000000.0, "nor_score": 0.29351436775, "oneminus": 0.70648563225000005 }, "geometry": { "type": "Polygon", "coordinates": [ [ [ 73.341881326648291, 22.679111898978764 ], [ 73.351612255046916, 22.679212391134836 ], [ 73.351720201462726, 22.670182331519687 ], [ 73.341989909594659, 22.670081883728695 ], [ 73.341881326648291, 22.679111898978764 ] ] ] } },
{ "type": "Feature", "properties": { "FeatureID": "489", "HA_Area": 100.0, "OBJECTID_1": 1359, "FID_1by1": 1374, "FREQUENCY": 103, "SUM_AgriAr": 10.317695689300001, "Agri_Per": 10.317695689300001, "Shape_Leng": 4000.0, "Shape_Area": 1000000.0, "nor_score": 0.12344262526499999, "oneminus": 0.87655737473499995 }, "geometry": { "type": "Polygon", "coordinates": [ [ [ 73.352796651655154, 22.579881149513607 ], [ 73.343072707327991, 22.579781145064473 ], [ 73.342964675364087, 22.588811266838125 ], [ 73.352689252993258, 22.588911315596221 ], [ 73.352796651655154, 22.579881149513607 ] ] ] } },
{ "type": "Feature", "properties": { "FeatureID": "490", "HA_Area": 100.0, "OBJECTID_1": 1188, "FID_1by1": 1202, "FREQUENCY": 623, "SUM_AgriAr": 37.006816587199999, "Agri_Per": 37.006816587199999, "Shape_Leng": 4000.0, "Shape_Area": 1000000.0, "nor_score": 0.44275570144499998, "oneminus": 0.55724429855500002 }, "geometry": { "type": "Polygon", "coordinates": [ [ [ 73.139246691843468, 22.550457779560464 ], [ 73.129525929026499, 22.550344991721065 ], [ 73.129404154881641, 22.559374105094037 ], [ 73.139125549660292, 22.55948694295223 ], [ 73.139246691843468, 22.550457779560464 ] ] ] } },
{ "type": "Feature", "properties": { "FeatureID": "491", "HA_Area": 100.0, "OBJECTID_1": 1934, "FID_1by1": 1950, "FREQUENCY": 373, "SUM_AgriAr": 27.7618349018, "Agri_Per": 27.7618349018, "Shape_Leng": 4000.0, "Shape_Area": 1000000.0, "nor_score": 0.332147204729, "oneminus": 0.66785279527100005 }, "geometry": { "type": "Polygon", "coordinates": [ [ [ 73.11796257828918, 22.685666431521412 ], [ 73.108232427160132, 22.685551711069071 ], [ 73.108108446630339, 22.694580561696267 ], [ 73.117839234522961, 22.694695332783816 ], [ 73.11796257828918, 22.685666431521412 ] ] ] } },
{ "type": "Feature", "properties": { "FeatureID": "492", "HA_Area": 100.0, "OBJECTID_1": 1736, "FID_1by1": 1751, "FREQUENCY": 466, "SUM_AgriAr": 37.674443032600003, "Agri_Per": 37.674443032600003, "Shape_Leng": 4000.0, "Shape_Area": 1000000.0, "nor_score": 0.45074329514799999, "oneminus": 0.54925670485199996 }, "geometry": { "type": "Polygon", "coordinates": [ [ [ 73.128182997012445, 22.649664646565348 ], [ 73.118455327140168, 22.649550718372929 ], [ 73.118332233822898, 22.658579662867851 ], [ 73.128060539184816, 22.658693641409229 ], [ 73.128182997012445, 22.649664646565348 ] ] ] } },
{ "type": "Feature", "properties": { "FeatureID": "493", "HA_Area": 100.0, "OBJECTID_1": 1304, "FID_1by1": 1318, "FREQUENCY": 111, "SUM_AgriAr": 7.1187369269699996, "Agri_Per": 7.1187369269699996, "Shape_Leng": 4000.0, "Shape_Area": 1000000.0, "nor_score": 0.085169751201799995, "oneminus": 0.91483024879800001 }, "geometry": { "type": "Polygon", "coordinates": [ [ [ 73.294564958897368, 22.570242395607686 ], [ 73.284841982346521, 22.570138909030007 ], [ 73.28473020785421, 22.579168770147863 ], [ 73.294453817287206, 22.579272302591455 ], [ 73.294564958897368, 22.570242395607686 ] ] ] } },
{ "type": "Feature", "properties": { "FeatureID": "494", "HA_Area": 100.0, "OBJECTID_1": 1346, "FID_1by1": 1360, "FREQUENCY": 723, "SUM_AgriAr": 62.816680875599999, "Agri_Per": 62.816680875599999, "Shape_Leng": 4000.0, "Shape_Area": 1000000.0, "nor_score": 0.75154920548199999, "oneminus": 0.24845079451800001 }, "geometry": { "type": "Polygon", "coordinates": [ [ [ 73.216666554293582, 22.57842758122468 ], [ 73.20694340943318, 22.57831934557656 ], [ 73.206826512966984, 22.587348819678116 ], [ 73.216550290896436, 22.587457103281199 ], [ 73.216666554293582, 22.57842758122468 ] ] ] } },
{ "type": "Feature", "properties": { "FeatureID": "495", "HA_Area": 100.0, "OBJECTID_1": 1554, "FID_1by1": 1569, "FREQUENCY": 272, "SUM_AgriAr": 8.9252111967500003, "Agri_Per": 8.9252111967500003, "Shape_Leng": 4000.0, "Shape_Area": 1000000.0, "nor_score": 0.106782709468, "oneminus": 0.89321729053200005 }, "geometry": { "type": "Polygon", "coordinates": [ [ [ 73.303734885339807, 22.615494950831746 ], [ 73.29400868446703, 22.61539182387299 ], [ 73.293897259584512, 22.624421677512679 ], [ 73.303624094968299, 22.624524850105768 ], [ 73.303734885339807, 22.615494950831746 ] ] ] } },
{ "type": "Feature", "properties": { "FeatureID": "496", "HA_Area": 100.0, "OBJECTID_1": 1196, "FID_1by1": 1210, "FREQUENCY": 419, "SUM_AgriAr": 25.933039510899999, "Agri_Per": 25.933039510899999, "Shape_Leng": 4000.0, "Shape_Area": 1000000.0, "nor_score": 0.31026719286100002, "oneminus": 0.68973280713899998 }, "geometry": { "type": "Polygon", "coordinates": [ [ [ 73.217014989357835, 22.551338950814191 ], [ 73.207293741771849, 22.551230858994646 ], [ 73.207177023818289, 22.560260365231333 ], [ 73.216898903507044, 22.560368504987693 ], [ 73.217014989357835, 22.551338950814191 ] ] ] } },
{ "type": "Feature", "properties": { "FeatureID": "497", "HA_Area": 100.0, "OBJECTID_1": 1338, "FID_1by1": 1352, "FREQUENCY": 644, "SUM_AgriAr": 55.710060843400001, "Agri_Per": 55.710060843400001, "Shape_Leng": 4000.0, "Shape_Area": 1000000.0, "nor_score": 0.66652442282199997, "oneminus": 0.33347557717800003 }, "geometry": { "type": "Polygon", "coordinates": [ [ [ 73.138883080054342, 22.577545237477835 ], [ 73.129160420386455, 22.577432299563139 ], [ 73.12903846, 22.586461380652235 ], [ 73.138761752595556, 22.586574368604659 ], [ 73.138883080054342, 22.577545237477835 ] ] ] } },
{ "type": "Feature", "properties": { "FeatureID": "498", "HA_Area": 100.0, "OBJECTID_1": 1236, "FID_1by1": 1250, "FREQUENCY": 691, "SUM_AgriAr": 70.603637853600006, "Agri_Per": 70.603637853600006, "Shape_Leng": 4000.0, "Shape_Area": 1000000.0, "nor_score": 0.844713652383, "oneminus": 0.155286347617 }, "geometry": { "type": "Polygon", "coordinates": [ [ [ 73.119682822165444, 22.559260680041024 ], [ 73.109961551833592, 22.559146667808534 ], [ 73.109838451113347, 22.568175669592808 ], [ 73.119560353692577, 22.568289732370879 ], [ 73.119682822165444, 22.559260680041024 ] ] ] } },
{ "type": "Feature", "properties": { "FeatureID": "499", "HA_Area": 100.0, "OBJECTID_1": 1635, "FID_1by1": 1650, "FREQUENCY": 471, "SUM_AgriAr": 52.7777041266, "Agri_Per": 52.7777041266, "Shape_Leng": 4000.0, "Shape_Area": 1000000.0, "nor_score": 0.631441219921, "oneminus": 0.368558780079 }, "geometry": { "type": "Polygon", "coordinates": [ [ [ 73.118701326093472, 22.631492796988585 ], [ 73.108974988762029, 22.631378380212677 ], [ 73.108851385733701, 22.640407295706062 ], [ 73.118578357890925, 22.640521763078674 ], [ 73.118701326093472, 22.631492796988585 ] ] ] } },
{ "type": "Feature", "properties": { "FeatureID": "500", "HA_Area": 100.0, "OBJECTID_1": 1051, "FID_1by1": 1065, "FREQUENCY": 15, "SUM_AgriAr": 0.77483462778099998, "Agri_Per": 0.77483462778099998, "Shape_Leng": 4000.0, "Shape_Area": 1000000.0, "nor_score": 0.0092702502069799998, "oneminus": 0.99072974979299999 }, "geometry": { "type": "Polygon", "coordinates": [ [ [ 73.265960538145023, 22.524781169725319 ], [ 73.256240892672324, 22.524676153267013 ], [ 73.256127508933176, 22.533705928598923 ], [ 73.265847785628182, 22.533810991674915 ], [ 73.265960538145023, 22.524781169725319 ] ] ] } }
]
}
