{
"type": "FeatureCollection",
"name": "output",
"crs": { "type": "name", "properties": { "name": "urn:ogc:def:crs:OGC:1.3:CRS84" } },
"features": [
{ "type": "Feature", "properties": { "FeatureID": "1", "HA_Area": 100.0, "GIDC_Dista": 15001.0, "Shape_Leng": 4000.0, "Shape_Area": 1000000.0, "Norm_GIDC": 1, "norm_scr": 1.0, "oneminus": 0.0 }, "geometry": { "type": "Polygon", "coordinates": [ [ [ 73.128305392596417, 22.640635640928508 ], [ 73.118578357890925, 22.640521763078674 ], [ 73.118455327140168, 22.649550718372929 ], [ 73.128182997012445, 22.649664646565348 ], [ 73.128305392596417, 22.640635640928508 ] ] ] } },
{ "type": "Feature", "properties": { "FeatureID": "2", "HA_Area": 100.0, "GIDC_Dista": 15001.0, "Shape_Leng": 4000.0, "Shape_Area": 1000000.0, "Norm_GIDC": 1, "norm_scr": 1.0, "oneminus": 0.0 }, "geometry": { "type": "Polygon", "coordinates": [ [ [ 73.206123883245667, 22.641525439072691 ], [ 73.196396359773857, 22.641416277953752 ], [ 73.19627841086114, 22.65044562869311 ], [ 73.206006569642511, 22.650554838070093 ], [ 73.206123883245667, 22.641525439072691 ] ] ] } },
{ "type": "Feature", "properties": { "FeatureID": "3", "HA_Area": 100.0, "GIDC_Dista": 14663.8, "Shape_Leng": 4000.0, "Shape_Area": 1000000.0, "Norm_GIDC": 1, "norm_scr": 0.97752148554700002, "oneminus": 0.022478514453 }, "geometry": { "type": "Polygon", "coordinates": [ [ [ 73.168051428428612, 22.577880524777331 ], [ 73.158328584397523, 22.577769350100105 ], [ 73.158208522848057, 22.586798580521414 ], [ 73.167931999860556, 22.586909804455392 ], [ 73.168051428428612, 22.577880524777331 ] ] ] } },
{ "type": "Feature", "properties": { "FeatureID": "4", "HA_Area": 100.0, "GIDC_Dista": 14153.8, "Shape_Leng": 4000.0, "Shape_Area": 1000000.0, "Norm_GIDC": 1, "norm_scr": 0.94352375206200001, "oneminus": 0.056476247937999997 }, "geometry": { "type": "Polygon", "coordinates": [ [ [ 73.216550290896436, 22.587457103281199 ], [ 73.206826512966984, 22.587348819678116 ], [ 73.206709556961926, 22.596378283060975 ], [ 73.216433968282715, 22.596486614625078 ], [ 73.216550290896436, 22.587457103281199 ] ] ] } },
{ "type": "Feature", "properties": { "FeatureID": "5", "HA_Area": 100.0, "GIDC_Dista": 11796.4, "Shape_Leng": 4000.0, "Shape_Area": 1000000.0, "Norm_GIDC": 1, "norm_scr": 0.78637426775700003, "oneminus": 0.21362573224299999 }, "geometry": { "type": "Polygon", "coordinates": [ [ [ 73.149208352605555, 22.53251152192782 ], [ 73.139488791059946, 22.532399420536624 ], [ 73.139367772304027, 22.541428605420748 ], [ 73.149087965185743, 22.541540756557975 ], [ 73.149208352605555, 22.53251152192782 ] ] ] } },
{ "type": "Feature", "properties": { "FeatureID": "6", "HA_Area": 100.0, "GIDC_Dista": 15001.0, "Shape_Leng": 4000.0, "Shape_Area": 1000000.0, "Norm_GIDC": 1, "norm_scr": 1.0, "oneminus": 0.0 }, "geometry": { "type": "Polygon", "coordinates": [ [ [ 73.245378536868628, 22.614867354264664 ], [ 73.235652680960456, 22.614760693479539 ], [ 73.235537449362596, 22.623790267841475 ], [ 73.245263939681109, 22.623896975824241 ], [ 73.245378536868628, 22.614867354264664 ] ] ] } },
{ "type": "Feature", "properties": { "FeatureID": "7", "HA_Area": 100.0, "GIDC_Dista": 15001.0, "Shape_Leng": 4000.0, "Shape_Area": 1000000.0, "Norm_GIDC": 1, "norm_scr": 1.0, "oneminus": 0.0 }, "geometry": { "type": "Polygon", "coordinates": [ [ [ 73.31302018278457, 22.651717203341391 ], [ 73.30329138550016, 22.651614483873558 ], [ 73.303180369504673, 22.660644340433201 ], [ 73.312909802608175, 22.660747105297784 ], [ 73.31302018278457, 22.651717203341391 ] ] ] } },
{ "type": "Feature", "properties": { "FeatureID": "8", "HA_Area": 100.0, "GIDC_Dista": 12852.7, "Shape_Leng": 4000.0, "Shape_Area": 1000000.0, "Norm_GIDC": 1, "norm_scr": 0.85678956038300003, "oneminus": 0.143210439617 }, "geometry": { "type": "Polygon", "coordinates": [ [ [ 73.265283160141664, 22.578959941423363 ], [ 73.255559722506618, 22.578854645170733 ], [ 73.255445991557266, 22.587884356443226 ], [ 73.265170062346655, 22.587989699348835 ], [ 73.265283160141664, 22.578959941423363 ] ] ] } },
{ "type": "Feature", "properties": { "FeatureID": "9", "HA_Area": 100.0, "GIDC_Dista": 9844.37, "Shape_Leng": 4000.0, "Shape_Area": 1000000.0, "Norm_GIDC": 1, "norm_scr": 0.65624759130599997, "oneminus": 0.34375240869399998 }, "geometry": { "type": "Polygon", "coordinates": [ [ [ 73.226620842360674, 22.560476057414601 ], [ 73.236342840057205, 22.560583022497507 ], [ 73.236457661650888, 22.55155337323124 ], [ 73.226736296091474, 22.55144645556457 ], [ 73.226620842360674, 22.560476057414601 ] ] ] } },
{ "type": "Feature", "properties": { "FeatureID": "10", "HA_Area": 100.0, "GIDC_Dista": 9539.11, "Shape_Leng": 4000.0, "Shape_Area": 1000000.0, "Norm_GIDC": 1, "norm_scr": 0.63589829688400001, "oneminus": 0.36410170311599999 }, "geometry": { "type": "Polygon", "coordinates": [ [ [ 73.207410400255839, 22.542201342053229 ], [ 73.197689843903021, 22.542092711370167 ], [ 73.197572553655462, 22.551122180120576 ], [ 73.207293741771849, 22.551230858994646 ], [ 73.207410400255839, 22.542201342053229 ] ] ] } },
{ "type": "Feature", "properties": { "FeatureID": "11", "HA_Area": 100.0, "GIDC_Dista": 15001.0, "Shape_Leng": 4000.0, "Shape_Area": 1000000.0, "Norm_GIDC": 1, "norm_scr": 1.0, "oneminus": 0.0 }, "geometry": { "type": "Polygon", "coordinates": [ [ [ 73.156883805970224, 22.686119404918834 ], [ 73.147153406221676, 22.686007047862045 ], [ 73.147031972855771, 22.695036099465867 ], [ 73.156763009440638, 22.695148506115036 ], [ 73.156883805970224, 22.686119404918834 ] ] ] } },
{ "type": "Feature", "properties": { "FeatureID": "12", "HA_Area": 100.0, "GIDC_Dista": 6748.68, "Shape_Leng": 4000.0, "Shape_Area": 1000000.0, "Norm_GIDC": 0, "norm_scr": 0.44988201958399998, "oneminus": 0.55011798041600002 }, "geometry": { "type": "Polygon", "coordinates": [ [ [ 73.197924245093276, 22.524033741750952 ], [ 73.207643538884255, 22.524142276070215 ], [ 73.207760019063244, 22.515112727035604 ], [ 73.198041356070704, 22.515004240889144 ], [ 73.197924245093276, 22.524033741750952 ] ] ] } },
{ "type": "Feature", "properties": { "FeatureID": "13", "HA_Area": 100.0, "GIDC_Dista": 11006.0, "Shape_Leng": 4000.0, "Shape_Area": 1000000.0, "Norm_GIDC": 1, "norm_scr": 0.733684421039, "oneminus": 0.266315578961 }, "geometry": { "type": "Polygon", "coordinates": [ [ [ 73.226620842360674, 22.560476057414601 ], [ 73.216898903507044, 22.560368504987693 ], [ 73.216782758491362, 22.569398048459011 ], [ 73.226505329787003, 22.569505648568466 ], [ 73.226620842360674, 22.560476057414601 ] ] ] } },
{ "type": "Feature", "properties": { "FeatureID": "14", "HA_Area": 100.0, "GIDC_Dista": 10471.9, "Shape_Leng": 4000.0, "Shape_Area": 1000000.0, "Norm_GIDC": 1, "norm_scr": 0.69808015403099999, "oneminus": 0.30191984596900001 }, "geometry": { "type": "Polygon", "coordinates": [ [ [ 73.342748446342441, 22.606871478471373 ], [ 73.333022656199873, 22.60677075226365 ], [ 73.332913824856504, 22.615800797530017 ], [ 73.342640249252582, 22.615901568324077 ], [ 73.342748446342441, 22.606871478471373 ] ] ] } },
{ "type": "Feature", "properties": { "FeatureID": "15", "HA_Area": 100.0, "GIDC_Dista": 12692.9, "Shape_Leng": 4000.0, "Shape_Area": 1000000.0, "Norm_GIDC": 1, "norm_scr": 0.84613695024500002, "oneminus": 0.15386304975500001 }, "geometry": { "type": "Polygon", "coordinates": [ [ [ 73.342423689834547, 22.633961716084436 ], [ 73.332695995963192, 22.633860856100789 ], [ 73.332586998380918, 22.642890869398315 ], [ 73.342315327474196, 22.642991773985237 ], [ 73.342423689834547, 22.633961716084436 ] ] ] } },
{ "type": "Feature", "properties": { "FeatureID": "16", "HA_Area": 100.0, "GIDC_Dista": 8095.96, "Shape_Leng": 4000.0, "Shape_Area": 1000000.0, "Norm_GIDC": 1, "norm_scr": 0.53969468441699997, "oneminus": 0.46030531558299997 }, "geometry": { "type": "Polygon", "coordinates": [ [ [ 73.197924245093276, 22.524033741750952 ], [ 73.188205011041632, 22.52392462117248 ], [ 73.188087209222147, 22.532954062894952 ], [ 73.197807074376499, 22.533063231912461 ], [ 73.197924245093276, 22.524033741750952 ] ] ] } },
{ "type": "Feature", "properties": { "FeatureID": "17", "HA_Area": 100.0, "GIDC_Dista": 11151.2, "Shape_Leng": 4000.0, "Shape_Area": 1000000.0, "Norm_GIDC": 1, "norm_scr": 0.74336378876800002, "oneminus": 0.25663621123199998 }, "geometry": { "type": "Polygon", "coordinates": [ [ [ 73.314011081491756, 22.570447605636872 ], [ 73.304287992053176, 22.570345294481285 ], [ 73.304177483341647, 22.579375247070558 ], [ 73.313901205695245, 22.579477603571238 ], [ 73.314011081491756, 22.570447605636872 ] ] ] } },
{ "type": "Feature", "properties": { "FeatureID": "18", "HA_Area": 100.0, "GIDC_Dista": 10129.4, "Shape_Leng": 4000.0, "Shape_Area": 1000000.0, "Norm_GIDC": 1, "norm_scr": 0.67524834281900004, "oneminus": 0.32475165718100002 }, "geometry": { "type": "Polygon", "coordinates": [ [ [ 73.314450025234962, 22.534327507464379 ], [ 73.304729464235379, 22.534225377631966 ], [ 73.304619180556671, 22.543255372811199 ], [ 73.314340373183029, 22.543357547965833 ], [ 73.314450025234962, 22.534327507464379 ] ] ] } },
{ "type": "Feature", "properties": { "FeatureID": "19", "HA_Area": 100.0, "GIDC_Dista": 14611.2, "Shape_Leng": 4000.0, "Shape_Area": 1000000.0, "Norm_GIDC": 1, "norm_scr": 0.97401507868199999, "oneminus": 0.025984921318 }, "geometry": { "type": "Polygon", "coordinates": [ [ [ 73.351828093031116, 22.661152261242325 ], [ 73.342098437370367, 22.66105185781079 ], [ 73.341989909594659, 22.670081883728695 ], [ 73.351720201462726, 22.670182331519687 ], [ 73.351828093031116, 22.661152261242325 ] ] ] } },
{ "type": "Feature", "properties": { "FeatureID": "20", "HA_Area": 100.0, "GIDC_Dista": 9407.63, "Shape_Leng": 4000.0, "Shape_Area": 1000000.0, "Norm_GIDC": 1, "norm_scr": 0.62713351662000005, "oneminus": 0.37286648338 }, "geometry": { "type": "Polygon", "coordinates": [ [ [ 73.324388516243104, 22.516368847600621 ], [ 73.314669161668689, 22.516267394565546 ], [ 73.314559621391439, 22.525297456329799 ], [ 73.324279606965291, 22.525398954415451 ], [ 73.324388516243104, 22.516368847600621 ] ] ] } },
{ "type": "Feature", "properties": { "FeatureID": "21", "HA_Area": 100.0, "GIDC_Dista": 15001.0, "Shape_Leng": 4000.0, "Shape_Area": 1000000.0, "Norm_GIDC": 1, "norm_scr": 1.0, "oneminus": 0.0 }, "geometry": { "type": "Polygon", "coordinates": [ [ [ 73.234960411425433, 22.668937978863536 ], [ 73.225230802939009, 22.668830444318203 ], [ 73.225114582911303, 22.677859906846493 ], [ 73.234844827728438, 22.677967488886097 ], [ 73.234960411425433, 22.668937978863536 ] ] ] } },
{ "type": "Feature", "properties": { "FeatureID": "22", "HA_Area": 100.0, "GIDC_Dista": 15001.0, "Shape_Leng": 4000.0, "Shape_Area": 1000000.0, "Norm_GIDC": 1, "norm_scr": 1.0, "oneminus": 0.0 }, "geometry": { "type": "Polygon", "coordinates": [ [ [ 73.147638523165185, 22.649890733538601 ], [ 73.137910729128407, 22.649777984959023 ], [ 73.137788906808581, 22.658807029891296 ], [ 73.14751733637128, 22.658919828298671 ], [ 73.147638523165185, 22.649890733538601 ] ] ] } },
{ "type": "Feature", "properties": { "FeatureID": "23", "HA_Area": 100.0, "GIDC_Dista": 7649.1, "Shape_Leng": 4000.0, "Shape_Area": 1000000.0, "Norm_GIDC": 1, "norm_scr": 0.50990601277600001, "oneminus": 0.49009398722399999 }, "geometry": { "type": "Polygon", "coordinates": [ [ [ 73.343504285244677, 22.543660551670012 ], [ 73.333782925848965, 22.543560137408956 ], [ 73.333674481831395, 22.552590257148719 ], [ 73.343396473224331, 22.552690715956714 ], [ 73.343504285244677, 22.543660551670012 ] ] ] } },
{ "type": "Feature", "properties": { "FeatureID": "24", "HA_Area": 100.0, "GIDC_Dista": 15001.0, "Shape_Leng": 4000.0, "Shape_Area": 1000000.0, "Norm_GIDC": 1, "norm_scr": 1.0, "oneminus": 0.0 }, "geometry": { "type": "Polygon", "coordinates": [ [ [ 73.303069297061981, 22.669674186305627 ], [ 73.293339284279952, 22.669570785454155 ], [ 73.29322751892461, 22.678600574966858 ], [ 73.302958168155598, 22.678704021487373 ], [ 73.303069297061981, 22.669674186305627 ] ] ] } },
{ "type": "Feature", "properties": { "FeatureID": "25", "HA_Area": 100.0, "GIDC_Dista": 15001.0, "Shape_Leng": 4000.0, "Shape_Area": 1000000.0, "Norm_GIDC": 1, "norm_scr": 1.0, "oneminus": 0.0 }, "geometry": { "type": "Polygon", "coordinates": [ [ [ 73.254534057157628, 22.660121661536969 ], [ 73.244804967584074, 22.660015354942221 ], [ 73.244690078637873, 22.66904492292425 ], [ 73.254419804253217, 22.669151276485859 ], [ 73.254534057157628, 22.660121661536969 ] ] ] } },
{ "type": "Feature", "properties": { "FeatureID": "26", "HA_Area": 100.0, "GIDC_Dista": 8757.38, "Shape_Leng": 4000.0, "Shape_Area": 1000000.0, "Norm_GIDC": 1, "norm_scr": 0.58378640642699997, "oneminus": 0.41621359357299997 }, "geometry": { "type": "Polygon", "coordinates": [ [ [ 73.246293216971765, 22.542629996696771 ], [ 73.236572424740743, 22.542523713278282 ], [ 73.236457661650888, 22.55155337323124 ], [ 73.246179085714104, 22.551659703799722 ], [ 73.246293216971765, 22.542629996696771 ] ] ] } },
{ "type": "Feature", "properties": { "FeatureID": "27", "HA_Area": 100.0, "GIDC_Dista": 15001.0, "Shape_Leng": 4000.0, "Shape_Area": 1000000.0, "Norm_GIDC": 1, "norm_scr": 1.0, "oneminus": 0.0 }, "geometry": { "type": "Polygon", "coordinates": [ [ [ 73.205889196378763, 22.65958422632438 ], [ 73.196160401964889, 22.659474968683245 ], [ 73.196042333067609, 22.668504297920656 ], [ 73.205771763436985, 22.668613603832075 ], [ 73.205889196378763, 22.65958422632438 ] ] ] } },
{ "type": "Feature", "properties": { "FeatureID": "28", "HA_Area": 100.0, "GIDC_Dista": 14669.9, "Shape_Leng": 4000.0, "Shape_Area": 1000000.0, "Norm_GIDC": 1, "norm_scr": 0.97792816416399997, "oneminus": 0.022071835836 }, "geometry": { "type": "Polygon", "coordinates": [ [ [ 73.265056906946626, 22.59701944659146 ], [ 73.255332202680549, 22.596914057026972 ], [ 73.255218355859569, 22.605943746918513 ], [ 73.264943693924792, 22.606049183147775 ], [ 73.265056906946626, 22.59701944659146 ] ] ] } },
{ "type": "Feature", "properties": { "FeatureID": "29", "HA_Area": 100.0, "GIDC_Dista": 14919.9, "Shape_Leng": 4000.0, "Shape_Area": 1000000.0, "Norm_GIDC": 1, "norm_scr": 0.99459371979400002, "oneminus": 0.005406280206 }, "geometry": { "type": "Polygon", "coordinates": [ [ [ 73.284394542648556, 22.60625828948146 ], [ 73.274669089628645, 22.60615403067349 ], [ 73.274556453106641, 22.615183802950181 ], [ 73.284282540281751, 22.61528810790778 ], [ 73.284394542648556, 22.60625828948146 ] ] ] } },
{ "type": "Feature", "properties": { "FeatureID": "30", "HA_Area": 100.0, "GIDC_Dista": 8052.43, "Shape_Leng": 4000.0, "Shape_Area": 1000000.0, "Norm_GIDC": 1, "norm_scr": 0.53679289219299997, "oneminus": 0.46320710780699997 }, "geometry": { "type": "Polygon", "coordinates": [ [ [ 73.304949862957244, 22.516165355360439 ], [ 73.295230620430431, 22.516062729999124 ], [ 73.295119818203105, 22.525092700881551 ], [ 73.304839691696799, 22.525195371813886 ], [ 73.304949862957244, 22.516165355360439 ] ] ] } },
{ "type": "Feature", "properties": { "FeatureID": "31", "HA_Area": 100.0, "GIDC_Dista": 9756.11, "Shape_Leng": 4000.0, "Shape_Area": 1000000.0, "Norm_GIDC": 1, "norm_scr": 0.65036399917099996, "oneminus": 0.34963600082899998 }, "geometry": { "type": "Polygon", "coordinates": [ [ [ 73.246179085714104, 22.551659703799722 ], [ 73.236457661650888, 22.55155337323124 ], [ 73.236342840057205, 22.560583022497507 ], [ 73.246064896274561, 22.560689400221928 ], [ 73.246179085714104, 22.551659703799722 ] ] ] } },
{ "type": "Feature", "properties": { "FeatureID": "32", "HA_Area": 100.0, "GIDC_Dista": 12050.7, "Shape_Leng": 4000.0, "Shape_Area": 1000000.0, "Norm_GIDC": 1, "norm_scr": 0.80332645792400004, "oneminus": 0.19667354207599999 }, "geometry": { "type": "Polygon", "coordinates": [ [ [ 73.158808219450378, 22.541652320990323 ], [ 73.149087965185743, 22.541540756557975 ], [ 73.148967516383024, 22.550569980449982 ], [ 73.158688402323349, 22.550681594374435 ], [ 73.158808219450378, 22.541652320990323 ] ] ] } },
{ "type": "Feature", "properties": { "FeatureID": "33", "HA_Area": 100.0, "GIDC_Dista": 13693.2, "Shape_Leng": 4000.0, "Shape_Area": 1000000.0, "Norm_GIDC": 1, "norm_scr": 0.91281915841000005, "oneminus": 0.08718084159 }, "geometry": { "type": "Polygon", "coordinates": [ [ [ 73.294342619055598, 22.588302198913336 ], [ 73.28461837641818, 22.588198620598039 ], [ 73.284506488021833, 22.59722846037706 ], [ 73.294231364186032, 22.59733208456986 ], [ 73.294342619055598, 22.588302198913336 ] ] ] } },
{ "type": "Feature", "properties": { "FeatureID": "34", "HA_Area": 100.0, "GIDC_Dista": 13420.1, "Shape_Leng": 4000.0, "Shape_Area": 1000000.0, "Norm_GIDC": 1, "norm_scr": 0.89461366638100004, "oneminus": 0.105386333619 }, "geometry": { "type": "Polygon", "coordinates": [ [ [ 73.313461142577424, 22.615597488770081 ], [ 73.303734885339807, 22.615494950831746 ], [ 73.303624094968299, 22.624524850105768 ], [ 73.313350986733369, 22.624627433417864 ], [ 73.313461142577424, 22.615597488770081 ] ] ] } },
{ "type": "Feature", "properties": { "FeatureID": "35", "HA_Area": 100.0, "GIDC_Dista": 7758.97, "Shape_Leng": 4000.0, "Shape_Area": 1000000.0, "Norm_GIDC": 1, "norm_scr": 0.51723019897599998, "oneminus": 0.48276980102400002 }, "geometry": { "type": "Polygon", "coordinates": [ [ [ 73.236572424740743, 22.542523713278282 ], [ 73.246293216971765, 22.542629996696771 ], [ 73.246407290064468, 22.533600278916555 ], [ 73.236687129343792, 22.533494042642122 ], [ 73.236572424740743, 22.542523713278282 ] ] ] } },
{ "type": "Feature", "properties": { "FeatureID": "36", "HA_Area": 100.0, "GIDC_Dista": 11691.6, "Shape_Leng": 4000.0, "Shape_Area": 1000000.0, "Norm_GIDC": 1, "norm_scr": 0.77938801475700004, "oneminus": 0.22061198524299999 }, "geometry": { "type": "Polygon", "coordinates": [ [ [ 73.178130357118945, 22.550903061267778 ], [ 73.16840934934261, 22.550792621318703 ], [ 73.168290103151932, 22.559821933205487 ], [ 73.178011742961274, 22.55993242213242 ], [ 73.178130357118945, 22.550903061267778 ] ] ] } },
{ "type": "Feature", "properties": { "FeatureID": "37", "HA_Area": 100.0, "GIDC_Dista": 15001.0, "Shape_Leng": 4000.0, "Shape_Area": 1000000.0, "Norm_GIDC": 1, "norm_scr": 1.0, "oneminus": 0.0 }, "geometry": { "type": "Polygon", "coordinates": [ [ [ 73.157486868774825, 22.64097373718748 ], [ 73.147759648361102, 22.640861627998216 ], [ 73.147638523165185, 22.649890733538601 ], [ 73.157366378799935, 22.650002892288793 ], [ 73.157486868774825, 22.64097373718748 ] ] ] } },
{ "type": "Feature", "properties": { "FeatureID": "38", "HA_Area": 100.0, "GIDC_Dista": 14095.8, "Shape_Leng": 4000.0, "Shape_Area": 1000000.0, "Norm_GIDC": 1, "norm_scr": 0.93965734315600002, "oneminus": 0.060342656844000003 }, "geometry": { "type": "Polygon", "coordinates": [ [ [ 73.332586998380918, 22.642890869398315 ], [ 73.322858724732967, 22.642789374967652 ], [ 73.322749036176646, 22.651819332732366 ], [ 73.332477945353304, 22.651920872032658 ], [ 73.332586998380918, 22.642890869398315 ] ] ] } },
{ "type": "Feature", "properties": { "FeatureID": "39", "HA_Area": 100.0, "GIDC_Dista": 15001.0, "Shape_Leng": 4000.0, "Shape_Area": 1000000.0, "Norm_GIDC": 1, "norm_scr": 1.0, "oneminus": 0.0 }, "geometry": { "type": "Polygon", "coordinates": [ [ [ 73.274105333523295, 22.651302785148538 ], [ 73.26437676389989, 22.651197705513287 ], [ 73.26426320479392, 22.660227377878904 ], [ 73.273992410169868, 22.660332503953704 ], [ 73.274105333523295, 22.651302785148538 ] ] ] } },
{ "type": "Feature", "properties": { "FeatureID": "40", "HA_Area": 100.0, "GIDC_Dista": 12406.9, "Shape_Leng": 4000.0, "Shape_Area": 1000000.0, "Norm_GIDC": 1, "norm_scr": 0.82707155460500004, "oneminus": 0.17292844539499999 }, "geometry": { "type": "Polygon", "coordinates": [ [ [ 73.304177483341647, 22.579375247070558 ], [ 73.294453817287206, 22.579272302591455 ], [ 73.294342619055598, 22.588302198913336 ], [ 73.30406691833096, 22.588405189003716 ], [ 73.304177483341647, 22.579375247070558 ] ] ] } },
{ "type": "Feature", "properties": { "FeatureID": "41", "HA_Area": 100.0, "GIDC_Dista": 11067.1, "Shape_Leng": 4000.0, "Shape_Area": 1000000.0, "Norm_GIDC": 1, "norm_scr": 0.73775745679500004, "oneminus": 0.26224254320500001 }, "geometry": { "type": "Polygon", "coordinates": [ [ [ 73.27523141283136, 22.561005009100665 ], [ 73.265509182983678, 22.560900393537789 ], [ 73.26539620034842, 22.56993017281853 ], [ 73.275119062722794, 22.570034834762254 ], [ 73.27523141283136, 22.561005009100665 ] ] ] } },
{ "type": "Feature", "properties": { "FeatureID": "42", "HA_Area": 100.0, "GIDC_Dista": 15001.0, "Shape_Leng": 4000.0, "Shape_Area": 1000000.0, "Norm_GIDC": 1, "norm_scr": 1.0, "oneminus": 0.0 }, "geometry": { "type": "Polygon", "coordinates": [ [ [ 73.186550312063289, 22.650335829411574 ], [ 73.176822273571887, 22.650225440240355 ], [ 73.176702993463337, 22.659254682920295 ], [ 73.186431667552085, 22.65936512087692 ], [ 73.186550312063289, 22.650335829411574 ] ] ] } },
{ "type": "Feature", "properties": { "FeatureID": "43", "HA_Area": 100.0, "GIDC_Dista": 15001.0, "Shape_Leng": 4000.0, "Shape_Area": 1000000.0, "Norm_GIDC": 1, "norm_scr": 1.0, "oneminus": 0.0 }, "geometry": { "type": "Polygon", "coordinates": [ [ [ 73.235652680960456, 22.614760693479539 ], [ 73.225926883675498, 22.61465344377347 ], [ 73.225811017684421, 22.623682970677216 ], [ 73.235537449362596, 22.623790267841475 ], [ 73.235652680960456, 22.614760693479539 ] ] ] } },
{ "type": "Feature", "properties": { "FeatureID": "44", "HA_Area": 100.0, "GIDC_Dista": 12843.3, "Shape_Leng": 4000.0, "Shape_Area": 1000000.0, "Norm_GIDC": 1, "norm_scr": 0.85616290945200002, "oneminus": 0.14383709054800001 }, "geometry": { "type": "Polygon", "coordinates": [ [ [ 73.313571242379282, 22.606567533458076 ], [ 73.303845619346447, 22.606465040887755 ], [ 73.303734885339807, 22.615494950831746 ], [ 73.313461142577424, 22.615597488770081 ], [ 73.313571242379282, 22.606567533458076 ] ] ] } },
{ "type": "Feature", "properties": { "FeatureID": "45", "HA_Area": 100.0, "GIDC_Dista": 15001.0, "Shape_Leng": 4000.0, "Shape_Area": 1000000.0, "Norm_GIDC": 1, "norm_scr": 1.0, "oneminus": 0.0 }, "geometry": { "type": "Polygon", "coordinates": [ [ [ 73.118332233822898, 22.658579662867851 ], [ 73.108603991045769, 22.658465094282594 ], [ 73.108480199349444, 22.667493977358717 ], [ 73.118209077920838, 22.667608596559916 ], [ 73.118332233822898, 22.658579662867851 ] ] ] } },
{ "type": "Feature", "properties": { "FeatureID": "46", "HA_Area": 100.0, "GIDC_Dista": 15001.0, "Shape_Leng": 4000.0, "Shape_Area": 1000000.0, "Norm_GIDC": 1, "norm_scr": 1.0, "oneminus": 0.0 }, "geometry": { "type": "Polygon", "coordinates": [ [ [ 73.177536681626364, 22.596049758290384 ], [ 73.177417765028494, 22.605079065487207 ], [ 73.187142630374851, 22.605189210824044 ], [ 73.187260913311391, 22.596159854878842 ], [ 73.177536681626364, 22.596049758290384 ] ] ] } },
{ "type": "Feature", "properties": { "FeatureID": "47", "HA_Area": 100.0, "GIDC_Dista": 15001.0, "Shape_Leng": 4000.0, "Shape_Area": 1000000.0, "Norm_GIDC": 1, "norm_scr": 1.0, "oneminus": 0.0 }, "geometry": { "type": "Polygon", "coordinates": [ [ [ 73.119069855594134, 22.604405833978653 ], [ 73.109345420804701, 22.604291568954455 ], [ 73.109222006279197, 22.613320516833358 ], [ 73.118947074926822, 22.613434832435061 ], [ 73.119069855594134, 22.604405833978653 ] ] ] } },
{ "type": "Feature", "properties": { "FeatureID": "48", "HA_Area": 100.0, "GIDC_Dista": 15001.0, "Shape_Leng": 4000.0, "Shape_Area": 1000000.0, "Norm_GIDC": 1, "norm_scr": 1.0, "oneminus": 0.0 }, "geometry": { "type": "Polygon", "coordinates": [ [ [ 73.127815436725754, 22.676751598704062 ], [ 73.1180858594157, 22.676637519445602 ], [ 73.11796257828918, 22.685666431521412 ], [ 73.127692792057928, 22.685780561147986 ], [ 73.127815436725754, 22.676751598704062 ] ] ] } },
{ "type": "Feature", "properties": { "FeatureID": "49", "HA_Area": 100.0, "GIDC_Dista": 14871.7, "Shape_Leng": 4000.0, "Shape_Area": 1000000.0, "Norm_GIDC": 1, "norm_scr": 0.99138058764799997, "oneminus": 0.008619412352 }, "geometry": { "type": "Polygon", "coordinates": [ [ [ 73.177536681626364, 22.596049758290384 ], [ 73.177655537700943, 22.587020440352987 ], [ 73.167931999860556, 22.586909804455392 ], [ 73.167812510464614, 22.595939073390184 ], [ 73.177536681626364, 22.596049758290384 ] ] ] } },
{ "type": "Feature", "properties": { "FeatureID": "50", "HA_Area": 100.0, "GIDC_Dista": 14784.8, "Shape_Leng": 4000.0, "Shape_Area": 1000000.0, "Norm_GIDC": 1, "norm_scr": 0.98558761447200005, "oneminus": 0.014412385528 }, "geometry": { "type": "Polygon", "coordinates": [ [ [ 73.119805228253938, 22.550231616947045 ], [ 73.110084589847588, 22.550117655253757 ], [ 73.109961551833592, 22.559146667808534 ], [ 73.119682822165444, 22.559260680041024 ], [ 73.119805228253938, 22.550231616947045 ] ] ] } },
{ "type": "Feature", "properties": { "FeatureID": "51", "HA_Area": 100.0, "GIDC_Dista": 15001.0, "Shape_Leng": 4000.0, "Shape_Area": 1000000.0, "Norm_GIDC": 1, "norm_scr": 1.0, "oneminus": 0.0 }, "geometry": { "type": "Polygon", "coordinates": [ [ [ 73.138275824635173, 22.622690785456573 ], [ 73.128549997105992, 22.622577597290004 ], [ 73.128427725954879, 22.631606624502218 ], [ 73.13815418802362, 22.631719862738141 ], [ 73.138275824635173, 22.622690785456573 ] ] ] } },
{ "type": "Feature", "properties": { "FeatureID": "52", "HA_Area": 100.0, "GIDC_Dista": 11281.7, "Shape_Leng": 4000.0, "Shape_Area": 1000000.0, "Norm_GIDC": 1, "norm_scr": 0.75206320880699995, "oneminus": 0.24793679119299999 }, "geometry": { "type": "Polygon", "coordinates": [ [ [ 73.130012405342214, 22.5142284307219 ], [ 73.120294229127154, 22.514115257000544 ], [ 73.120172072394723, 22.523144363115701 ], [ 73.129890879266782, 22.523257587090733 ], [ 73.130012405342214, 22.5142284307219 ] ] ] } },
{ "type": "Feature", "properties": { "FeatureID": "53", "HA_Area": 100.0, "GIDC_Dista": 15001.0, "Shape_Leng": 4000.0, "Shape_Area": 1000000.0, "Norm_GIDC": 1, "norm_scr": 1.0, "oneminus": 0.0 }, "geometry": { "type": "Polygon", "coordinates": [ [ [ 73.225579108795912, 22.641741992319613 ], [ 73.215851466360618, 22.641634010532883 ], [ 73.215734788084461, 22.650663457527724 ], [ 73.225463065864076, 22.65077148705128 ], [ 73.225579108795912, 22.641741992319613 ] ] ] } },
{ "type": "Feature", "properties": { "FeatureID": "54", "HA_Area": 100.0, "GIDC_Dista": 15001.0, "Shape_Leng": 4000.0, "Shape_Area": 1000000.0, "Norm_GIDC": 1, "norm_scr": 1.0, "oneminus": 0.0 }, "geometry": { "type": "Polygon", "coordinates": [ [ [ 73.274105333523295, 22.651302785148538 ], [ 73.283833960546488, 22.651407274763091 ], [ 73.283946191053801, 22.64237749908369 ], [ 73.27421819947692, 22.642273055642139 ], [ 73.274105333523295, 22.651302785148538 ] ] ] } },
{ "type": "Feature", "properties": { "FeatureID": "55", "HA_Area": 100.0, "GIDC_Dista": 15001.0, "Shape_Leng": 4000.0, "Shape_Area": 1000000.0, "Norm_GIDC": 1, "norm_scr": 1.0, "oneminus": 0.0 }, "geometry": { "type": "Polygon", "coordinates": [ [ [ 73.254191124188239, 22.687210474220269 ], [ 73.244460125519694, 22.687104026707068 ], [ 73.244345061313524, 22.696133562500929 ], [ 73.254076696993678, 22.696240056998864 ], [ 73.254191124188239, 22.687210474220269 ] ] ] } },
{ "type": "Feature", "properties": { "FeatureID": "56", "HA_Area": 100.0, "GIDC_Dista": 12292.6, "Shape_Leng": 4000.0, "Shape_Area": 1000000.0, "Norm_GIDC": 1, "norm_scr": 0.81945201049100003, "oneminus": 0.180547989509 }, "geometry": { "type": "Polygon", "coordinates": [ [ [ 73.139488791059946, 22.532399420536624 ], [ 73.129769291201029, 22.532286732715885 ], [ 73.129647641126951, 22.541315867593834 ], [ 73.139367772304027, 22.541428605420748 ], [ 73.139488791059946, 22.532399420536624 ] ] ] } },
{ "type": "Feature", "properties": { "FeatureID": "57", "HA_Area": 100.0, "GIDC_Dista": 7034.22, "Shape_Leng": 4000.0, "Shape_Area": 1000000.0, "Norm_GIDC": 0, "norm_scr": 0.46891675320600001, "oneminus": 0.53108324679399999 }, "geometry": { "type": "Polygon", "coordinates": [ [ [ 73.35301128493218, 22.561820785468335 ], [ 73.343288606242098, 22.56172086962032 ], [ 73.34318068428199, 22.570751012657389 ], [ 73.352903995629489, 22.570850972803168 ], [ 73.35301128493218, 22.561820785468335 ] ] ] } },
{ "type": "Feature", "properties": { "FeatureID": "58", "HA_Area": 100.0, "GIDC_Dista": 15001.0, "Shape_Leng": 4000.0, "Shape_Area": 1000000.0, "Norm_GIDC": 1, "norm_scr": 1.0, "oneminus": 0.0 }, "geometry": { "type": "Polygon", "coordinates": [ [ [ 73.12903846, 22.586461380652235 ], [ 73.119315229521106, 22.586347804724149 ], [ 73.119192573786151, 22.595376824740509 ], [ 73.128916437496812, 22.595490450972985 ], [ 73.12903846, 22.586461380652235 ] ] ] } },
{ "type": "Feature", "properties": { "FeatureID": "59", "HA_Area": 100.0, "GIDC_Dista": 9061.77, "Shape_Leng": 4000.0, "Shape_Area": 1000000.0, "Norm_GIDC": 1, "norm_scr": 0.60407769690400004, "oneminus": 0.39592230309600002 }, "geometry": { "type": "Polygon", "coordinates": [ [ [ 73.226851690996511, 22.542416843021872 ], [ 73.217131016060947, 22.542309385942005 ], [ 73.217014989357835, 22.551338950814191 ], [ 73.226736296091474, 22.55144645556457 ], [ 73.226851690996511, 22.542416843021872 ] ] ] } },
{ "type": "Feature", "properties": { "FeatureID": "60", "HA_Area": 100.0, "GIDC_Dista": 12770.3, "Shape_Leng": 4000.0, "Shape_Area": 1000000.0, "Norm_GIDC": 1, "norm_scr": 0.85129656720799995, "oneminus": 0.14870343279199999 }, "geometry": { "type": "Polygon", "coordinates": [ [ [ 73.30406691833096, 22.588405189003716 ], [ 73.294342619055598, 22.588302198913336 ], [ 73.294231364186032, 22.59733208456986 ], [ 73.303956297004689, 22.597435120277261 ], [ 73.30406691833096, 22.588405189003716 ] ] ] } },
{ "type": "Feature", "properties": { "FeatureID": "61", "HA_Area": 100.0, "GIDC_Dista": 15001.0, "Shape_Leng": 4000.0, "Shape_Area": 1000000.0, "Norm_GIDC": 1, "norm_scr": 1.0, "oneminus": 0.0 }, "geometry": { "type": "Polygon", "coordinates": [ [ [ 73.215734788084461, 22.650663457527724 ], [ 73.206006569642511, 22.650554838070093 ], [ 73.205889196378763, 22.65958422632438 ], [ 73.215618050470638, 22.659692893785536 ], [ 73.215734788084461, 22.650663457527724 ] ] ] } },
{ "type": "Feature", "properties": { "FeatureID": "62", "HA_Area": 100.0, "GIDC_Dista": 9885.42, "Shape_Leng": 4000.0, "Shape_Area": 1000000.0, "Norm_GIDC": 1, "norm_scr": 0.65898406252099995, "oneminus": 0.341015937479 }, "geometry": { "type": "Polygon", "coordinates": [ [ [ 73.26562210806425, 22.551870603584629 ], [ 73.255900567959216, 22.551765447255622 ], [ 73.255787010690739, 22.560795190573465 ], [ 73.265509182983678, 22.560900393537789 ], [ 73.26562210806425, 22.551870603584629 ] ] ] } },
{ "type": "Feature", "properties": { "FeatureID": "63", "HA_Area": 100.0, "GIDC_Dista": 15001.0, "Shape_Leng": 4000.0, "Shape_Area": 1000000.0, "Norm_GIDC": 1, "norm_scr": 1.0, "oneminus": 0.0 }, "geometry": { "type": "Polygon", "coordinates": [ [ [ 73.26426320479392, 22.660227377878904 ], [ 73.254534057157628, 22.660121661536969 ], [ 73.254419804253217, 22.669151276485859 ], [ 73.264149587948282, 22.669257039533946 ], [ 73.26426320479392, 22.660227377878904 ] ] ] } },
{ "type": "Feature", "properties": { "FeatureID": "64", "HA_Area": 100.0, "GIDC_Dista": 14518.4, "Shape_Leng": 4000.0, "Shape_Area": 1000000.0, "Norm_GIDC": 1, "norm_scr": 0.96782883745299997, "oneminus": 0.032171162546999997 }, "geometry": { "type": "Polygon", "coordinates": [ [ [ 73.294120052662009, 22.60636195955756 ], [ 73.284394542648556, 22.60625828948146 ], [ 73.284282540281751, 22.61528810790778 ], [ 73.29400868446703, 22.61539182387299 ], [ 73.294120052662009, 22.60636195955756 ] ] ] } },
{ "type": "Feature", "properties": { "FeatureID": "65", "HA_Area": 100.0, "GIDC_Dista": 15001.0, "Shape_Leng": 4000.0, "Shape_Area": 1000000.0, "Norm_GIDC": 1, "norm_scr": 1.0, "oneminus": 0.0 }, "geometry": { "type": "Polygon", "coordinates": [ [ [ 73.341772688515093, 22.688141903557561 ], [ 73.332041178465474, 22.688040775869482 ], [ 73.33193184796805, 22.697070725136363 ], [ 73.341663995178919, 22.697171897461661 ], [ 73.341772688515093, 22.688141903557561 ] ] ] } },
{ "type": "Feature", "properties": { "FeatureID": "66", "HA_Area": 100.0, "GIDC_Dista": 15001.0, "Shape_Leng": 4000.0, "Shape_Area": 1000000.0, "Norm_GIDC": 1, "norm_scr": 1.0, "oneminus": 0.0 }, "geometry": { "type": "Polygon", "coordinates": [ [ [ 73.216317586435125, 22.605516115252833 ], [ 73.206592541400624, 22.605407735721645 ], [ 73.206475466265729, 22.61443717765664 ], [ 73.216201145336413, 22.614545605160966 ], [ 73.216317586435125, 22.605516115252833 ] ] ] } },
{ "type": "Feature", "properties": { "FeatureID": "67", "HA_Area": 100.0, "GIDC_Dista": 10758.8, "Shape_Leng": 4000.0, "Shape_Area": 1000000.0, "Norm_GIDC": 1, "norm_scr": 0.717205506612, "oneminus": 0.282794493388 }, "geometry": { "type": "Polygon", "coordinates": [ [ [ 73.304398444481933, 22.561315331239328 ], [ 73.314120901327684, 22.561417597055542 ], [ 73.314230665219355, 22.552387577830711 ], [ 73.304508840644317, 22.552285357348143 ], [ 73.304398444481933, 22.561315331239328 ] ] ] } },
{ "type": "Feature", "properties": { "FeatureID": "68", "HA_Area": 100.0, "GIDC_Dista": 10917.9, "Shape_Leng": 4000.0, "Shape_Area": 1000000.0, "Norm_GIDC": 1, "norm_scr": 0.72781150527500005, "oneminus": 0.27218849472500001 }, "geometry": { "type": "Polygon", "coordinates": [ [ [ 73.314120901327684, 22.561417597055542 ], [ 73.304398444481933, 22.561315331239328 ], [ 73.304287992053176, 22.570345294481285 ], [ 73.314011081491756, 22.570447605636872 ], [ 73.314120901327684, 22.561417597055542 ] ] ] } },
{ "type": "Feature", "properties": { "FeatureID": "69", "HA_Area": 100.0, "GIDC_Dista": 15001.0, "Shape_Leng": 4000.0, "Shape_Area": 1000000.0, "Norm_GIDC": 1, "norm_scr": 1.0, "oneminus": 0.0 }, "geometry": { "type": "Polygon", "coordinates": [ [ [ 73.322529491693899, 22.669879216241473 ], [ 73.312799366307701, 22.669776996572711 ], [ 73.31268887386679, 22.678806877162721 ], [ 73.322419635734875, 22.678909141978959 ], [ 73.322529491693899, 22.669879216241473 ] ] ] } },
{ "type": "Feature", "properties": { "FeatureID": "70", "HA_Area": 100.0, "GIDC_Dista": 15001.0, "Shape_Leng": 4000.0, "Shape_Area": 1000000.0, "Norm_GIDC": 1, "norm_scr": 1.0, "oneminus": 0.0 }, "geometry": { "type": "Polygon", "coordinates": [ [ [ 73.206241137205637, 22.632496029335641 ], [ 73.196514248720575, 22.632386916468633 ], [ 73.196396359773857, 22.641416277953752 ], [ 73.206123883245667, 22.641525439072691 ], [ 73.206241137205637, 22.632496029335641 ] ] ] } },
{ "type": "Feature", "properties": { "FeatureID": "71", "HA_Area": 100.0, "GIDC_Dista": 15001.0, "Shape_Leng": 4000.0, "Shape_Area": 1000000.0, "Norm_GIDC": 1, "norm_scr": 1.0, "oneminus": 0.0 }, "geometry": { "type": "Polygon", "coordinates": [ [ [ 73.302846982768983, 22.687733845974993 ], [ 73.293115696765724, 22.687630353779646 ], [ 73.293003817786683, 22.696660121889067 ], [ 73.302735740885637, 22.69676365976505 ], [ 73.302846982768983, 22.687733845974993 ] ] ] } },
{ "type": "Feature", "properties": { "FeatureID": "72", "HA_Area": 100.0, "GIDC_Dista": 15001.0, "Shape_Leng": 4000.0, "Shape_Area": 1000000.0, "Norm_GIDC": 1, "norm_scr": 1.0, "oneminus": 0.0 }, "geometry": { "type": "Polygon", "coordinates": [ [ [ 73.176941493051075, 22.641196186798862 ], [ 73.167214150445744, 22.641085256792728 ], [ 73.167094295709802, 22.65011446119442 ], [ 73.176822273571887, 22.650225440240355 ], [ 73.176941493051075, 22.641196186798862 ] ] ] } },
{ "type": "Feature", "properties": { "FeatureID": "73", "HA_Area": 100.0, "GIDC_Dista": 15001.0, "Shape_Leng": 4000.0, "Shape_Area": 1000000.0, "Norm_GIDC": 1, "norm_scr": 1.0, "oneminus": 0.0 }, "geometry": { "type": "Polygon", "coordinates": [ [ [ 73.196867555939718, 22.605298767573796 ], [ 73.187142630374851, 22.605189210824044 ], [ 73.187024287219828, 22.614218556031332 ], [ 73.19674984678602, 22.614328161275171 ], [ 73.196867555939718, 22.605298767573796 ] ] ] } },
{ "type": "Feature", "properties": { "FeatureID": "74", "HA_Area": 100.0, "GIDC_Dista": 7920.96, "Shape_Leng": 4000.0, "Shape_Area": 1000000.0, "Norm_GIDC": 1, "norm_scr": 0.52802879547600001, "oneminus": 0.47197120452399999 }, "geometry": { "type": "Polygon", "coordinates": [ [ [ 73.265847785628182, 22.533810991674915 ], [ 73.256127508933176, 22.533705928598923 ], [ 73.256014067367744, 22.542735693262944 ], [ 73.265734975606833, 22.542840802962505 ], [ 73.265847785628182, 22.533810991674915 ] ] ] } },
{ "type": "Feature", "properties": { "FeatureID": "75", "HA_Area": 100.0, "GIDC_Dista": 12700.2, "Shape_Leng": 4000.0, "Shape_Area": 1000000.0, "Norm_GIDC": 1, "norm_scr": 0.84662357144900002, "oneminus": 0.153376428551 }, "geometry": { "type": "Polygon", "coordinates": [ [ [ 73.197337793768511, 22.569181085485482 ], [ 73.187615400985464, 22.569071722650783 ], [ 73.187497298599169, 22.578101110788712 ], [ 73.197220324094317, 22.578210522092991 ], [ 73.197337793768511, 22.569181085485482 ] ] ] } },
{ "type": "Feature", "properties": { "FeatureID": "76", "HA_Area": 100.0, "GIDC_Dista": 15001.0, "Shape_Leng": 4000.0, "Shape_Area": 1000000.0, "Norm_GIDC": 1, "norm_scr": 1.0, "oneminus": 0.0 }, "geometry": { "type": "Polygon", "coordinates": [ [ [ 73.264490265283058, 22.642168022440554 ], [ 73.254762388795143, 22.642062399493156 ], [ 73.254648251999271, 22.651092035871574 ], [ 73.26437676389989, 22.651197705513287 ], [ 73.264490265283058, 22.642168022440554 ] ] ] } },
{ "type": "Feature", "properties": { "FeatureID": "77", "HA_Area": 100.0, "GIDC_Dista": 8781.76, "Shape_Leng": 4000.0, "Shape_Area": 1000000.0, "Norm_GIDC": 1, "norm_scr": 0.5854116236, "oneminus": 0.4145883764 }, "geometry": { "type": "Polygon", "coordinates": [ [ [ 73.333674481831395, 22.552590257148719 ], [ 73.323952545722392, 22.552489211102156 ], [ 73.323843414117718, 22.561519275400276 ], [ 73.33356598252989, 22.561620366259771 ], [ 73.333674481831395, 22.552590257148719 ] ] ] } },
{ "type": "Feature", "properties": { "FeatureID": "78", "HA_Area": 100.0, "GIDC_Dista": 15001.0, "Shape_Leng": 4000.0, "Shape_Area": 1000000.0, "Norm_GIDC": 1, "norm_scr": 1.0, "oneminus": 0.0 }, "geometry": { "type": "Polygon", "coordinates": [ [ [ 73.216201145336413, 22.614545605160966 ], [ 73.206475466265729, 22.61443717765664 ], [ 73.20635833153986, 22.623466608862472 ], [ 73.216084644969285, 22.623575084346012 ], [ 73.216201145336413, 22.614545605160966 ] ] ] } },
{ "type": "Feature", "properties": { "FeatureID": "79", "HA_Area": 100.0, "GIDC_Dista": 15001.0, "Shape_Leng": 4000.0, "Shape_Area": 1000000.0, "Norm_GIDC": 1, "norm_scr": 1.0, "oneminus": 0.0 }, "geometry": { "type": "Polygon", "coordinates": [ [ [ 73.235767853935059, 22.605731108406562 ], [ 73.226042690720746, 22.605623906152665 ], [ 73.225926883675498, 22.61465344377347 ], [ 73.235652680960456, 22.614760693479539 ], [ 73.235767853935059, 22.605731108406562 ] ] ] } },
{ "type": "Feature", "properties": { "FeatureID": "80", "HA_Area": 100.0, "GIDC_Dista": 9758.59, "Shape_Leng": 4000.0, "Shape_Area": 1000000.0, "Norm_GIDC": 1, "norm_scr": 0.65052928763100004, "oneminus": 0.34947071236900001 }, "geometry": { "type": "Polygon", "coordinates": [ [ [ 73.352474291543004, 22.606971615864172 ], [ 73.342748446342441, 22.606871478471373 ], [ 73.342640249252582, 22.615901568324077 ], [ 73.352366728722757, 22.616001750042628 ], [ 73.352474291543004, 22.606971615864172 ] ] ] } },
{ "type": "Feature", "properties": { "FeatureID": "81", "HA_Area": 100.0, "GIDC_Dista": 10767.6, "Shape_Leng": 4000.0, "Shape_Area": 1000000.0, "Norm_GIDC": 1, "norm_scr": 0.71779212115000002, "oneminus": 0.28220787884999998 }, "geometry": { "type": "Polygon", "coordinates": [ [ [ 73.255787010690739, 22.560795190573465 ], [ 73.246064896274561, 22.560689400221928 ], [ 73.24595064863621, 22.569719085959903 ], [ 73.2556733955455, 22.569824923212995 ], [ 73.255787010690739, 22.560795190573465 ] ] ] } },
{ "type": "Feature", "properties": { "FeatureID": "82", "HA_Area": 100.0, "GIDC_Dista": 8983.02, "Shape_Leng": 4000.0, "Shape_Area": 1000000.0, "Norm_GIDC": 1, "norm_scr": 0.59882804688000002, "oneminus": 0.40117195311999998 }, "geometry": { "type": "Polygon", "coordinates": [ [ [ 73.197807074376499, 22.533063231912461 ], [ 73.188087209222147, 22.532954062894952 ], [ 73.187969347324284, 22.541983493907523 ], [ 73.197689843903021, 22.542092711370167 ], [ 73.197807074376499, 22.533063231912461 ] ] ] } },
{ "type": "Feature", "properties": { "FeatureID": "83", "HA_Area": 100.0, "GIDC_Dista": 15001.0, "Shape_Leng": 4000.0, "Shape_Area": 1000000.0, "Norm_GIDC": 1, "norm_scr": 1.0, "oneminus": 0.0 }, "geometry": { "type": "Polygon", "coordinates": [ [ [ 73.167692960223064, 22.604968331578227 ], [ 73.157968216280977, 22.604857009112084 ], [ 73.15784797122771, 22.613886207274433 ], [ 73.167573349118157, 22.613997579016001 ], [ 73.167692960223064, 22.604968331578227 ] ] ] } },
{ "type": "Feature", "properties": { "FeatureID": "84", "HA_Area": 100.0, "GIDC_Dista": 14742.1, "Shape_Leng": 4000.0, "Shape_Area": 1000000.0, "Norm_GIDC": 1, "norm_scr": 0.98274112454999996, "oneminus": 0.01725887545 }, "geometry": { "type": "Polygon", "coordinates": [ [ [ 73.274781668834535, 22.597124247712884 ], [ 73.265056906946626, 22.59701944659146 ], [ 73.264943693924792, 22.606049183147775 ], [ 73.274669089628645, 22.60615403067349 ], [ 73.274781668834535, 22.597124247712884 ] ] ] } },
{ "type": "Feature", "properties": { "FeatureID": "85", "HA_Area": 100.0, "GIDC_Dista": 14702.7, "Shape_Leng": 4000.0, "Shape_Area": 1000000.0, "Norm_GIDC": 1, "norm_scr": 0.98011467204299996, "oneminus": 0.019885327957000001 }, "geometry": { "type": "Polygon", "coordinates": [ [ [ 73.139125549660292, 22.55948694295223 ], [ 73.129404154881641, 22.559374105094037 ], [ 73.129282318674299, 22.568403207709238 ], [ 73.139004345736581, 22.568516095592525 ], [ 73.139125549660292, 22.55948694295223 ] ] ] } },
{ "type": "Feature", "properties": { "FeatureID": "86", "HA_Area": 100.0, "GIDC_Dista": 6806.61, "Shape_Leng": 4000.0, "Shape_Area": 1000000.0, "Norm_GIDC": 0, "norm_scr": 0.45374374130299999, "oneminus": 0.54625625869700001 }, "geometry": { "type": "Polygon", "coordinates": [ [ [ 73.353118519579141, 22.552790587512551 ], [ 73.343396473224331, 22.552690715956714 ], [ 73.343288606242098, 22.56172086962032 ], [ 73.35301128493218, 22.561820785468335 ], [ 73.353118519579141, 22.552790587512551 ] ] ] } },
{ "type": "Feature", "properties": { "FeatureID": "87", "HA_Area": 100.0, "GIDC_Dista": 15001.0, "Shape_Leng": 4000.0, "Shape_Area": 1000000.0, "Norm_GIDC": 1, "norm_scr": 1.0, "oneminus": 0.0 }, "geometry": { "type": "Polygon", "coordinates": [ [ [ 73.147880711977052, 22.631832511681033 ], [ 73.13815418802362, 22.631719862738141 ], [ 73.13803248952739, 22.640748929240139 ], [ 73.147759648361102, 22.640861627998216 ], [ 73.147880711977052, 22.631832511681033 ] ] ] } },
{ "type": "Feature", "properties": { "FeatureID": "88", "HA_Area": 100.0, "GIDC_Dista": 11827.6, "Shape_Leng": 4000.0, "Shape_Area": 1000000.0, "Norm_GIDC": 1, "norm_scr": 0.78845407702000003, "oneminus": 0.21154592298 }, "geometry": { "type": "Polygon", "coordinates": [ [ [ 73.236227959942667, 22.569612661073595 ], [ 73.226505329787003, 22.569505648568466 ], [ 73.226389758353321, 22.578535229022691 ], [ 73.236113021290237, 22.578642288956022 ], [ 73.236227959942667, 22.569612661073595 ] ] ] } },
{ "type": "Feature", "properties": { "FeatureID": "89", "HA_Area": 100.0, "GIDC_Dista": 9769.94, "Shape_Leng": 4000.0, "Shape_Area": 1000000.0, "Norm_GIDC": 1, "norm_scr": 0.65128594291599995, "oneminus": 0.348714057084 }, "geometry": { "type": "Polygon", "coordinates": [ [ [ 73.255900567959216, 22.551765447255622 ], [ 73.246179085714104, 22.551659703799722 ], [ 73.246064896274561, 22.560689400221928 ], [ 73.255787010690739, 22.560795190573465 ], [ 73.255900567959216, 22.551765447255622 ] ] ] } },
{ "type": "Feature", "properties": { "FeatureID": "90", "HA_Area": 100.0, "GIDC_Dista": 11229.0, "Shape_Leng": 4000.0, "Shape_Area": 1000000.0, "Norm_GIDC": 1, "norm_scr": 0.74855009666000005, "oneminus": 0.25144990334 }, "geometry": { "type": "Polygon", "coordinates": [ [ [ 73.333022656199873, 22.60677075226365 ], [ 73.323296921437958, 22.606669437254642 ], [ 73.323187455857209, 22.61569943767411 ], [ 73.332913824856504, 22.615800797530017 ], [ 73.333022656199873, 22.60677075226365 ] ] ] } },
{ "type": "Feature", "properties": { "FeatureID": "91", "HA_Area": 100.0, "GIDC_Dista": 15001.0, "Shape_Leng": 4000.0, "Shape_Area": 1000000.0, "Norm_GIDC": 1, "norm_scr": 1.0, "oneminus": 0.0 }, "geometry": { "type": "Polygon", "coordinates": [ [ [ 73.255218355859569, 22.605943746918513 ], [ 73.245493075755476, 22.605837722 ], [ 73.245378536868628, 22.614867354264664 ], [ 73.255104451077457, 22.614973426114368 ], [ 73.255218355859569, 22.605943746918513 ] ] ] } },
{ "type": "Feature", "properties": { "FeatureID": "92", "HA_Area": 100.0, "GIDC_Dista": 14813.9, "Shape_Leng": 4000.0, "Shape_Area": 1000000.0, "Norm_GIDC": 1, "norm_scr": 0.98752752420699996, "oneminus": 0.012472475793 }, "geometry": { "type": "Polygon", "coordinates": [ [ [ 73.216433968282715, 22.596486614625078 ], [ 73.206709556961926, 22.596378283060975 ], [ 73.206592541400624, 22.605407735721645 ], [ 73.216317586435125, 22.605516115252833 ], [ 73.216433968282715, 22.596486614625078 ] ] ] } },
{ "type": "Feature", "properties": { "FeatureID": "93", "HA_Area": 100.0, "GIDC_Dista": 15001.0, "Shape_Leng": 4000.0, "Shape_Area": 1000000.0, "Norm_GIDC": 1, "norm_scr": 1.0, "oneminus": 0.0 }, "geometry": { "type": "Polygon", "coordinates": [ [ [ 73.148122654540856, 22.613774246730351 ], [ 73.138397399380111, 22.613661697398925 ], [ 73.138275824635173, 22.622690785456573 ], [ 73.148001714030983, 22.622803384590583 ], [ 73.148122654540856, 22.613774246730351 ] ] ] } },
{ "type": "Feature", "properties": { "FeatureID": "94", "HA_Area": 100.0, "GIDC_Dista": 15001.0, "Shape_Leng": 4000.0, "Shape_Area": 1000000.0, "Norm_GIDC": 1, "norm_scr": 1.0, "oneminus": 0.0 }, "geometry": { "type": "Polygon", "coordinates": [ [ [ 73.195924204151737, 22.67753361640186 ], [ 73.186194197539876, 22.67742367152751 ], [ 73.1860753720036, 22.686452930705769 ], [ 73.195806015199736, 22.686562924123375 ], [ 73.195924204151737, 22.67753361640186 ] ] ] } },
{ "type": "Feature", "properties": { "FeatureID": "95", "HA_Area": 100.0, "GIDC_Dista": 8963.27, "Shape_Leng": 4000.0, "Shape_Area": 1000000.0, "Norm_GIDC": 1, "norm_scr": 0.59751146798499999, "oneminus": 0.40248853201500001 }, "geometry": { "type": "Polygon", "coordinates": [ [ [ 73.33356598252989, 22.561620366259771 ], [ 73.323843414117718, 22.561519275400276 ], [ 73.323734226890892, 22.570549329060579 ], [ 73.33345742792838, 22.570650464738659 ], [ 73.33356598252989, 22.561620366259771 ] ] ] } },
{ "type": "Feature", "properties": { "FeatureID": "96", "HA_Area": 100.0, "GIDC_Dista": 15001.0, "Shape_Leng": 4000.0, "Shape_Area": 1000000.0, "Norm_GIDC": 1, "norm_scr": 1.0, "oneminus": 0.0 }, "geometry": { "type": "Polygon", "coordinates": [ [ [ 73.157245827549943, 22.659032036616086 ], [ 73.14751733637128, 22.658919828298671 ], [ 73.147396087961411, 22.667948912274948 ], [ 73.157125215006943, 22.668061170165867 ], [ 73.157245827549943, 22.659032036616086 ] ] ] } },
{ "type": "Feature", "properties": { "FeatureID": "97", "HA_Area": 100.0, "GIDC_Dista": 15001.0, "Shape_Leng": 4000.0, "Shape_Area": 1000000.0, "Norm_GIDC": 1, "norm_scr": 1.0, "oneminus": 0.0 }, "geometry": { "type": "Polygon", "coordinates": [ [ [ 73.187142630374851, 22.605189210824044 ], [ 73.177417765028494, 22.605079065487207 ], [ 73.177298787889697, 22.614108361939969 ], [ 73.187024287219828, 22.614218556031332 ], [ 73.187142630374851, 22.605189210824044 ] ] ] } },
{ "type": "Feature", "properties": { "FeatureID": "98", "HA_Area": 100.0, "GIDC_Dista": 15001.0, "Shape_Leng": 4000.0, "Shape_Area": 1000000.0, "Norm_GIDC": 1, "norm_scr": 1.0, "oneminus": 0.0 }, "geometry": { "type": "Polygon", "coordinates": [ [ [ 73.118332233822898, 22.658579662867851 ], [ 73.128060539184816, 22.658693641409229 ], [ 73.128182997012445, 22.649664646565348 ], [ 73.118455327140168, 22.649550718372929 ], [ 73.118332233822898, 22.658579662867851 ] ] ] } },
{ "type": "Feature", "properties": { "FeatureID": "99", "HA_Area": 100.0, "GIDC_Dista": 15001.0, "Shape_Leng": 4000.0, "Shape_Area": 1000000.0, "Norm_GIDC": 1, "norm_scr": 1.0, "oneminus": 0.0 }, "geometry": { "type": "Polygon", "coordinates": [ [ [ 73.18666889626806, 22.641306527190853 ], [ 73.176941493051075, 22.641196186798862 ], [ 73.176822273571887, 22.650225440240355 ], [ 73.186550312063289, 22.650335829411574 ], [ 73.18666889626806, 22.641306527190853 ] ] ] } },
{ "type": "Feature", "properties": { "FeatureID": "100", "HA_Area": 100.0, "GIDC_Dista": 15001.0, "Shape_Leng": 4000.0, "Shape_Area": 1000000.0, "Norm_GIDC": 1, "norm_scr": 1.0, "oneminus": 0.0 }, "geometry": { "type": "Polygon", "coordinates": [ [ [ 73.264717094948452, 22.624108624187585 ], [ 73.254990488317304, 22.624003094611073 ], [ 73.25487646756217, 22.633032752405153 ], [ 73.264603708960294, 22.633138328664149 ], [ 73.264717094948452, 22.624108624187585 ] ] ] } },
{ "type": "Feature", "properties": { "FeatureID": "101", "HA_Area": 100.0, "GIDC_Dista": 15001.0, "Shape_Leng": 4000.0, "Shape_Area": 1000000.0, "Norm_GIDC": 1, "norm_scr": 1.0, "oneminus": 0.0 }, "geometry": { "type": "Polygon", "coordinates": [ [ [ 73.18666889626806, 22.641306527190853 ], [ 73.186550312063289, 22.650335829411574 ], [ 73.19627841086114, 22.65044562869311 ], [ 73.196396359773857, 22.641416277953752 ], [ 73.18666889626806, 22.641306527190853 ] ] ] } },
{ "type": "Feature", "properties": { "FeatureID": "102", "HA_Area": 100.0, "GIDC_Dista": 15001.0, "Shape_Leng": 4000.0, "Shape_Area": 1000000.0, "Norm_GIDC": 1, "norm_scr": 1.0, "oneminus": 0.0 }, "geometry": { "type": "Polygon", "coordinates": [ [ [ 73.196160401964889, 22.659474968683245 ], [ 73.186431667552085, 22.65936512087692 ], [ 73.186312962716826, 22.668394401583395 ], [ 73.196042333067609, 22.668504297920656 ], [ 73.196160401964889, 22.659474968683245 ] ] ] } },
{ "type": "Feature", "properties": { "FeatureID": "103", "HA_Area": 100.0, "GIDC_Dista": 15001.0, "Shape_Leng": 4000.0, "Shape_Area": 1000000.0, "Norm_GIDC": 1, "norm_scr": 1.0, "oneminus": 0.0 }, "geometry": { "type": "Polygon", "coordinates": [ [ [ 73.128060539184816, 22.658693641409229 ], [ 73.118332233822898, 22.658579662867851 ], [ 73.118209077920838, 22.667608596559916 ], [ 73.127938019095325, 22.667722625456644 ], [ 73.128060539184816, 22.658693641409229 ] ] ] } },
{ "type": "Feature", "properties": { "FeatureID": "104", "HA_Area": 100.0, "GIDC_Dista": 15001.0, "Shape_Leng": 4000.0, "Shape_Area": 1000000.0, "Norm_GIDC": 1, "norm_scr": 1.0, "oneminus": 0.0 }, "geometry": { "type": "Polygon", "coordinates": [ [ [ 73.225346963917502, 22.659800971051968 ], [ 73.215618050470638, 22.659692893785536 ], [ 73.215501253501827, 22.668722319302834 ], [ 73.225230802939009, 22.668830444318203 ], [ 73.225346963917502, 22.659800971051968 ] ] ] } },
{ "type": "Feature", "properties": { "FeatureID": "105", "HA_Area": 100.0, "GIDC_Dista": 14434.0, "Shape_Leng": 4000.0, "Shape_Area": 1000000.0, "Norm_GIDC": 1, "norm_scr": 0.962202519832, "oneminus": 0.037797480167999997 }, "geometry": { "type": "Polygon", "coordinates": [ [ [ 73.158448584814693, 22.568740108932833 ], [ 73.148726434557389, 22.568628396005455 ], [ 73.148605801498718, 22.577657587661893 ], [ 73.158328584397523, 22.577769350100105 ], [ 73.158448584814693, 22.568740108932833 ] ] ] } },
{ "type": "Feature", "properties": { "FeatureID": "106", "HA_Area": 100.0, "GIDC_Dista": 15001.0, "Shape_Leng": 4000.0, "Shape_Area": 1000000.0, "Norm_GIDC": 1, "norm_scr": 1.0, "oneminus": 0.0 }, "geometry": { "type": "Polygon", "coordinates": [ [ [ 73.273992410169868, 22.660332503953704 ], [ 73.26426320479392, 22.660227377878904 ], [ 73.264149587948282, 22.669257039533946 ], [ 73.273879429399884, 22.669362212054182 ], [ 73.273992410169868, 22.660332503953704 ] ] ] } },
{ "type": "Feature", "properties": { "FeatureID": "107", "HA_Area": 100.0, "GIDC_Dista": 8473.53, "Shape_Leng": 4000.0, "Shape_Area": 1000000.0, "Norm_GIDC": 1, "norm_scr": 0.564864360605, "oneminus": 0.435135639395 }, "geometry": { "type": "Polygon", "coordinates": [ [ [ 73.178604209573095, 22.514785510613759 ], [ 73.168885726711025, 22.514675266514431 ], [ 73.168766723442744, 22.523704621297053 ], [ 73.178485837050914, 22.523814914349565 ], [ 73.178604209573095, 22.514785510613759 ] ] ] } },
{ "type": "Feature", "properties": { "FeatureID": "108", "HA_Area": 100.0, "GIDC_Dista": 15001.0, "Shape_Leng": 4000.0, "Shape_Area": 1000000.0, "Norm_GIDC": 1, "norm_scr": 1.0, "oneminus": 0.0 }, "geometry": { "type": "Polygon", "coordinates": [ [ [ 73.312578325268987, 22.68783674706437 ], [ 73.302846982768983, 22.687733845974993 ], [ 73.302735740885637, 22.69676365976505 ], [ 73.312467720497864, 22.69686660627422 ], [ 73.312578325268987, 22.68783674706437 ] ] ] } },
{ "type": "Feature", "properties": { "FeatureID": "109", "HA_Area": 100.0, "GIDC_Dista": 13152.8, "Shape_Leng": 4000.0, "Shape_Area": 1000000.0, "Norm_GIDC": 1, "norm_scr": 0.87679486732099998, "oneminus": 0.123205132679 }, "geometry": { "type": "Polygon", "coordinates": [ [ [ 73.139367772304027, 22.541428605420748 ], [ 73.129647641126951, 22.541315867593834 ], [ 73.129525929026499, 22.550344991721065 ], [ 73.139246691843468, 22.550457779560464 ], [ 73.139367772304027, 22.541428605420748 ] ] ] } },
{ "type": "Feature", "properties": { "FeatureID": "110", "HA_Area": 100.0, "GIDC_Dista": 15001.0, "Shape_Leng": 4000.0, "Shape_Area": 1000000.0, "Norm_GIDC": 1, "norm_scr": 1.0, "oneminus": 0.0 }, "geometry": { "type": "Polygon", "coordinates": [ [ [ 73.235537449362596, 22.623790267841475 ], [ 73.225811017684421, 22.623682970677216 ], [ 73.225695092730291, 22.632712486860417 ], [ 73.235422159124383, 22.63281983148886 ], [ 73.235537449362596, 22.623790267841475 ] ] ] } },
{ "type": "Feature", "properties": { "FeatureID": "111", "HA_Area": 100.0, "GIDC_Dista": 14915.6, "Shape_Leng": 4000.0, "Shape_Area": 1000000.0, "Norm_GIDC": 1, "norm_scr": 0.99430702015700001, "oneminus": 0.005692979843 }, "geometry": { "type": "Polygon", "coordinates": [ [ [ 73.303513248215495, 22.63355473870638 ], [ 73.293785777997954, 22.633451520473177 ], [ 73.293674239690787, 22.642481352751048 ], [ 73.303402345064939, 22.642584616630138 ], [ 73.303513248215495, 22.63355473870638 ] ] ] } },
{ "type": "Feature", "properties": { "FeatureID": "112", "HA_Area": 100.0, "GIDC_Dista": 15001.0, "Shape_Leng": 4000.0, "Shape_Area": 1000000.0, "Norm_GIDC": 1, "norm_scr": 1.0, "oneminus": 0.0 }, "geometry": { "type": "Polygon", "coordinates": [ [ [ 73.186312962716826, 22.668394401583395 ], [ 73.17658365270772, 22.668283914835186 ], [ 73.176464251287342, 22.677313135981517 ], [ 73.186194197539876, 22.67742367152751 ], [ 73.186312962716826, 22.668394401583395 ] ] ] } },
{ "type": "Feature", "properties": { "FeatureID": "113", "HA_Area": 100.0, "GIDC_Dista": 11967.7, "Shape_Leng": 4000.0, "Shape_Area": 1000000.0, "Norm_GIDC": 1, "norm_scr": 0.79779349345499995, "oneminus": 0.202206506545 }, "geometry": { "type": "Polygon", "coordinates": [ [ [ 73.120294229127154, 22.514115257000544 ], [ 73.110576115205845, 22.514001497400407 ], [ 73.110453327834506, 22.523030553001821 ], [ 73.120172072394723, 22.523144363115701 ], [ 73.120294229127154, 22.514115257000544 ] ] ] } },
{ "type": "Feature", "properties": { "FeatureID": "114", "HA_Area": 100.0, "GIDC_Dista": 7238.41, "Shape_Leng": 4000.0, "Shape_Area": 1000000.0, "Norm_GIDC": 0, "norm_scr": 0.48252850851599999, "oneminus": 0.51747149148399996 }, "geometry": { "type": "Polygon", "coordinates": [ [ [ 73.198041356070704, 22.515004240889144 ], [ 73.188322752800147, 22.51489516874361 ], [ 73.188205011041632, 22.52392462117248 ], [ 73.197924245093276, 22.524033741750952 ], [ 73.198041356070704, 22.515004240889144 ] ] ] } },
{ "type": "Feature", "properties": { "FeatureID": "115", "HA_Area": 100.0, "GIDC_Dista": 15001.0, "Shape_Leng": 4000.0, "Shape_Area": 1000000.0, "Norm_GIDC": 1, "norm_scr": 1.0, "oneminus": 0.0 }, "geometry": { "type": "Polygon", "coordinates": [ [ [ 73.148364351000268, 22.595715938714612 ], [ 73.148485106985646, 22.586686768566121 ], [ 73.138761752595556, 22.586574368604659 ], [ 73.138640363342276, 22.595603488969452 ], [ 73.148364351000268, 22.595715938714612 ] ] ] } },
{ "type": "Feature", "properties": { "FeatureID": "116", "HA_Area": 100.0, "GIDC_Dista": 15001.0, "Shape_Leng": 4000.0, "Shape_Area": 1000000.0, "Norm_GIDC": 1, "norm_scr": 1.0, "oneminus": 0.0 }, "geometry": { "type": "Polygon", "coordinates": [ [ [ 73.341989909594659, 22.670081883728695 ], [ 73.332259672897308, 22.66998084529806 ], [ 73.332150453436483, 22.67901081592224 ], [ 73.341881326648291, 22.679111898978764 ], [ 73.341989909594659, 22.670081883728695 ] ] ] } },
{ "type": "Feature", "properties": { "FeatureID": "117", "HA_Area": 100.0, "GIDC_Dista": 13688.7, "Shape_Leng": 4000.0, "Shape_Area": 1000000.0, "Norm_GIDC": 1, "norm_scr": 0.91251917840899999, "oneminus": 0.087480821591 }, "geometry": { "type": "Polygon", "coordinates": [ [ [ 73.303845619346447, 22.606465040887755 ], [ 73.294120052662009, 22.60636195955756 ], [ 73.29400868446703, 22.61539182387299 ], [ 73.303734885339807, 22.615494950831746 ], [ 73.303845619346447, 22.606465040887755 ] ] ] } },
{ "type": "Feature", "properties": { "FeatureID": "118", "HA_Area": 100.0, "GIDC_Dista": 15001.0, "Shape_Leng": 4000.0, "Shape_Area": 1000000.0, "Norm_GIDC": 1, "norm_scr": 1.0, "oneminus": 0.0 }, "geometry": { "type": "Polygon", "coordinates": [ [ [ 73.26437676389989, 22.651197705513287 ], [ 73.254648251999271, 22.651092035871574 ], [ 73.254534057157628, 22.660121661536969 ], [ 73.26426320479392, 22.660227377878904 ], [ 73.26437676389989, 22.651197705513287 ] ] ] } },
{ "type": "Feature", "properties": { "FeatureID": "119", "HA_Area": 100.0, "GIDC_Dista": 7793.81, "Shape_Leng": 4000.0, "Shape_Area": 1000000.0, "Norm_GIDC": 1, "norm_scr": 0.51955270039300006, "oneminus": 0.480447299607 }, "geometry": { "type": "Polygon", "coordinates": [ [ [ 73.343396473224331, 22.552690715956714 ], [ 73.333674481831395, 22.552590257148719 ], [ 73.33356598252989, 22.561620366259771 ], [ 73.343288606242098, 22.56172086962032 ], [ 73.343396473224331, 22.552690715956714 ] ] ] } },
{ "type": "Feature", "properties": { "FeatureID": "120", "HA_Area": 100.0, "GIDC_Dista": 15001.0, "Shape_Leng": 4000.0, "Shape_Area": 1000000.0, "Norm_GIDC": 1, "norm_scr": 1.0, "oneminus": 0.0 }, "geometry": { "type": "Polygon", "coordinates": [ [ [ 73.148364351000268, 22.595715938714612 ], [ 73.148243533524649, 22.604745098103859 ], [ 73.157968216280977, 22.604857009112084 ], [ 73.158088400148472, 22.595827800193245 ], [ 73.148364351000268, 22.595715938714612 ] ] ] } },
{ "type": "Feature", "properties": { "FeatureID": "121", "HA_Area": 100.0, "GIDC_Dista": 15001.0, "Shape_Leng": 4000.0, "Shape_Area": 1000000.0, "Norm_GIDC": 1, "norm_scr": 1.0, "oneminus": 0.0 }, "geometry": { "type": "Polygon", "coordinates": [ [ [ 73.128794352858833, 22.604519510521872 ], [ 73.119069855594134, 22.604405833978653 ], [ 73.118947074926822, 22.613434832435061 ], [ 73.128672206067947, 22.613548559295388 ], [ 73.128794352858833, 22.604519510521872 ] ] ] } },
{ "type": "Feature", "properties": { "FeatureID": "122", "HA_Area": 100.0, "GIDC_Dista": 15001.0, "Shape_Leng": 4000.0, "Shape_Area": 1000000.0, "Norm_GIDC": 1, "norm_scr": 1.0, "oneminus": 0.0 }, "geometry": { "type": "Polygon", "coordinates": [ [ [ 73.274669089628645, 22.60615403067349 ], [ 73.264943693924792, 22.606049183147775 ], [ 73.264830423264343, 22.615078909014304 ], [ 73.274556453106641, 22.615183802950181 ], [ 73.274669089628645, 22.60615403067349 ] ] ] } },
{ "type": "Feature", "properties": { "FeatureID": "123", "HA_Area": 100.0, "GIDC_Dista": 10032.0, "Shape_Leng": 4000.0, "Shape_Area": 1000000.0, "Norm_GIDC": 1, "norm_scr": 0.66875541630599999, "oneminus": 0.33124458369400001 }, "geometry": { "type": "Polygon", "coordinates": [ [ [ 73.226736296091474, 22.55144645556457 ], [ 73.217014989357835, 22.551338950814191 ], [ 73.216898903507044, 22.560368504987693 ], [ 73.226620842360674, 22.560476057414601 ], [ 73.226736296091474, 22.55144645556457 ] ] ] } },
{ "type": "Feature", "properties": { "FeatureID": "124", "HA_Area": 100.0, "GIDC_Dista": 15001.0, "Shape_Leng": 4000.0, "Shape_Area": 1000000.0, "Norm_GIDC": 1, "norm_scr": 1.0, "oneminus": 0.0 }, "geometry": { "type": "Polygon", "coordinates": [ [ [ 73.147274777917545, 22.676977985463907 ], [ 73.137545076334078, 22.676865087381952 ], [ 73.137423068143164, 22.685894099933321 ], [ 73.147153406221676, 22.686007047862045 ], [ 73.147274777917545, 22.676977985463907 ] ] ] } },
{ "type": "Feature", "properties": { "FeatureID": "125", "HA_Area": 100.0, "GIDC_Dista": 15001.0, "Shape_Leng": 4000.0, "Shape_Area": 1000000.0, "Norm_GIDC": 1, "norm_scr": 1.0, "oneminus": 0.0 }, "geometry": { "type": "Polygon", "coordinates": [ [ [ 73.303180369504673, 22.660644340433201 ], [ 73.293450992848378, 22.660540985244975 ], [ 73.293339284279952, 22.669570785454155 ], [ 73.303069297061981, 22.669674186305627 ], [ 73.303180369504673, 22.660644340433201 ] ] ] } },
{ "type": "Feature", "properties": { "FeatureID": "126", "HA_Area": 100.0, "GIDC_Dista": 12764.1, "Shape_Leng": 4000.0, "Shape_Area": 1000000.0, "Norm_GIDC": 1, "norm_scr": 0.850883248408, "oneminus": 0.149116751592 }, "geometry": { "type": "Polygon", "coordinates": [ [ [ 73.255559722506618, 22.578854645170733 ], [ 73.24583634278207, 22.578748761010175 ], [ 73.245721978695229, 22.587778425369272 ], [ 73.255445991557266, 22.587884356443226 ], [ 73.255559722506618, 22.578854645170733 ] ] ] } },
{ "type": "Feature", "properties": { "FeatureID": "127", "HA_Area": 100.0, "GIDC_Dista": 15001.0, "Shape_Leng": 4000.0, "Shape_Area": 1000000.0, "Norm_GIDC": 1, "norm_scr": 1.0, "oneminus": 0.0 }, "geometry": { "type": "Polygon", "coordinates": [ [ [ 73.196042333067609, 22.668504297920656 ], [ 73.186312962716826, 22.668394401583395 ], [ 73.186194197539876, 22.67742367152751 ], [ 73.195924204151737, 22.67753361640186 ], [ 73.196042333067609, 22.668504297920656 ] ] ] } },
{ "type": "Feature", "properties": { "FeatureID": "128", "HA_Area": 100.0, "GIDC_Dista": 6379.21, "Shape_Leng": 4000.0, "Shape_Area": 1000000.0, "Norm_GIDC": 0, "norm_scr": 0.425252313908, "oneminus": 0.574747686092 }, "geometry": { "type": "Polygon", "coordinates": [ [ [ 73.217478741456233, 22.515220627168311 ], [ 73.207760019063244, 22.515112727035604 ], [ 73.207643538884255, 22.524142276070215 ], [ 73.217362892092964, 22.524250224115573 ], [ 73.217478741456233, 22.515220627168311 ] ] ] } },
{ "type": "Feature", "properties": { "FeatureID": "129", "HA_Area": 100.0, "GIDC_Dista": 7825.89, "Shape_Leng": 4000.0, "Shape_Area": 1000000.0, "Norm_GIDC": 1, "norm_scr": 0.52169122969899995, "oneminus": 0.478308770301 }, "geometry": { "type": "Polygon", "coordinates": [ [ [ 73.188322752800147, 22.51489516874361 ], [ 73.178604209573095, 22.514785510613759 ], [ 73.178485837050914, 22.523814914349565 ], [ 73.188205011041632, 22.52392462117248 ], [ 73.188322752800147, 22.51489516874361 ] ] ] } },
{ "type": "Feature", "properties": { "FeatureID": "130", "HA_Area": 100.0, "GIDC_Dista": 13950.0, "Shape_Leng": 4000.0, "Shape_Area": 1000000.0, "Norm_GIDC": 1, "norm_scr": 0.92993800413299998, "oneminus": 0.070061995867000001 }, "geometry": { "type": "Polygon", "coordinates": [ [ [ 73.22627412804249, 22.587564798773794 ], [ 73.216550290896436, 22.587457103281199 ], [ 73.216433968282715, 22.596486614625078 ], [ 73.226158438837359, 22.596594357818283 ], [ 73.22627412804249, 22.587564798773794 ] ] ] } },
{ "type": "Feature", "properties": { "FeatureID": "131", "HA_Area": 100.0, "GIDC_Dista": 12954.9, "Shape_Leng": 4000.0, "Shape_Area": 1000000.0, "Norm_GIDC": 1, "norm_scr": 0.86360245254500001, "oneminus": 0.13639754745499999 }, "geometry": { "type": "Polygon", "coordinates": [ [ [ 73.352043711689802, 22.643092088714727 ], [ 73.342315327474196, 22.642991773985237 ], [ 73.342206909991503, 22.652021821228491 ], [ 73.351935929768132, 22.652122180306197 ], [ 73.352043711689802, 22.643092088714727 ] ] ] } },
{ "type": "Feature", "properties": { "FeatureID": "132", "HA_Area": 100.0, "GIDC_Dista": 13974.8, "Shape_Leng": 4000.0, "Shape_Area": 1000000.0, "Norm_GIDC": 1, "norm_scr": 0.93159121423199998, "oneminus": 0.068408785767999997 }, "geometry": { "type": "Polygon", "coordinates": [ [ [ 73.187497298599169, 22.578101110788712 ], [ 73.177774333269866, 22.577991111678521 ], [ 73.177655537700943, 22.587020440352987 ], [ 73.187379136046971, 22.587130488199229 ], [ 73.187497298599169, 22.578101110788712 ] ] ] } },
{ "type": "Feature", "properties": { "FeatureID": "133", "HA_Area": 100.0, "GIDC_Dista": 15001.0, "Shape_Leng": 4000.0, "Shape_Area": 1000000.0, "Norm_GIDC": 1, "norm_scr": 1.0, "oneminus": 0.0 }, "geometry": { "type": "Polygon", "coordinates": [ [ [ 73.20635833153986, 22.623466608862472 ], [ 73.196632077718803, 22.623357544241284 ], [ 73.196514248720575, 22.632386916468633 ], [ 73.206241137205637, 22.632496029335641 ], [ 73.20635833153986, 22.623466608862472 ] ] ] } },
{ "type": "Feature", "properties": { "FeatureID": "134", "HA_Area": 100.0, "GIDC_Dista": 15001.0, "Shape_Leng": 4000.0, "Shape_Area": 1000000.0, "Norm_GIDC": 1, "norm_scr": 1.0, "oneminus": 0.0 }, "geometry": { "type": "Polygon", "coordinates": [ [ [ 73.254762388795143, 22.642062399493156 ], [ 73.24503457033606, 22.641956186814262 ], [ 73.244919798144437, 22.650985776237725 ], [ 73.254648251999271, 22.651092035871574 ], [ 73.254762388795143, 22.642062399493156 ] ] ] } },
{ "type": "Feature", "properties": { "FeatureID": "135", "HA_Area": 100.0, "GIDC_Dista": 15001.0, "Shape_Leng": 4000.0, "Shape_Area": 1000000.0, "Norm_GIDC": 1, "norm_scr": 1.0, "oneminus": 0.0 }, "geometry": { "type": "Polygon", "coordinates": [ [ [ 73.351504253767658, 22.688242440084348 ], [ 73.341772688515093, 22.688141903557561 ], [ 73.341663995178919, 22.697171897461661 ], [ 73.351396197608921, 22.697272478364802 ], [ 73.351504253767658, 22.688242440084348 ] ] ] } },
{ "type": "Feature", "properties": { "FeatureID": "136", "HA_Area": 100.0, "GIDC_Dista": 15001.0, "Shape_Leng": 4000.0, "Shape_Area": 1000000.0, "Norm_GIDC": 1, "norm_scr": 1.0, "oneminus": 0.0 }, "geometry": { "type": "Polygon", "coordinates": [ [ [ 73.118578357890925, 22.640521763078674 ], [ 73.108851385733701, 22.640407295706062 ], [ 73.108727719834391, 22.649436200397197 ], [ 73.118455327140168, 22.649550718372929 ], [ 73.118578357890925, 22.640521763078674 ] ] ] } },
{ "type": "Feature", "properties": { "FeatureID": "137", "HA_Area": 100.0, "GIDC_Dista": 15001.0, "Shape_Leng": 4000.0, "Shape_Area": 1000000.0, "Norm_GIDC": 1, "norm_scr": 1.0, "oneminus": 0.0 }, "geometry": { "type": "Polygon", "coordinates": [ [ [ 73.332368836864177, 22.660950864000384 ], [ 73.322639291835728, 22.660849279824792 ], [ 73.322529491693899, 22.669879216241473 ], [ 73.332259672897308, 22.66998084529806 ], [ 73.332368836864177, 22.660950864000384 ] ] ] } },
{ "type": "Feature", "properties": { "FeatureID": "138", "HA_Area": 100.0, "GIDC_Dista": 15001.0, "Shape_Leng": 4000.0, "Shape_Area": 1000000.0, "Norm_GIDC": 1, "norm_scr": 1.0, "oneminus": 0.0 }, "geometry": { "type": "Polygon", "coordinates": [ [ [ 73.11943782281719, 22.577318773933097 ], [ 73.109715287668607, 22.577204660603069 ], [ 73.109592061481109, 22.586233640835783 ], [ 73.119315229521106, 22.586347804724149 ], [ 73.11943782281719, 22.577318773933097 ] ] ] } },
{ "type": "Feature", "properties": { "FeatureID": "139", "HA_Area": 100.0, "GIDC_Dista": 10627.3, "Shape_Leng": 4000.0, "Shape_Area": 1000000.0, "Norm_GIDC": 1, "norm_scr": 0.70843942435100005, "oneminus": 0.29156057564900001 }, "geometry": { "type": "Polygon", "coordinates": [ [ [ 73.323406331315482, 22.597639426180105 ], [ 73.323296921437958, 22.606669437254642 ], [ 73.333022656199873, 22.60677075226365 ], [ 73.333131432162617, 22.597740696347881 ], [ 73.323406331315482, 22.597639426180105 ] ] ] } },
{ "type": "Feature", "properties": { "FeatureID": "140", "HA_Area": 100.0, "GIDC_Dista": 8090.95, "Shape_Leng": 4000.0, "Shape_Area": 1000000.0, "Norm_GIDC": 1, "norm_scr": 0.53936072230599996, "oneminus": 0.46063927769399998 }, "geometry": { "type": "Polygon", "coordinates": [ [ [ 73.226967027092911, 22.533387219789997 ], [ 73.217246983633586, 22.533279810374637 ], [ 73.217131016060947, 22.542309385942005 ], [ 73.226851690996511, 22.542416843021872 ], [ 73.226967027092911, 22.533387219789997 ] ] ] } },
{ "type": "Feature", "properties": { "FeatureID": "141", "HA_Area": 100.0, "GIDC_Dista": 10019.7, "Shape_Leng": 4000.0, "Shape_Area": 1000000.0, "Norm_GIDC": 1, "norm_scr": 0.66793548398900005, "oneminus": 0.33206451601100001 }, "geometry": { "type": "Polygon", "coordinates": [ [ [ 73.178367404146215, 22.532844307372844 ], [ 73.168647659470338, 22.532733965360979 ], [ 73.168528534776186, 22.541763298702698 ], [ 73.178248910841404, 22.541873689680077 ], [ 73.178367404146215, 22.532844307372844 ] ] ] } },
{ "type": "Feature", "properties": { "FeatureID": "142", "HA_Area": 100.0, "GIDC_Dista": 15001.0, "Shape_Leng": 4000.0, "Shape_Area": 1000000.0, "Norm_GIDC": 1, "norm_scr": 1.0, "oneminus": 0.0 }, "geometry": { "type": "Polygon", "coordinates": [ [ [ 73.15760729749249, 22.631944571315628 ], [ 73.147880711977052, 22.631832511681033 ], [ 73.147759648361102, 22.640861627998216 ], [ 73.157486868774825, 22.64097373718748 ], [ 73.15760729749249, 22.631944571315628 ] ] ] } },
{ "type": "Feature", "properties": { "FeatureID": "143", "HA_Area": 100.0, "GIDC_Dista": 8587.07, "Shape_Leng": 4000.0, "Shape_Area": 1000000.0, "Norm_GIDC": 1, "norm_scr": 0.572433191954, "oneminus": 0.427566808046 }, "geometry": { "type": "Polygon", "coordinates": [ [ [ 73.333891314598688, 22.534530007043944 ], [ 73.324170642130014, 22.534429050606285 ], [ 73.3240616217211, 22.543459136169673 ], [ 73.333782925848965, 22.543560137408956 ], [ 73.333891314598688, 22.534530007043944 ] ] ] } },
{ "type": "Feature", "properties": { "FeatureID": "144", "HA_Area": 100.0, "GIDC_Dista": 15001.0, "Shape_Leng": 4000.0, "Shape_Area": 1000000.0, "Norm_GIDC": 1, "norm_scr": 1.0, "oneminus": 0.0 }, "geometry": { "type": "Polygon", "coordinates": [ [ [ 73.225230802939009, 22.668830444318203 ], [ 73.215501253501827, 22.668722319302834 ], [ 73.215384397160662, 22.677751734076136 ], [ 73.225114582911303, 22.677859906846493 ], [ 73.225230802939009, 22.668830444318203 ] ] ] } },
{ "type": "Feature", "properties": { "FeatureID": "145", "HA_Area": 100.0, "GIDC_Dista": 10755.1, "Shape_Leng": 4000.0, "Shape_Area": 1000000.0, "Norm_GIDC": 1, "norm_scr": 0.71695884336899995, "oneminus": 0.28304115663099999 }, "geometry": { "type": "Polygon", "coordinates": [ [ [ 73.246064896274561, 22.560689400221928 ], [ 73.236342840057205, 22.560583022497507 ], [ 73.236227959942667, 22.569612661073595 ], [ 73.24595064863621, 22.569719085959903 ], [ 73.246064896274561, 22.560689400221928 ] ] ] } },
{ "type": "Feature", "properties": { "FeatureID": "146", "HA_Area": 100.0, "GIDC_Dista": 12021.7, "Shape_Leng": 4000.0, "Shape_Area": 1000000.0, "Norm_GIDC": 1, "norm_scr": 0.80139325347099999, "oneminus": 0.19860674652900001 }, "geometry": { "type": "Polygon", "coordinates": [ [ [ 73.323296921437958, 22.606669437254642 ], [ 73.313571242379282, 22.606567533458076 ], [ 73.313461142577424, 22.615597488770081 ], [ 73.323187455857209, 22.61569943767411 ], [ 73.323296921437958, 22.606669437254642 ] ] ] } },
{ "type": "Feature", "properties": { "FeatureID": "147", "HA_Area": 100.0, "GIDC_Dista": 11984.2, "Shape_Leng": 4000.0, "Shape_Area": 1000000.0, "Norm_GIDC": 1, "norm_scr": 0.79889342012599995, "oneminus": 0.20110657987399999 }, "geometry": { "type": "Polygon", "coordinates": [ [ [ 73.226505329787003, 22.569505648568466 ], [ 73.216782758491362, 22.569398048459011 ], [ 73.216666554293582, 22.57842758122468 ], [ 73.226389758353321, 22.578535229022691 ], [ 73.226505329787003, 22.569505648568466 ] ] ] } },
{ "type": "Feature", "properties": { "FeatureID": "148", "HA_Area": 100.0, "GIDC_Dista": 15001.0, "Shape_Leng": 4000.0, "Shape_Area": 1000000.0, "Norm_GIDC": 1, "norm_scr": 1.0, "oneminus": 0.0 }, "geometry": { "type": "Polygon", "coordinates": [ [ [ 73.332041178465474, 22.688040775869482 ], [ 73.322309723942297, 22.68793905703382 ], [ 73.322199756299852, 22.696968961402614 ], [ 73.33193184796805, 22.697070725136363 ], [ 73.332041178465474, 22.688040775869482 ] ] ] } },
{ "type": "Feature", "properties": { "FeatureID": "149", "HA_Area": 100.0, "GIDC_Dista": 5787.2, "Shape_Leng": 4000.0, "Shape_Area": 1000000.0, "Norm_GIDC": 0, "norm_scr": 0.385787627179, "oneminus": 0.61421237282100005 }, "geometry": { "type": "Polygon", "coordinates": [ [ [ 73.256354218601984, 22.515646367270715 ], [ 73.246635261822604, 22.515540811338262 ], [ 73.246521305009111, 22.52457055046256 ], [ 73.256240892672324, 22.524676153267013 ], [ 73.256354218601984, 22.515646367270715 ] ] ] } },
{ "type": "Feature", "properties": { "FeatureID": "150", "HA_Area": 100.0, "GIDC_Dista": 15001.0, "Shape_Leng": 4000.0, "Shape_Area": 1000000.0, "Norm_GIDC": 1, "norm_scr": 1.0, "oneminus": 0.0 }, "geometry": { "type": "Polygon", "coordinates": [ [ [ 73.244804967584074, 22.660015354942221 ], [ 73.235075936396356, 22.659908458109054 ], [ 73.234960411425433, 22.668937978863536 ], [ 73.244690078637873, 22.66904492292425 ], [ 73.244804967584074, 22.660015354942221 ] ] ] } },
{ "type": "Feature", "properties": { "FeatureID": "151", "HA_Area": 100.0, "GIDC_Dista": 15001.0, "Shape_Leng": 4000.0, "Shape_Area": 1000000.0, "Norm_GIDC": 1, "norm_scr": 1.0, "oneminus": 0.0 }, "geometry": { "type": "Polygon", "coordinates": [ [ [ 73.264035913346106, 22.678286690474945 ], [ 73.254305493269086, 22.678180880714777 ], [ 73.254191124188239, 22.687210474220269 ], [ 73.263922180970496, 22.687316330698437 ], [ 73.264035913346106, 22.678286690474945 ] ] ] } },
{ "type": "Feature", "properties": { "FeatureID": "152", "HA_Area": 100.0, "GIDC_Dista": 15001.0, "Shape_Leng": 4000.0, "Shape_Area": 1000000.0, "Norm_GIDC": 1, "norm_scr": 1.0, "oneminus": 0.0 }, "geometry": { "type": "Polygon", "coordinates": [ [ [ 73.245263939681109, 22.623896975824241 ], [ 73.235537449362596, 22.623790267841475 ], [ 73.235422159124383, 22.63281983148886 ], [ 73.245149284175923, 22.632926586675261 ], [ 73.245263939681109, 22.623896975824241 ] ] ] } },
{ "type": "Feature", "properties": { "FeatureID": "153", "HA_Area": 100.0, "GIDC_Dista": 12664.8, "Shape_Leng": 4000.0, "Shape_Area": 1000000.0, "Norm_GIDC": 1, "norm_scr": 0.84426370273200002, "oneminus": 0.15573629726800001 }, "geometry": { "type": "Polygon", "coordinates": [ [ [ 73.149087965185743, 22.541540756557975 ], [ 73.139367772304027, 22.541428605420748 ], [ 73.139246691843468, 22.550457779560464 ], [ 73.148967516383024, 22.550569980449982 ], [ 73.149087965185743, 22.541540756557975 ] ] ] } },
{ "type": "Feature", "properties": { "FeatureID": "154", "HA_Area": 100.0, "GIDC_Dista": 11461.7, "Shape_Leng": 4000.0, "Shape_Area": 1000000.0, "Norm_GIDC": 1, "norm_scr": 0.76406240886, "oneminus": 0.23593759114000001 }, "geometry": { "type": "Polygon", "coordinates": [ [ [ 73.323406331315482, 22.597639426180105 ], [ 73.313681286155344, 22.597537567485301 ], [ 73.313571242379282, 22.606567533458076 ], [ 73.323296921437958, 22.606669437254642 ], [ 73.323406331315482, 22.597639426180105 ] ] ] } },
{ "type": "Feature", "properties": { "FeatureID": "155", "HA_Area": 100.0, "GIDC_Dista": 13621.5, "Shape_Leng": 4000.0, "Shape_Area": 1000000.0, "Norm_GIDC": 1, "norm_scr": 0.908039464036, "oneminus": 0.091960535964000001 }, "geometry": { "type": "Polygon", "coordinates": [ [ [ 73.158568524117371, 22.559710857023106 ], [ 73.148847006179523, 22.559599193600313 ], [ 73.148726434557389, 22.568628396005455 ], [ 73.158448584814693, 22.568740108932833 ], [ 73.158568524117371, 22.559710857023106 ] ] ] } },
{ "type": "Feature", "properties": { "FeatureID": "156", "HA_Area": 100.0, "GIDC_Dista": 6635.58, "Shape_Leng": 4000.0, "Shape_Area": 1000000.0, "Norm_GIDC": 0, "norm_scr": 0.44234251570700001, "oneminus": 0.55765748429299999 }, "geometry": { "type": "Polygon", "coordinates": [ [ [ 73.353439895744685, 22.525699929953948 ], [ 73.343719744463684, 22.525600191241143 ], [ 73.343612042319137, 22.534630376763683 ], [ 73.353332824969499, 22.534730159751913 ], [ 73.353439895744685, 22.525699929953948 ] ] ] } },
{ "type": "Feature", "properties": { "FeatureID": "157", "HA_Area": 100.0, "GIDC_Dista": 14231.3, "Shape_Leng": 4000.0, "Shape_Area": 1000000.0, "Norm_GIDC": 1, "norm_scr": 0.94869007430800001, "oneminus": 0.051309925691999998 }, "geometry": { "type": "Polygon", "coordinates": [ [ [ 73.303734885339807, 22.615494950831746 ], [ 73.29400868446703, 22.61539182387299 ], [ 73.293897259584512, 22.624421677512679 ], [ 73.303624094968299, 22.624524850105768 ], [ 73.303734885339807, 22.615494950831746 ] ] ] } },
{ "type": "Feature", "properties": { "FeatureID": "158", "HA_Area": 100.0, "GIDC_Dista": 9938.32, "Shape_Leng": 4000.0, "Shape_Area": 1000000.0, "Norm_GIDC": 1, "norm_scr": 0.66251052013199996, "oneminus": 0.33748947986799999 }, "geometry": { "type": "Polygon", "coordinates": [ [ [ 73.323843414117718, 22.561519275400276 ], [ 73.314120901327684, 22.561417597055542 ], [ 73.314011081491756, 22.570447605636872 ], [ 73.323734226890892, 22.570549329060579 ], [ 73.323843414117718, 22.561519275400276 ] ] ] } },
{ "type": "Feature", "properties": { "FeatureID": "159", "HA_Area": 100.0, "GIDC_Dista": 9137.92, "Shape_Leng": 4000.0, "Shape_Area": 1000000.0, "Norm_GIDC": 1, "norm_scr": 0.60915405118800003, "oneminus": 0.39084594881200002 }, "geometry": { "type": "Polygon", "coordinates": [ [ [ 73.275455941367156, 22.542945325781226 ], [ 73.265734975606833, 22.542840802962505 ], [ 73.26562210806425, 22.551870603584629 ], [ 73.275343705707257, 22.551975172772497 ], [ 73.275455941367156, 22.542945325781226 ] ] ] } },
{ "type": "Feature", "properties": { "FeatureID": "160", "HA_Area": 100.0, "GIDC_Dista": 9635.8, "Shape_Leng": 4000.0, "Shape_Area": 1000000.0, "Norm_GIDC": 1, "norm_scr": 0.64234383072400003, "oneminus": 0.35765616927600002 }, "geometry": { "type": "Polygon", "coordinates": [ [ [ 73.3240616217211, 22.543459136169673 ], [ 73.314340373183029, 22.543357547965833 ], [ 73.314230665219355, 22.552387577830711 ], [ 73.323952545722392, 22.552489211102156 ], [ 73.3240616217211, 22.543459136169673 ] ] ] } },
{ "type": "Feature", "properties": { "FeatureID": "161", "HA_Area": 100.0, "GIDC_Dista": 9030.59, "Shape_Leng": 4000.0, "Shape_Area": 1000000.0, "Norm_GIDC": 1, "norm_scr": 0.60199918963700005, "oneminus": 0.398000810363 }, "geometry": { "type": "Polygon", "coordinates": [ [ [ 73.295008959453099, 22.534122661122865 ], [ 73.285288511209927, 22.534019357950992 ], [ 73.285176964326837, 22.54304926170494 ], [ 73.294898044163972, 22.543152610719602 ], [ 73.295008959453099, 22.534122661122865 ] ] ] } },
{ "type": "Feature", "properties": { "FeatureID": "162", "HA_Area": 100.0, "GIDC_Dista": 15001.0, "Shape_Leng": 4000.0, "Shape_Area": 1000000.0, "Norm_GIDC": 1, "norm_scr": 1.0, "oneminus": 0.0 }, "geometry": { "type": "Polygon", "coordinates": [ [ [ 73.225811017684421, 22.623682970677216 ], [ 73.216084644969285, 22.623575084346012 ], [ 73.215968085316462, 22.632604552804469 ], [ 73.225695092730291, 22.632712486860417 ], [ 73.225811017684421, 22.623682970677216 ] ] ] } },
{ "type": "Feature", "properties": { "FeatureID": "163", "HA_Area": 100.0, "GIDC_Dista": 15001.0, "Shape_Leng": 4000.0, "Shape_Area": 1000000.0, "Norm_GIDC": 1, "norm_scr": 1.0, "oneminus": 0.0 }, "geometry": { "type": "Polygon", "coordinates": [ [ [ 73.206006569642511, 22.650554838070093 ], [ 73.19627841086114, 22.65044562869311 ], [ 73.196160401964889, 22.659474968683245 ], [ 73.205889196378763, 22.65958422632438 ], [ 73.206006569642511, 22.650554838070093 ] ] ] } },
{ "type": "Feature", "properties": { "FeatureID": "164", "HA_Area": 100.0, "GIDC_Dista": 6887.79, "Shape_Leng": 4000.0, "Shape_Area": 1000000.0, "Norm_GIDC": 0, "norm_scr": 0.45915539224500002, "oneminus": 0.54084460775499998 }, "geometry": { "type": "Polygon", "coordinates": [ [ [ 73.227082304397754, 22.524357585872426 ], [ 73.226967027092911, 22.533387219789997 ], [ 73.236687129343792, 22.533494042642122 ], [ 73.236801775477034, 22.524464361326238 ], [ 73.227082304397754, 22.524357585872426 ] ] ] } },
{ "type": "Feature", "properties": { "FeatureID": "165", "HA_Area": 100.0, "GIDC_Dista": 15001.0, "Shape_Leng": 4000.0, "Shape_Area": 1000000.0, "Norm_GIDC": 1, "norm_scr": 1.0, "oneminus": 0.0 }, "geometry": { "type": "Polygon", "coordinates": [ [ [ 73.274443759251838, 22.624213564539495 ], [ 73.264717094948452, 22.624108624187585 ], [ 73.264603708960294, 22.633138328664149 ], [ 73.274331008047525, 22.633243315437959 ], [ 73.274443759251838, 22.624213564539495 ] ] ] } },
{ "type": "Feature", "properties": { "FeatureID": "166", "HA_Area": 100.0, "GIDC_Dista": 6658.62, "Shape_Leng": 4000.0, "Shape_Area": 1000000.0, "Norm_GIDC": 0, "norm_scr": 0.44387841591799998, "oneminus": 0.55612158408199996 }, "geometry": { "type": "Polygon", "coordinates": [ [ [ 73.353225699586289, 22.543760378939261 ], [ 73.343504285244677, 22.543660551670012 ], [ 73.343396473224331, 22.552690715956714 ], [ 73.353118519579141, 22.552790587512551 ], [ 73.353225699586289, 22.543760378939261 ] ] ] } },
{ "type": "Feature", "properties": { "FeatureID": "167", "HA_Area": 100.0, "GIDC_Dista": 15001.0, "Shape_Leng": 4000.0, "Shape_Area": 1000000.0, "Norm_GIDC": 1, "norm_scr": 1.0, "oneminus": 0.0 }, "geometry": { "type": "Polygon", "coordinates": [ [ [ 73.14751733637128, 22.658919828298671 ], [ 73.137788906808581, 22.658807029891296 ], [ 73.137667022549849, 22.667836064033445 ], [ 73.147396087961411, 22.667948912274948 ], [ 73.14751733637128, 22.658919828298671 ] ] ] } },
{ "type": "Feature", "properties": { "FeatureID": "168", "HA_Area": 100.0, "GIDC_Dista": 7117.9, "Shape_Leng": 4000.0, "Shape_Area": 1000000.0, "Norm_GIDC": 0, "norm_scr": 0.47449502715399999, "oneminus": 0.52550497284599995 }, "geometry": { "type": "Polygon", "coordinates": [ [ [ 73.227082304397754, 22.524357585872426 ], [ 73.217362892092964, 22.524250224115573 ], [ 73.217246983633586, 22.533279810374637 ], [ 73.226967027092911, 22.533387219789997 ], [ 73.227082304397754, 22.524357585872426 ] ] ] } },
{ "type": "Feature", "properties": { "FeatureID": "169", "HA_Area": 100.0, "GIDC_Dista": 10089.1, "Shape_Leng": 4000.0, "Shape_Area": 1000000.0, "Norm_GIDC": 1, "norm_scr": 0.67256180317100001, "oneminus": 0.32743819682899999 }, "geometry": { "type": "Polygon", "coordinates": [ [ [ 73.333240152760851, 22.58871062978616 ], [ 73.323515685505981, 22.588609404453948 ], [ 73.323406331315482, 22.597639426180105 ], [ 73.333131432162617, 22.597740696347881 ], [ 73.333240152760851, 22.58871062978616 ] ] ] } },
{ "type": "Feature", "properties": { "FeatureID": "170", "HA_Area": 100.0, "GIDC_Dista": 8625.23, "Shape_Leng": 4000.0, "Shape_Area": 1000000.0, "Norm_GIDC": 1, "norm_scr": 0.57497703278099999, "oneminus": 0.42502296721900001 }, "geometry": { "type": "Polygon", "coordinates": [ [ [ 73.188205011041632, 22.52392462117248 ], [ 73.178485837050914, 22.523814914349565 ], [ 73.178367404146215, 22.532844307372844 ], [ 73.188087209222147, 22.532954062894952 ], [ 73.188205011041632, 22.52392462117248 ] ] ] } },
{ "type": "Feature", "properties": { "FeatureID": "171", "HA_Area": 100.0, "GIDC_Dista": 11346.9, "Shape_Leng": 4000.0, "Shape_Area": 1000000.0, "Norm_GIDC": 1, "norm_scr": 0.75640959873500002, "oneminus": 0.24359040126500001 }, "geometry": { "type": "Polygon", "coordinates": [ [ [ 73.284953699911668, 22.561109037247924 ], [ 73.27523141283136, 22.561005009100665 ], [ 73.275119062722794, 22.570034834762254 ], [ 73.284841982346521, 22.570138909030007 ], [ 73.284953699911668, 22.561109037247924 ] ] ] } },
{ "type": "Feature", "properties": { "FeatureID": "172", "HA_Area": 100.0, "GIDC_Dista": 11914.7, "Shape_Leng": 4000.0, "Shape_Area": 1000000.0, "Norm_GIDC": 1, "norm_scr": 0.79426039566100004, "oneminus": 0.20573960433899999 }, "geometry": { "type": "Polygon", "coordinates": [ [ [ 73.342531997088642, 22.624931647529575 ], [ 73.332804938116325, 22.624830832143545 ], [ 73.332695995963192, 22.633860856100789 ], [ 73.342423689834547, 22.633961716084436 ], [ 73.342531997088642, 22.624931647529575 ] ] ] } },
{ "type": "Feature", "properties": { "FeatureID": "173", "HA_Area": 100.0, "GIDC_Dista": 15001.0, "Shape_Leng": 4000.0, "Shape_Area": 1000000.0, "Norm_GIDC": 1, "norm_scr": 1.0, "oneminus": 0.0 }, "geometry": { "type": "Polygon", "coordinates": [ [ [ 73.137667022549849, 22.667836064033445 ], [ 73.127938019095325, 22.667722625456644 ], [ 73.127815436725754, 22.676751598704062 ], [ 73.137545076334078, 22.676865087381952 ], [ 73.137667022549849, 22.667836064033445 ] ] ] } },
{ "type": "Feature", "properties": { "FeatureID": "174", "HA_Area": 100.0, "GIDC_Dista": 15001.0, "Shape_Leng": 4000.0, "Shape_Area": 1000000.0, "Norm_GIDC": 1, "norm_scr": 1.0, "oneminus": 0.0 }, "geometry": { "type": "Polygon", "coordinates": [ [ [ 73.167692960223064, 22.604968331578227 ], [ 73.167812510464614, 22.595939073390184 ], [ 73.158088400148472, 22.595827800193245 ], [ 73.157968216280977, 22.604857009112084 ], [ 73.167692960223064, 22.604968331578227 ] ] ] } },
{ "type": "Feature", "properties": { "FeatureID": "175", "HA_Area": 100.0, "GIDC_Dista": 15001.0, "Shape_Leng": 4000.0, "Shape_Area": 1000000.0, "Norm_GIDC": 1, "norm_scr": 1.0, "oneminus": 0.0 }, "geometry": { "type": "Polygon", "coordinates": [ [ [ 73.167692960223064, 22.604968331578227 ], [ 73.167573349118157, 22.613997579016001 ], [ 73.177298787889697, 22.614108361939969 ], [ 73.177417765028494, 22.605079065487207 ], [ 73.167692960223064, 22.604968331578227 ] ] ] } },
{ "type": "Feature", "properties": { "FeatureID": "176", "HA_Area": 100.0, "GIDC_Dista": 7793.0, "Shape_Leng": 4000.0, "Shape_Area": 1000000.0, "Norm_GIDC": 1, "norm_scr": 0.51949870008700005, "oneminus": 0.480501299913 }, "geometry": { "type": "Polygon", "coordinates": [ [ [ 73.343827391694276, 22.516569995105868 ], [ 73.334107926358854, 22.516469714451947 ], [ 73.333999648096636, 22.525499866057121 ], [ 73.343719744463684, 22.525600191241143 ], [ 73.343827391694276, 22.516569995105868 ] ] ] } },
{ "type": "Feature", "properties": { "FeatureID": "177", "HA_Area": 100.0, "GIDC_Dista": 15001.0, "Shape_Leng": 4000.0, "Shape_Area": 1000000.0, "Norm_GIDC": 1, "norm_scr": 1.0, "oneminus": 0.0 }, "geometry": { "type": "Polygon", "coordinates": [ [ [ 73.127692792057928, 22.685780561147986 ], [ 73.11796257828918, 22.685666431521412 ], [ 73.117839234522961, 22.694695332783816 ], [ 73.1275700850736, 22.694809512784904 ], [ 73.127692792057928, 22.685780561147986 ] ] ] } },
{ "type": "Feature", "properties": { "FeatureID": "178", "HA_Area": 100.0, "GIDC_Dista": 15001.0, "Shape_Leng": 4000.0, "Shape_Area": 1000000.0, "Norm_GIDC": 1, "norm_scr": 1.0, "oneminus": 0.0 }, "geometry": { "type": "Polygon", "coordinates": [ [ [ 73.283384467582621, 22.687526270492349 ], [ 73.273653295543085, 22.687421596127216 ], [ 73.273540142422647, 22.696451272092869 ], [ 73.283271951524526, 22.696555992660304 ], [ 73.283384467582621, 22.687526270492349 ] ] ] } },
{ "type": "Feature", "properties": { "FeatureID": "179", "HA_Area": 100.0, "GIDC_Dista": 13297.4, "Shape_Leng": 4000.0, "Shape_Area": 1000000.0, "Norm_GIDC": 1, "norm_scr": 0.88643426375699996, "oneminus": 0.113565736243 }, "geometry": { "type": "Polygon", "coordinates": [ [ [ 73.323077934556977, 22.62472942743506 ], [ 73.313350986733369, 22.624627433417864 ], [ 73.313240774830803, 22.633657367397973 ], [ 73.322968357520992, 22.633759406534047 ], [ 73.323077934556977, 22.62472942743506 ] ] ] } },
{ "type": "Feature", "properties": { "FeatureID": "180", "HA_Area": 100.0, "GIDC_Dista": 15001.0, "Shape_Leng": 4000.0, "Shape_Area": 1000000.0, "Norm_GIDC": 1, "norm_scr": 1.0, "oneminus": 0.0 }, "geometry": { "type": "Polygon", "coordinates": [ [ [ 73.138640363342276, 22.595603488969452 ], [ 73.128916437496812, 22.595490450972985 ], [ 73.128794352858833, 22.604519510521872 ], [ 73.138518912276467, 22.604632598568713 ], [ 73.138640363342276, 22.595603488969452 ] ] ] } },
{ "type": "Feature", "properties": { "FeatureID": "181", "HA_Area": 100.0, "GIDC_Dista": 15001.0, "Shape_Leng": 4000.0, "Shape_Area": 1000000.0, "Norm_GIDC": 1, "norm_scr": 1.0, "oneminus": 0.0 }, "geometry": { "type": "Polygon", "coordinates": [ [ [ 73.322309723942297, 22.68793905703382 ], [ 73.312578325268987, 22.68783674706437 ], [ 73.312467720497864, 22.69686660627422 ], [ 73.322199756299852, 22.696968961402614 ], [ 73.322309723942297, 22.68793905703382 ] ] ] } },
{ "type": "Feature", "properties": { "FeatureID": "182", "HA_Area": 100.0, "GIDC_Dista": 13459.9, "Shape_Leng": 4000.0, "Shape_Area": 1000000.0, "Norm_GIDC": 1, "norm_scr": 0.89726687491699997, "oneminus": 0.102733125083 }, "geometry": { "type": "Polygon", "coordinates": [ [ [ 73.148967516383024, 22.550569980449982 ], [ 73.139246691843468, 22.550457779560464 ], [ 73.139125549660292, 22.55948694295223 ], [ 73.148847006179523, 22.559599193600313 ], [ 73.148967516383024, 22.550569980449982 ] ] ] } },
{ "type": "Feature", "properties": { "FeatureID": "183", "HA_Area": 100.0, "GIDC_Dista": 15001.0, "Shape_Leng": 4000.0, "Shape_Area": 1000000.0, "Norm_GIDC": 1, "norm_scr": 1.0, "oneminus": 0.0 }, "geometry": { "type": "Polygon", "coordinates": [ [ [ 73.293339284279952, 22.669570785454155 ], [ 73.283609328284854, 22.669466794032303 ], [ 73.283496926497165, 22.678496537615199 ], [ 73.29322751892461, 22.678600574966858 ], [ 73.293339284279952, 22.669570785454155 ] ] ] } },
{ "type": "Feature", "properties": { "FeatureID": "184", "HA_Area": 100.0, "GIDC_Dista": 15001.0, "Shape_Leng": 4000.0, "Shape_Area": 1000000.0, "Norm_GIDC": 1, "norm_scr": 1.0, "oneminus": 0.0 }, "geometry": { "type": "Polygon", "coordinates": [ [ [ 73.264943693924792, 22.606049183147775 ], [ 73.255218355859569, 22.605943746918513 ], [ 73.255104451077457, 22.614973426114368 ], [ 73.264830423264343, 22.615078909014304 ], [ 73.264943693924792, 22.606049183147775 ] ] ] } },
{ "type": "Feature", "properties": { "FeatureID": "185", "HA_Area": 100.0, "GIDC_Dista": 7869.67, "Shape_Leng": 4000.0, "Shape_Area": 1000000.0, "Norm_GIDC": 1, "norm_scr": 0.52460968747900005, "oneminus": 0.475390312521 }, "geometry": { "type": "Polygon", "coordinates": [ [ [ 73.236687129343792, 22.533494042642122 ], [ 73.226967027092911, 22.533387219789997 ], [ 73.226851690996511, 22.542416843021872 ], [ 73.236572424740743, 22.542523713278282 ], [ 73.236687129343792, 22.533494042642122 ] ] ] } },
{ "type": "Feature", "properties": { "FeatureID": "186", "HA_Area": 100.0, "GIDC_Dista": 6327.06, "Shape_Leng": 4000.0, "Shape_Area": 1000000.0, "Norm_GIDC": 0, "norm_scr": 0.42177588551400003, "oneminus": 0.57822411448599997 }, "geometry": { "type": "Polygon", "coordinates": [ [ [ 73.275792305217223, 22.515855720863495 ], [ 73.266073233174069, 22.515751337117191 ], [ 73.265960538145023, 22.524781169725319 ], [ 73.275680241105505, 22.52488559982325 ], [ 73.275792305217223, 22.515855720863495 ] ] ] } },
{ "type": "Feature", "properties": { "FeatureID": "187", "HA_Area": 100.0, "GIDC_Dista": 10506.2, "Shape_Leng": 4000.0, "Shape_Area": 1000000.0, "Norm_GIDC": 1, "norm_scr": 0.70036665524399999, "oneminus": 0.29963334475600001 }, "geometry": { "type": "Polygon", "coordinates": [ [ [ 73.352366728722757, 22.616001750042628 ], [ 73.342640249252582, 22.615901568324077 ], [ 73.342531997088642, 22.624931647529575 ], [ 73.352259111151113, 22.625031873579502 ], [ 73.352366728722757, 22.616001750042628 ] ] ] } },
{ "type": "Feature", "properties": { "FeatureID": "188", "HA_Area": 100.0, "GIDC_Dista": 12965.8, "Shape_Leng": 4000.0, "Shape_Area": 1000000.0, "Norm_GIDC": 1, "norm_scr": 0.86432903170999997, "oneminus": 0.13567096829 }, "geometry": { "type": "Polygon", "coordinates": [ [ [ 73.226389758353321, 22.578535229022691 ], [ 73.216666554293582, 22.57842758122468 ], [ 73.216550290896436, 22.587457103281199 ], [ 73.22627412804249, 22.587564798773794 ], [ 73.226389758353321, 22.578535229022691 ] ] ] } },
{ "type": "Feature", "properties": { "FeatureID": "189", "HA_Area": 100.0, "GIDC_Dista": 14376.9, "Shape_Leng": 4000.0, "Shape_Area": 1000000.0, "Norm_GIDC": 1, "norm_scr": 0.95839613296600001, "oneminus": 0.041603867034 }, "geometry": { "type": "Polygon", "coordinates": [ [ [ 73.206826512966984, 22.587348819678116 ], [ 73.197102794576423, 22.587239947979217 ], [ 73.196985205197365, 22.596269363140646 ], [ 73.206709556961926, 22.596378283060975 ], [ 73.206826512966984, 22.587348819678116 ] ] ] } },
{ "type": "Feature", "properties": { "FeatureID": "190", "HA_Area": 100.0, "GIDC_Dista": 15001.0, "Shape_Leng": 4000.0, "Shape_Area": 1000000.0, "Norm_GIDC": 1, "norm_scr": 1.0, "oneminus": 0.0 }, "geometry": { "type": "Polygon", "coordinates": [ [ [ 73.147759648361102, 22.640861627998216 ], [ 73.13803248952739, 22.640748929240139 ], [ 73.137910729128407, 22.649777984959023 ], [ 73.147638523165185, 22.649890733538601 ], [ 73.147759648361102, 22.640861627998216 ] ] ] } },
{ "type": "Feature", "properties": { "FeatureID": "191", "HA_Area": 100.0, "GIDC_Dista": 15001.0, "Shape_Leng": 4000.0, "Shape_Area": 1000000.0, "Norm_GIDC": 1, "norm_scr": 1.0, "oneminus": 0.0 }, "geometry": { "type": "Polygon", "coordinates": [ [ [ 73.167573349118157, 22.613997579016001 ], [ 73.15784797122771, 22.613886207274433 ], [ 73.157727664970835, 22.622915394676781 ], [ 73.16745367713213, 22.623026815700012 ], [ 73.167573349118157, 22.613997579016001 ] ] ] } },
{ "type": "Feature", "properties": { "FeatureID": "192", "HA_Area": 100.0, "GIDC_Dista": 15001.0, "Shape_Leng": 4000.0, "Shape_Area": 1000000.0, "Norm_GIDC": 1, "norm_scr": 1.0, "oneminus": 0.0 }, "geometry": { "type": "Polygon", "coordinates": [ [ [ 73.138518912276467, 22.604632598568713 ], [ 73.148243533524649, 22.604745098103859 ], [ 73.148364351000268, 22.595715938714612 ], [ 73.138640363342276, 22.595603488969452 ], [ 73.138518912276467, 22.604632598568713 ] ] ] } },
{ "type": "Feature", "properties": { "FeatureID": "193", "HA_Area": 100.0, "GIDC_Dista": 15001.0, "Shape_Leng": 4000.0, "Shape_Area": 1000000.0, "Norm_GIDC": 1, "norm_scr": 1.0, "oneminus": 0.0 }, "geometry": { "type": "Polygon", "coordinates": [ [ [ 73.147396087961411, 22.667948912274948 ], [ 73.137667022549849, 22.667836064033445 ], [ 73.137545076334078, 22.676865087381952 ], [ 73.147274777917545, 22.676977985463907 ], [ 73.147396087961411, 22.667948912274948 ] ] ] } },
{ "type": "Feature", "properties": { "FeatureID": "194", "HA_Area": 100.0, "GIDC_Dista": 15001.0, "Shape_Leng": 4000.0, "Shape_Area": 1000000.0, "Norm_GIDC": 1, "norm_scr": 1.0, "oneminus": 0.0 }, "geometry": { "type": "Polygon", "coordinates": [ [ [ 73.167094295709802, 22.65011446119442 ], [ 73.157366378799935, 22.650002892288793 ], [ 73.157245827549943, 22.659032036616086 ], [ 73.166974380021614, 22.659143654828341 ], [ 73.167094295709802, 22.65011446119442 ] ] ] } },
{ "type": "Feature", "properties": { "FeatureID": "195", "HA_Area": 100.0, "GIDC_Dista": 15001.0, "Shape_Leng": 4000.0, "Shape_Area": 1000000.0, "Norm_GIDC": 1, "norm_scr": 1.0, "oneminus": 0.0 }, "geometry": { "type": "Polygon", "coordinates": [ [ [ 73.147396087961411, 22.667948912274948 ], [ 73.147274777917545, 22.676977985463907 ], [ 73.157004541153015, 22.677090292934615 ], [ 73.157125215006943, 22.668061170165867 ], [ 73.147396087961411, 22.667948912274948 ] ] ] } },
{ "type": "Feature", "properties": { "FeatureID": "196", "HA_Area": 100.0, "GIDC_Dista": 15001.0, "Shape_Leng": 4000.0, "Shape_Area": 1000000.0, "Norm_GIDC": 1, "norm_scr": 1.0, "oneminus": 0.0 }, "geometry": { "type": "Polygon", "coordinates": [ [ [ 73.137667022549849, 22.667836064033445 ], [ 73.137788906808581, 22.658807029891296 ], [ 73.128060539184816, 22.658693641409229 ], [ 73.127938019095325, 22.667722625456644 ], [ 73.137667022549849, 22.667836064033445 ] ] ] } },
{ "type": "Feature", "properties": { "FeatureID": "197", "HA_Area": 100.0, "GIDC_Dista": 15001.0, "Shape_Leng": 4000.0, "Shape_Area": 1000000.0, "Norm_GIDC": 1, "norm_scr": 1.0, "oneminus": 0.0 }, "geometry": { "type": "Polygon", "coordinates": [ [ [ 73.157366378799935, 22.650002892288793 ], [ 73.167094295709802, 22.65011446119442 ], [ 73.167214150445744, 22.641085256792728 ], [ 73.157486868774825, 22.64097373718748 ], [ 73.157366378799935, 22.650002892288793 ] ] ] } },
{ "type": "Feature", "properties": { "FeatureID": "198", "HA_Area": 100.0, "GIDC_Dista": 8793.84, "Shape_Leng": 4000.0, "Shape_Area": 1000000.0, "Norm_GIDC": 1, "norm_scr": 0.58621690845600005, "oneminus": 0.413783091544 }, "geometry": { "type": "Polygon", "coordinates": [ [ [ 73.304839691696799, 22.525195371813886 ], [ 73.295119818203105, 22.525092700881551 ], [ 73.295008959453099, 22.534122661122865 ], [ 73.304729464235379, 22.534225377631966 ], [ 73.304839691696799, 22.525195371813886 ] ] ] } },
{ "type": "Feature", "properties": { "FeatureID": "199", "HA_Area": 100.0, "GIDC_Dista": 15001.0, "Shape_Leng": 4000.0, "Shape_Area": 1000000.0, "Norm_GIDC": 1, "norm_scr": 1.0, "oneminus": 0.0 }, "geometry": { "type": "Polygon", "coordinates": [ [ [ 73.215618050470638, 22.659692893785536 ], [ 73.205889196378763, 22.65958422632438 ], [ 73.205771763436985, 22.668613603832075 ], [ 73.215501253501827, 22.668722319302834 ], [ 73.215618050470638, 22.659692893785536 ] ] ] } },
{ "type": "Feature", "properties": { "FeatureID": "200", "HA_Area": 100.0, "GIDC_Dista": 12040.4, "Shape_Leng": 4000.0, "Shape_Area": 1000000.0, "Norm_GIDC": 1, "norm_scr": 0.802639850052, "oneminus": 0.197360149948 }, "geometry": { "type": "Polygon", "coordinates": [ [ [ 73.275119062722794, 22.570034834762254 ], [ 73.26539620034842, 22.56993017281853 ], [ 73.265283160141664, 22.578959941423363 ], [ 73.275006655364948, 22.579064649753796 ], [ 73.275119062722794, 22.570034834762254 ] ] ] } },
{ "type": "Feature", "properties": { "FeatureID": "201", "HA_Area": 100.0, "GIDC_Dista": 15001.0, "Shape_Leng": 4000.0, "Shape_Area": 1000000.0, "Norm_GIDC": 1, "norm_scr": 1.0, "oneminus": 0.0 }, "geometry": { "type": "Polygon", "coordinates": [ [ [ 73.322639291835728, 22.660849279824792 ], [ 73.312909802608175, 22.660747105297784 ], [ 73.312799366307701, 22.669776996572711 ], [ 73.322529491693899, 22.669879216241473 ], [ 73.322639291835728, 22.660849279824792 ] ] ] } },
{ "type": "Feature", "properties": { "FeatureID": "202", "HA_Area": 100.0, "GIDC_Dista": 15001.0, "Shape_Leng": 4000.0, "Shape_Area": 1000000.0, "Norm_GIDC": 1, "norm_scr": 1.0, "oneminus": 0.0 }, "geometry": { "type": "Polygon", "coordinates": [ [ [ 73.148243533524649, 22.604745098103859 ], [ 73.138518912276467, 22.604632598568713 ], [ 73.138397399380111, 22.613661697398925 ], [ 73.148122654540856, 22.613774246730351 ], [ 73.148243533524649, 22.604745098103859 ] ] ] } },
{ "type": "Feature", "properties": { "FeatureID": "203", "HA_Area": 100.0, "GIDC_Dista": 11283.5, "Shape_Leng": 4000.0, "Shape_Area": 1000000.0, "Norm_GIDC": 1, "norm_scr": 0.752183187787, "oneminus": 0.247816812213 }, "geometry": { "type": "Polygon", "coordinates": [ [ [ 73.158927975516249, 22.532623036874298 ], [ 73.149208352605555, 22.53251152192782 ], [ 73.149087965185743, 22.541540756557975 ], [ 73.158808219450378, 22.541652320990323 ], [ 73.158927975516249, 22.532623036874298 ] ] ] } },
{ "type": "Feature", "properties": { "FeatureID": "204", "HA_Area": 100.0, "GIDC_Dista": 15001.0, "Shape_Leng": 4000.0, "Shape_Area": 1000000.0, "Norm_GIDC": 1, "norm_scr": 1.0, "oneminus": 0.0 }, "geometry": { "type": "Polygon", "coordinates": [ [ [ 73.283609328284854, 22.669466794032303 ], [ 73.273879429399884, 22.669362212054182 ], [ 73.27376639119656, 22.678391909446507 ], [ 73.283496926497165, 22.678496537615199 ], [ 73.283609328284854, 22.669466794032303 ] ] ] } },
{ "type": "Feature", "properties": { "FeatureID": "205", "HA_Area": 100.0, "GIDC_Dista": 14931.6, "Shape_Leng": 4000.0, "Shape_Area": 1000000.0, "Norm_GIDC": 1, "norm_scr": 0.995373615717, "oneminus": 0.004626384283 }, "geometry": { "type": "Polygon", "coordinates": [ [ [ 73.312909802608175, 22.660747105297784 ], [ 73.322639291835728, 22.660849279824792 ], [ 73.322749036176646, 22.651819332732366 ], [ 73.31302018278457, 22.651717203341391 ], [ 73.312909802608175, 22.660747105297784 ] ] ] } },
{ "type": "Feature", "properties": { "FeatureID": "206", "HA_Area": 100.0, "GIDC_Dista": 8560.47, "Shape_Leng": 4000.0, "Shape_Area": 1000000.0, "Norm_GIDC": 1, "norm_scr": 0.57065993777500001, "oneminus": 0.42934006222499999 }, "geometry": { "type": "Polygon", "coordinates": [ [ [ 73.285288511209927, 22.534019357950992 ], [ 73.275568119827696, 22.533915468130321 ], [ 73.275455941367156, 22.542945325781226 ], [ 73.285176964326837, 22.54304926170494 ], [ 73.285288511209927, 22.534019357950992 ] ] ] } },
{ "type": "Feature", "properties": { "FeatureID": "207", "HA_Area": 100.0, "GIDC_Dista": 11234.8, "Shape_Leng": 4000.0, "Shape_Area": 1000000.0, "Norm_GIDC": 1, "norm_scr": 0.74893672453100002, "oneminus": 0.25106327546899998 }, "geometry": { "type": "Polygon", "coordinates": [ [ [ 73.216898903507044, 22.560368504987693 ], [ 73.207177023818289, 22.560260365231333 ], [ 73.207060246377836, 22.569289860759802 ], [ 73.216782758491362, 22.569398048459011 ], [ 73.216898903507044, 22.560368504987693 ] ] ] } },
{ "type": "Feature", "properties": { "FeatureID": "208", "HA_Area": 100.0, "GIDC_Dista": 7391.23, "Shape_Leng": 4000.0, "Shape_Area": 1000000.0, "Norm_GIDC": 0, "norm_scr": 0.49271581764299999, "oneminus": 0.50728418235700001 }, "geometry": { "type": "Polygon", "coordinates": [ [ [ 73.352903995629489, 22.570850972803168 ], [ 73.34318068428199, 22.570751012657389 ], [ 73.343072707327991, 22.579781145064473 ], [ 73.352796651655154, 22.579881149513607 ], [ 73.352903995629489, 22.570850972803168 ] ] ] } },
{ "type": "Feature", "properties": { "FeatureID": "209", "HA_Area": 100.0, "GIDC_Dista": 13017.7, "Shape_Leng": 4000.0, "Shape_Area": 1000000.0, "Norm_GIDC": 1, "norm_scr": 0.86778882709899996, "oneminus": 0.13221117290100001 }, "geometry": { "type": "Polygon", "coordinates": [ [ [ 73.265170062346655, 22.587989699348835 ], [ 73.27489419074108, 22.588094454071832 ], [ 73.275006655364948, 22.579064649753796 ], [ 73.265283160141664, 22.578959941423363 ], [ 73.265170062346655, 22.587989699348835 ] ] ] } },
{ "type": "Feature", "properties": { "FeatureID": "210", "HA_Area": 100.0, "GIDC_Dista": 13844.9, "Shape_Leng": 4000.0, "Shape_Area": 1000000.0, "Norm_GIDC": 1, "norm_scr": 0.92293183058600003, "oneminus": 0.077068169414000007 }, "geometry": { "type": "Polygon", "coordinates": [ [ [ 73.265170062346655, 22.587989699348835 ], [ 73.255445991557266, 22.587884356443226 ], [ 73.255332202680549, 22.596914057026972 ], [ 73.265056906946626, 22.59701944659146 ], [ 73.265170062346655, 22.587989699348835 ] ] ] } },
{ "type": "Feature", "properties": { "FeatureID": "211", "HA_Area": 100.0, "GIDC_Dista": 9580.57, "Shape_Leng": 4000.0, "Shape_Area": 1000000.0, "Norm_GIDC": 1, "norm_scr": 0.63866211002600004, "oneminus": 0.36133788997400001 }, "geometry": { "type": "Polygon", "coordinates": [ [ [ 73.324279606965291, 22.525398954415451 ], [ 73.314559621391439, 22.525297456329799 ], [ 73.314450025234962, 22.534327507464379 ], [ 73.324170642130014, 22.534429050606285 ], [ 73.324279606965291, 22.525398954415451 ] ] ] } },
{ "type": "Feature", "properties": { "FeatureID": "212", "HA_Area": 100.0, "GIDC_Dista": 10920.9, "Shape_Leng": 4000.0, "Shape_Area": 1000000.0, "Norm_GIDC": 1, "norm_scr": 0.72801149194199999, "oneminus": 0.27198850805800001 }, "geometry": { "type": "Polygon", "coordinates": [ [ [ 73.149328678660297, 22.523482276563012 ], [ 73.13960974812916, 22.523370224911581 ], [ 73.139488791059946, 22.532399420536624 ], [ 73.149208352605555, 22.53251152192782 ], [ 73.149328678660297, 22.523482276563012 ] ] ] } },
{ "type": "Feature", "properties": { "FeatureID": "213", "HA_Area": 100.0, "GIDC_Dista": 10329.3, "Shape_Leng": 4000.0, "Shape_Area": 1000000.0, "Norm_GIDC": 1, "norm_scr": 0.68857408204000004, "oneminus": 0.31142591796000002 }, "geometry": { "type": "Polygon", "coordinates": [ [ [ 73.187969347324284, 22.541983493907523 ], [ 73.178248910841404, 22.541873689680077 ], [ 73.178130357118945, 22.550903061267778 ], [ 73.187851425330535, 22.551012914206687 ], [ 73.187969347324284, 22.541983493907523 ] ] ] } },
{ "type": "Feature", "properties": { "FeatureID": "214", "HA_Area": 100.0, "GIDC_Dista": 15001.0, "Shape_Leng": 4000.0, "Shape_Area": 1000000.0, "Norm_GIDC": 1, "norm_scr": 1.0, "oneminus": 0.0 }, "geometry": { "type": "Polygon", "coordinates": [ [ [ 73.176464251287342, 22.677313135981517 ], [ 73.166734365717332, 22.677202009778863 ], [ 73.166614267065569, 22.686231171088473 ], [ 73.176344789184441, 22.686342346355808 ], [ 73.176464251287342, 22.677313135981517 ] ] ] } },
{ "type": "Feature", "properties": { "FeatureID": "215", "HA_Area": 100.0, "GIDC_Dista": 15001.0, "Shape_Leng": 4000.0, "Shape_Area": 1000000.0, "Norm_GIDC": 1, "norm_scr": 1.0, "oneminus": 0.0 }, "geometry": { "type": "Polygon", "coordinates": [ [ [ 73.351612255046916, 22.679212391134836 ], [ 73.341881326648291, 22.679111898978764 ], [ 73.341772688515093, 22.688141903557561 ], [ 73.351504253767658, 22.688242440084348 ], [ 73.351612255046916, 22.679212391134836 ] ] ] } },
{ "type": "Feature", "properties": { "FeatureID": "216", "HA_Area": 100.0, "GIDC_Dista": 15001.0, "Shape_Leng": 4000.0, "Shape_Area": 1000000.0, "Norm_GIDC": 1, "norm_scr": 1.0, "oneminus": 0.0 }, "geometry": { "type": "Polygon", "coordinates": [ [ [ 73.129282318674299, 22.568403207709238 ], [ 73.119560353692577, 22.568289732370879 ], [ 73.11943782281719, 22.577318773933097 ], [ 73.129160420386455, 22.577432299563139 ], [ 73.129282318674299, 22.568403207709238 ] ] ] } },
{ "type": "Feature", "properties": { "FeatureID": "217", "HA_Area": 100.0, "GIDC_Dista": 12048.5, "Shape_Leng": 4000.0, "Shape_Area": 1000000.0, "Norm_GIDC": 1, "norm_scr": 0.80317978801400003, "oneminus": 0.196820211986 }, "geometry": { "type": "Polygon", "coordinates": [ [ [ 73.129890879266782, 22.523257587090733 ], [ 73.120172072394723, 22.523144363115701 ], [ 73.120049853350451, 22.532173458480859 ], [ 73.129769291201029, 22.532286732715885 ], [ 73.129890879266782, 22.523257587090733 ] ] ] } },
{ "type": "Feature", "properties": { "FeatureID": "218", "HA_Area": 100.0, "GIDC_Dista": 5980.11, "Shape_Leng": 4000.0, "Shape_Area": 1000000.0, "Norm_GIDC": 0, "norm_scr": 0.39864741439099999, "oneminus": 0.60135258560899996 }, "geometry": { "type": "Polygon", "coordinates": [ [ [ 73.266073233174069, 22.515751337117191 ], [ 73.256354218601984, 22.515646367270715 ], [ 73.256240892672324, 22.524676153267013 ], [ 73.265960538145023, 22.524781169725319 ], [ 73.266073233174069, 22.515751337117191 ] ] ] } },
{ "type": "Feature", "properties": { "FeatureID": "219", "HA_Area": 100.0, "GIDC_Dista": 13654.5, "Shape_Leng": 4000.0, "Shape_Area": 1000000.0, "Norm_GIDC": 1, "norm_scr": 0.91023931737899999, "oneminus": 0.089760682620999996 }, "geometry": { "type": "Polygon", "coordinates": [ [ [ 73.197220324094317, 22.578210522092991 ], [ 73.187497298599169, 22.578101110788712 ], [ 73.187379136046971, 22.587130488199229 ], [ 73.197102794576423, 22.587239947979217 ], [ 73.197220324094317, 22.578210522092991 ] ] ] } },
{ "type": "Feature", "properties": { "FeatureID": "220", "HA_Area": 100.0, "GIDC_Dista": 7776.35, "Shape_Leng": 4000.0, "Shape_Area": 1000000.0, "Norm_GIDC": 1, "norm_scr": 0.518388780592, "oneminus": 0.481611219408 }, "geometry": { "type": "Polygon", "coordinates": [ [ [ 73.256127508933176, 22.533705928598923 ], [ 73.246407290064468, 22.533600278916555 ], [ 73.246293216971765, 22.542629996696771 ], [ 73.256014067367744, 22.542735693262944 ], [ 73.256127508933176, 22.533705928598923 ] ] ] } },
{ "type": "Feature", "properties": { "FeatureID": "221", "HA_Area": 100.0, "GIDC_Dista": 15001.0, "Shape_Leng": 4000.0, "Shape_Area": 1000000.0, "Norm_GIDC": 1, "norm_scr": 1.0, "oneminus": 0.0 }, "geometry": { "type": "Polygon", "coordinates": [ [ [ 73.274443759251838, 22.624213564539495 ], [ 73.284170480904791, 22.624317915652565 ], [ 73.284282540281751, 22.61528810790778 ], [ 73.274556453106641, 22.615183802950181 ], [ 73.274443759251838, 22.624213564539495 ] ] ] } },
{ "type": "Feature", "properties": { "FeatureID": "222", "HA_Area": 100.0, "GIDC_Dista": 14975.5, "Shape_Leng": 4000.0, "Shape_Area": 1000000.0, "Norm_GIDC": 1, "norm_scr": 0.99830011332599999, "oneminus": 0.001699886674 }, "geometry": { "type": "Polygon", "coordinates": [ [ [ 73.129282318674299, 22.568403207709238 ], [ 73.129160420386455, 22.577432299563139 ], [ 73.138883080054342, 22.577545237477835 ], [ 73.139004345736581, 22.568516095592525 ], [ 73.129282318674299, 22.568403207709238 ] ] ] } },
{ "type": "Feature", "properties": { "FeatureID": "223", "HA_Area": 100.0, "GIDC_Dista": 15001.0, "Shape_Leng": 4000.0, "Shape_Area": 1000000.0, "Norm_GIDC": 1, "norm_scr": 1.0, "oneminus": 0.0 }, "geometry": { "type": "Polygon", "coordinates": [ [ [ 73.176702993463337, 22.659254682920295 ], [ 73.166974380021614, 22.659143654828341 ], [ 73.166854403363402, 22.668172837690992 ], [ 73.17658365270772, 22.668283914835186 ], [ 73.176702993463337, 22.659254682920295 ] ] ] } },
{ "type": "Feature", "properties": { "FeatureID": "224", "HA_Area": 100.0, "GIDC_Dista": 15001.0, "Shape_Leng": 4000.0, "Shape_Area": 1000000.0, "Norm_GIDC": 1, "norm_scr": 1.0, "oneminus": 0.0 }, "geometry": { "type": "Polygon", "coordinates": [ [ [ 73.284170480904791, 22.624317915652565 ], [ 73.274443759251838, 22.624213564539495 ], [ 73.274331008047525, 22.633243315437959 ], [ 73.284058364501021, 22.63334771271235 ], [ 73.284170480904791, 22.624317915652565 ] ] ] } },
{ "type": "Feature", "properties": { "FeatureID": "225", "HA_Area": 100.0, "GIDC_Dista": 7667.57, "Shape_Leng": 4000.0, "Shape_Area": 1000000.0, "Norm_GIDC": 1, "norm_scr": 0.51113724579800002, "oneminus": 0.48886275420199998 }, "geometry": { "type": "Polygon", "coordinates": [ [ [ 73.285400001232105, 22.52498944354668 ], [ 73.275680241105505, 22.52488559982325 ], [ 73.275568119827696, 22.533915468130321 ], [ 73.285288511209927, 22.534019357950992 ], [ 73.285400001232105, 22.52498944354668 ] ] ] } },
{ "type": "Feature", "properties": { "FeatureID": "226", "HA_Area": 100.0, "GIDC_Dista": 15001.0, "Shape_Leng": 4000.0, "Shape_Area": 1000000.0, "Norm_GIDC": 1, "norm_scr": 1.0, "oneminus": 0.0 }, "geometry": { "type": "Polygon", "coordinates": [ [ [ 73.29322751892461, 22.678600574966858 ], [ 73.283496926497165, 22.678496537615199 ], [ 73.283384467582621, 22.687526270492349 ], [ 73.293115696765724, 22.687630353779646 ], [ 73.29322751892461, 22.678600574966858 ] ] ] } },
{ "type": "Feature", "properties": { "FeatureID": "227", "HA_Area": 100.0, "GIDC_Dista": 15001.0, "Shape_Leng": 4000.0, "Shape_Area": 1000000.0, "Norm_GIDC": 1, "norm_scr": 1.0, "oneminus": 0.0 }, "geometry": { "type": "Polygon", "coordinates": [ [ [ 73.30329138550016, 22.651614483873558 ], [ 73.293562644646443, 22.651511174342787 ], [ 73.293450992848378, 22.660540985244975 ], [ 73.303180369504673, 22.660644340433201 ], [ 73.30329138550016, 22.651614483873558 ] ] ] } },
{ "type": "Feature", "properties": { "FeatureID": "228", "HA_Area": 100.0, "GIDC_Dista": 15001.0, "Shape_Leng": 4000.0, "Shape_Area": 1000000.0, "Norm_GIDC": 1, "norm_scr": 1.0, "oneminus": 0.0 }, "geometry": { "type": "Polygon", "coordinates": [ [ [ 73.224998303817102, 22.686889358633369 ], [ 73.22488196563917, 22.695918799675361 ], [ 73.234613484087561, 22.696026476721592 ], [ 73.234729185288202, 22.68699698817327 ], [ 73.224998303817102, 22.686889358633369 ] ] ] } },
{ "type": "Feature", "properties": { "FeatureID": "229", "HA_Area": 100.0, "GIDC_Dista": 15001.0, "Shape_Leng": 4000.0, "Shape_Area": 1000000.0, "Norm_GIDC": 1, "norm_scr": 1.0, "oneminus": 0.0 }, "geometry": { "type": "Polygon", "coordinates": [ [ [ 73.127938019095325, 22.667722625456644 ], [ 73.118209077920838, 22.667608596559916 ], [ 73.1180858594157, 22.676637519445602 ], [ 73.127815436725754, 22.676751598704062 ], [ 73.127938019095325, 22.667722625456644 ] ] ] } },
{ "type": "Feature", "properties": { "FeatureID": "230", "HA_Area": 100.0, "GIDC_Dista": 15001.0, "Shape_Leng": 4000.0, "Shape_Area": 1000000.0, "Norm_GIDC": 1, "norm_scr": 1.0, "oneminus": 0.0 }, "geometry": { "type": "Polygon", "coordinates": [ [ [ 73.293785777997954, 22.633451520473177 ], [ 73.284058364501021, 22.63334771271235 ], [ 73.283946191053801, 22.64237749908369 ], [ 73.293674239690787, 22.642481352751048 ], [ 73.293785777997954, 22.633451520473177 ] ] ] } },
{ "type": "Feature", "properties": { "FeatureID": "231", "HA_Area": 100.0, "GIDC_Dista": 10964.5, "Shape_Leng": 4000.0, "Shape_Area": 1000000.0, "Norm_GIDC": 1, "norm_scr": 0.73091793880400002, "oneminus": 0.26908206119599998 }, "geometry": { "type": "Polygon", "coordinates": [ [ [ 73.323515685505981, 22.588609404453948 ], [ 73.313791273921879, 22.588507590855201 ], [ 73.313681286155344, 22.597537567485301 ], [ 73.323406331315482, 22.597639426180105 ], [ 73.323515685505981, 22.588609404453948 ] ] ] } },
{ "type": "Feature", "properties": { "FeatureID": "232", "HA_Area": 100.0, "GIDC_Dista": 7337.59, "Shape_Leng": 4000.0, "Shape_Area": 1000000.0, "Norm_GIDC": 0, "norm_scr": 0.48914004691399998, "oneminus": 0.51085995308599996 }, "geometry": { "type": "Polygon", "coordinates": [ [ [ 73.207643538884255, 22.524142276070215 ], [ 73.207526999287552, 22.533171814410586 ], [ 73.217246983633586, 22.533279810374637 ], [ 73.217362892092964, 22.524250224115573 ], [ 73.207643538884255, 22.524142276070215 ] ] ] } },
{ "type": "Feature", "properties": { "FeatureID": "233", "HA_Area": 100.0, "GIDC_Dista": 8855.6, "Shape_Leng": 4000.0, "Shape_Area": 1000000.0, "Norm_GIDC": 1, "norm_scr": 0.59033395169500003, "oneminus": 0.40966604830499997 }, "geometry": { "type": "Polygon", "coordinates": [ [ [ 73.236572424740743, 22.542523713278282 ], [ 73.226851690996511, 22.542416843021872 ], [ 73.226736296091474, 22.55144645556457 ], [ 73.236457661650888, 22.55155337323124 ], [ 73.236572424740743, 22.542523713278282 ] ] ] } },
{ "type": "Feature", "properties": { "FeatureID": "234", "HA_Area": 100.0, "GIDC_Dista": 15001.0, "Shape_Leng": 4000.0, "Shape_Area": 1000000.0, "Norm_GIDC": 1, "norm_scr": 1.0, "oneminus": 0.0 }, "geometry": { "type": "Polygon", "coordinates": [ [ [ 73.138518912276467, 22.604632598568713 ], [ 73.128794352858833, 22.604519510521872 ], [ 73.128672206067947, 22.613548559295388 ], [ 73.138397399380111, 22.613661697398925 ], [ 73.138518912276467, 22.604632598568713 ] ] ] } },
{ "type": "Feature", "properties": { "FeatureID": "235", "HA_Area": 100.0, "GIDC_Dista": 15001.0, "Shape_Leng": 4000.0, "Shape_Area": 1000000.0, "Norm_GIDC": 1, "norm_scr": 1.0, "oneminus": 0.0 }, "geometry": { "type": "Polygon", "coordinates": [ [ [ 73.224998303817102, 22.686889358633369 ], [ 73.215267481429805, 22.68678113810196 ], [ 73.215150506291863, 22.695810531376839 ], [ 73.22488196563917, 22.695918799675361 ], [ 73.224998303817102, 22.686889358633369 ] ] ] } },
{ "type": "Feature", "properties": { "FeatureID": "236", "HA_Area": 100.0, "GIDC_Dista": 12115.0, "Shape_Leng": 4000.0, "Shape_Area": 1000000.0, "Norm_GIDC": 1, "norm_scr": 0.807612825812, "oneminus": 0.192387174188 }, "geometry": { "type": "Polygon", "coordinates": [ [ [ 73.304287992053176, 22.570345294481285 ], [ 73.294564958897368, 22.570242395607686 ], [ 73.294453817287206, 22.579272302591455 ], [ 73.304177483341647, 22.579375247070558 ], [ 73.304287992053176, 22.570345294481285 ] ] ] } },
{ "type": "Feature", "properties": { "FeatureID": "237", "HA_Area": 100.0, "GIDC_Dista": 7661.24, "Shape_Leng": 4000.0, "Shape_Area": 1000000.0, "Norm_GIDC": 1, "norm_scr": 0.51071530127200004, "oneminus": 0.48928469872800001 }, "geometry": { "type": "Polygon", "coordinates": [ [ [ 73.207643538884255, 22.524142276070215 ], [ 73.197924245093276, 22.524033741750952 ], [ 73.197807074376499, 22.533063231912461 ], [ 73.207526999287552, 22.533171814410586 ], [ 73.207643538884255, 22.524142276070215 ] ] ] } },
{ "type": "Feature", "properties": { "FeatureID": "238", "HA_Area": 100.0, "GIDC_Dista": 11884.5, "Shape_Leng": 4000.0, "Shape_Area": 1000000.0, "Norm_GIDC": 1, "norm_scr": 0.79224718352099999, "oneminus": 0.20775281647900001 }, "geometry": { "type": "Polygon", "coordinates": [ [ [ 73.332913824856504, 22.615800797530017 ], [ 73.323187455857209, 22.61569943767411 ], [ 73.323077934556977, 22.62472942743506 ], [ 73.332804938116325, 22.624830832143545 ], [ 73.332913824856504, 22.615800797530017 ] ] ] } },
{ "type": "Feature", "properties": { "FeatureID": "239", "HA_Area": 100.0, "GIDC_Dista": 9624.98, "Shape_Leng": 4000.0, "Shape_Area": 1000000.0, "Norm_GIDC": 1, "norm_scr": 0.64162258974399999, "oneminus": 0.35837741025600001 }, "geometry": { "type": "Polygon", "coordinates": [ [ [ 73.323515685505981, 22.588609404453948 ], [ 73.333240152760851, 22.58871062978616 ], [ 73.333348818010734, 22.579680552581937 ], [ 73.323624984025713, 22.579579372079621 ], [ 73.323515685505981, 22.588609404453948 ] ] ] } },
{ "type": "Feature", "properties": { "FeatureID": "240", "HA_Area": 100.0, "GIDC_Dista": 15001.0, "Shape_Leng": 4000.0, "Shape_Area": 1000000.0, "Norm_GIDC": 1, "norm_scr": 1.0, "oneminus": 0.0 }, "geometry": { "type": "Polygon", "coordinates": [ [ [ 73.157727664970835, 22.622915394676781 ], [ 73.148001714030983, 22.622803384590583 ], [ 73.147880711977052, 22.631832511681033 ], [ 73.15760729749249, 22.631944571315628 ], [ 73.157727664970835, 22.622915394676781 ] ] ] } },
{ "type": "Feature", "properties": { "FeatureID": "241", "HA_Area": 100.0, "GIDC_Dista": 13256.4, "Shape_Leng": 4000.0, "Shape_Area": 1000000.0, "Norm_GIDC": 1, "norm_scr": 0.88370111263399997, "oneminus": 0.116298887366 }, "geometry": { "type": "Polygon", "coordinates": [ [ [ 73.28473020785421, 22.579168770147863 ], [ 73.275006655364948, 22.579064649753796 ], [ 73.27489419074108, 22.588094454071832 ], [ 73.28461837641818, 22.588198620598039 ], [ 73.28473020785421, 22.579168770147863 ] ] ] } },
{ "type": "Feature", "properties": { "FeatureID": "242", "HA_Area": 100.0, "GIDC_Dista": 15001.0, "Shape_Leng": 4000.0, "Shape_Area": 1000000.0, "Norm_GIDC": 1, "norm_scr": 1.0, "oneminus": 0.0 }, "geometry": { "type": "Polygon", "coordinates": [ [ [ 73.27421819947692, 22.642273055642139 ], [ 73.264490265283058, 22.642168022440554 ], [ 73.26437676389989, 22.651197705513287 ], [ 73.274105333523295, 22.651302785148538 ], [ 73.27421819947692, 22.642273055642139 ] ] ] } },
{ "type": "Feature", "properties": { "FeatureID": "243", "HA_Area": 100.0, "GIDC_Dista": 10068.6, "Shape_Leng": 4000.0, "Shape_Area": 1000000.0, "Norm_GIDC": 1, "norm_scr": 0.67119522760999994, "oneminus": 0.32880477239 }, "geometry": { "type": "Polygon", "coordinates": [ [ [ 73.149448943367801, 22.514453020467094 ], [ 73.139730643529575, 22.514341018549164 ], [ 73.13960974812916, 22.523370224911581 ], [ 73.149328678660297, 22.523482276563012 ], [ 73.149448943367801, 22.514453020467094 ] ] ] } },
{ "type": "Feature", "properties": { "FeatureID": "244", "HA_Area": 100.0, "GIDC_Dista": 11467.4, "Shape_Leng": 4000.0, "Shape_Area": 1000000.0, "Norm_GIDC": 1, "norm_scr": 0.76444239654900004, "oneminus": 0.23555760345099999 }, "geometry": { "type": "Polygon", "coordinates": [ [ [ 73.313901205695245, 22.579477603571238 ], [ 73.304177483341647, 22.579375247070558 ], [ 73.30406691833096, 22.588405189003716 ], [ 73.313791273921879, 22.588507590855201 ], [ 73.313901205695245, 22.579477603571238 ] ] ] } },
{ "type": "Feature", "properties": { "FeatureID": "245", "HA_Area": 100.0, "GIDC_Dista": 15001.0, "Shape_Leng": 4000.0, "Shape_Area": 1000000.0, "Norm_GIDC": 1, "norm_scr": 1.0, "oneminus": 0.0 }, "geometry": { "type": "Polygon", "coordinates": [ [ [ 73.284058364501021, 22.63334771271235 ], [ 73.274331008047525, 22.633243315437959 ], [ 73.27421819947692, 22.642273055642139 ], [ 73.283946191053801, 22.64237749908369 ], [ 73.284058364501021, 22.63334771271235 ] ] ] } },
{ "type": "Feature", "properties": { "FeatureID": "246", "HA_Area": 100.0, "GIDC_Dista": 15001.0, "Shape_Leng": 4000.0, "Shape_Area": 1000000.0, "Norm_GIDC": 1, "norm_scr": 1.0, "oneminus": 0.0 }, "geometry": { "type": "Polygon", "coordinates": [ [ [ 73.157968216280977, 22.604857009112084 ], [ 73.148243533524649, 22.604745098103859 ], [ 73.148122654540856, 22.613774246730351 ], [ 73.15784797122771, 22.613886207274433 ], [ 73.157968216280977, 22.604857009112084 ] ] ] } },
{ "type": "Feature", "properties": { "FeatureID": "247", "HA_Area": 100.0, "GIDC_Dista": 14044.6, "Shape_Leng": 4000.0, "Shape_Area": 1000000.0, "Norm_GIDC": 1, "norm_scr": 0.93624422434300003, "oneminus": 0.063755775656999997 }, "geometry": { "type": "Polygon", "coordinates": [ [ [ 73.313350986733369, 22.624627433417864 ], [ 73.303624094968299, 22.624524850105768 ], [ 73.303513248215495, 22.63355473870638 ], [ 73.313240774830803, 22.633657367397973 ], [ 73.313350986733369, 22.624627433417864 ] ] ] } },
{ "type": "Feature", "properties": { "FeatureID": "248", "HA_Area": 100.0, "GIDC_Dista": 15001.0, "Shape_Leng": 4000.0, "Shape_Area": 1000000.0, "Norm_GIDC": 1, "norm_scr": 1.0, "oneminus": 0.0 }, "geometry": { "type": "Polygon", "coordinates": [ [ [ 73.225695092730291, 22.632712486860417 ], [ 73.225579108795912, 22.641741992319613 ], [ 73.235306810228678, 22.641849384418258 ], [ 73.235422159124383, 22.63281983148886 ], [ 73.225695092730291, 22.632712486860417 ] ] ] } },
{ "type": "Feature", "properties": { "FeatureID": "249", "HA_Area": 100.0, "GIDC_Dista": 15001.0, "Shape_Leng": 4000.0, "Shape_Area": 1000000.0, "Norm_GIDC": 1, "norm_scr": 1.0, "oneminus": 0.0 }, "geometry": { "type": "Polygon", "coordinates": [ [ [ 73.254419804253217, 22.669151276485859 ], [ 73.244690078637873, 22.66904492292425 ], [ 73.244575131288769, 22.678074480180356 ], [ 73.254305493269086, 22.678180880714777 ], [ 73.254419804253217, 22.669151276485859 ] ] ] } },
{ "type": "Feature", "properties": { "FeatureID": "250", "HA_Area": 100.0, "GIDC_Dista": 15001.0, "Shape_Leng": 4000.0, "Shape_Area": 1000000.0, "Norm_GIDC": 1, "norm_scr": 1.0, "oneminus": 0.0 }, "geometry": { "type": "Polygon", "coordinates": [ [ [ 73.303402345064939, 22.642584616630138 ], [ 73.293674239690787, 22.642481352751048 ], [ 73.293562644646443, 22.651511174342787 ], [ 73.30329138550016, 22.651614483873558 ], [ 73.303402345064939, 22.642584616630138 ] ] ] } },
{ "type": "Feature", "properties": { "FeatureID": "251", "HA_Area": 100.0, "GIDC_Dista": 8901.22, "Shape_Leng": 4000.0, "Shape_Area": 1000000.0, "Norm_GIDC": 1, "norm_scr": 0.59337509009800005, "oneminus": 0.40662490990200001 }, "geometry": { "type": "Polygon", "coordinates": [ [ [ 73.265734975606833, 22.542840802962505 ], [ 73.256014067367744, 22.542735693262944 ], [ 73.255900567959216, 22.551765447255622 ], [ 73.26562210806425, 22.551870603584629 ], [ 73.265734975606833, 22.542840802962505 ] ] ] } },
{ "type": "Feature", "properties": { "FeatureID": "252", "HA_Area": 100.0, "GIDC_Dista": 15001.0, "Shape_Leng": 4000.0, "Shape_Area": 1000000.0, "Norm_GIDC": 1, "norm_scr": 1.0, "oneminus": 0.0 }, "geometry": { "type": "Polygon", "coordinates": [ [ [ 73.264830423264343, 22.615078909014304 ], [ 73.255104451077457, 22.614973426114368 ], [ 73.254990488317304, 22.624003094611073 ], [ 73.264717094948452, 22.624108624187585 ], [ 73.264830423264343, 22.615078909014304 ] ] ] } },
{ "type": "Feature", "properties": { "FeatureID": "253", "HA_Area": 100.0, "GIDC_Dista": 15001.0, "Shape_Leng": 4000.0, "Shape_Area": 1000000.0, "Norm_GIDC": 1, "norm_scr": 1.0, "oneminus": 0.0 }, "geometry": { "type": "Polygon", "coordinates": [ [ [ 73.225695092730291, 22.632712486860417 ], [ 73.215968085316462, 22.632604552804469 ], [ 73.215851466360618, 22.641634010532883 ], [ 73.225579108795912, 22.641741992319613 ], [ 73.225695092730291, 22.632712486860417 ] ] ] } },
{ "type": "Feature", "properties": { "FeatureID": "254", "HA_Area": 100.0, "GIDC_Dista": 15001.0, "Shape_Leng": 4000.0, "Shape_Area": 1000000.0, "Norm_GIDC": 1, "norm_scr": 1.0, "oneminus": 0.0 }, "geometry": { "type": "Polygon", "coordinates": [ [ [ 73.196867555939718, 22.605298767573796 ], [ 73.19674984678602, 22.614328161275171 ], [ 73.206475466265729, 22.61443717765664 ], [ 73.206592541400624, 22.605407735721645 ], [ 73.196867555939718, 22.605298767573796 ] ] ] } },
{ "type": "Feature", "properties": { "FeatureID": "255", "HA_Area": 100.0, "GIDC_Dista": 15001.0, "Shape_Leng": 4000.0, "Shape_Area": 1000000.0, "Norm_GIDC": 1, "norm_scr": 1.0, "oneminus": 0.0 }, "geometry": { "type": "Polygon", "coordinates": [ [ [ 73.137910729128407, 22.649777984959023 ], [ 73.128182997012445, 22.649664646565348 ], [ 73.128060539184816, 22.658693641409229 ], [ 73.137788906808581, 22.658807029891296 ], [ 73.137910729128407, 22.649777984959023 ] ] ] } },
{ "type": "Feature", "properties": { "FeatureID": "256", "HA_Area": 100.0, "GIDC_Dista": 14357.5, "Shape_Leng": 4000.0, "Shape_Area": 1000000.0, "Norm_GIDC": 1, "norm_scr": 0.95710285980900001, "oneminus": 0.042897140191000001 }, "geometry": { "type": "Polygon", "coordinates": [ [ [ 73.177774333269866, 22.577991111678521 ], [ 73.168051428428612, 22.577880524777331 ], [ 73.167931999860556, 22.586909804455392 ], [ 73.177655537700943, 22.587020440352987 ], [ 73.177774333269866, 22.577991111678521 ] ] ] } },
{ "type": "Feature", "properties": { "FeatureID": "257", "HA_Area": 100.0, "GIDC_Dista": 14493.1, "Shape_Leng": 4000.0, "Shape_Area": 1000000.0, "Norm_GIDC": 1, "norm_scr": 0.96614223114300002, "oneminus": 0.033857768857000002 }, "geometry": { "type": "Polygon", "coordinates": [ [ [ 73.129525929026499, 22.550344991721065 ], [ 73.119805228253938, 22.550231616947045 ], [ 73.119682822165444, 22.559260680041024 ], [ 73.129404154881641, 22.559374105094037 ], [ 73.129525929026499, 22.550344991721065 ] ] ] } },
{ "type": "Feature", "properties": { "FeatureID": "258", "HA_Area": 100.0, "GIDC_Dista": 14990.8, "Shape_Leng": 4000.0, "Shape_Area": 1000000.0, "Norm_GIDC": 1, "norm_scr": 0.99932003231, "oneminus": 0.00067996769 }, "geometry": { "type": "Polygon", "coordinates": [ [ [ 73.196867555939718, 22.605298767573796 ], [ 73.196985205197365, 22.596269363140646 ], [ 73.187260913311391, 22.596159854878842 ], [ 73.187142630374851, 22.605189210824044 ], [ 73.196867555939718, 22.605298767573796 ] ] ] } },
{ "type": "Feature", "properties": { "FeatureID": "259", "HA_Area": 100.0, "GIDC_Dista": 13762.7, "Shape_Leng": 4000.0, "Shape_Area": 1000000.0, "Norm_GIDC": 1, "norm_scr": 0.91745218287499997, "oneminus": 0.082547817125000006 }, "geometry": { "type": "Polygon", "coordinates": [ [ [ 73.255445991557266, 22.587884356443226 ], [ 73.245721978695229, 22.587778425369272 ], [ 73.245607556358692, 22.596808079033696 ], [ 73.255332202680549, 22.596914057026972 ], [ 73.255445991557266, 22.587884356443226 ] ] ] } },
{ "type": "Feature", "properties": { "FeatureID": "260", "HA_Area": 100.0, "GIDC_Dista": 15001.0, "Shape_Leng": 4000.0, "Shape_Area": 1000000.0, "Norm_GIDC": 1, "norm_scr": 1.0, "oneminus": 0.0 }, "geometry": { "type": "Polygon", "coordinates": [ [ [ 73.283833960546488, 22.651407274763091 ], [ 73.274105333523295, 22.651302785148538 ], [ 73.273992410169868, 22.660332503953704 ], [ 73.2837216729624, 22.660437039747112 ], [ 73.283833960546488, 22.651407274763091 ] ] ] } },
{ "type": "Feature", "properties": { "FeatureID": "261", "HA_Area": 100.0, "GIDC_Dista": 11861.8, "Shape_Leng": 4000.0, "Shape_Area": 1000000.0, "Norm_GIDC": 1, "norm_scr": 0.79073393805000003, "oneminus": 0.20926606195 }, "geometry": { "type": "Polygon", "coordinates": [ [ [ 73.26539620034842, 22.56993017281853 ], [ 73.2556733955455, 22.569824923212995 ], [ 73.255559722506618, 22.578854645170733 ], [ 73.265283160141664, 22.578959941423363 ], [ 73.26539620034842, 22.56993017281853 ] ] ] } },
{ "type": "Feature", "properties": { "FeatureID": "262", "HA_Area": 100.0, "GIDC_Dista": 14867.2, "Shape_Leng": 4000.0, "Shape_Area": 1000000.0, "Norm_GIDC": 1, "norm_scr": 0.99108060764700001, "oneminus": 0.008919392353000001 }, "geometry": { "type": "Polygon", "coordinates": [ [ [ 73.158328584397523, 22.577769350100105 ], [ 73.148605801498718, 22.577657587661893 ], [ 73.148485106985646, 22.586686768566121 ], [ 73.158208522848057, 22.586798580521414 ], [ 73.158328584397523, 22.577769350100105 ] ] ] } },
{ "type": "Feature", "properties": { "FeatureID": "263", "HA_Area": 100.0, "GIDC_Dista": 6780.98, "Shape_Leng": 4000.0, "Shape_Area": 1000000.0, "Norm_GIDC": 0, "norm_scr": 0.45203519635099998, "oneminus": 0.54796480364900002 }, "geometry": { "type": "Polygon", "coordinates": [ [ [ 73.256240892672324, 22.524676153267013 ], [ 73.246521305009111, 22.52457055046256 ], [ 73.246407290064468, 22.533600278916555 ], [ 73.256127508933176, 22.533705928598923 ], [ 73.256240892672324, 22.524676153267013 ] ] ] } },
{ "type": "Feature", "properties": { "FeatureID": "264", "HA_Area": 100.0, "GIDC_Dista": 15001.0, "Shape_Leng": 4000.0, "Shape_Area": 1000000.0, "Norm_GIDC": 1, "norm_scr": 1.0, "oneminus": 0.0 }, "geometry": { "type": "Polygon", "coordinates": [ [ [ 73.157004541153015, 22.677090292934615 ], [ 73.147274777917545, 22.676977985463907 ], [ 73.147153406221676, 22.686007047862045 ], [ 73.156883805970224, 22.686119404918834 ], [ 73.157004541153015, 22.677090292934615 ] ] ] } },
{ "type": "Feature", "properties": { "FeatureID": "265", "HA_Area": 100.0, "GIDC_Dista": 13043.9, "Shape_Leng": 4000.0, "Shape_Area": 1000000.0, "Norm_GIDC": 1, "norm_scr": 0.86953539034899996, "oneminus": 0.13046460965100001 }, "geometry": { "type": "Polygon", "coordinates": [ [ [ 73.187615400985464, 22.569071722650783 ], [ 73.177893068350784, 22.568961772270505 ], [ 73.177774333269866, 22.577991111678521 ], [ 73.187497298599169, 22.578101110788712 ], [ 73.187615400985464, 22.569071722650783 ] ] ] } },
{ "type": "Feature", "properties": { "FeatureID": "266", "HA_Area": 100.0, "GIDC_Dista": 9059.81, "Shape_Leng": 4000.0, "Shape_Area": 1000000.0, "Norm_GIDC": 1, "norm_scr": 0.60394704155099999, "oneminus": 0.39605295844900001 }, "geometry": { "type": "Polygon", "coordinates": [ [ [ 73.35258179962787, 22.597941471047548 ], [ 73.342856588374246, 22.597841377974913 ], [ 73.342748446342441, 22.606871478471373 ], [ 73.352474291543004, 22.606971615864172 ], [ 73.35258179962787, 22.597941471047548 ] ] ] } },
{ "type": "Feature", "properties": { "FeatureID": "267", "HA_Area": 100.0, "GIDC_Dista": 15001.0, "Shape_Leng": 4000.0, "Shape_Area": 1000000.0, "Norm_GIDC": 1, "norm_scr": 1.0, "oneminus": 0.0 }, "geometry": { "type": "Polygon", "coordinates": [ [ [ 73.254990488317304, 22.624003094611073 ], [ 73.245263939681109, 22.623896975824241 ], [ 73.245149284175923, 22.632926586675261 ], [ 73.25487646756217, 22.633032752405153 ], [ 73.254990488317304, 22.624003094611073 ] ] ] } },
{ "type": "Feature", "properties": { "FeatureID": "268", "HA_Area": 100.0, "GIDC_Dista": 15001.0, "Shape_Leng": 4000.0, "Shape_Area": 1000000.0, "Norm_GIDC": 1, "norm_scr": 1.0, "oneminus": 0.0 }, "geometry": { "type": "Polygon", "coordinates": [ [ [ 73.283496926497165, 22.678496537615199 ], [ 73.27376639119656, 22.678391909446507 ], [ 73.273653295543085, 22.687421596127216 ], [ 73.283384467582621, 22.687526270492349 ], [ 73.283496926497165, 22.678496537615199 ] ] ] } },
{ "type": "Feature", "properties": { "FeatureID": "269", "HA_Area": 100.0, "GIDC_Dista": 15001.0, "Shape_Leng": 4000.0, "Shape_Area": 1000000.0, "Norm_GIDC": 1, "norm_scr": 1.0, "oneminus": 0.0 }, "geometry": { "type": "Polygon", "coordinates": [ [ [ 73.254305493269086, 22.678180880714777 ], [ 73.244575131288769, 22.678074480180356 ], [ 73.244460125519694, 22.687104026707068 ], [ 73.254191124188239, 22.687210474220269 ], [ 73.254305493269086, 22.678180880714777 ] ] ] } },
{ "type": "Feature", "properties": { "FeatureID": "270", "HA_Area": 100.0, "GIDC_Dista": 15001.0, "Shape_Leng": 4000.0, "Shape_Area": 1000000.0, "Norm_GIDC": 1, "norm_scr": 1.0, "oneminus": 0.0 }, "geometry": { "type": "Polygon", "coordinates": [ [ [ 73.244919798144437, 22.650985776237725 ], [ 73.235191402658387, 22.650878926626135 ], [ 73.235075936396356, 22.659908458109054 ], [ 73.244804967584074, 22.660015354942221 ], [ 73.244919798144437, 22.650985776237725 ] ] ] } },
{ "type": "Feature", "properties": { "FeatureID": "271", "HA_Area": 100.0, "GIDC_Dista": 14094.7, "Shape_Leng": 4000.0, "Shape_Area": 1000000.0, "Norm_GIDC": 1, "norm_scr": 0.93958404075099999, "oneminus": 0.060415959249 }, "geometry": { "type": "Polygon", "coordinates": [ [ [ 73.294231364186032, 22.59733208456986 ], [ 73.284506488021833, 22.59722846037706 ], [ 73.284394542648556, 22.60625828948146 ], [ 73.294120052662009, 22.60636195955756 ], [ 73.294231364186032, 22.59733208456986 ] ] ] } },
{ "type": "Feature", "properties": { "FeatureID": "272", "HA_Area": 100.0, "GIDC_Dista": 15001.0, "Shape_Leng": 4000.0, "Shape_Area": 1000000.0, "Norm_GIDC": 1, "norm_scr": 1.0, "oneminus": 0.0 }, "geometry": { "type": "Polygon", "coordinates": [ [ [ 73.187024287219828, 22.614218556031332 ], [ 73.177298787889697, 22.614108361939969 ], [ 73.177179750192309, 22.623137647645159 ], [ 73.186905883828729, 22.623247890497233 ], [ 73.187024287219828, 22.614218556031332 ] ] ] } },
{ "type": "Feature", "properties": { "FeatureID": "273", "HA_Area": 100.0, "GIDC_Dista": 15001.0, "Shape_Leng": 4000.0, "Shape_Area": 1000000.0, "Norm_GIDC": 1, "norm_scr": 1.0, "oneminus": 0.0 }, "geometry": { "type": "Polygon", "coordinates": [ [ [ 73.176344789184441, 22.686342346355808 ], [ 73.166614267065569, 22.686231171088473 ], [ 73.166494107390264, 22.69526032161632 ], [ 73.17622526638128, 22.695371545954561 ], [ 73.176344789184441, 22.686342346355808 ] ] ] } },
{ "type": "Feature", "properties": { "FeatureID": "274", "HA_Area": 100.0, "GIDC_Dista": 9901.6, "Shape_Leng": 4000.0, "Shape_Area": 1000000.0, "Norm_GIDC": 1, "norm_scr": 0.66006263644899998, "oneminus": 0.33993736355100002 }, "geometry": { "type": "Polygon", "coordinates": [ [ [ 73.294898044163972, 22.543152610719602 ], [ 73.285176964326837, 22.54304926170494 ], [ 73.285065360566264, 22.552079154805078 ], [ 73.294787072319281, 22.552182549668295 ], [ 73.294898044163972, 22.543152610719602 ] ] ] } },
{ "type": "Feature", "properties": { "FeatureID": "275", "HA_Area": 100.0, "GIDC_Dista": 15001.0, "Shape_Leng": 4000.0, "Shape_Area": 1000000.0, "Norm_GIDC": 1, "norm_scr": 1.0, "oneminus": 0.0 }, "geometry": { "type": "Polygon", "coordinates": [ [ [ 73.205771763436985, 22.668613603832075 ], [ 73.196042333067609, 22.668504297920656 ], [ 73.195924204151737, 22.67753361640186 ], [ 73.205654270799741, 22.677642970589677 ], [ 73.205771763436985, 22.668613603832075 ] ] ] } },
{ "type": "Feature", "properties": { "FeatureID": "276", "HA_Area": 100.0, "GIDC_Dista": 13672.9, "Shape_Leng": 4000.0, "Shape_Area": 1000000.0, "Norm_GIDC": 1, "norm_scr": 0.911465928313, "oneminus": 0.088534071687000004 }, "geometry": { "type": "Polygon", "coordinates": [ [ [ 73.129647641126951, 22.541315867593834 ], [ 73.119927571976234, 22.541202543092481 ], [ 73.119805228253938, 22.550231616947045 ], [ 73.129525929026499, 22.550344991721065 ], [ 73.129647641126951, 22.541315867593834 ] ] ] } },
{ "type": "Feature", "properties": { "FeatureID": "277", "HA_Area": 100.0, "GIDC_Dista": 7860.04, "Shape_Leng": 4000.0, "Shape_Area": 1000000.0, "Norm_GIDC": 1, "norm_scr": 0.52396773808800001, "oneminus": 0.47603226191199999 }, "geometry": { "type": "Polygon", "coordinates": [ [ [ 73.352796651655154, 22.579881149513607 ], [ 73.343072707327991, 22.579781145064473 ], [ 73.342964675364087, 22.588811266838125 ], [ 73.352689252993258, 22.588911315596221 ], [ 73.352796651655154, 22.579881149513607 ] ] ] } },
{ "type": "Feature", "properties": { "FeatureID": "278", "HA_Area": 100.0, "GIDC_Dista": 15001.0, "Shape_Leng": 4000.0, "Shape_Area": 1000000.0, "Norm_GIDC": 1, "norm_scr": 1.0, "oneminus": 0.0 }, "geometry": { "type": "Polygon", "coordinates": [ [ [ 73.332150453436483, 22.67901081592224 ], [ 73.322419635734875, 22.678909141978959 ], [ 73.322309723942297, 22.68793905703382 ], [ 73.332041178465474, 22.688040775869482 ], [ 73.332150453436483, 22.67901081592224 ] ] ] } },
{ "type": "Feature", "properties": { "FeatureID": "279", "HA_Area": 100.0, "GIDC_Dista": 6804.53, "Shape_Leng": 4000.0, "Shape_Area": 1000000.0, "Norm_GIDC": 0, "norm_scr": 0.45360507867200001, "oneminus": 0.54639492132800005 }, "geometry": { "type": "Polygon", "coordinates": [ [ [ 73.285511434409884, 22.515959518495485 ], [ 73.275792305217223, 22.515855720863495 ], [ 73.275680241105505, 22.52488559982325 ], [ 73.285400001232105, 22.52498944354668 ], [ 73.285511434409884, 22.515959518495485 ] ] ] } },
{ "type": "Feature", "properties": { "FeatureID": "280", "HA_Area": 100.0, "GIDC_Dista": 9462.8, "Shape_Leng": 4000.0, "Shape_Area": 1000000.0, "Norm_GIDC": 1, "norm_scr": 0.63081126622799999, "oneminus": 0.36918873377200001 }, "geometry": { "type": "Polygon", "coordinates": [ [ [ 73.188087209222147, 22.532954062894952 ], [ 73.178367404146215, 22.532844307372844 ], [ 73.178248910841404, 22.541873689680077 ], [ 73.187969347324284, 22.541983493907523 ], [ 73.188087209222147, 22.532954062894952 ] ] ] } },
{ "type": "Feature", "properties": { "FeatureID": "281", "HA_Area": 100.0, "GIDC_Dista": 6587.7, "Shape_Leng": 4000.0, "Shape_Area": 1000000.0, "Norm_GIDC": 0, "norm_scr": 0.43915073630500001, "oneminus": 0.56084926369499999 }, "geometry": { "type": "Polygon", "coordinates": [ [ [ 73.353332824969499, 22.534730159751913 ], [ 73.343612042319137, 22.534630376763683 ], [ 73.343504285244677, 22.543660551670012 ], [ 73.353225699586289, 22.543760378939261 ], [ 73.353332824969499, 22.534730159751913 ] ] ] } },
{ "type": "Feature", "properties": { "FeatureID": "282", "HA_Area": 100.0, "GIDC_Dista": 15001.0, "Shape_Leng": 4000.0, "Shape_Area": 1000000.0, "Norm_GIDC": 1, "norm_scr": 1.0, "oneminus": 0.0 }, "geometry": { "type": "Polygon", "coordinates": [ [ [ 73.196514248720575, 22.632386916468633 ], [ 73.186787420184018, 22.632277214218227 ], [ 73.18666889626806, 22.641306527190853 ], [ 73.196396359773857, 22.641416277953752 ], [ 73.196514248720575, 22.632386916468633 ] ] ] } },
{ "type": "Feature", "properties": { "FeatureID": "283", "HA_Area": 100.0, "GIDC_Dista": 12821.1, "Shape_Leng": 4000.0, "Shape_Area": 1000000.0, "Norm_GIDC": 1, "norm_scr": 0.85468299509199996, "oneminus": 0.14531700490800001 }, "geometry": { "type": "Polygon", "coordinates": [ [ [ 73.236113021290237, 22.578642288956022 ], [ 73.226389758353321, 22.578535229022691 ], [ 73.22627412804249, 22.587564798773794 ], [ 73.235998024082875, 22.587671906141324 ], [ 73.236113021290237, 22.578642288956022 ] ] ] } },
{ "type": "Feature", "properties": { "FeatureID": "284", "HA_Area": 100.0, "GIDC_Dista": 11292.9, "Shape_Leng": 4000.0, "Shape_Area": 1000000.0, "Norm_GIDC": 1, "norm_scr": 0.75280983871899998, "oneminus": 0.24719016128099999 }, "geometry": { "type": "Polygon", "coordinates": [ [ [ 73.342531997088642, 22.624931647529575 ], [ 73.342423689834547, 22.633961716084436 ], [ 73.352151438812129, 22.634061986471341 ], [ 73.352259111151113, 22.625031873579502 ], [ 73.342531997088642, 22.624931647529575 ] ] ] } },
{ "type": "Feature", "properties": { "FeatureID": "285", "HA_Area": 100.0, "GIDC_Dista": 15001.0, "Shape_Leng": 4000.0, "Shape_Area": 1000000.0, "Norm_GIDC": 1, "norm_scr": 1.0, "oneminus": 0.0 }, "geometry": { "type": "Polygon", "coordinates": [ [ [ 73.138761752595556, 22.586574368604659 ], [ 73.12903846, 22.586461380652235 ], [ 73.128916437496812, 22.595490450972985 ], [ 73.138640363342276, 22.595603488969452 ], [ 73.138761752595556, 22.586574368604659 ] ] ] } },
{ "type": "Feature", "properties": { "FeatureID": "286", "HA_Area": 100.0, "GIDC_Dista": 9586.86, "Shape_Leng": 4000.0, "Shape_Area": 1000000.0, "Norm_GIDC": 1, "norm_scr": 0.63908141800999996, "oneminus": 0.36091858199 }, "geometry": { "type": "Polygon", "coordinates": [ [ [ 73.324170642130014, 22.534429050606285 ], [ 73.314450025234962, 22.534327507464379 ], [ 73.314340373183029, 22.543357547965833 ], [ 73.3240616217211, 22.543459136169673 ], [ 73.324170642130014, 22.534429050606285 ] ] ] } },
{ "type": "Feature", "properties": { "FeatureID": "287", "HA_Area": 100.0, "GIDC_Dista": 9882.79, "Shape_Leng": 4000.0, "Shape_Area": 1000000.0, "Norm_GIDC": 1, "norm_scr": 0.65880874868799999, "oneminus": 0.34119125131200001 }, "geometry": { "type": "Polygon", "coordinates": [ [ [ 73.168766723442744, 22.523704621297053 ], [ 73.159047670538683, 22.523593742029867 ], [ 73.158927975516249, 22.532623036874298 ], [ 73.168647659470338, 22.532733965360979 ], [ 73.168766723442744, 22.523704621297053 ] ] ] } },
{ "type": "Feature", "properties": { "FeatureID": "288", "HA_Area": 100.0, "GIDC_Dista": 15001.0, "Shape_Leng": 4000.0, "Shape_Area": 1000000.0, "Norm_GIDC": 1, "norm_scr": 1.0, "oneminus": 0.0 }, "geometry": { "type": "Polygon", "coordinates": [ [ [ 73.119315229521106, 22.586347804724149 ], [ 73.109592061481109, 22.586233640835783 ], [ 73.10946877253258, 22.595262610287424 ], [ 73.119192573786151, 22.595376824740509 ], [ 73.119315229521106, 22.586347804724149 ] ] ] } },
{ "type": "Feature", "properties": { "FeatureID": "289", "HA_Area": 100.0, "GIDC_Dista": 10407.3, "Shape_Leng": 4000.0, "Shape_Area": 1000000.0, "Norm_GIDC": 1, "norm_scr": 0.69377373539700005, "oneminus": 0.30622626460300001 }, "geometry": { "type": "Polygon", "coordinates": [ [ [ 73.304619180556671, 22.543255372811199 ], [ 73.294898044163972, 22.543152610719602 ], [ 73.294787072319281, 22.552182549668295 ], [ 73.304508840644317, 22.552285357348143 ], [ 73.304619180556671, 22.543255372811199 ] ] ] } },
{ "type": "Feature", "properties": { "FeatureID": "290", "HA_Area": 100.0, "GIDC_Dista": 11419.0, "Shape_Leng": 4000.0, "Shape_Area": 1000000.0, "Norm_GIDC": 1, "norm_scr": 0.76121591893899998, "oneminus": 0.23878408106099999 }, "geometry": { "type": "Polygon", "coordinates": [ [ [ 73.168528534776186, 22.541763298702698 ], [ 73.158808219450378, 22.541652320990323 ], [ 73.158688402323349, 22.550681594374435 ], [ 73.16840934934261, 22.550792621318703 ], [ 73.168528534776186, 22.541763298702698 ] ] ] } },
{ "type": "Feature", "properties": { "FeatureID": "291", "HA_Area": 100.0, "GIDC_Dista": 15001.0, "Shape_Leng": 4000.0, "Shape_Area": 1000000.0, "Norm_GIDC": 1, "norm_scr": 1.0, "oneminus": 0.0 }, "geometry": { "type": "Polygon", "coordinates": [ [ [ 73.167333944247261, 22.632056041626743 ], [ 73.15760729749249, 22.631944571315628 ], [ 73.157486868774825, 22.64097373718748 ], [ 73.167214150445744, 22.641085256792728 ], [ 73.167333944247261, 22.632056041626743 ] ] ] } },
{ "type": "Feature", "properties": { "FeatureID": "292", "HA_Area": 100.0, "GIDC_Dista": 12427.0, "Shape_Leng": 4000.0, "Shape_Area": 1000000.0, "Norm_GIDC": 1, "norm_scr": 0.828411439237, "oneminus": 0.171588560763 }, "geometry": { "type": "Polygon", "coordinates": [ [ [ 73.207060246377836, 22.569289860759802 ], [ 73.197337793768511, 22.569181085485482 ], [ 73.197220324094317, 22.578210522092991 ], [ 73.20694340943318, 22.57831934557656 ], [ 73.207060246377836, 22.569289860759802 ] ] ] } },
{ "type": "Feature", "properties": { "FeatureID": "293", "HA_Area": 100.0, "GIDC_Dista": 11171.8, "Shape_Leng": 4000.0, "Shape_Area": 1000000.0, "Norm_GIDC": 1, "norm_scr": 0.74473700451199998, "oneminus": 0.25526299548800002 }, "geometry": { "type": "Polygon", "coordinates": [ [ [ 73.342531997088642, 22.624931647529575 ], [ 73.342640249252582, 22.615901568324077 ], [ 73.332913824856504, 22.615800797530017 ], [ 73.332804938116325, 22.624830832143545 ], [ 73.342531997088642, 22.624931647529575 ] ] ] } },
{ "type": "Feature", "properties": { "FeatureID": "294", "HA_Area": 100.0, "GIDC_Dista": 15001.0, "Shape_Leng": 4000.0, "Shape_Area": 1000000.0, "Norm_GIDC": 1, "norm_scr": 1.0, "oneminus": 0.0 }, "geometry": { "type": "Polygon", "coordinates": [ [ [ 73.244919798144437, 22.650985776237725 ], [ 73.244804967584074, 22.660015354942221 ], [ 73.254534057157628, 22.660121661536969 ], [ 73.254648251999271, 22.651092035871574 ], [ 73.244919798144437, 22.650985776237725 ] ] ] } },
{ "type": "Feature", "properties": { "FeatureID": "295", "HA_Area": 100.0, "GIDC_Dista": 12111.2, "Shape_Leng": 4000.0, "Shape_Area": 1000000.0, "Norm_GIDC": 1, "norm_scr": 0.80735952238599995, "oneminus": 0.19264047761399999 }, "geometry": { "type": "Polygon", "coordinates": [ [ [ 73.352151438812129, 22.634061986471341 ], [ 73.342423689834547, 22.633961716084436 ], [ 73.342315327474196, 22.642991773985237 ], [ 73.352043711689802, 22.643092088714727 ], [ 73.352151438812129, 22.634061986471341 ] ] ] } },
{ "type": "Feature", "properties": { "FeatureID": "296", "HA_Area": 100.0, "GIDC_Dista": 11859.6, "Shape_Leng": 4000.0, "Shape_Area": 1000000.0, "Norm_GIDC": 1, "norm_scr": 0.79058726814000002, "oneminus": 0.20941273186000001 }, "geometry": { "type": "Polygon", "coordinates": [ [ [ 73.313791273921879, 22.588507590855201 ], [ 73.30406691833096, 22.588405189003716 ], [ 73.303956297004689, 22.597435120277261 ], [ 73.313681286155344, 22.597537567485301 ], [ 73.313791273921879, 22.588507590855201 ] ] ] } },
{ "type": "Feature", "properties": { "FeatureID": "297", "HA_Area": 100.0, "GIDC_Dista": 15001.0, "Shape_Leng": 4000.0, "Shape_Area": 1000000.0, "Norm_GIDC": 1, "norm_scr": 1.0, "oneminus": 0.0 }, "geometry": { "type": "Polygon", "coordinates": [ [ [ 73.118824231766013, 22.622463820106212 ], [ 73.10909852893775, 22.622349453920609 ], [ 73.108974988762029, 22.631378380212677 ], [ 73.118701326093472, 22.631492796988585 ], [ 73.118824231766013, 22.622463820106212 ] ] ] } },
{ "type": "Feature", "properties": { "FeatureID": "298", "HA_Area": 100.0, "GIDC_Dista": 9474.79, "Shape_Leng": 4000.0, "Shape_Area": 1000000.0, "Norm_GIDC": 1, "norm_scr": 0.6316105619, "oneminus": 0.3683894381 }, "geometry": { "type": "Polygon", "coordinates": [ [ [ 73.285176964326837, 22.54304926170494 ], [ 73.275455941367156, 22.542945325781226 ], [ 73.275343705707257, 22.551975172772497 ], [ 73.285065360566264, 22.552079154805078 ], [ 73.285176964326837, 22.54304926170494 ] ] ] } },
{ "type": "Feature", "properties": { "FeatureID": "299", "HA_Area": 100.0, "GIDC_Dista": 15001.0, "Shape_Leng": 4000.0, "Shape_Area": 1000000.0, "Norm_GIDC": 1, "norm_scr": 1.0, "oneminus": 0.0 }, "geometry": { "type": "Polygon", "coordinates": [ [ [ 73.147153406221676, 22.686007047862045 ], [ 73.137423068143164, 22.685894099933321 ], [ 73.137300997958988, 22.694923101684051 ], [ 73.147031972855771, 22.695036099465867 ], [ 73.147153406221676, 22.686007047862045 ] ] ] } },
{ "type": "Feature", "properties": { "FeatureID": "300", "HA_Area": 100.0, "GIDC_Dista": 14920.0, "Shape_Leng": 4000.0, "Shape_Area": 1000000.0, "Norm_GIDC": 1, "norm_scr": 0.99460035997600005, "oneminus": 0.005399640024 }, "geometry": { "type": "Polygon", "coordinates": [ [ [ 73.206709556961926, 22.596378283060975 ], [ 73.196985205197365, 22.596269363140646 ], [ 73.196867555939718, 22.605298767573796 ], [ 73.206592541400624, 22.605407735721645 ], [ 73.206709556961926, 22.596378283060975 ] ] ] } },
{ "type": "Feature", "properties": { "FeatureID": "301", "HA_Area": 100.0, "GIDC_Dista": 14192.5, "Shape_Leng": 4000.0, "Shape_Area": 1000000.0, "Norm_GIDC": 1, "norm_scr": 0.94610359309400005, "oneminus": 0.053896406905999998 }, "geometry": { "type": "Polygon", "coordinates": [ [ [ 73.28461837641818, 22.588198620598039 ], [ 73.27489419074108, 22.588094454071832 ], [ 73.274781668834535, 22.597124247712884 ], [ 73.284506488021833, 22.59722846037706 ], [ 73.28461837641818, 22.588198620598039 ] ] ] } },
{ "type": "Feature", "properties": { "FeatureID": "302", "HA_Area": 100.0, "GIDC_Dista": 9770.18, "Shape_Leng": 4000.0, "Shape_Area": 1000000.0, "Norm_GIDC": 1, "norm_scr": 0.65130189237400005, "oneminus": 0.34869810762600001 }, "geometry": { "type": "Polygon", "coordinates": [ [ [ 73.323952545722392, 22.552489211102156 ], [ 73.314230665219355, 22.552387577830711 ], [ 73.314120901327684, 22.561417597055542 ], [ 73.323843414117718, 22.561519275400276 ], [ 73.323952545722392, 22.552489211102156 ] ] ] } },
{ "type": "Feature", "properties": { "FeatureID": "303", "HA_Area": 100.0, "GIDC_Dista": 9582.36, "Shape_Leng": 4000.0, "Shape_Area": 1000000.0, "Norm_GIDC": 1, "norm_scr": 0.63878143800800002, "oneminus": 0.36121856199199998 }, "geometry": { "type": "Polygon", "coordinates": [ [ [ 73.304729464235379, 22.534225377631966 ], [ 73.295008959453099, 22.534122661122865 ], [ 73.294898044163972, 22.543152610719602 ], [ 73.304619180556671, 22.543255372811199 ], [ 73.304729464235379, 22.534225377631966 ] ] ] } },
{ "type": "Feature", "properties": { "FeatureID": "304", "HA_Area": 100.0, "GIDC_Dista": 15001.0, "Shape_Leng": 4000.0, "Shape_Area": 1000000.0, "Norm_GIDC": 1, "norm_scr": 1.0, "oneminus": 0.0 }, "geometry": { "type": "Polygon", "coordinates": [ [ [ 73.244919798144437, 22.650985776237725 ], [ 73.24503457033606, 22.641956186814262 ], [ 73.235306810228678, 22.641849384418258 ], [ 73.235191402658387, 22.650878926626135 ], [ 73.244919798144437, 22.650985776237725 ] ] ] } },
{ "type": "Feature", "properties": { "FeatureID": "305", "HA_Area": 100.0, "GIDC_Dista": 15001.0, "Shape_Leng": 4000.0, "Shape_Area": 1000000.0, "Norm_GIDC": 1, "norm_scr": 1.0, "oneminus": 0.0 }, "geometry": { "type": "Polygon", "coordinates": [ [ [ 73.274556453106641, 22.615183802950181 ], [ 73.264830423264343, 22.615078909014304 ], [ 73.264717094948452, 22.624108624187585 ], [ 73.274443759251838, 22.624213564539495 ], [ 73.274556453106641, 22.615183802950181 ] ] ] } },
{ "type": "Feature", "properties": { "FeatureID": "306", "HA_Area": 100.0, "GIDC_Dista": 14901.3, "Shape_Leng": 4000.0, "Shape_Area": 1000000.0, "Norm_GIDC": 1, "norm_scr": 0.99335376339500003, "oneminus": 0.006646236605 }, "geometry": { "type": "Polygon", "coordinates": [ [ [ 73.313130506853312, 22.642687290706974 ], [ 73.303402345064939, 22.642584616630138 ], [ 73.30329138550016, 22.651614483873558 ], [ 73.31302018278457, 22.651717203341391 ], [ 73.313130506853312, 22.642687290706974 ] ] ] } },
{ "type": "Feature", "properties": { "FeatureID": "307", "HA_Area": 100.0, "GIDC_Dista": 15001.0, "Shape_Leng": 4000.0, "Shape_Area": 1000000.0, "Norm_GIDC": 1, "norm_scr": 1.0, "oneminus": 0.0 }, "geometry": { "type": "Polygon", "coordinates": [ [ [ 73.119192573786151, 22.595376824740509 ], [ 73.10946877253258, 22.595262610287424 ], [ 73.109345420804701, 22.604291568954455 ], [ 73.119069855594134, 22.604405833978653 ], [ 73.119192573786151, 22.595376824740509 ] ] ] } },
{ "type": "Feature", "properties": { "FeatureID": "308", "HA_Area": 100.0, "GIDC_Dista": 8769.31, "Shape_Leng": 4000.0, "Shape_Area": 1000000.0, "Norm_GIDC": 1, "norm_scr": 0.58458166591000005, "oneminus": 0.41541833409000001 }, "geometry": { "type": "Polygon", "coordinates": [ [ [ 73.334107926358854, 22.516469714451947 ], [ 73.324388516243104, 22.516368847600621 ], [ 73.324279606965291, 22.525398954415451 ], [ 73.333999648096636, 22.525499866057121 ], [ 73.334107926358854, 22.516469714451947 ] ] ] } },
{ "type": "Feature", "properties": { "FeatureID": "309", "HA_Area": 100.0, "GIDC_Dista": 10194.1, "Shape_Leng": 4000.0, "Shape_Area": 1000000.0, "Norm_GIDC": 1, "norm_scr": 0.67956133653600004, "oneminus": 0.32043866346400002 }, "geometry": { "type": "Polygon", "coordinates": [ [ [ 73.323734226890892, 22.570549329060579 ], [ 73.314011081491756, 22.570447605636872 ], [ 73.313901205695245, 22.579477603571238 ], [ 73.323624984025713, 22.579579372079621 ], [ 73.323734226890892, 22.570549329060579 ] ] ] } },
{ "type": "Feature", "properties": { "FeatureID": "310", "HA_Area": 100.0, "GIDC_Dista": 15001.0, "Shape_Leng": 4000.0, "Shape_Area": 1000000.0, "Norm_GIDC": 1, "norm_scr": 1.0, "oneminus": 0.0 }, "geometry": { "type": "Polygon", "coordinates": [ [ [ 73.186194197539876, 22.67742367152751 ], [ 73.176464251287342, 22.677313135981517 ], [ 73.176344789184441, 22.686342346355808 ], [ 73.1860753720036, 22.686452930705769 ], [ 73.186194197539876, 22.67742367152751 ] ] ] } },
{ "type": "Feature", "properties": { "FeatureID": "311", "HA_Area": 100.0, "GIDC_Dista": 15001.0, "Shape_Leng": 4000.0, "Shape_Area": 1000000.0, "Norm_GIDC": 1, "norm_scr": 1.0, "oneminus": 0.0 }, "geometry": { "type": "Polygon", "coordinates": [ [ [ 73.137423068143164, 22.685894099933321 ], [ 73.127692792057928, 22.685780561147986 ], [ 73.1275700850736, 22.694809512784904 ], [ 73.137300997958988, 22.694923101684051 ], [ 73.137423068143164, 22.685894099933321 ] ] ] } },
{ "type": "Feature", "properties": { "FeatureID": "312", "HA_Area": 100.0, "GIDC_Dista": 9823.96, "Shape_Leng": 4000.0, "Shape_Area": 1000000.0, "Norm_GIDC": 1, "norm_scr": 0.65488700492899998, "oneminus": 0.34511299507100002 }, "geometry": { "type": "Polygon", "coordinates": [ [ [ 73.342856588374246, 22.597841377974913 ], [ 73.333131432162617, 22.597740696347881 ], [ 73.333022656199873, 22.60677075226365 ], [ 73.342748446342441, 22.606871478471373 ], [ 73.342856588374246, 22.597841377974913 ] ] ] } },
{ "type": "Feature", "properties": { "FeatureID": "313", "HA_Area": 100.0, "GIDC_Dista": 15001.0, "Shape_Leng": 4000.0, "Shape_Area": 1000000.0, "Norm_GIDC": 1, "norm_scr": 1.0, "oneminus": 0.0 }, "geometry": { "type": "Polygon", "coordinates": [ [ [ 73.148001714030983, 22.622803384590583 ], [ 73.138275824635173, 22.622690785456573 ], [ 73.13815418802362, 22.631719862738141 ], [ 73.147880711977052, 22.631832511681033 ], [ 73.148001714030983, 22.622803384590583 ] ] ] } },
{ "type": "Feature", "properties": { "FeatureID": "314", "HA_Area": 100.0, "GIDC_Dista": 11224.4, "Shape_Leng": 4000.0, "Shape_Area": 1000000.0, "Norm_GIDC": 1, "norm_scr": 0.74824347647699996, "oneminus": 0.25175652352299999 }, "geometry": { "type": "Polygon", "coordinates": [ [ [ 73.304508840644317, 22.552285357348143 ], [ 73.294787072319281, 22.552182549668295 ], [ 73.294676043902555, 22.561212477965476 ], [ 73.304398444481933, 22.561315331239328 ], [ 73.304508840644317, 22.552285357348143 ] ] ] } },
{ "type": "Feature", "properties": { "FeatureID": "315", "HA_Area": 100.0, "GIDC_Dista": 14226.5, "Shape_Leng": 4000.0, "Shape_Area": 1000000.0, "Norm_GIDC": 1, "norm_scr": 0.94837010865899996, "oneminus": 0.051629891341000003 }, "geometry": { "type": "Polygon", "coordinates": [ [ [ 73.148847006179523, 22.559599193600313 ], [ 73.139125549660292, 22.55948694295223 ], [ 73.139004345736581, 22.568516095592525 ], [ 73.148726434557389, 22.568628396005455 ], [ 73.148847006179523, 22.559599193600313 ] ] ] } },
{ "type": "Feature", "properties": { "FeatureID": "316", "HA_Area": 100.0, "GIDC_Dista": 12228.8, "Shape_Leng": 4000.0, "Shape_Area": 1000000.0, "Norm_GIDC": 1, "norm_scr": 0.81519897371399996, "oneminus": 0.18480102628600001 }, "geometry": { "type": "Polygon", "coordinates": [ [ [ 73.168290103151932, 22.559821933205487 ], [ 73.16840934934261, 22.550792621318703 ], [ 73.158688402323349, 22.550681594374435 ], [ 73.158568524117371, 22.559710857023106 ], [ 73.168290103151932, 22.559821933205487 ] ] ] } },
{ "type": "Feature", "properties": { "FeatureID": "317", "HA_Area": 100.0, "GIDC_Dista": 15001.0, "Shape_Leng": 4000.0, "Shape_Area": 1000000.0, "Norm_GIDC": 1, "norm_scr": 1.0, "oneminus": 0.0 }, "geometry": { "type": "Polygon", "coordinates": [ [ [ 73.244460125519694, 22.687104026707068 ], [ 73.234729185288202, 22.68699698817327 ], [ 73.234613484087561, 22.696026476721592 ], [ 73.244345061313524, 22.696133562500929 ], [ 73.244460125519694, 22.687104026707068 ] ] ] } },
{ "type": "Feature", "properties": { "FeatureID": "318", "HA_Area": 100.0, "GIDC_Dista": 13199.6, "Shape_Leng": 4000.0, "Shape_Area": 1000000.0, "Norm_GIDC": 1, "norm_scr": 0.87991464631500005, "oneminus": 0.12008535368499999 }, "geometry": { "type": "Polygon", "coordinates": [ [ [ 73.303956297004689, 22.597435120277261 ], [ 73.294231364186032, 22.59733208456986 ], [ 73.294120052662009, 22.60636195955756 ], [ 73.303845619346447, 22.606465040887755 ], [ 73.303956297004689, 22.597435120277261 ] ] ] } },
{ "type": "Feature", "properties": { "FeatureID": "319", "HA_Area": 100.0, "GIDC_Dista": 12563.6, "Shape_Leng": 4000.0, "Shape_Area": 1000000.0, "Norm_GIDC": 1, "norm_scr": 0.83751747279300004, "oneminus": 0.16248252720699999 }, "geometry": { "type": "Polygon", "coordinates": [ [ [ 73.168290103151932, 22.559821933205487 ], [ 73.168170796186516, 22.568851234359528 ], [ 73.177893068350784, 22.568961772270505 ], [ 73.178011742961274, 22.55993242213242 ], [ 73.168290103151932, 22.559821933205487 ] ] ] } },
{ "type": "Feature", "properties": { "FeatureID": "320", "HA_Area": 100.0, "GIDC_Dista": 15001.0, "Shape_Leng": 4000.0, "Shape_Area": 1000000.0, "Norm_GIDC": 1, "norm_scr": 1.0, "oneminus": 0.0 }, "geometry": { "type": "Polygon", "coordinates": [ [ [ 73.177536681626364, 22.596049758290384 ], [ 73.167812510464614, 22.595939073390184 ], [ 73.167692960223064, 22.604968331578227 ], [ 73.177417765028494, 22.605079065487207 ], [ 73.177536681626364, 22.596049758290384 ] ] ] } },
{ "type": "Feature", "properties": { "FeatureID": "321", "HA_Area": 100.0, "GIDC_Dista": 14562.3, "Shape_Leng": 4000.0, "Shape_Area": 1000000.0, "Norm_GIDC": 1, "norm_scr": 0.97075526996100003, "oneminus": 0.029244730039000001 }, "geometry": { "type": "Polygon", "coordinates": [ [ [ 73.197102794576423, 22.587239947979217 ], [ 73.187379136046971, 22.587130488199229 ], [ 73.187260913311391, 22.596159854878842 ], [ 73.196985205197365, 22.596269363140646 ], [ 73.197102794576423, 22.587239947979217 ] ] ] } },
{ "type": "Feature", "properties": { "FeatureID": "322", "HA_Area": 100.0, "GIDC_Dista": 15001.0, "Shape_Leng": 4000.0, "Shape_Area": 1000000.0, "Norm_GIDC": 1, "norm_scr": 1.0, "oneminus": 0.0 }, "geometry": { "type": "Polygon", "coordinates": [ [ [ 73.166614267065569, 22.686231171088473 ], [ 73.156883805970224, 22.686119404918834 ], [ 73.156763009440638, 22.695148506115036 ], [ 73.166494107390264, 22.69526032161632 ], [ 73.166614267065569, 22.686231171088473 ] ] ] } },
{ "type": "Feature", "properties": { "FeatureID": "323", "HA_Area": 100.0, "GIDC_Dista": 15001.0, "Shape_Leng": 4000.0, "Shape_Area": 1000000.0, "Norm_GIDC": 1, "norm_scr": 1.0, "oneminus": 0.0 }, "geometry": { "type": "Polygon", "coordinates": [ [ [ 73.186905883828729, 22.623247890497233 ], [ 73.177179750192309, 22.623137647645159 ], [ 73.177060651918666, 22.632166922599286 ], [ 73.186787420184018, 22.632277214218227 ], [ 73.186905883828729, 22.623247890497233 ] ] ] } },
{ "type": "Feature", "properties": { "FeatureID": "324", "HA_Area": 100.0, "GIDC_Dista": 12847.5, "Shape_Leng": 4000.0, "Shape_Area": 1000000.0, "Norm_GIDC": 1, "norm_scr": 0.85644290380599997, "oneminus": 0.14355709619400001 }, "geometry": { "type": "Polygon", "coordinates": [ [ [ 73.129769291201029, 22.532286732715885 ], [ 73.120049853350451, 22.532173458480859 ], [ 73.119927571976234, 22.541202543092481 ], [ 73.129647641126951, 22.541315867593834 ], [ 73.129769291201029, 22.532286732715885 ] ] ] } },
{ "type": "Feature", "properties": { "FeatureID": "325", "HA_Area": 100.0, "GIDC_Dista": 10645.5, "Shape_Leng": 4000.0, "Shape_Area": 1000000.0, "Norm_GIDC": 1, "norm_scr": 0.70965268982100005, "oneminus": 0.29034731017900001 }, "geometry": { "type": "Polygon", "coordinates": [ [ [ 73.139730643529575, 22.514341018549164 ], [ 73.130012405342214, 22.5142284307219 ], [ 73.129890879266782, 22.523257587090733 ], [ 73.13960974812916, 22.523370224911581 ], [ 73.139730643529575, 22.514341018549164 ] ] ] } },
{ "type": "Feature", "properties": { "FeatureID": "326", "HA_Area": 100.0, "GIDC_Dista": 10872.5, "Shape_Leng": 4000.0, "Shape_Area": 1000000.0, "Norm_GIDC": 1, "norm_scr": 0.72478501433200004, "oneminus": 0.27521498566800001 }, "geometry": { "type": "Polygon", "coordinates": [ [ [ 73.265509182983678, 22.560900393537789 ], [ 73.255787010690739, 22.560795190573465 ], [ 73.2556733955455, 22.569824923212995 ], [ 73.26539620034842, 22.56993017281853 ], [ 73.265509182983678, 22.560900393537789 ] ] ] } },
{ "type": "Feature", "properties": { "FeatureID": "327", "HA_Area": 100.0, "GIDC_Dista": 9561.75, "Shape_Leng": 4000.0, "Shape_Area": 1000000.0, "Norm_GIDC": 1, "norm_scr": 0.63740750616599995, "oneminus": 0.362592493834 }, "geometry": { "type": "Polygon", "coordinates": [ [ [ 73.159167304535444, 22.514564436460542 ], [ 73.149448943367801, 22.514453020467094 ], [ 73.149328678660297, 22.523482276563012 ], [ 73.159047670538683, 22.523593742029867 ], [ 73.159167304535444, 22.514564436460542 ] ] ] } },
{ "type": "Feature", "properties": { "FeatureID": "328", "HA_Area": 100.0, "GIDC_Dista": 15001.0, "Shape_Leng": 4000.0, "Shape_Area": 1000000.0, "Norm_GIDC": 1, "norm_scr": 1.0, "oneminus": 0.0 }, "geometry": { "type": "Polygon", "coordinates": [ [ [ 73.235306810228678, 22.641849384418258 ], [ 73.225579108795912, 22.641741992319613 ], [ 73.225463065864076, 22.65077148705128 ], [ 73.235191402658387, 22.650878926626135 ], [ 73.235306810228678, 22.641849384418258 ] ] ] } },
{ "type": "Feature", "properties": { "FeatureID": "329", "HA_Area": 100.0, "GIDC_Dista": 15001.0, "Shape_Leng": 4000.0, "Shape_Area": 1000000.0, "Norm_GIDC": 1, "norm_scr": 1.0, "oneminus": 0.0 }, "geometry": { "type": "Polygon", "coordinates": [ [ [ 73.177060651918666, 22.632166922599286 ], [ 73.167333944247261, 22.632056041626743 ], [ 73.167214150445744, 22.641085256792728 ], [ 73.176941493051075, 22.641196186798862 ], [ 73.177060651918666, 22.632166922599286 ] ] ] } },
{ "type": "Feature", "properties": { "FeatureID": "330", "HA_Area": 100.0, "GIDC_Dista": 14762.5, "Shape_Leng": 4000.0, "Shape_Area": 1000000.0, "Norm_GIDC": 1, "norm_scr": 0.98410105992899999, "oneminus": 0.015898940071000001 }, "geometry": { "type": "Polygon", "coordinates": [ [ [ 73.284506488021833, 22.59722846037706 ], [ 73.274781668834535, 22.597124247712884 ], [ 73.274669089628645, 22.60615403067349 ], [ 73.284394542648556, 22.60625828948146 ], [ 73.284506488021833, 22.59722846037706 ] ] ] } },
{ "type": "Feature", "properties": { "FeatureID": "331", "HA_Area": 100.0, "GIDC_Dista": 15001.0, "Shape_Leng": 4000.0, "Shape_Area": 1000000.0, "Norm_GIDC": 1, "norm_scr": 1.0, "oneminus": 0.0 }, "geometry": { "type": "Polygon", "coordinates": [ [ [ 73.225463065864076, 22.65077148705128 ], [ 73.215734788084461, 22.650663457527724 ], [ 73.215618050470638, 22.659692893785536 ], [ 73.225346963917502, 22.659800971051968 ], [ 73.225463065864076, 22.65077148705128 ] ] ] } },
{ "type": "Feature", "properties": { "FeatureID": "332", "HA_Area": 100.0, "GIDC_Dista": 15001.0, "Shape_Leng": 4000.0, "Shape_Area": 1000000.0, "Norm_GIDC": 1, "norm_scr": 1.0, "oneminus": 0.0 }, "geometry": { "type": "Polygon", "coordinates": [ [ [ 73.215501253501827, 22.668722319302834 ], [ 73.205771763436985, 22.668613603832075 ], [ 73.205654270799741, 22.677642970589677 ], [ 73.215384397160662, 22.677751734076136 ], [ 73.215501253501827, 22.668722319302834 ] ] ] } },
{ "type": "Feature", "properties": { "FeatureID": "333", "HA_Area": 100.0, "GIDC_Dista": 15001.0, "Shape_Leng": 4000.0, "Shape_Area": 1000000.0, "Norm_GIDC": 1, "norm_scr": 1.0, "oneminus": 0.0 }, "geometry": { "type": "Polygon", "coordinates": [ [ [ 73.166734365717332, 22.677202009778863 ], [ 73.157004541153015, 22.677090292934615 ], [ 73.156883805970224, 22.686119404918834 ], [ 73.166614267065569, 22.686231171088473 ], [ 73.166734365717332, 22.677202009778863 ] ] ] } },
{ "type": "Feature", "properties": { "FeatureID": "334", "HA_Area": 100.0, "GIDC_Dista": 15001.0, "Shape_Leng": 4000.0, "Shape_Area": 1000000.0, "Norm_GIDC": 1, "norm_scr": 1.0, "oneminus": 0.0 }, "geometry": { "type": "Polygon", "coordinates": [ [ [ 73.158208522848057, 22.586798580521414 ], [ 73.148485106985646, 22.586686768566121 ], [ 73.148364351000268, 22.595715938714612 ], [ 73.158088400148472, 22.595827800193245 ], [ 73.158208522848057, 22.586798580521414 ] ] ] } },
{ "type": "Feature", "properties": { "FeatureID": "335", "HA_Area": 100.0, "GIDC_Dista": 11765.7, "Shape_Leng": 4000.0, "Shape_Area": 1000000.0, "Norm_GIDC": 1, "norm_scr": 0.78432772450599997, "oneminus": 0.215672275494 }, "geometry": { "type": "Polygon", "coordinates": [ [ [ 73.24595064863621, 22.569719085959903 ], [ 73.24583634278207, 22.578748761010175 ], [ 73.255559722506618, 22.578854645170733 ], [ 73.2556733955455, 22.569824923212995 ], [ 73.24595064863621, 22.569719085959903 ] ] ] } },
{ "type": "Feature", "properties": { "FeatureID": "336", "HA_Area": 100.0, "GIDC_Dista": 15001.0, "Shape_Leng": 4000.0, "Shape_Area": 1000000.0, "Norm_GIDC": 1, "norm_scr": 1.0, "oneminus": 0.0 }, "geometry": { "type": "Polygon", "coordinates": [ [ [ 73.244575131288769, 22.678074480180356 ], [ 73.234844827728438, 22.677967488886097 ], [ 73.234729185288202, 22.68699698817327 ], [ 73.244460125519694, 22.687104026707068 ], [ 73.244575131288769, 22.678074480180356 ] ] ] } },
{ "type": "Feature", "properties": { "FeatureID": "337", "HA_Area": 100.0, "GIDC_Dista": 8772.78, "Shape_Leng": 4000.0, "Shape_Area": 1000000.0, "Norm_GIDC": 1, "norm_scr": 0.58481303069400004, "oneminus": 0.41518696930600002 }, "geometry": { "type": "Polygon", "coordinates": [ [ [ 73.256014067367744, 22.542735693262944 ], [ 73.246293216971765, 22.542629996696771 ], [ 73.246179085714104, 22.551659703799722 ], [ 73.255900567959216, 22.551765447255622 ], [ 73.256014067367744, 22.542735693262944 ] ] ] } },
{ "type": "Feature", "properties": { "FeatureID": "338", "HA_Area": 100.0, "GIDC_Dista": 11754.2, "Shape_Leng": 4000.0, "Shape_Area": 1000000.0, "Norm_GIDC": 1, "norm_scr": 0.78356110894700004, "oneminus": 0.21643889105299999 }, "geometry": { "type": "Polygon", "coordinates": [ [ [ 73.24595064863621, 22.569719085959903 ], [ 73.236227959942667, 22.569612661073595 ], [ 73.236113021290237, 22.578642288956022 ], [ 73.24583634278207, 22.578748761010175 ], [ 73.24595064863621, 22.569719085959903 ] ] ] } },
{ "type": "Feature", "properties": { "FeatureID": "339", "HA_Area": 100.0, "GIDC_Dista": 15001.0, "Shape_Leng": 4000.0, "Shape_Area": 1000000.0, "Norm_GIDC": 1, "norm_scr": 1.0, "oneminus": 0.0 }, "geometry": { "type": "Polygon", "coordinates": [ [ [ 73.166854403363402, 22.668172837690992 ], [ 73.166734365717332, 22.677202009778863 ], [ 73.176464251287342, 22.677313135981517 ], [ 73.17658365270772, 22.668283914835186 ], [ 73.166854403363402, 22.668172837690992 ] ] ] } },
{ "type": "Feature", "properties": { "FeatureID": "340", "HA_Area": 100.0, "GIDC_Dista": 11218.0, "Shape_Leng": 4000.0, "Shape_Area": 1000000.0, "Norm_GIDC": 1, "norm_scr": 0.747816812213, "oneminus": 0.252183187787 }, "geometry": { "type": "Polygon", "coordinates": [ [ [ 73.187851425330535, 22.551012914206687 ], [ 73.178130357118945, 22.550903061267778 ], [ 73.178011742961274, 22.55993242213242 ], [ 73.187733443223422, 22.560042323788942 ], [ 73.187851425330535, 22.551012914206687 ] ] ] } },
{ "type": "Feature", "properties": { "FeatureID": "341", "HA_Area": 100.0, "GIDC_Dista": 14630.6, "Shape_Leng": 4000.0, "Shape_Area": 1000000.0, "Norm_GIDC": 1, "norm_scr": 0.97530828673900005, "oneminus": 0.024691713261 }, "geometry": { "type": "Polygon", "coordinates": [ [ [ 73.245493075755476, 22.605837722 ], [ 73.255218355859569, 22.605943746918513 ], [ 73.255332202680549, 22.596914057026972 ], [ 73.245607556358692, 22.596808079033696 ], [ 73.245493075755476, 22.605837722 ] ] ] } },
{ "type": "Feature", "properties": { "FeatureID": "342", "HA_Area": 100.0, "GIDC_Dista": 15001.0, "Shape_Leng": 4000.0, "Shape_Area": 1000000.0, "Norm_GIDC": 1, "norm_scr": 1.0, "oneminus": 0.0 }, "geometry": { "type": "Polygon", "coordinates": [ [ [ 73.166854403363402, 22.668172837690992 ], [ 73.157125215006943, 22.668061170165867 ], [ 73.157004541153015, 22.677090292934615 ], [ 73.166734365717332, 22.677202009778863 ], [ 73.166854403363402, 22.668172837690992 ] ] ] } },
{ "type": "Feature", "properties": { "FeatureID": "343", "HA_Area": 100.0, "GIDC_Dista": 13065.0, "Shape_Leng": 4000.0, "Shape_Area": 1000000.0, "Norm_GIDC": 1, "norm_scr": 0.87094193720400004, "oneminus": 0.12905806279599999 }, "geometry": { "type": "Polygon", "coordinates": [ [ [ 73.168290103151932, 22.559821933205487 ], [ 73.158568524117371, 22.559710857023106 ], [ 73.158448584814693, 22.568740108932833 ], [ 73.168170796186516, 22.568851234359528 ], [ 73.168290103151932, 22.559821933205487 ] ] ] } },
{ "type": "Feature", "properties": { "FeatureID": "344", "HA_Area": 100.0, "GIDC_Dista": 15001.0, "Shape_Leng": 4000.0, "Shape_Area": 1000000.0, "Norm_GIDC": 1, "norm_scr": 1.0, "oneminus": 0.0 }, "geometry": { "type": "Polygon", "coordinates": [ [ [ 73.245493075755476, 22.605837722 ], [ 73.235767853935059, 22.605731108406562 ], [ 73.235652680960456, 22.614760693479539 ], [ 73.245378536868628, 22.614867354264664 ], [ 73.245493075755476, 22.605837722 ] ] ] } },
{ "type": "Feature", "properties": { "FeatureID": "345", "HA_Area": 100.0, "GIDC_Dista": 9246.09, "Shape_Leng": 4000.0, "Shape_Area": 1000000.0, "Norm_GIDC": 1, "norm_scr": 0.61636489859, "oneminus": 0.38363510141000001 }, "geometry": { "type": "Polygon", "coordinates": [ [ [ 73.33345742792838, 22.570650464738659 ], [ 73.323734226890892, 22.570549329060579 ], [ 73.323624984025713, 22.579579372079621 ], [ 73.333348818010734, 22.579680552581937 ], [ 73.33345742792838, 22.570650464738659 ] ] ] } },
{ "type": "Feature", "properties": { "FeatureID": "346", "HA_Area": 100.0, "GIDC_Dista": 14713.2, "Shape_Leng": 4000.0, "Shape_Area": 1000000.0, "Norm_GIDC": 1, "norm_scr": 0.98081462537899999, "oneminus": 0.019185374621 }, "geometry": { "type": "Polygon", "coordinates": [ [ [ 73.187379136046971, 22.587130488199229 ], [ 73.177655537700943, 22.587020440352987 ], [ 73.177536681626364, 22.596049758290384 ], [ 73.187260913311391, 22.596159854878842 ], [ 73.187379136046971, 22.587130488199229 ] ] ] } },
{ "type": "Feature", "properties": { "FeatureID": "347", "HA_Area": 100.0, "GIDC_Dista": 15001.0, "Shape_Leng": 4000.0, "Shape_Area": 1000000.0, "Norm_GIDC": 1, "norm_scr": 1.0, "oneminus": 0.0 }, "geometry": { "type": "Polygon", "coordinates": [ [ [ 73.245149284175923, 22.632926586675261 ], [ 73.235422159124383, 22.63281983148886 ], [ 73.235306810228678, 22.641849384418258 ], [ 73.24503457033606, 22.641956186814262 ], [ 73.245149284175923, 22.632926586675261 ] ] ] } },
{ "type": "Feature", "properties": { "FeatureID": "348", "HA_Area": 100.0, "GIDC_Dista": 6141.29, "Shape_Leng": 4000.0, "Shape_Area": 1000000.0, "Norm_GIDC": 0, "norm_scr": 0.40939204313499999, "oneminus": 0.59060795686500001 }, "geometry": { "type": "Polygon", "coordinates": [ [ [ 73.227197522928151, 22.515327941272652 ], [ 73.217478741456233, 22.515220627168311 ], [ 73.217362892092964, 22.524250224115573 ], [ 73.227082304397754, 22.524357585872426 ], [ 73.227197522928151, 22.515327941272652 ] ] ] } },
{ "type": "Feature", "properties": { "FeatureID": "349", "HA_Area": 100.0, "GIDC_Dista": 15001.0, "Shape_Leng": 4000.0, "Shape_Area": 1000000.0, "Norm_GIDC": 1, "norm_scr": 1.0, "oneminus": 0.0 }, "geometry": { "type": "Polygon", "coordinates": [ [ [ 73.293115696765724, 22.687630353779646 ], [ 73.283384467582621, 22.687526270492349 ], [ 73.283271951524526, 22.696555992660304 ], [ 73.293003817786683, 22.696660121889067 ], [ 73.293115696765724, 22.687630353779646 ] ] ] } },
{ "type": "Feature", "properties": { "FeatureID": "350", "HA_Area": 100.0, "GIDC_Dista": 8623.85, "Shape_Leng": 4000.0, "Shape_Area": 1000000.0, "Norm_GIDC": 1, "norm_scr": 0.57488498162599999, "oneminus": 0.42511501837400001 }, "geometry": { "type": "Polygon", "coordinates": [ [ [ 73.333999648096636, 22.525499866057121 ], [ 73.324279606965291, 22.525398954415451 ], [ 73.324170642130014, 22.534429050606285 ], [ 73.333891314598688, 22.534530007043944 ], [ 73.333999648096636, 22.525499866057121 ] ] ] } },
{ "type": "Feature", "properties": { "FeatureID": "351", "HA_Area": 100.0, "GIDC_Dista": 15001.0, "Shape_Leng": 4000.0, "Shape_Area": 1000000.0, "Norm_GIDC": 1, "norm_scr": 1.0, "oneminus": 0.0 }, "geometry": { "type": "Polygon", "coordinates": [ [ [ 73.264603708960294, 22.633138328664149 ], [ 73.25487646756217, 22.633032752405153 ], [ 73.254762388795143, 22.642062399493156 ], [ 73.264490265283058, 22.642168022440554 ], [ 73.264603708960294, 22.633138328664149 ] ] ] } },
{ "type": "Feature", "properties": { "FeatureID": "352", "HA_Area": 100.0, "GIDC_Dista": 13815.6, "Shape_Leng": 4000.0, "Shape_Area": 1000000.0, "Norm_GIDC": 1, "norm_scr": 0.92097857538700001, "oneminus": 0.079021424613000005 }, "geometry": { "type": "Polygon", "coordinates": [ [ [ 73.235998024082875, 22.587671906141324 ], [ 73.22627412804249, 22.587564798773794 ], [ 73.226158438837359, 22.596594357818283 ], [ 73.2358829683035, 22.596701512625994 ], [ 73.235998024082875, 22.587671906141324 ] ] ] } },
{ "type": "Feature", "properties": { "FeatureID": "353", "HA_Area": 100.0, "GIDC_Dista": 14331.9, "Shape_Leng": 4000.0, "Shape_Area": 1000000.0, "Norm_GIDC": 1, "norm_scr": 0.95539633295299997, "oneminus": 0.044603667047000001 }, "geometry": { "type": "Polygon", "coordinates": [ [ [ 73.342206909991503, 22.652021821228491 ], [ 73.332477945353304, 22.651920872032658 ], [ 73.332368836864177, 22.660950864000384 ], [ 73.342098437370367, 22.66105185781079 ], [ 73.342206909991503, 22.652021821228491 ] ] ] } },
{ "type": "Feature", "properties": { "FeatureID": "354", "HA_Area": 100.0, "GIDC_Dista": 15001.0, "Shape_Leng": 4000.0, "Shape_Area": 1000000.0, "Norm_GIDC": 1, "norm_scr": 1.0, "oneminus": 0.0 }, "geometry": { "type": "Polygon", "coordinates": [ [ [ 73.15784797122771, 22.613886207274433 ], [ 73.148122654540856, 22.613774246730351 ], [ 73.148001714030983, 22.622803384590583 ], [ 73.157727664970835, 22.622915394676781 ], [ 73.15784797122771, 22.613886207274433 ] ] ] } },
{ "type": "Feature", "properties": { "FeatureID": "355", "HA_Area": 100.0, "GIDC_Dista": 11803.8, "Shape_Leng": 4000.0, "Shape_Area": 1000000.0, "Norm_GIDC": 1, "norm_scr": 0.78686752914400004, "oneminus": 0.21313247085600001 }, "geometry": { "type": "Polygon", "coordinates": [ [ [ 73.304398444481933, 22.561315331239328 ], [ 73.294676043902555, 22.561212477965476 ], [ 73.294564958897368, 22.570242395607686 ], [ 73.304287992053176, 22.570345294481285 ], [ 73.304398444481933, 22.561315331239328 ] ] ] } },
{ "type": "Feature", "properties": { "FeatureID": "356", "HA_Area": 100.0, "GIDC_Dista": 9279.83, "Shape_Leng": 4000.0, "Shape_Area": 1000000.0, "Norm_GIDC": 1, "norm_scr": 0.61861409760200003, "oneminus": 0.38138590239800002 }, "geometry": { "type": "Polygon", "coordinates": [ [ [ 73.217131016060947, 22.542309385942005 ], [ 73.207410400255839, 22.542201342053229 ], [ 73.207293741771849, 22.551230858994646 ], [ 73.217014989357835, 22.551338950814191 ], [ 73.217131016060947, 22.542309385942005 ] ] ] } },
{ "type": "Feature", "properties": { "FeatureID": "357", "HA_Area": 100.0, "GIDC_Dista": 14635.5, "Shape_Leng": 4000.0, "Shape_Area": 1000000.0, "Norm_GIDC": 1, "norm_scr": 0.97563495766899999, "oneminus": 0.024365042331000002 }, "geometry": { "type": "Polygon", "coordinates": [ [ [ 73.322858724732967, 22.642789374967652 ], [ 73.313130506853312, 22.642687290706974 ], [ 73.31302018278457, 22.651717203341391 ], [ 73.322749036176646, 22.651819332732366 ], [ 73.322858724732967, 22.642789374967652 ] ] ] } },
{ "type": "Feature", "properties": { "FeatureID": "358", "HA_Area": 100.0, "GIDC_Dista": 9891.64, "Shape_Leng": 4000.0, "Shape_Area": 1000000.0, "Norm_GIDC": 1, "norm_scr": 0.65939868331700002, "oneminus": 0.34060131668299998 }, "geometry": { "type": "Polygon", "coordinates": [ [ [ 73.197689843903021, 22.542092711370167 ], [ 73.187969347324284, 22.541983493907523 ], [ 73.187851425330535, 22.551012914206687 ], [ 73.197572553655462, 22.551122180120576 ], [ 73.197689843903021, 22.542092711370167 ] ] ] } },
{ "type": "Feature", "properties": { "FeatureID": "359", "HA_Area": 100.0, "GIDC_Dista": 14901.1, "Shape_Leng": 4000.0, "Shape_Area": 1000000.0, "Norm_GIDC": 1, "norm_scr": 0.99334041793000005, "oneminus": 0.00665958207 }, "geometry": { "type": "Polygon", "coordinates": [ [ [ 73.129404154881641, 22.559374105094037 ], [ 73.119682822165444, 22.559260680041024 ], [ 73.119560353692577, 22.568289732370879 ], [ 73.129282318674299, 22.568403207709238 ], [ 73.129404154881641, 22.559374105094037 ] ] ] } },
{ "type": "Feature", "properties": { "FeatureID": "360", "HA_Area": 100.0, "GIDC_Dista": 12636.1, "Shape_Leng": 4000.0, "Shape_Area": 1000000.0, "Norm_GIDC": 1, "norm_scr": 0.84235048392599998, "oneminus": 0.15764951607399999 }, "geometry": { "type": "Polygon", "coordinates": [ [ [ 73.323187455857209, 22.61569943767411 ], [ 73.313461142577424, 22.615597488770081 ], [ 73.313350986733369, 22.624627433417864 ], [ 73.323077934556977, 22.62472942743506 ], [ 73.323187455857209, 22.61569943767411 ] ] ] } },
{ "type": "Feature", "properties": { "FeatureID": "361", "HA_Area": 100.0, "GIDC_Dista": 15001.0, "Shape_Leng": 4000.0, "Shape_Area": 1000000.0, "Norm_GIDC": 1, "norm_scr": 1.0, "oneminus": 0.0 }, "geometry": { "type": "Polygon", "coordinates": [ [ [ 73.196632077718803, 22.623357544241284 ], [ 73.186905883828729, 22.623247890497233 ], [ 73.186787420184018, 22.632277214218227 ], [ 73.196514248720575, 22.632386916468633 ], [ 73.196632077718803, 22.623357544241284 ] ] ] } },
{ "type": "Feature", "properties": { "FeatureID": "362", "HA_Area": 100.0, "GIDC_Dista": 9239.06, "Shape_Leng": 4000.0, "Shape_Area": 1000000.0, "Norm_GIDC": 1, "norm_scr": 0.61589624493799999, "oneminus": 0.38410375506200001 }, "geometry": { "type": "Polygon", "coordinates": [ [ [ 73.342964675364087, 22.588811266838125 ], [ 73.333240152760851, 22.58871062978616 ], [ 73.333131432162617, 22.597740696347881 ], [ 73.342856588374246, 22.597841377974913 ], [ 73.342964675364087, 22.588811266838125 ] ] ] } },
{ "type": "Feature", "properties": { "FeatureID": "363", "HA_Area": 100.0, "GIDC_Dista": 8422.01, "Shape_Leng": 4000.0, "Shape_Area": 1000000.0, "Norm_GIDC": 1, "norm_scr": 0.56142988904900004, "oneminus": 0.43857011095100001 }, "geometry": { "type": "Polygon", "coordinates": [ [ [ 73.342964675364087, 22.588811266838125 ], [ 73.342856588374246, 22.597841377974913 ], [ 73.35258179962787, 22.597941471047548 ], [ 73.352689252993258, 22.588911315596221 ], [ 73.342964675364087, 22.588811266838125 ] ] ] } },
{ "type": "Feature", "properties": { "FeatureID": "364", "HA_Area": 100.0, "GIDC_Dista": 13400.3, "Shape_Leng": 4000.0, "Shape_Area": 1000000.0, "Norm_GIDC": 1, "norm_scr": 0.89329376739499999, "oneminus": 0.10670623260500001 }, "geometry": { "type": "Polygon", "coordinates": [ [ [ 73.20694340943318, 22.57831934557656 ], [ 73.197220324094317, 22.578210522092991 ], [ 73.197102794576423, 22.587239947979217 ], [ 73.206826512966984, 22.587348819678116 ], [ 73.20694340943318, 22.57831934557656 ] ] ] } },
{ "type": "Feature", "properties": { "FeatureID": "365", "HA_Area": 100.0, "GIDC_Dista": 15001.0, "Shape_Leng": 4000.0, "Shape_Area": 1000000.0, "Norm_GIDC": 1, "norm_scr": 1.0, "oneminus": 0.0 }, "geometry": { "type": "Polygon", "coordinates": [ [ [ 73.225346963917502, 22.659800971051968 ], [ 73.235075936396356, 22.659908458109054 ], [ 73.235191402658387, 22.650878926626135 ], [ 73.225463065864076, 22.65077148705128 ], [ 73.225346963917502, 22.659800971051968 ] ] ] } },
{ "type": "Feature", "properties": { "FeatureID": "366", "HA_Area": 100.0, "GIDC_Dista": 15001.0, "Shape_Leng": 4000.0, "Shape_Area": 1000000.0, "Norm_GIDC": 1, "norm_scr": 1.0, "oneminus": 0.0 }, "geometry": { "type": "Polygon", "coordinates": [ [ [ 73.205654270799741, 22.677642970589677 ], [ 73.195924204151737, 22.67753361640186 ], [ 73.195806015199736, 22.686562924123375 ], [ 73.205536718449579, 22.686672326593712 ], [ 73.205654270799741, 22.677642970589677 ] ] ] } },
{ "type": "Feature", "properties": { "FeatureID": "367", "HA_Area": 100.0, "GIDC_Dista": 8641.68, "Shape_Leng": 4000.0, "Shape_Area": 1000000.0, "Norm_GIDC": 1, "norm_scr": 0.57607357426200001, "oneminus": 0.42392642573799999 }, "geometry": { "type": "Polygon", "coordinates": [ [ [ 73.333782925848965, 22.543560137408956 ], [ 73.3240616217211, 22.543459136169673 ], [ 73.323952545722392, 22.552489211102156 ], [ 73.333674481831395, 22.552590257148719 ], [ 73.333782925848965, 22.543560137408956 ] ] ] } },
{ "type": "Feature", "properties": { "FeatureID": "368", "HA_Area": 100.0, "GIDC_Dista": 5763.83, "Shape_Leng": 4000.0, "Shape_Area": 1000000.0, "Norm_GIDC": 0, "norm_scr": 0.384229723227, "oneminus": 0.615770276773 }, "geometry": { "type": "Polygon", "coordinates": [ [ [ 73.246635261822604, 22.515540811338262 ], [ 73.236916363157462, 22.51543466933412 ], [ 73.236801775477034, 22.524464361326238 ], [ 73.246521305009111, 22.52457055046256 ], [ 73.246635261822604, 22.515540811338262 ] ] ] } },
{ "type": "Feature", "properties": { "FeatureID": "369", "HA_Area": 100.0, "GIDC_Dista": 10841.8, "Shape_Leng": 4000.0, "Shape_Area": 1000000.0, "Norm_GIDC": 1, "norm_scr": 0.72273847108099998, "oneminus": 0.27726152891900002 }, "geometry": { "type": "Polygon", "coordinates": [ [ [ 73.178248910841404, 22.541873689680077 ], [ 73.168528534776186, 22.541763298702698 ], [ 73.16840934934261, 22.550792621318703 ], [ 73.178130357118945, 22.550903061267778 ], [ 73.178248910841404, 22.541873689680077 ] ] ] } },
{ "type": "Feature", "properties": { "FeatureID": "370", "HA_Area": 100.0, "GIDC_Dista": 14620.8, "Shape_Leng": 4000.0, "Shape_Area": 1000000.0, "Norm_GIDC": 1, "norm_scr": 0.97465500997900001, "oneminus": 0.025344990021000002 }, "geometry": { "type": "Polygon", "coordinates": [ [ [ 73.313240774830803, 22.633657367397973 ], [ 73.303513248215495, 22.63355473870638 ], [ 73.303402345064939, 22.642584616630138 ], [ 73.313130506853312, 22.642687290706974 ], [ 73.313240774830803, 22.633657367397973 ] ] ] } },
{ "type": "Feature", "properties": { "FeatureID": "371", "HA_Area": 100.0, "GIDC_Dista": 15001.0, "Shape_Leng": 4000.0, "Shape_Area": 1000000.0, "Norm_GIDC": 1, "norm_scr": 1.0, "oneminus": 0.0 }, "geometry": { "type": "Polygon", "coordinates": [ [ [ 73.263922180970496, 22.687316330698437 ], [ 73.254191124188239, 22.687210474220269 ], [ 73.254076696993678, 22.696240056998864 ], [ 73.263808390804542, 22.696345960200965 ], [ 73.263922180970496, 22.687316330698437 ] ] ] } },
{ "type": "Feature", "properties": { "FeatureID": "372", "HA_Area": 100.0, "GIDC_Dista": 12821.6, "Shape_Leng": 4000.0, "Shape_Area": 1000000.0, "Norm_GIDC": 1, "norm_scr": 0.85471632620299998, "oneminus": 0.145283673797 }, "geometry": { "type": "Polygon", "coordinates": [ [ [ 73.158688402323349, 22.550681594374435 ], [ 73.148967516383024, 22.550569980449982 ], [ 73.148847006179523, 22.559599193600313 ], [ 73.158568524117371, 22.559710857023106 ], [ 73.158688402323349, 22.550681594374435 ] ] ] } },
{ "type": "Feature", "properties": { "FeatureID": "373", "HA_Area": 100.0, "GIDC_Dista": 15001.0, "Shape_Leng": 4000.0, "Shape_Area": 1000000.0, "Norm_GIDC": 1, "norm_scr": 1.0, "oneminus": 0.0 }, "geometry": { "type": "Polygon", "coordinates": [ [ [ 73.255104451077457, 22.614973426114368 ], [ 73.245378536868628, 22.614867354264664 ], [ 73.245263939681109, 22.623896975824241 ], [ 73.254990488317304, 22.624003094611073 ], [ 73.255104451077457, 22.614973426114368 ] ] ] } },
{ "type": "Feature", "properties": { "FeatureID": "374", "HA_Area": 100.0, "GIDC_Dista": 15001.0, "Shape_Leng": 4000.0, "Shape_Area": 1000000.0, "Norm_GIDC": 1, "norm_scr": 1.0, "oneminus": 0.0 }, "geometry": { "type": "Polygon", "coordinates": [ [ [ 73.215851466360618, 22.641634010532883 ], [ 73.206123883245667, 22.641525439072691 ], [ 73.206006569642511, 22.650554838070093 ], [ 73.215734788084461, 22.650663457527724 ], [ 73.215851466360618, 22.641634010532883 ] ] ] } },
{ "type": "Feature", "properties": { "FeatureID": "375", "HA_Area": 100.0, "GIDC_Dista": 10099.1, "Shape_Leng": 4000.0, "Shape_Area": 1000000.0, "Norm_GIDC": 1, "norm_scr": 0.67322842539700001, "oneminus": 0.32677157460299999 }, "geometry": { "type": "Polygon", "coordinates": [ [ [ 73.275343705707257, 22.551975172772497 ], [ 73.26562210806425, 22.551870603584629 ], [ 73.265509182983678, 22.560900393537789 ], [ 73.27523141283136, 22.561005009100665 ], [ 73.275343705707257, 22.551975172772497 ] ] ] } },
{ "type": "Feature", "properties": { "FeatureID": "376", "HA_Area": 100.0, "GIDC_Dista": 15001.0, "Shape_Leng": 4000.0, "Shape_Area": 1000000.0, "Norm_GIDC": 1, "norm_scr": 1.0, "oneminus": 0.0 }, "geometry": { "type": "Polygon", "coordinates": [ [ [ 73.25487646756217, 22.633032752405153 ], [ 73.245149284175923, 22.632926586675261 ], [ 73.24503457033606, 22.641956186814262 ], [ 73.254762388795143, 22.642062399493156 ], [ 73.25487646756217, 22.633032752405153 ] ] ] } },
{ "type": "Feature", "properties": { "FeatureID": "377", "HA_Area": 100.0, "GIDC_Dista": 10404.9, "Shape_Leng": 4000.0, "Shape_Area": 1000000.0, "Norm_GIDC": 1, "norm_scr": 0.69361378512299998, "oneminus": 0.30638621487700002 }, "geometry": { "type": "Polygon", "coordinates": [ [ [ 73.275343705707257, 22.551975172772497 ], [ 73.27523141283136, 22.561005009100665 ], [ 73.284953699911668, 22.561109037247924 ], [ 73.285065360566264, 22.552079154805078 ], [ 73.275343705707257, 22.551975172772497 ] ] ] } },
{ "type": "Feature", "properties": { "FeatureID": "378", "HA_Area": 100.0, "GIDC_Dista": 15001.0, "Shape_Leng": 4000.0, "Shape_Area": 1000000.0, "Norm_GIDC": 1, "norm_scr": 1.0, "oneminus": 0.0 }, "geometry": { "type": "Polygon", "coordinates": [ [ [ 73.118947074926822, 22.613434832435061 ], [ 73.109222006279197, 22.613320516833358 ], [ 73.10909852893775, 22.622349453920609 ], [ 73.118824231766013, 22.622463820106212 ], [ 73.118947074926822, 22.613434832435061 ] ] ] } },
{ "type": "Feature", "properties": { "FeatureID": "379", "HA_Area": 100.0, "GIDC_Dista": 7587.35, "Shape_Leng": 4000.0, "Shape_Area": 1000000.0, "Norm_GIDC": 1, "norm_scr": 0.50578962053599996, "oneminus": 0.49421037946399998 }, "geometry": { "type": "Polygon", "coordinates": [ [ [ 73.333782925848965, 22.543560137408956 ], [ 73.343504285244677, 22.543660551670012 ], [ 73.343612042319137, 22.534630376763683 ], [ 73.333891314598688, 22.534530007043944 ], [ 73.333782925848965, 22.543560137408956 ] ] ] } },
{ "type": "Feature", "properties": { "FeatureID": "380", "HA_Area": 100.0, "GIDC_Dista": 15001.0, "Shape_Leng": 4000.0, "Shape_Area": 1000000.0, "Norm_GIDC": 1, "norm_scr": 1.0, "oneminus": 0.0 }, "geometry": { "type": "Polygon", "coordinates": [ [ [ 73.235075936396356, 22.659908458109054 ], [ 73.225346963917502, 22.659800971051968 ], [ 73.225230802939009, 22.668830444318203 ], [ 73.234960411425433, 22.668937978863536 ], [ 73.235075936396356, 22.659908458109054 ] ] ] } },
{ "type": "Feature", "properties": { "FeatureID": "381", "HA_Area": 100.0, "GIDC_Dista": 15001.0, "Shape_Leng": 4000.0, "Shape_Area": 1000000.0, "Norm_GIDC": 1, "norm_scr": 1.0, "oneminus": 0.0 }, "geometry": { "type": "Polygon", "coordinates": [ [ [ 73.128916437496812, 22.595490450972985 ], [ 73.119192573786151, 22.595376824740509 ], [ 73.119069855594134, 22.604405833978653 ], [ 73.128794352858833, 22.604519510521872 ], [ 73.128916437496812, 22.595490450972985 ] ] ] } },
{ "type": "Feature", "properties": { "FeatureID": "382", "HA_Area": 100.0, "GIDC_Dista": 6823.55, "Shape_Leng": 4000.0, "Shape_Area": 1000000.0, "Norm_GIDC": 0, "norm_scr": 0.45487299544600002, "oneminus": 0.54512700455399998 }, "geometry": { "type": "Polygon", "coordinates": [ [ [ 73.353546911927694, 22.516669689548813 ], [ 73.343827391694276, 22.516569995105868 ], [ 73.343719744463684, 22.525600191241143 ], [ 73.353439895744685, 22.525699929953948 ], [ 73.353546911927694, 22.516669689548813 ] ] ] } },
{ "type": "Feature", "properties": { "FeatureID": "383", "HA_Area": 100.0, "GIDC_Dista": 10448.4, "Shape_Leng": 4000.0, "Shape_Area": 1000000.0, "Norm_GIDC": 1, "norm_scr": 0.69651359180200001, "oneminus": 0.30348640819799999 }, "geometry": { "type": "Polygon", "coordinates": [ [ [ 73.159047670538683, 22.523593742029867 ], [ 73.149328678660297, 22.523482276563012 ], [ 73.149208352605555, 22.53251152192782 ], [ 73.158927975516249, 22.532623036874298 ], [ 73.159047670538683, 22.523593742029867 ] ] ] } },
{ "type": "Feature", "properties": { "FeatureID": "384", "HA_Area": 100.0, "GIDC_Dista": 15001.0, "Shape_Leng": 4000.0, "Shape_Area": 1000000.0, "Norm_GIDC": 1, "norm_scr": 1.0, "oneminus": 0.0 }, "geometry": { "type": "Polygon", "coordinates": [ [ [ 73.119560353692577, 22.568289732370879 ], [ 73.109838451113347, 22.568175669592808 ], [ 73.109715287668607, 22.577204660603069 ], [ 73.11943782281719, 22.577318773933097 ], [ 73.119560353692577, 22.568289732370879 ] ] ] } },
{ "type": "Feature", "properties": { "FeatureID": "385", "HA_Area": 100.0, "GIDC_Dista": 9465.74, "Shape_Leng": 4000.0, "Shape_Area": 1000000.0, "Norm_GIDC": 1, "norm_scr": 0.63100728180599996, "oneminus": 0.36899271819399998 }, "geometry": { "type": "Polygon", "coordinates": [ [ [ 73.314559621391439, 22.525297456329799 ], [ 73.304839691696799, 22.525195371813886 ], [ 73.304729464235379, 22.534225377631966 ], [ 73.314450025234962, 22.534327507464379 ], [ 73.314559621391439, 22.525297456329799 ] ] ] } },
{ "type": "Feature", "properties": { "FeatureID": "386", "HA_Area": 100.0, "GIDC_Dista": 10816.4, "Shape_Leng": 4000.0, "Shape_Area": 1000000.0, "Norm_GIDC": 1, "norm_scr": 0.72104528968899995, "oneminus": 0.278954710311 }, "geometry": { "type": "Polygon", "coordinates": [ [ [ 73.197572553655462, 22.551122180120576 ], [ 73.187851425330535, 22.551012914206687 ], [ 73.187733443223422, 22.560042323788942 ], [ 73.197455203616414, 22.560151638160182 ], [ 73.197572553655462, 22.551122180120576 ] ] ] } },
{ "type": "Feature", "properties": { "FeatureID": "387", "HA_Area": 100.0, "GIDC_Dista": 15001.0, "Shape_Leng": 4000.0, "Shape_Area": 1000000.0, "Norm_GIDC": 1, "norm_scr": 1.0, "oneminus": 0.0 }, "geometry": { "type": "Polygon", "coordinates": [ [ [ 73.225926883675498, 22.61465344377347 ], [ 73.216201145336413, 22.614545605160966 ], [ 73.216084644969285, 22.623575084346012 ], [ 73.225811017684421, 22.623682970677216 ], [ 73.225926883675498, 22.61465344377347 ] ] ] } },
{ "type": "Feature", "properties": { "FeatureID": "388", "HA_Area": 100.0, "GIDC_Dista": 8310.25, "Shape_Leng": 4000.0, "Shape_Area": 1000000.0, "Norm_GIDC": 1, "norm_scr": 0.55397973468399997, "oneminus": 0.44602026531599998 }, "geometry": { "type": "Polygon", "coordinates": [ [ [ 73.34318068428199, 22.570751012657389 ], [ 73.33345742792838, 22.570650464738659 ], [ 73.333348818010734, 22.579680552581937 ], [ 73.343072707327991, 22.579781145064473 ], [ 73.34318068428199, 22.570751012657389 ] ] ] } },
{ "type": "Feature", "properties": { "FeatureID": "389", "HA_Area": 100.0, "GIDC_Dista": 12298.0, "Shape_Leng": 4000.0, "Shape_Area": 1000000.0, "Norm_GIDC": 1, "norm_scr": 0.81981201253199998, "oneminus": 0.18018798746799999 }, "geometry": { "type": "Polygon", "coordinates": [ [ [ 73.284841982346521, 22.570138909030007 ], [ 73.275119062722794, 22.570034834762254 ], [ 73.275006655364948, 22.579064649753796 ], [ 73.28473020785421, 22.579168770147863 ], [ 73.284841982346521, 22.570138909030007 ] ] ] } },
{ "type": "Feature", "properties": { "FeatureID": "390", "HA_Area": 100.0, "GIDC_Dista": 15001.0, "Shape_Leng": 4000.0, "Shape_Area": 1000000.0, "Norm_GIDC": 1, "norm_scr": 1.0, "oneminus": 0.0 }, "geometry": { "type": "Polygon", "coordinates": [ [ [ 73.166974380021614, 22.659143654828341 ], [ 73.157245827549943, 22.659032036616086 ], [ 73.157125215006943, 22.668061170165867 ], [ 73.166854403363402, 22.668172837690992 ], [ 73.166974380021614, 22.659143654828341 ] ] ] } },
{ "type": "Feature", "properties": { "FeatureID": "391", "HA_Area": 100.0, "GIDC_Dista": 15001.0, "Shape_Leng": 4000.0, "Shape_Area": 1000000.0, "Norm_GIDC": 1, "norm_scr": 1.0, "oneminus": 0.0 }, "geometry": { "type": "Polygon", "coordinates": [ [ [ 73.195806015199736, 22.686562924123375 ], [ 73.1860753720036, 22.686452930705769 ], [ 73.185956486090319, 22.695482179114695 ], [ 73.195687766194027, 22.695592221081711 ], [ 73.195806015199736, 22.686562924123375 ] ] ] } },
{ "type": "Feature", "properties": { "FeatureID": "392", "HA_Area": 100.0, "GIDC_Dista": 8305.5, "Shape_Leng": 4000.0, "Shape_Area": 1000000.0, "Norm_GIDC": 1, "norm_scr": 0.55366308912700002, "oneminus": 0.44633691087299998 }, "geometry": { "type": "Polygon", "coordinates": [ [ [ 73.217246983633586, 22.533279810374637 ], [ 73.207526999287552, 22.533171814410586 ], [ 73.207410400255839, 22.542201342053229 ], [ 73.217131016060947, 22.542309385942005 ], [ 73.217246983633586, 22.533279810374637 ] ] ] } },
{ "type": "Feature", "properties": { "FeatureID": "393", "HA_Area": 100.0, "GIDC_Dista": 15001.0, "Shape_Leng": 4000.0, "Shape_Area": 1000000.0, "Norm_GIDC": 1, "norm_scr": 1.0, "oneminus": 0.0 }, "geometry": { "type": "Polygon", "coordinates": [ [ [ 73.148605801498718, 22.577657587661893 ], [ 73.138883080054342, 22.577545237477835 ], [ 73.138761752595556, 22.586574368604659 ], [ 73.148485106985646, 22.586686768566121 ], [ 73.148605801498718, 22.577657587661893 ] ] ] } },
{ "type": "Feature", "properties": { "FeatureID": "394", "HA_Area": 100.0, "GIDC_Dista": 10495.0, "Shape_Leng": 4000.0, "Shape_Area": 1000000.0, "Norm_GIDC": 1, "norm_scr": 0.69962002533199996, "oneminus": 0.30037997466799998 }, "geometry": { "type": "Polygon", "coordinates": [ [ [ 73.197572553655462, 22.551122180120576 ], [ 73.197455203616414, 22.560151638160182 ], [ 73.207177023818289, 22.560260365231333 ], [ 73.207293741771849, 22.551230858994646 ], [ 73.197572553655462, 22.551122180120576 ] ] ] } },
{ "type": "Feature", "properties": { "FeatureID": "395", "HA_Area": 100.0, "GIDC_Dista": 14716.0, "Shape_Leng": 4000.0, "Shape_Area": 1000000.0, "Norm_GIDC": 1, "norm_scr": 0.98100126658200004, "oneminus": 0.018998733418 }, "geometry": { "type": "Polygon", "coordinates": [ [ [ 73.332477945353304, 22.651920872032658 ], [ 73.322749036176646, 22.651819332732366 ], [ 73.322639291835728, 22.660849279824792 ], [ 73.332368836864177, 22.660950864000384 ], [ 73.332477945353304, 22.651920872032658 ] ] ] } },
{ "type": "Feature", "properties": { "FeatureID": "396", "HA_Area": 100.0, "GIDC_Dista": 12693.2, "Shape_Leng": 4000.0, "Shape_Area": 1000000.0, "Norm_GIDC": 1, "norm_scr": 0.84615693589200003, "oneminus": 0.153843064108 }, "geometry": { "type": "Polygon", "coordinates": [ [ [ 73.120172072394723, 22.523144363115701 ], [ 73.110453327834506, 22.523030553001821 ], [ 73.110330477829834, 22.532059597846871 ], [ 73.120049853350451, 22.532173458480859 ], [ 73.120172072394723, 22.523144363115701 ] ] ] } },
{ "type": "Feature", "properties": { "FeatureID": "397", "HA_Area": 100.0, "GIDC_Dista": 14656.0, "Shape_Leng": 4000.0, "Shape_Area": 1000000.0, "Norm_GIDC": 1, "norm_scr": 0.97700153323100003, "oneminus": 0.022998466769000001 }, "geometry": { "type": "Polygon", "coordinates": [ [ [ 73.2358829683035, 22.596701512625994 ], [ 73.226158438837359, 22.596594357818283 ], [ 73.226042690720746, 22.605623906152665 ], [ 73.235767853935059, 22.605731108406562 ], [ 73.2358829683035, 22.596701512625994 ] ] ] } },
{ "type": "Feature", "properties": { "FeatureID": "398", "HA_Area": 100.0, "GIDC_Dista": 15001.0, "Shape_Leng": 4000.0, "Shape_Area": 1000000.0, "Norm_GIDC": 1, "norm_scr": 1.0, "oneminus": 0.0 }, "geometry": { "type": "Polygon", "coordinates": [ [ [ 73.215968085316462, 22.632604552804469 ], [ 73.206241137205637, 22.632496029335641 ], [ 73.206123883245667, 22.641525439072691 ], [ 73.215851466360618, 22.641634010532883 ], [ 73.215968085316462, 22.632604552804469 ] ] ] } },
{ "type": "Feature", "properties": { "FeatureID": "399", "HA_Area": 100.0, "GIDC_Dista": 15001.0, "Shape_Leng": 4000.0, "Shape_Area": 1000000.0, "Norm_GIDC": 1, "norm_scr": 1.0, "oneminus": 0.0 }, "geometry": { "type": "Polygon", "coordinates": [ [ [ 73.2837216729624, 22.660437039747112 ], [ 73.293450992848378, 22.660540985244975 ], [ 73.293562644646443, 22.651511174342787 ], [ 73.283833960546488, 22.651407274763091 ], [ 73.2837216729624, 22.660437039747112 ] ] ] } },
{ "type": "Feature", "properties": { "FeatureID": "400", "HA_Area": 100.0, "GIDC_Dista": 15001.0, "Shape_Leng": 4000.0, "Shape_Area": 1000000.0, "Norm_GIDC": 1, "norm_scr": 1.0, "oneminus": 0.0 }, "geometry": { "type": "Polygon", "coordinates": [ [ [ 73.205536718449579, 22.686672326593712 ], [ 73.195806015199736, 22.686562924123375 ], [ 73.195687766194027, 22.695592221081711 ], [ 73.205419106368993, 22.695701671840709 ], [ 73.205536718449579, 22.686672326593712 ] ] ] } },
{ "type": "Feature", "properties": { "FeatureID": "401", "HA_Area": 100.0, "GIDC_Dista": 15001.0, "Shape_Leng": 4000.0, "Shape_Area": 1000000.0, "Norm_GIDC": 1, "norm_scr": 1.0, "oneminus": 0.0 }, "geometry": { "type": "Polygon", "coordinates": [ [ [ 73.293450992848378, 22.660540985244975 ], [ 73.2837216729624, 22.660437039747112 ], [ 73.283609328284854, 22.669466794032303 ], [ 73.293339284279952, 22.669570785454155 ], [ 73.293450992848378, 22.660540985244975 ] ] ] } },
{ "type": "Feature", "properties": { "FeatureID": "402", "HA_Area": 100.0, "GIDC_Dista": 13453.9, "Shape_Leng": 4000.0, "Shape_Area": 1000000.0, "Norm_GIDC": 1, "norm_scr": 0.896866901582, "oneminus": 0.103133098418 }, "geometry": { "type": "Polygon", "coordinates": [ [ [ 73.120049853350451, 22.532173458480859 ], [ 73.110330477829834, 22.532059597846871 ], [ 73.110207565173596, 22.54108863193203 ], [ 73.119927571976234, 22.541202543092481 ], [ 73.120049853350451, 22.532173458480859 ] ] ] } },
{ "type": "Feature", "properties": { "FeatureID": "403", "HA_Area": 100.0, "GIDC_Dista": 15001.0, "Shape_Leng": 4000.0, "Shape_Area": 1000000.0, "Norm_GIDC": 1, "norm_scr": 1.0, "oneminus": 0.0 }, "geometry": { "type": "Polygon", "coordinates": [ [ [ 73.129160420386455, 22.577432299563139 ], [ 73.11943782281719, 22.577318773933097 ], [ 73.119315229521106, 22.586347804724149 ], [ 73.12903846, 22.586461380652235 ], [ 73.129160420386455, 22.577432299563139 ] ] ] } },
{ "type": "Feature", "properties": { "FeatureID": "404", "HA_Area": 100.0, "GIDC_Dista": 13998.3, "Shape_Leng": 4000.0, "Shape_Area": 1000000.0, "Norm_GIDC": 1, "norm_scr": 0.93315777646099995, "oneminus": 0.066842223539000004 }, "geometry": { "type": "Polygon", "coordinates": [ [ [ 73.27489419074108, 22.588094454071832 ], [ 73.265170062346655, 22.587989699348835 ], [ 73.265056906946626, 22.59701944659146 ], [ 73.274781668834535, 22.597124247712884 ], [ 73.27489419074108, 22.588094454071832 ] ] ] } },
{ "type": "Feature", "properties": { "FeatureID": "405", "HA_Area": 100.0, "GIDC_Dista": 15001.0, "Shape_Leng": 4000.0, "Shape_Area": 1000000.0, "Norm_GIDC": 1, "norm_scr": 1.0, "oneminus": 0.0 }, "geometry": { "type": "Polygon", "coordinates": [ [ [ 73.215267481429805, 22.68678113810196 ], [ 73.224998303817102, 22.686889358633369 ], [ 73.225114582911303, 22.677859906846493 ], [ 73.215384397160662, 22.677751734076136 ], [ 73.215267481429805, 22.68678113810196 ] ] ] } },
{ "type": "Feature", "properties": { "FeatureID": "406", "HA_Area": 100.0, "GIDC_Dista": 12753.5, "Shape_Leng": 4000.0, "Shape_Area": 1000000.0, "Norm_GIDC": 1, "norm_scr": 0.85017665489000005, "oneminus": 0.14982334511000001 }, "geometry": { "type": "Polygon", "coordinates": [ [ [ 73.24583634278207, 22.578748761010175 ], [ 73.236113021290237, 22.578642288956022 ], [ 73.235998024082875, 22.587671906141324 ], [ 73.245721978695229, 22.587778425369272 ], [ 73.24583634278207, 22.578748761010175 ] ] ] } },
{ "type": "Feature", "properties": { "FeatureID": "407", "HA_Area": 100.0, "GIDC_Dista": 15001.0, "Shape_Leng": 4000.0, "Shape_Area": 1000000.0, "Norm_GIDC": 1, "norm_scr": 1.0, "oneminus": 0.0 }, "geometry": { "type": "Polygon", "coordinates": [ [ [ 73.157366378799935, 22.650002892288793 ], [ 73.147638523165185, 22.649890733538601 ], [ 73.14751733637128, 22.658919828298671 ], [ 73.157245827549943, 22.659032036616086 ], [ 73.157366378799935, 22.650002892288793 ] ] ] } },
{ "type": "Feature", "properties": { "FeatureID": "408", "HA_Area": 100.0, "GIDC_Dista": 8189.11, "Shape_Leng": 4000.0, "Shape_Area": 1000000.0, "Norm_GIDC": 1, "norm_scr": 0.54590426393400004, "oneminus": 0.45409573606600001 }, "geometry": { "type": "Polygon", "coordinates": [ [ [ 73.295119818203105, 22.525092700881551 ], [ 73.285400001232105, 22.52498944354668 ], [ 73.285288511209927, 22.534019357950992 ], [ 73.295008959453099, 22.534122661122865 ], [ 73.295119818203105, 22.525092700881551 ] ] ] } },
{ "type": "Feature", "properties": { "FeatureID": "409", "HA_Area": 100.0, "GIDC_Dista": 15001.0, "Shape_Leng": 4000.0, "Shape_Area": 1000000.0, "Norm_GIDC": 1, "norm_scr": 1.0, "oneminus": 0.0 }, "geometry": { "type": "Polygon", "coordinates": [ [ [ 73.118701326093472, 22.631492796988585 ], [ 73.108974988762029, 22.631378380212677 ], [ 73.108851385733701, 22.640407295706062 ], [ 73.118578357890925, 22.640521763078674 ], [ 73.118701326093472, 22.631492796988585 ] ] ] } },
{ "type": "Feature", "properties": { "FeatureID": "410", "HA_Area": 100.0, "GIDC_Dista": 5911.99, "Shape_Leng": 4000.0, "Shape_Area": 1000000.0, "Norm_GIDC": 0, "norm_scr": 0.39410640853099999, "oneminus": 0.60589359146900001 }, "geometry": { "type": "Polygon", "coordinates": [ [ [ 73.236916363157462, 22.51543466933412 ], [ 73.227197522928151, 22.515327941272652 ], [ 73.227082304397754, 22.524357585872426 ], [ 73.236801775477034, 22.524464361326238 ], [ 73.236916363157462, 22.51543466933412 ] ] ] } },
{ "type": "Feature", "properties": { "FeatureID": "411", "HA_Area": 100.0, "GIDC_Dista": 14625.4, "Shape_Leng": 4000.0, "Shape_Area": 1000000.0, "Norm_GIDC": 1, "norm_scr": 0.97496169526200005, "oneminus": 0.025038304738 }, "geometry": { "type": "Polygon", "coordinates": [ [ [ 73.245607556358692, 22.596808079033696 ], [ 73.2358829683035, 22.596701512625994 ], [ 73.235767853935059, 22.605731108406562 ], [ 73.245493075755476, 22.605837722 ], [ 73.245607556358692, 22.596808079033696 ] ] ] } },
{ "type": "Feature", "properties": { "FeatureID": "412", "HA_Area": 100.0, "GIDC_Dista": 15001.0, "Shape_Leng": 4000.0, "Shape_Area": 1000000.0, "Norm_GIDC": 1, "norm_scr": 1.0, "oneminus": 0.0 }, "geometry": { "type": "Polygon", "coordinates": [ [ [ 73.273879429399884, 22.669362212054182 ], [ 73.264149587948282, 22.669257039533946 ], [ 73.264035913346106, 22.678286690474945 ], [ 73.27376639119656, 22.678391909446507 ], [ 73.273879429399884, 22.669362212054182 ] ] ] } },
{ "type": "Feature", "properties": { "FeatureID": "413", "HA_Area": 100.0, "GIDC_Dista": 15001.0, "Shape_Leng": 4000.0, "Shape_Area": 1000000.0, "Norm_GIDC": 1, "norm_scr": 1.0, "oneminus": 0.0 }, "geometry": { "type": "Polygon", "coordinates": [ [ [ 73.118701326093472, 22.631492796988585 ], [ 73.118578357890925, 22.640521763078674 ], [ 73.128305392596417, 22.640635640928508 ], [ 73.128427725954879, 22.631606624502218 ], [ 73.118701326093472, 22.631492796988585 ] ] ] } },
{ "type": "Feature", "properties": { "FeatureID": "414", "HA_Area": 100.0, "GIDC_Dista": 15001.0, "Shape_Leng": 4000.0, "Shape_Area": 1000000.0, "Norm_GIDC": 1, "norm_scr": 1.0, "oneminus": 0.0 }, "geometry": { "type": "Polygon", "coordinates": [ [ [ 73.167931999860556, 22.586909804455392 ], [ 73.158208522848057, 22.586798580521414 ], [ 73.158088400148472, 22.595827800193245 ], [ 73.167812510464614, 22.595939073390184 ], [ 73.167931999860556, 22.586909804455392 ] ] ] } },
{ "type": "Feature", "properties": { "FeatureID": "415", "HA_Area": 100.0, "GIDC_Dista": 15001.0, "Shape_Leng": 4000.0, "Shape_Area": 1000000.0, "Norm_GIDC": 1, "norm_scr": 1.0, "oneminus": 0.0 }, "geometry": { "type": "Polygon", "coordinates": [ [ [ 73.215267481429805, 22.68678113810196 ], [ 73.205536718449579, 22.686672326593712 ], [ 73.205419106368993, 22.695701671840709 ], [ 73.215150506291863, 22.695810531376839 ], [ 73.215267481429805, 22.68678113810196 ] ] ] } },
{ "type": "Feature", "properties": { "FeatureID": "416", "HA_Area": 100.0, "GIDC_Dista": 11458.2, "Shape_Leng": 4000.0, "Shape_Area": 1000000.0, "Norm_GIDC": 1, "norm_scr": 0.76382909108099994, "oneminus": 0.236170908919 }, "geometry": { "type": "Polygon", "coordinates": [ [ [ 73.207177023818289, 22.560260365231333 ], [ 73.197455203616414, 22.560151638160182 ], [ 73.197337793768511, 22.569181085485482 ], [ 73.207060246377836, 22.569289860759802 ], [ 73.207177023818289, 22.560260365231333 ] ] ] } },
{ "type": "Feature", "properties": { "FeatureID": "417", "HA_Area": 100.0, "GIDC_Dista": 15001.0, "Shape_Leng": 4000.0, "Shape_Area": 1000000.0, "Norm_GIDC": 1, "norm_scr": 1.0, "oneminus": 0.0 }, "geometry": { "type": "Polygon", "coordinates": [ [ [ 73.1180858594157, 22.676637519445602 ], [ 73.108356344727028, 22.676522849622053 ], [ 73.108232427160132, 22.685551711069071 ], [ 73.11796257828918, 22.685666431521412 ], [ 73.1180858594157, 22.676637519445602 ] ] ] } },
{ "type": "Feature", "properties": { "FeatureID": "418", "HA_Area": 100.0, "GIDC_Dista": 10539.0, "Shape_Leng": 4000.0, "Shape_Area": 1000000.0, "Norm_GIDC": 1, "norm_scr": 0.702553163122, "oneminus": 0.297446836878 }, "geometry": { "type": "Polygon", "coordinates": [ [ [ 73.323624984025713, 22.579579372079621 ], [ 73.313901205695245, 22.579477603571238 ], [ 73.313791273921879, 22.588507590855201 ], [ 73.323515685505981, 22.588609404453948 ], [ 73.323624984025713, 22.579579372079621 ] ] ] } },
{ "type": "Feature", "properties": { "FeatureID": "419", "HA_Area": 100.0, "GIDC_Dista": 10795.0, "Shape_Leng": 4000.0, "Shape_Area": 1000000.0, "Norm_GIDC": 1, "norm_scr": 0.71961869208700002, "oneminus": 0.28038130791299998 }, "geometry": { "type": "Polygon", "coordinates": [ [ [ 73.294787072319281, 22.552182549668295 ], [ 73.285065360566264, 22.552079154805078 ], [ 73.284953699911668, 22.561109037247924 ], [ 73.294676043902555, 22.561212477965476 ], [ 73.294787072319281, 22.552182549668295 ] ] ] } },
{ "type": "Feature", "properties": { "FeatureID": "420", "HA_Area": 100.0, "GIDC_Dista": 12585.3, "Shape_Leng": 4000.0, "Shape_Area": 1000000.0, "Norm_GIDC": 1, "norm_scr": 0.83896405604199997, "oneminus": 0.161035943958 }, "geometry": { "type": "Polygon", "coordinates": [ [ [ 73.322968357520992, 22.633759406534047 ], [ 73.332695995963192, 22.633860856100789 ], [ 73.332804938116325, 22.624830832143545 ], [ 73.323077934556977, 22.62472942743506 ], [ 73.322968357520992, 22.633759406534047 ] ] ] } },
{ "type": "Feature", "properties": { "FeatureID": "421", "HA_Area": 100.0, "GIDC_Dista": 7628.95, "Shape_Leng": 4000.0, "Shape_Area": 1000000.0, "Norm_GIDC": 1, "norm_scr": 0.50856277550200002, "oneminus": 0.49143722449799998 }, "geometry": { "type": "Polygon", "coordinates": [ [ [ 73.343719744463684, 22.525600191241143 ], [ 73.333999648096636, 22.525499866057121 ], [ 73.333891314598688, 22.534530007043944 ], [ 73.343612042319137, 22.534630376763683 ], [ 73.343719744463684, 22.525600191241143 ] ] ] } },
{ "type": "Feature", "properties": { "FeatureID": "422", "HA_Area": 100.0, "GIDC_Dista": 13998.9, "Shape_Leng": 4000.0, "Shape_Area": 1000000.0, "Norm_GIDC": 1, "norm_scr": 0.93319781285400005, "oneminus": 0.066802187146000003 }, "geometry": { "type": "Polygon", "coordinates": [ [ [ 73.322968357520992, 22.633759406534047 ], [ 73.313240774830803, 22.633657367397973 ], [ 73.313130506853312, 22.642687290706974 ], [ 73.322858724732967, 22.642789374967652 ], [ 73.322968357520992, 22.633759406534047 ] ] ] } },
{ "type": "Feature", "properties": { "FeatureID": "423", "HA_Area": 100.0, "GIDC_Dista": 15001.0, "Shape_Leng": 4000.0, "Shape_Area": 1000000.0, "Norm_GIDC": 1, "norm_scr": 1.0, "oneminus": 0.0 }, "geometry": { "type": "Polygon", "coordinates": [ [ [ 73.128427725954879, 22.631606624502218 ], [ 73.128549997105992, 22.622577597290004 ], [ 73.118824231766013, 22.622463820106212 ], [ 73.118701326093472, 22.631492796988585 ], [ 73.128427725954879, 22.631606624502218 ] ] ] } },
{ "type": "Feature", "properties": { "FeatureID": "424", "HA_Area": 100.0, "GIDC_Dista": 11455.0, "Shape_Leng": 4000.0, "Shape_Area": 1000000.0, "Norm_GIDC": 1, "norm_scr": 0.76361575894900002, "oneminus": 0.236384241051 }, "geometry": { "type": "Polygon", "coordinates": [ [ [ 73.13960974812916, 22.523370224911581 ], [ 73.129890879266782, 22.523257587090733 ], [ 73.129769291201029, 22.532286732715885 ], [ 73.139488791059946, 22.532399420536624 ], [ 73.13960974812916, 22.523370224911581 ] ] ] } },
{ "type": "Feature", "properties": { "FeatureID": "425", "HA_Area": 100.0, "GIDC_Dista": 11753.5, "Shape_Leng": 4000.0, "Shape_Area": 1000000.0, "Norm_GIDC": 1, "norm_scr": 0.78351443237100005, "oneminus": 0.21648556762900001 }, "geometry": { "type": "Polygon", "coordinates": [ [ [ 73.197455203616414, 22.560151638160182 ], [ 73.187733443223422, 22.560042323788942 ], [ 73.187615400985464, 22.569071722650783 ], [ 73.197337793768511, 22.569181085485482 ], [ 73.197455203616414, 22.560151638160182 ] ] ] } },
{ "type": "Feature", "properties": { "FeatureID": "426", "HA_Area": 100.0, "GIDC_Dista": 15001.0, "Shape_Leng": 4000.0, "Shape_Area": 1000000.0, "Norm_GIDC": 1, "norm_scr": 1.0, "oneminus": 0.0 }, "geometry": { "type": "Polygon", "coordinates": [ [ [ 73.302958168155598, 22.678704021487373 ], [ 73.29322751892461, 22.678600574966858 ], [ 73.293115696765724, 22.687630353779646 ], [ 73.302846982768983, 22.687733845974993 ], [ 73.302958168155598, 22.678704021487373 ] ] ] } },
{ "type": "Feature", "properties": { "FeatureID": "427", "HA_Area": 100.0, "GIDC_Dista": 13500.4, "Shape_Leng": 4000.0, "Shape_Area": 1000000.0, "Norm_GIDC": 1, "norm_scr": 0.89996669492900006, "oneminus": 0.100033305071 }, "geometry": { "type": "Polygon", "coordinates": [ [ [ 73.342315327474196, 22.642991773985237 ], [ 73.332586998380918, 22.642890869398315 ], [ 73.332477945353304, 22.651920872032658 ], [ 73.342206909991503, 22.652021821228491 ], [ 73.342315327474196, 22.642991773985237 ] ] ] } },
{ "type": "Feature", "properties": { "FeatureID": "428", "HA_Area": 100.0, "GIDC_Dista": 15001.0, "Shape_Leng": 4000.0, "Shape_Area": 1000000.0, "Norm_GIDC": 1, "norm_scr": 1.0, "oneminus": 0.0 }, "geometry": { "type": "Polygon", "coordinates": [ [ [ 73.264149587948282, 22.669257039533946 ], [ 73.254419804253217, 22.669151276485859 ], [ 73.254305493269086, 22.678180880714777 ], [ 73.264035913346106, 22.678286690474945 ], [ 73.264149587948282, 22.669257039533946 ] ] ] } },
{ "type": "Feature", "properties": { "FeatureID": "429", "HA_Area": 100.0, "GIDC_Dista": 15001.0, "Shape_Leng": 4000.0, "Shape_Area": 1000000.0, "Norm_GIDC": 1, "norm_scr": 1.0, "oneminus": 0.0 }, "geometry": { "type": "Polygon", "coordinates": [ [ [ 73.128427725954879, 22.631606624502218 ], [ 73.128305392596417, 22.640635640928508 ], [ 73.13803248952739, 22.640748929240139 ], [ 73.13815418802362, 22.631719862738141 ], [ 73.128427725954879, 22.631606624502218 ] ] ] } },
{ "type": "Feature", "properties": { "FeatureID": "430", "HA_Area": 100.0, "GIDC_Dista": 15001.0, "Shape_Leng": 4000.0, "Shape_Area": 1000000.0, "Norm_GIDC": 1, "norm_scr": 1.0, "oneminus": 0.0 }, "geometry": { "type": "Polygon", "coordinates": [ [ [ 73.302958168155598, 22.678704021487373 ], [ 73.31268887386679, 22.678806877162721 ], [ 73.312799366307701, 22.669776996572711 ], [ 73.303069297061981, 22.669674186305627 ], [ 73.302958168155598, 22.678704021487373 ] ] ] } },
{ "type": "Feature", "properties": { "FeatureID": "431", "HA_Area": 100.0, "GIDC_Dista": 14719.5, "Shape_Leng": 4000.0, "Shape_Area": 1000000.0, "Norm_GIDC": 1, "norm_scr": 0.98123458436099997, "oneminus": 0.018765415639 }, "geometry": { "type": "Polygon", "coordinates": [ [ [ 73.226158438837359, 22.596594357818283 ], [ 73.216433968282715, 22.596486614625078 ], [ 73.216317586435125, 22.605516115252833 ], [ 73.226042690720746, 22.605623906152665 ], [ 73.226158438837359, 22.596594357818283 ] ] ] } },
{ "type": "Feature", "properties": { "FeatureID": "432", "HA_Area": 100.0, "GIDC_Dista": 8593.29, "Shape_Leng": 4000.0, "Shape_Area": 1000000.0, "Norm_GIDC": 1, "norm_scr": 0.57284781274999996, "oneminus": 0.42715218724999998 }, "geometry": { "type": "Polygon", "coordinates": [ [ [ 73.207526999287552, 22.533171814410586 ], [ 73.197807074376499, 22.533063231912461 ], [ 73.197689843903021, 22.542092711370167 ], [ 73.207410400255839, 22.542201342053229 ], [ 73.207526999287552, 22.533171814410586 ] ] ] } },
{ "type": "Feature", "properties": { "FeatureID": "433", "HA_Area": 100.0, "GIDC_Dista": 10641.2, "Shape_Leng": 4000.0, "Shape_Area": 1000000.0, "Norm_GIDC": 1, "norm_scr": 0.70936605528399999, "oneminus": 0.29063394471600001 }, "geometry": { "type": "Polygon", "coordinates": [ [ [ 73.168647659470338, 22.532733965360979 ], [ 73.158927975516249, 22.532623036874298 ], [ 73.158808219450378, 22.541652320990323 ], [ 73.168528534776186, 22.541763298702698 ], [ 73.168647659470338, 22.532733965360979 ] ] ] } },
{ "type": "Feature", "properties": { "FeatureID": "434", "HA_Area": 100.0, "GIDC_Dista": 11705.6, "Shape_Leng": 4000.0, "Shape_Area": 1000000.0, "Norm_GIDC": 1, "norm_scr": 0.78032128587299998, "oneminus": 0.21967871412699999 }, "geometry": { "type": "Polygon", "coordinates": [ [ [ 73.294676043902555, 22.561212477965476 ], [ 73.284953699911668, 22.561109037247924 ], [ 73.284841982346521, 22.570138909030007 ], [ 73.294564958897368, 22.570242395607686 ], [ 73.294676043902555, 22.561212477965476 ] ] ] } },
{ "type": "Feature", "properties": { "FeatureID": "435", "HA_Area": 100.0, "GIDC_Dista": 15001.0, "Shape_Leng": 4000.0, "Shape_Area": 1000000.0, "Norm_GIDC": 1, "norm_scr": 1.0, "oneminus": 0.0 }, "geometry": { "type": "Polygon", "coordinates": [ [ [ 73.216084644969285, 22.623575084346012 ], [ 73.20635833153986, 22.623466608862472 ], [ 73.206241137205637, 22.632496029335641 ], [ 73.215968085316462, 22.632604552804469 ], [ 73.216084644969285, 22.623575084346012 ] ] ] } },
{ "type": "Feature", "properties": { "FeatureID": "436", "HA_Area": 100.0, "GIDC_Dista": 15001.0, "Shape_Leng": 4000.0, "Shape_Area": 1000000.0, "Norm_GIDC": 1, "norm_scr": 1.0, "oneminus": 0.0 }, "geometry": { "type": "Polygon", "coordinates": [ [ [ 73.274331008047525, 22.633243315437959 ], [ 73.264603708960294, 22.633138328664149 ], [ 73.264490265283058, 22.642168022440554 ], [ 73.27421819947692, 22.642273055642139 ], [ 73.274331008047525, 22.633243315437959 ] ] ] } },
{ "type": "Feature", "properties": { "FeatureID": "437", "HA_Area": 100.0, "GIDC_Dista": 15001.0, "Shape_Leng": 4000.0, "Shape_Area": 1000000.0, "Norm_GIDC": 1, "norm_scr": 1.0, "oneminus": 0.0 }, "geometry": { "type": "Polygon", "coordinates": [ [ [ 73.2837216729624, 22.660437039747112 ], [ 73.273992410169868, 22.660332503953704 ], [ 73.273879429399884, 22.669362212054182 ], [ 73.283609328284854, 22.669466794032303 ], [ 73.2837216729624, 22.660437039747112 ] ] ] } },
{ "type": "Feature", "properties": { "FeatureID": "438", "HA_Area": 100.0, "GIDC_Dista": 10835.2, "Shape_Leng": 4000.0, "Shape_Area": 1000000.0, "Norm_GIDC": 1, "norm_scr": 0.72229852645199999, "oneminus": 0.27770147354800001 }, "geometry": { "type": "Polygon", "coordinates": [ [ [ 73.236342840057205, 22.560583022497507 ], [ 73.226620842360674, 22.560476057414601 ], [ 73.226505329787003, 22.569505648568466 ], [ 73.236227959942667, 22.569612661073595 ], [ 73.236342840057205, 22.560583022497507 ] ] ] } },
{ "type": "Feature", "properties": { "FeatureID": "439", "HA_Area": 100.0, "GIDC_Dista": 15001.0, "Shape_Leng": 4000.0, "Shape_Area": 1000000.0, "Norm_GIDC": 1, "norm_scr": 1.0, "oneminus": 0.0 }, "geometry": { "type": "Polygon", "coordinates": [ [ [ 73.137545076334078, 22.676865087381952 ], [ 73.127815436725754, 22.676751598704062 ], [ 73.127692792057928, 22.685780561147986 ], [ 73.137423068143164, 22.685894099933321 ], [ 73.137545076334078, 22.676865087381952 ] ] ] } },
{ "type": "Feature", "properties": { "FeatureID": "440", "HA_Area": 100.0, "GIDC_Dista": 7387.26, "Shape_Leng": 4000.0, "Shape_Area": 1000000.0, "Norm_GIDC": 0, "norm_scr": 0.49245115429800002, "oneminus": 0.50754884570199998 }, "geometry": { "type": "Polygon", "coordinates": [ [ [ 73.295230620430431, 22.516062729999124 ], [ 73.285511434409884, 22.515959518495485 ], [ 73.285400001232105, 22.52498944354668 ], [ 73.295119818203105, 22.525092700881551 ], [ 73.295230620430431, 22.516062729999124 ] ] ] } },
{ "type": "Feature", "properties": { "FeatureID": "441", "HA_Area": 100.0, "GIDC_Dista": 15001.0, "Shape_Leng": 4000.0, "Shape_Area": 1000000.0, "Norm_GIDC": 1, "norm_scr": 1.0, "oneminus": 0.0 }, "geometry": { "type": "Polygon", "coordinates": [ [ [ 73.31268887386679, 22.678806877162721 ], [ 73.302958168155598, 22.678704021487373 ], [ 73.302846982768983, 22.687733845974993 ], [ 73.312578325268987, 22.68783674706437 ], [ 73.31268887386679, 22.678806877162721 ] ] ] } },
{ "type": "Feature", "properties": { "FeatureID": "442", "HA_Area": 100.0, "GIDC_Dista": 15001.0, "Shape_Leng": 4000.0, "Shape_Area": 1000000.0, "Norm_GIDC": 1, "norm_scr": 1.0, "oneminus": 0.0 }, "geometry": { "type": "Polygon", "coordinates": [ [ [ 73.128672206067947, 22.613548559295388 ], [ 73.118947074926822, 22.613434832435061 ], [ 73.118824231766013, 22.622463820106212 ], [ 73.128549997105992, 22.622577597290004 ], [ 73.128672206067947, 22.613548559295388 ] ] ] } },
{ "type": "Feature", "properties": { "FeatureID": "443", "HA_Area": 100.0, "GIDC_Dista": 15001.0, "Shape_Leng": 4000.0, "Shape_Area": 1000000.0, "Norm_GIDC": 1, "norm_scr": 1.0, "oneminus": 0.0 }, "geometry": { "type": "Polygon", "coordinates": [ [ [ 73.293674239690787, 22.642481352751048 ], [ 73.283946191053801, 22.64237749908369 ], [ 73.283833960546488, 22.651407274763091 ], [ 73.293562644646443, 22.651511174342787 ], [ 73.293674239690787, 22.642481352751048 ] ] ] } },
{ "type": "Feature", "properties": { "FeatureID": "444", "HA_Area": 100.0, "GIDC_Dista": 15001.0, "Shape_Leng": 4000.0, "Shape_Area": 1000000.0, "Norm_GIDC": 1, "norm_scr": 1.0, "oneminus": 0.0 }, "geometry": { "type": "Polygon", "coordinates": [ [ [ 73.1860753720036, 22.686452930705769 ], [ 73.176344789184441, 22.686342346355808 ], [ 73.17622526638128, 22.695371545954561 ], [ 73.185956486090319, 22.695482179114695 ], [ 73.1860753720036, 22.686452930705769 ] ] ] } },
{ "type": "Feature", "properties": { "FeatureID": "445", "HA_Area": 100.0, "GIDC_Dista": 14974.6, "Shape_Leng": 4000.0, "Shape_Area": 1000000.0, "Norm_GIDC": 1, "norm_scr": 0.998240091286, "oneminus": 0.001759908714 }, "geometry": { "type": "Polygon", "coordinates": [ [ [ 73.293897259584512, 22.624421677512679 ], [ 73.284170480904791, 22.624317915652565 ], [ 73.284058364501021, 22.63334771271235 ], [ 73.293785777997954, 22.633451520473177 ], [ 73.293897259584512, 22.624421677512679 ] ] ] } },
{ "type": "Feature", "properties": { "FeatureID": "446", "HA_Area": 100.0, "GIDC_Dista": 6761.04, "Shape_Leng": 4000.0, "Shape_Area": 1000000.0, "Norm_GIDC": 0, "norm_scr": 0.45070595553999998, "oneminus": 0.54929404445999996 }, "geometry": { "type": "Polygon", "coordinates": [ [ [ 73.246521305009111, 22.52457055046256 ], [ 73.236801775477034, 22.524464361326238 ], [ 73.236687129343792, 22.533494042642122 ], [ 73.246407290064468, 22.533600278916555 ], [ 73.246521305009111, 22.52457055046256 ] ] ] } },
{ "type": "Feature", "properties": { "FeatureID": "447", "HA_Area": 100.0, "GIDC_Dista": 15001.0, "Shape_Leng": 4000.0, "Shape_Area": 1000000.0, "Norm_GIDC": 1, "norm_scr": 1.0, "oneminus": 0.0 }, "geometry": { "type": "Polygon", "coordinates": [ [ [ 73.215384397160662, 22.677751734076136 ], [ 73.205654270799741, 22.677642970589677 ], [ 73.205536718449579, 22.686672326593712 ], [ 73.215267481429805, 22.68678113810196 ], [ 73.215384397160662, 22.677751734076136 ] ] ] } },
{ "type": "Feature", "properties": { "FeatureID": "448", "HA_Area": 100.0, "GIDC_Dista": 14682.8, "Shape_Leng": 4000.0, "Shape_Area": 1000000.0, "Norm_GIDC": 1, "norm_scr": 0.97878806777500005, "oneminus": 0.021211932225000001 }, "geometry": { "type": "Polygon", "coordinates": [ [ [ 73.293897259584512, 22.624421677512679 ], [ 73.293785777997954, 22.633451520473177 ], [ 73.303513248215495, 22.63355473870638 ], [ 73.303624094968299, 22.624524850105768 ], [ 73.293897259584512, 22.624421677512679 ] ] ] } },
{ "type": "Feature", "properties": { "FeatureID": "449", "HA_Area": 100.0, "GIDC_Dista": 7247.18, "Shape_Leng": 4000.0, "Shape_Area": 1000000.0, "Norm_GIDC": 0, "norm_scr": 0.48311313751000001, "oneminus": 0.51688686249000004 }, "geometry": { "type": "Polygon", "coordinates": [ [ [ 73.275680241105505, 22.52488559982325 ], [ 73.265960538145023, 22.524781169725319 ], [ 73.265847785628182, 22.533810991674915 ], [ 73.275568119827696, 22.533915468130321 ], [ 73.275680241105505, 22.52488559982325 ] ] ] } },
{ "type": "Feature", "properties": { "FeatureID": "450", "HA_Area": 100.0, "GIDC_Dista": 12124.1, "Shape_Leng": 4000.0, "Shape_Area": 1000000.0, "Norm_GIDC": 1, "norm_scr": 0.80821942599700003, "oneminus": 0.191780574003 }, "geometry": { "type": "Polygon", "coordinates": [ [ [ 73.187733443223422, 22.560042323788942 ], [ 73.178011742961274, 22.55993242213242 ], [ 73.177893068350784, 22.568961772270505 ], [ 73.187615400985464, 22.569071722650783 ], [ 73.187733443223422, 22.560042323788942 ] ] ] } },
{ "type": "Feature", "properties": { "FeatureID": "451", "HA_Area": 100.0, "GIDC_Dista": 14831.6, "Shape_Leng": 4000.0, "Shape_Area": 1000000.0, "Norm_GIDC": 1, "norm_scr": 0.98870739346500003, "oneminus": 0.011292606535 }, "geometry": { "type": "Polygon", "coordinates": [ [ [ 73.342098437370367, 22.66105185781079 ], [ 73.332368836864177, 22.660950864000384 ], [ 73.332259672897308, 22.66998084529806 ], [ 73.341989909594659, 22.670081883728695 ], [ 73.342098437370367, 22.66105185781079 ] ] ] } },
{ "type": "Feature", "properties": { "FeatureID": "452", "HA_Area": 100.0, "GIDC_Dista": 15001.0, "Shape_Leng": 4000.0, "Shape_Area": 1000000.0, "Norm_GIDC": 1, "norm_scr": 1.0, "oneminus": 0.0 }, "geometry": { "type": "Polygon", "coordinates": [ [ [ 73.273653295543085, 22.687421596127216 ], [ 73.263922180970496, 22.687316330698437 ], [ 73.263808390804542, 22.696345960200965 ], [ 73.273540142422647, 22.696451272092869 ], [ 73.273653295543085, 22.687421596127216 ] ] ] } },
{ "type": "Feature", "properties": { "FeatureID": "453", "HA_Area": 100.0, "GIDC_Dista": 13752.9, "Shape_Leng": 4000.0, "Shape_Area": 1000000.0, "Norm_GIDC": 1, "norm_scr": 0.91679890611500003, "oneminus": 0.083201093884999994 }, "geometry": { "type": "Polygon", "coordinates": [ [ [ 73.245721978695229, 22.587778425369272 ], [ 73.235998024082875, 22.587671906141324 ], [ 73.2358829683035, 22.596701512625994 ], [ 73.245607556358692, 22.596808079033696 ], [ 73.245721978695229, 22.587778425369272 ] ] ] } },
{ "type": "Feature", "properties": { "FeatureID": "454", "HA_Area": 100.0, "GIDC_Dista": 15001.0, "Shape_Leng": 4000.0, "Shape_Area": 1000000.0, "Norm_GIDC": 1, "norm_scr": 1.0, "oneminus": 0.0 }, "geometry": { "type": "Polygon", "coordinates": [ [ [ 73.138397399380111, 22.613661697398925 ], [ 73.128672206067947, 22.613548559295388 ], [ 73.128549997105992, 22.622577597290004 ], [ 73.138275824635173, 22.622690785456573 ], [ 73.138397399380111, 22.613661697398925 ] ] ] } },
{ "type": "Feature", "properties": { "FeatureID": "455", "HA_Area": 100.0, "GIDC_Dista": 15001.0, "Shape_Leng": 4000.0, "Shape_Area": 1000000.0, "Norm_GIDC": 1, "norm_scr": 1.0, "oneminus": 0.0 }, "geometry": { "type": "Polygon", "coordinates": [ [ [ 73.322419635734875, 22.678909141978959 ], [ 73.332150453436483, 22.67901081592224 ], [ 73.332259672897308, 22.66998084529806 ], [ 73.322529491693899, 22.669879216241473 ], [ 73.322419635734875, 22.678909141978959 ] ] ] } },
{ "type": "Feature", "properties": { "FeatureID": "456", "HA_Area": 100.0, "GIDC_Dista": 14768.6, "Shape_Leng": 4000.0, "Shape_Area": 1000000.0, "Norm_GIDC": 1, "norm_scr": 0.98450767344699996, "oneminus": 0.015492326553000001 }, "geometry": { "type": "Polygon", "coordinates": [ [ [ 73.148726434557389, 22.568628396005455 ], [ 73.139004345736581, 22.568516095592525 ], [ 73.138883080054342, 22.577545237477835 ], [ 73.148605801498718, 22.577657587661893 ], [ 73.148726434557389, 22.568628396005455 ] ] ] } },
{ "type": "Feature", "properties": { "FeatureID": "457", "HA_Area": 100.0, "GIDC_Dista": 9093.06, "Shape_Leng": 4000.0, "Shape_Area": 1000000.0, "Norm_GIDC": 1, "norm_scr": 0.60616356044999997, "oneminus": 0.39383643954999997 }, "geometry": { "type": "Polygon", "coordinates": [ [ [ 73.168885726711025, 22.514675266514431 ], [ 73.159167304535444, 22.514564436460542 ], [ 73.159047670538683, 22.523593742029867 ], [ 73.168766723442744, 22.523704621297053 ], [ 73.168885726711025, 22.514675266514431 ] ] ] } },
{ "type": "Feature", "properties": { "FeatureID": "458", "HA_Area": 100.0, "GIDC_Dista": 15001.0, "Shape_Leng": 4000.0, "Shape_Area": 1000000.0, "Norm_GIDC": 1, "norm_scr": 1.0, "oneminus": 0.0 }, "geometry": { "type": "Polygon", "coordinates": [ [ [ 73.19627841086114, 22.65044562869311 ], [ 73.186550312063289, 22.650335829411574 ], [ 73.186431667552085, 22.65936512087692 ], [ 73.196160401964889, 22.659474968683245 ], [ 73.19627841086114, 22.65044562869311 ] ] ] } },
{ "type": "Feature", "properties": { "FeatureID": "459", "HA_Area": 100.0, "GIDC_Dista": 10554.6, "Shape_Leng": 4000.0, "Shape_Area": 1000000.0, "Norm_GIDC": 1, "norm_scr": 0.70359306775399999, "oneminus": 0.29640693224600001 }, "geometry": { "type": "Polygon", "coordinates": [ [ [ 73.314340373183029, 22.543357547965833 ], [ 73.304619180556671, 22.543255372811199 ], [ 73.304508840644317, 22.552285357348143 ], [ 73.314230665219355, 22.552387577830711 ], [ 73.314340373183029, 22.543357547965833 ] ] ] } },
{ "type": "Feature", "properties": { "FeatureID": "460", "HA_Area": 100.0, "GIDC_Dista": 15001.0, "Shape_Leng": 4000.0, "Shape_Area": 1000000.0, "Norm_GIDC": 1, "norm_scr": 1.0, "oneminus": 0.0 }, "geometry": { "type": "Polygon", "coordinates": [ [ [ 73.186787420184018, 22.632277214218227 ], [ 73.177060651918666, 22.632166922599286 ], [ 73.176941493051075, 22.641196186798862 ], [ 73.18666889626806, 22.641306527190853 ], [ 73.186787420184018, 22.632277214218227 ] ] ] } },
{ "type": "Feature", "properties": { "FeatureID": "461", "HA_Area": 100.0, "GIDC_Dista": 15001.0, "Shape_Leng": 4000.0, "Shape_Area": 1000000.0, "Norm_GIDC": 1, "norm_scr": 1.0, "oneminus": 0.0 }, "geometry": { "type": "Polygon", "coordinates": [ [ [ 73.16745367713213, 22.623026815700012 ], [ 73.157727664970835, 22.622915394676781 ], [ 73.15760729749249, 22.631944571315628 ], [ 73.167333944247261, 22.632056041626743 ], [ 73.16745367713213, 22.623026815700012 ] ] ] } },
{ "type": "Feature", "properties": { "FeatureID": "462", "HA_Area": 100.0, "GIDC_Dista": 15001.0, "Shape_Leng": 4000.0, "Shape_Area": 1000000.0, "Norm_GIDC": 1, "norm_scr": 1.0, "oneminus": 0.0 }, "geometry": { "type": "Polygon", "coordinates": [ [ [ 73.118209077920838, 22.667608596559916 ], [ 73.108480199349444, 22.667493977358717 ], [ 73.108356344727028, 22.676522849622053 ], [ 73.1180858594157, 22.676637519445602 ], [ 73.118209077920838, 22.667608596559916 ] ] ] } },
{ "type": "Feature", "properties": { "FeatureID": "463", "HA_Area": 100.0, "GIDC_Dista": 15001.0, "Shape_Leng": 4000.0, "Shape_Area": 1000000.0, "Norm_GIDC": 1, "norm_scr": 1.0, "oneminus": 0.0 }, "geometry": { "type": "Polygon", "coordinates": [ [ [ 73.19674984678602, 22.614328161275171 ], [ 73.187024287219828, 22.614218556031332 ], [ 73.186905883828729, 22.623247890497233 ], [ 73.196632077718803, 22.623357544241284 ], [ 73.19674984678602, 22.614328161275171 ] ] ] } },
{ "type": "Feature", "properties": { "FeatureID": "464", "HA_Area": 100.0, "GIDC_Dista": 13268.2, "Shape_Leng": 4000.0, "Shape_Area": 1000000.0, "Norm_GIDC": 1, "norm_scr": 0.88448771384000002, "oneminus": 0.11551228616000001 }, "geometry": { "type": "Polygon", "coordinates": [ [ [ 73.294453817287206, 22.579272302591455 ], [ 73.28473020785421, 22.579168770147863 ], [ 73.28461837641818, 22.588198620598039 ], [ 73.294342619055598, 22.588302198913336 ], [ 73.294453817287206, 22.579272302591455 ] ] ] } },
{ "type": "Feature", "properties": { "FeatureID": "465", "HA_Area": 100.0, "GIDC_Dista": 15001.0, "Shape_Leng": 4000.0, "Shape_Area": 1000000.0, "Norm_GIDC": 1, "norm_scr": 1.0, "oneminus": 0.0 }, "geometry": { "type": "Polygon", "coordinates": [ [ [ 73.226042690720746, 22.605623906152665 ], [ 73.216317586435125, 22.605516115252833 ], [ 73.216201145336413, 22.614545605160966 ], [ 73.225926883675498, 22.61465344377347 ], [ 73.226042690720746, 22.605623906152665 ] ] ] } },
{ "type": "Feature", "properties": { "FeatureID": "466", "HA_Area": 100.0, "GIDC_Dista": 15001.0, "Shape_Leng": 4000.0, "Shape_Area": 1000000.0, "Norm_GIDC": 1, "norm_scr": 1.0, "oneminus": 0.0 }, "geometry": { "type": "Polygon", "coordinates": [ [ [ 73.263922180970496, 22.687316330698437 ], [ 73.273653295543085, 22.687421596127216 ], [ 73.27376639119656, 22.678391909446507 ], [ 73.264035913346106, 22.678286690474945 ], [ 73.263922180970496, 22.687316330698437 ] ] ] } },
{ "type": "Feature", "properties": { "FeatureID": "467", "HA_Area": 100.0, "GIDC_Dista": 15001.0, "Shape_Leng": 4000.0, "Shape_Area": 1000000.0, "Norm_GIDC": 1, "norm_scr": 1.0, "oneminus": 0.0 }, "geometry": { "type": "Polygon", "coordinates": [ [ [ 73.322419635734875, 22.678909141978959 ], [ 73.31268887386679, 22.678806877162721 ], [ 73.312578325268987, 22.68783674706437 ], [ 73.322309723942297, 22.68793905703382 ], [ 73.322419635734875, 22.678909141978959 ] ] ] } },
{ "type": "Feature", "properties": { "FeatureID": "468", "HA_Area": 100.0, "GIDC_Dista": 13819.6, "Shape_Leng": 4000.0, "Shape_Area": 1000000.0, "Norm_GIDC": 1, "norm_scr": 0.92124522427699995, "oneminus": 0.078754775723000006 }, "geometry": { "type": "Polygon", "coordinates": [ [ [ 73.351935929768132, 22.652122180306197 ], [ 73.342206909991503, 22.652021821228491 ], [ 73.342098437370367, 22.66105185781079 ], [ 73.351828093031116, 22.661152261242325 ], [ 73.351935929768132, 22.652122180306197 ] ] ] } },
{ "type": "Feature", "properties": { "FeatureID": "469", "HA_Area": 100.0, "GIDC_Dista": 13324.4, "Shape_Leng": 4000.0, "Shape_Area": 1000000.0, "Norm_GIDC": 1, "norm_scr": 0.88823414376499998, "oneminus": 0.111765856235 }, "geometry": { "type": "Polygon", "coordinates": [ [ [ 73.332695995963192, 22.633860856100789 ], [ 73.322968357520992, 22.633759406534047 ], [ 73.322858724732967, 22.642789374967652 ], [ 73.332586998380918, 22.642890869398315 ], [ 73.332695995963192, 22.633860856100789 ] ] ] } },
{ "type": "Feature", "properties": { "FeatureID": "470", "HA_Area": 100.0, "GIDC_Dista": 13922.8, "Shape_Leng": 4000.0, "Shape_Area": 1000000.0, "Norm_GIDC": 1, "norm_scr": 0.92812477866099996, "oneminus": 0.071875221338999998 }, "geometry": { "type": "Polygon", "coordinates": [ [ [ 73.168170796186516, 22.568851234359528 ], [ 73.158448584814693, 22.568740108932833 ], [ 73.158328584397523, 22.577769350100105 ], [ 73.168051428428612, 22.577880524777331 ], [ 73.168170796186516, 22.568851234359528 ] ] ] } },
{ "type": "Feature", "properties": { "FeatureID": "471", "HA_Area": 100.0, "GIDC_Dista": 12320.7, "Shape_Leng": 4000.0, "Shape_Area": 1000000.0, "Norm_GIDC": 1, "norm_scr": 0.82132525800400003, "oneminus": 0.178674741996 }, "geometry": { "type": "Polygon", "coordinates": [ [ [ 73.313681286155344, 22.597537567485301 ], [ 73.303956297004689, 22.597435120277261 ], [ 73.303845619346447, 22.606465040887755 ], [ 73.313571242379282, 22.606567533458076 ], [ 73.313681286155344, 22.597537567485301 ] ] ] } },
{ "type": "Feature", "properties": { "FeatureID": "472", "HA_Area": 100.0, "GIDC_Dista": 8186.06, "Shape_Leng": 4000.0, "Shape_Area": 1000000.0, "Norm_GIDC": 1, "norm_scr": 0.54570095717599998, "oneminus": 0.45429904282400002 }, "geometry": { "type": "Polygon", "coordinates": [ [ [ 73.275568119827696, 22.533915468130321 ], [ 73.265847785628182, 22.533810991674915 ], [ 73.265734975606833, 22.542840802962505 ], [ 73.275455941367156, 22.542945325781226 ], [ 73.275568119827696, 22.533915468130321 ] ] ] } },
{ "type": "Feature", "properties": { "FeatureID": "473", "HA_Area": 100.0, "GIDC_Dista": 15001.0, "Shape_Leng": 4000.0, "Shape_Area": 1000000.0, "Norm_GIDC": 1, "norm_scr": 1.0, "oneminus": 0.0 }, "geometry": { "type": "Polygon", "coordinates": [ [ [ 73.206475466265729, 22.61443717765664 ], [ 73.19674984678602, 22.614328161275171 ], [ 73.196632077718803, 22.623357544241284 ], [ 73.20635833153986, 22.623466608862472 ], [ 73.206475466265729, 22.61443717765664 ] ] ] } },
{ "type": "Feature", "properties": { "FeatureID": "474", "HA_Area": 100.0, "GIDC_Dista": 14244.2, "Shape_Leng": 4000.0, "Shape_Area": 1000000.0, "Norm_GIDC": 1, "norm_scr": 0.94955004301799995, "oneminus": 0.050449956982 }, "geometry": { "type": "Polygon", "coordinates": [ [ [ 73.119927571976234, 22.541202543092481 ], [ 73.110207565173596, 22.54108863193203 ], [ 73.110084589847588, 22.550117655253757 ], [ 73.119805228253938, 22.550231616947045 ], [ 73.119927571976234, 22.541202543092481 ] ] ] } },
{ "type": "Feature", "properties": { "FeatureID": "475", "HA_Area": 100.0, "GIDC_Dista": 8781.32, "Shape_Leng": 4000.0, "Shape_Area": 1000000.0, "Norm_GIDC": 1, "norm_scr": 0.585382328678, "oneminus": 0.414617671322 }, "geometry": { "type": "Polygon", "coordinates": [ [ [ 73.314669161668689, 22.516267394565546 ], [ 73.304949862957244, 22.516165355360439 ], [ 73.304839691696799, 22.525195371813886 ], [ 73.314559621391439, 22.525297456329799 ], [ 73.314669161668689, 22.516267394565546 ] ] ] } },
{ "type": "Feature", "properties": { "FeatureID": "476", "HA_Area": 100.0, "GIDC_Dista": 12209.3, "Shape_Leng": 4000.0, "Shape_Area": 1000000.0, "Norm_GIDC": 1, "norm_scr": 0.81389906037500004, "oneminus": 0.18610093962499999 }, "geometry": { "type": "Polygon", "coordinates": [ [ [ 73.216782758491362, 22.569398048459011 ], [ 73.207060246377836, 22.569289860759802 ], [ 73.20694340943318, 22.57831934557656 ], [ 73.216666554293582, 22.57842758122468 ], [ 73.216782758491362, 22.569398048459011 ] ] ] } },
{ "type": "Feature", "properties": { "FeatureID": "477", "HA_Area": 100.0, "GIDC_Dista": 9232.7, "Shape_Leng": 4000.0, "Shape_Area": 1000000.0, "Norm_GIDC": 1, "norm_scr": 0.61547231486700005, "oneminus": 0.38452768513300001 }, "geometry": { "type": "Polygon", "coordinates": [ [ [ 73.178485837050914, 22.523814914349565 ], [ 73.168766723442744, 22.523704621297053 ], [ 73.168647659470338, 22.532733965360979 ], [ 73.178367404146215, 22.532844307372844 ], [ 73.178485837050914, 22.523814914349565 ] ] ] } },
{ "type": "Feature", "properties": { "FeatureID": "478", "HA_Area": 100.0, "GIDC_Dista": 15001.0, "Shape_Leng": 4000.0, "Shape_Area": 1000000.0, "Norm_GIDC": 1, "norm_scr": 1.0, "oneminus": 0.0 }, "geometry": { "type": "Polygon", "coordinates": [ [ [ 73.16745367713213, 22.623026815700012 ], [ 73.177179750192309, 22.623137647645159 ], [ 73.177298787889697, 22.614108361939969 ], [ 73.167573349118157, 22.613997579016001 ], [ 73.16745367713213, 22.623026815700012 ] ] ] } },
{ "type": "Feature", "properties": { "FeatureID": "479", "HA_Area": 100.0, "GIDC_Dista": 7994.39, "Shape_Leng": 4000.0, "Shape_Area": 1000000.0, "Norm_GIDC": 1, "norm_scr": 0.53292381419400003, "oneminus": 0.46707618580600002 }, "geometry": { "type": "Polygon", "coordinates": [ [ [ 73.343288606242098, 22.56172086962032 ], [ 73.33356598252989, 22.561620366259771 ], [ 73.33345742792838, 22.570650464738659 ], [ 73.34318068428199, 22.570751012657389 ], [ 73.343288606242098, 22.56172086962032 ] ] ] } },
{ "type": "Feature", "properties": { "FeatureID": "480", "HA_Area": 100.0, "GIDC_Dista": 15001.0, "Shape_Leng": 4000.0, "Shape_Area": 1000000.0, "Norm_GIDC": 1, "norm_scr": 1.0, "oneminus": 0.0 }, "geometry": { "type": "Polygon", "coordinates": [ [ [ 73.176702993463337, 22.659254682920295 ], [ 73.17658365270772, 22.668283914835186 ], [ 73.186312962716826, 22.668394401583395 ], [ 73.186431667552085, 22.65936512087692 ], [ 73.176702993463337, 22.659254682920295 ] ] ] } },
{ "type": "Feature", "properties": { "FeatureID": "481", "HA_Area": 100.0, "GIDC_Dista": 13453.4, "Shape_Leng": 4000.0, "Shape_Area": 1000000.0, "Norm_GIDC": 1, "norm_scr": 0.89683357047000001, "oneminus": 0.10316642953000001 }, "geometry": { "type": "Polygon", "coordinates": [ [ [ 73.168170796186516, 22.568851234359528 ], [ 73.168051428428612, 22.577880524777331 ], [ 73.177774333269866, 22.577991111678521 ], [ 73.177893068350784, 22.568961772270505 ], [ 73.168170796186516, 22.568851234359528 ] ] ] } },
{ "type": "Feature", "properties": { "FeatureID": "482", "HA_Area": 100.0, "GIDC_Dista": 15001.0, "Shape_Leng": 4000.0, "Shape_Area": 1000000.0, "Norm_GIDC": 1, "norm_scr": 1.0, "oneminus": 0.0 }, "geometry": { "type": "Polygon", "coordinates": [ [ [ 73.234844827728438, 22.677967488886097 ], [ 73.244575131288769, 22.678074480180356 ], [ 73.244690078637873, 22.66904492292425 ], [ 73.234960411425433, 22.668937978863536 ], [ 73.234844827728438, 22.677967488886097 ] ] ] } },
{ "type": "Feature", "properties": { "FeatureID": "483", "HA_Area": 100.0, "GIDC_Dista": 15001.0, "Shape_Leng": 4000.0, "Shape_Area": 1000000.0, "Norm_GIDC": 1, "norm_scr": 1.0, "oneminus": 0.0 }, "geometry": { "type": "Polygon", "coordinates": [ [ [ 73.312909802608175, 22.660747105297784 ], [ 73.303180369504673, 22.660644340433201 ], [ 73.303069297061981, 22.669674186305627 ], [ 73.312799366307701, 22.669776996572711 ], [ 73.312909802608175, 22.660747105297784 ] ] ] } },
{ "type": "Feature", "properties": { "FeatureID": "484", "HA_Area": 100.0, "GIDC_Dista": 15001.0, "Shape_Leng": 4000.0, "Shape_Area": 1000000.0, "Norm_GIDC": 1, "norm_scr": 1.0, "oneminus": 0.0 }, "geometry": { "type": "Polygon", "coordinates": [ [ [ 73.177179750192309, 22.623137647645159 ], [ 73.16745367713213, 22.623026815700012 ], [ 73.167333944247261, 22.632056041626743 ], [ 73.177060651918666, 22.632166922599286 ], [ 73.177179750192309, 22.623137647645159 ] ] ] } },
{ "type": "Feature", "properties": { "FeatureID": "485", "HA_Area": 100.0, "GIDC_Dista": 15001.0, "Shape_Leng": 4000.0, "Shape_Area": 1000000.0, "Norm_GIDC": 1, "norm_scr": 1.0, "oneminus": 0.0 }, "geometry": { "type": "Polygon", "coordinates": [ [ [ 73.176702993463337, 22.659254682920295 ], [ 73.176822273571887, 22.650225440240355 ], [ 73.167094295709802, 22.65011446119442 ], [ 73.166974380021614, 22.659143654828341 ], [ 73.176702993463337, 22.659254682920295 ] ] ] } },
{ "type": "Feature", "properties": { "FeatureID": "486", "HA_Area": 100.0, "GIDC_Dista": 15001.0, "Shape_Leng": 4000.0, "Shape_Area": 1000000.0, "Norm_GIDC": 1, "norm_scr": 1.0, "oneminus": 0.0 }, "geometry": { "type": "Polygon", "coordinates": [ [ [ 73.234844827728438, 22.677967488886097 ], [ 73.225114582911303, 22.677859906846493 ], [ 73.224998303817102, 22.686889358633369 ], [ 73.234729185288202, 22.68699698817327 ], [ 73.234844827728438, 22.677967488886097 ] ] ] } },
{ "type": "Feature", "properties": { "FeatureID": "487", "HA_Area": 100.0, "GIDC_Dista": 15001.0, "Shape_Leng": 4000.0, "Shape_Area": 1000000.0, "Norm_GIDC": 1, "norm_scr": 1.0, "oneminus": 0.0 }, "geometry": { "type": "Polygon", "coordinates": [ [ [ 73.341881326648291, 22.679111898978764 ], [ 73.332150453436483, 22.67901081592224 ], [ 73.332041178465474, 22.688040775869482 ], [ 73.341772688515093, 22.688141903557561 ], [ 73.341881326648291, 22.679111898978764 ] ] ] } },
{ "type": "Feature", "properties": { "FeatureID": "488", "HA_Area": 100.0, "GIDC_Dista": 15001.0, "Shape_Leng": 4000.0, "Shape_Area": 1000000.0, "Norm_GIDC": 1, "norm_scr": 1.0, "oneminus": 0.0 }, "geometry": { "type": "Polygon", "coordinates": [ [ [ 73.13803248952739, 22.640748929240139 ], [ 73.128305392596417, 22.640635640928508 ], [ 73.128182997012445, 22.649664646565348 ], [ 73.137910729128407, 22.649777984959023 ], [ 73.13803248952739, 22.640748929240139 ] ] ] } },
{ "type": "Feature", "properties": { "FeatureID": "489", "HA_Area": 100.0, "GIDC_Dista": 14940.9, "Shape_Leng": 4000.0, "Shape_Area": 1000000.0, "Norm_GIDC": 1, "norm_scr": 0.99599362646699996, "oneminus": 0.004006373533 }, "geometry": { "type": "Polygon", "coordinates": [ [ [ 73.341881326648291, 22.679111898978764 ], [ 73.351612255046916, 22.679212391134836 ], [ 73.351720201462726, 22.670182331519687 ], [ 73.341989909594659, 22.670081883728695 ], [ 73.341881326648291, 22.679111898978764 ] ] ] } },
{ "type": "Feature", "properties": { "FeatureID": "490", "HA_Area": 100.0, "GIDC_Dista": 8729.85, "Shape_Leng": 4000.0, "Shape_Area": 1000000.0, "Norm_GIDC": 1, "norm_scr": 0.58195117721300005, "oneminus": 0.41804882278700001 }, "geometry": { "type": "Polygon", "coordinates": [ [ [ 73.343072707327991, 22.579781145064473 ], [ 73.333348818010734, 22.579680552581937 ], [ 73.333240152760851, 22.58871062978616 ], [ 73.342964675364087, 22.588811266838125 ], [ 73.343072707327991, 22.579781145064473 ] ] ] } },
{ "type": "Feature", "properties": { "FeatureID": "491", "HA_Area": 100.0, "GIDC_Dista": 14028.0, "Shape_Leng": 4000.0, "Shape_Area": 1000000.0, "Norm_GIDC": 1, "norm_scr": 0.93513765749, "oneminus": 0.06486234251 }, "geometry": { "type": "Polygon", "coordinates": [ [ [ 73.139246691843468, 22.550457779560464 ], [ 73.129525929026499, 22.550344991721065 ], [ 73.129404154881641, 22.559374105094037 ], [ 73.139125549660292, 22.55948694295223 ], [ 73.139246691843468, 22.550457779560464 ] ] ] } },
{ "type": "Feature", "properties": { "FeatureID": "492", "HA_Area": 100.0, "GIDC_Dista": 15001.0, "Shape_Leng": 4000.0, "Shape_Area": 1000000.0, "Norm_GIDC": 1, "norm_scr": 1.0, "oneminus": 0.0 }, "geometry": { "type": "Polygon", "coordinates": [ [ [ 73.11796257828918, 22.685666431521412 ], [ 73.108232427160132, 22.685551711069071 ], [ 73.108108446630339, 22.694580561696267 ], [ 73.117839234522961, 22.694695332783816 ], [ 73.11796257828918, 22.685666431521412 ] ] ] } },
{ "type": "Feature", "properties": { "FeatureID": "493", "HA_Area": 100.0, "GIDC_Dista": 15001.0, "Shape_Leng": 4000.0, "Shape_Area": 1000000.0, "Norm_GIDC": 1, "norm_scr": 1.0, "oneminus": 0.0 }, "geometry": { "type": "Polygon", "coordinates": [ [ [ 73.118455327140168, 22.649550718372929 ], [ 73.108727719834391, 22.649436200397197 ], [ 73.108603991045769, 22.658465094282594 ], [ 73.118332233822898, 22.658579662867851 ], [ 73.118455327140168, 22.649550718372929 ] ] ] } },
{ "type": "Feature", "properties": { "FeatureID": "494", "HA_Area": 100.0, "GIDC_Dista": 12598.3, "Shape_Leng": 4000.0, "Shape_Area": 1000000.0, "Norm_GIDC": 1, "norm_scr": 0.83983066493500003, "oneminus": 0.160169335065 }, "geometry": { "type": "Polygon", "coordinates": [ [ [ 73.294564958897368, 22.570242395607686 ], [ 73.284841982346521, 22.570138909030007 ], [ 73.28473020785421, 22.579168770147863 ], [ 73.294453817287206, 22.579272302591455 ], [ 73.294564958897368, 22.570242395607686 ] ] ] } },
{ "type": "Feature", "properties": { "FeatureID": "495", "HA_Area": 100.0, "GIDC_Dista": 13182.2, "Shape_Leng": 4000.0, "Shape_Area": 1000000.0, "Norm_GIDC": 1, "norm_scr": 0.87875476270300001, "oneminus": 0.121245237297 }, "geometry": { "type": "Polygon", "coordinates": [ [ [ 73.216666554293582, 22.57842758122468 ], [ 73.20694340943318, 22.57831934557656 ], [ 73.206826512966984, 22.587348819678116 ], [ 73.216550290896436, 22.587457103281199 ], [ 73.216666554293582, 22.57842758122468 ] ] ] } },
{ "type": "Feature", "properties": { "FeatureID": "496", "HA_Area": 100.0, "GIDC_Dista": 14787.2, "Shape_Leng": 4000.0, "Shape_Area": 1000000.0, "Norm_GIDC": 1, "norm_scr": 0.98574762984599995, "oneminus": 0.014252370154000001 }, "geometry": { "type": "Polygon", "coordinates": [ [ [ 73.29400868446703, 22.61539182387299 ], [ 73.284282540281751, 22.61528810790778 ], [ 73.284170480904791, 22.624317915652565 ], [ 73.293897259584512, 22.624421677512679 ], [ 73.29400868446703, 22.61539182387299 ] ] ] } },
{ "type": "Feature", "properties": { "FeatureID": "497", "HA_Area": 100.0, "GIDC_Dista": 10257.9, "Shape_Leng": 4000.0, "Shape_Area": 1000000.0, "Norm_GIDC": 1, "norm_scr": 0.68381443841199996, "oneminus": 0.31618556158799999 }, "geometry": { "type": "Polygon", "coordinates": [ [ [ 73.217014989357835, 22.551338950814191 ], [ 73.207293741771849, 22.551230858994646 ], [ 73.207177023818289, 22.560260365231333 ], [ 73.216898903507044, 22.560368504987693 ], [ 73.217014989357835, 22.551338950814191 ] ] ] } },
{ "type": "Feature", "properties": { "FeatureID": "498", "HA_Area": 100.0, "GIDC_Dista": 15001.0, "Shape_Leng": 4000.0, "Shape_Area": 1000000.0, "Norm_GIDC": 1, "norm_scr": 1.0, "oneminus": 0.0 }, "geometry": { "type": "Polygon", "coordinates": [ [ [ 73.138883080054342, 22.577545237477835 ], [ 73.129160420386455, 22.577432299563139 ], [ 73.12903846, 22.586461380652235 ], [ 73.138761752595556, 22.586574368604659 ], [ 73.138883080054342, 22.577545237477835 ] ] ] } },
{ "type": "Feature", "properties": { "FeatureID": "499", "HA_Area": 100.0, "GIDC_Dista": 15001.0, "Shape_Leng": 4000.0, "Shape_Area": 1000000.0, "Norm_GIDC": 1, "norm_scr": 1.0, "oneminus": 0.0 }, "geometry": { "type": "Polygon", "coordinates": [ [ [ 73.119682822165444, 22.559260680041024 ], [ 73.109961551833592, 22.559146667808534 ], [ 73.109838451113347, 22.568175669592808 ], [ 73.119560353692577, 22.568289732370879 ], [ 73.119682822165444, 22.559260680041024 ] ] ] } },
{ "type": "Feature", "properties": { "FeatureID": "500", "HA_Area": 100.0, "GIDC_Dista": 6946.34, "Shape_Leng": 4000.0, "Shape_Area": 1000000.0, "Norm_GIDC": 0, "norm_scr": 0.46305845235300003, "oneminus": 0.53694154764699997 }, "geometry": { "type": "Polygon", "coordinates": [ [ [ 73.265960538145023, 22.524781169725319 ], [ 73.256240892672324, 22.524676153267013 ], [ 73.256127508933176, 22.533705928598923 ], [ 73.265847785628182, 22.533810991674915 ], [ 73.265960538145023, 22.524781169725319 ] ] ] } }
]
}
