{"type":"FeatureCollection","features":[{"type":"Feature","id":0,"geometry":{"type":"Polygon","coordinates":[[[73.128305392596715,22.640635640928529],[73.128182997012757,22.649664646565366],[73.118455327140481,22.649550718372947],[73.118578357891252,22.640521763078699],[73.128305392596715,22.640635640928529]]]},"properties":{"FID":0,"HA_Area":100,"B_5":0,"B_4":0,"B_3":0,"B_2":0,"B_1":0,"Norm_B1":0,"Norm_B2":0,"Norm_B3":0,"Norm_B4":0,"Norm_B5":0,"Roads_1_S_":0.818880022,"Junctions":0,"Weighted_S":0,"nor_junc":0,"Shape_Leng":4000,"Shape_Area":1000000}},{"type":"Feature","id":1,"geometry":{"type":"Polygon","coordinates":[[[73.20612388324588,22.641525439072705],[73.206006569642724,22.650554838070107],[73.196278410861368,22.650445628693127],[73.196396359774084,22.641416277953763],[73.20612388324588,22.641525439072705]]]},"properties":{"FID":1,"HA_Area":100,"B_5":0,"B_4":0,"B_3":0,"B_2":0,"B_1":0,"Norm_B1":0,"Norm_B2":0,"Norm_B3":0,"Norm_B4":0,"Norm_B5":0,"Roads_1_S_":0,"Junctions":0,"Weighted_S":0,"nor_junc":0,"Shape_Leng":4000,"Shape_Area":1000000}},{"type":"Feature","id":2,"geometry":{"type":"Polygon","coordinates":[[[73.168051428428868,22.577880524777346],[73.167931999860812,22.586909804455399],[73.158208522848312,22.586798580521425],[73.158328584397779,22.577769350100123],[73.168051428428868,22.577880524777346]]]},"properties":{"FID":2,"HA_Area":100,"B_5":0,"B_4":0,"B_3":0,"B_2":0,"B_1":0,"Norm_B1":0,"Norm_B2":0,"Norm_B3":0,"Norm_B4":0,"Norm_B5":0,"Roads_1_S_":0.222807005,"Junctions":0,"Weighted_S":0,"nor_junc":0,"Shape_Leng":4000,"Shape_Area":1000000}},{"type":"Feature","id":3,"geometry":{"type":"Polygon","coordinates":[[[73.216550290896663,22.587457103281213],[73.216433968282914,22.596486614625089],[73.206709556962139,22.596378283060993],[73.206826512967211,22.587348819678134],[73.216550290896663,22.587457103281213]]]},"properties":{"FID":3,"HA_Area":100,"B_5":0,"B_4":2855.07007,"B_3":0,"B_2":0,"B_1":0,"Norm_B1":0,"Norm_B2":0,"Norm_B3":0,"Norm_B4":0.31608984161499998,"Norm_B5":0,"Roads_1_S_":0.277898997,"Junctions":0.316089988,"Weighted_S":1.26435995,"nor_junc":0.14247336592400001,"Shape_Leng":4000,"Shape_Area":1000000}},{"type":"Feature","id":4,"geometry":{"type":"Polygon","coordinates":[[[73.149208352605825,22.53251152192783],[73.149087965186013,22.541540756557993],[73.139367772304311,22.541428605420766],[73.139488791060216,22.532399420536642],[73.149208352605825,22.53251152192783]]]},"properties":{"FID":4,"HA_Area":100,"B_5":0,"B_4":0,"B_3":0,"B_2":0,"B_1":0,"Norm_B1":0,"Norm_B2":0,"Norm_B3":0,"Norm_B4":0,"Norm_B5":0,"Roads_1_S_":0,"Junctions":0,"Weighted_S":0,"nor_junc":0,"Shape_Leng":4000,"Shape_Area":1000000}},{"type":"Feature","id":5,"geometry":{"type":"Polygon","coordinates":[[[73.245378536868799,22.614867354264668],[73.245263939681294,22.623896975824255],[73.235537449362781,22.623790267841482],[73.235652680960641,22.61476069347956],[73.245378536868799,22.614867354264668]]]},"properties":{"FID":5,"HA_Area":100,"B_5":0,"B_4":0,"B_3":0,"B_2":0,"B_1":0,"Norm_B1":0,"Norm_B2":0,"Norm_B3":0,"Norm_B4":0,"Norm_B5":0,"Roads_1_S_":0.706943989,"Junctions":0,"Weighted_S":0,"nor_junc":0,"Shape_Leng":4000,"Shape_Area":1000000}},{"type":"Feature","id":6,"geometry":{"type":"Polygon","coordinates":[[[73.313020182784712,22.651717203341395],[73.312909802608317,22.660747105297791],[73.303180369504815,22.660644340433208],[73.303291385500302,22.651614483873562],[73.313020182784712,22.651717203341395]]]},"properties":{"FID":6,"HA_Area":100,"B_5":0,"B_4":0,"B_3":0,"B_2":1954.85999,"B_1":0,"Norm_B1":0,"Norm_B2":0.023360649273500001,"Norm_B3":0,"Norm_B4":0,"Norm_B5":0,"Roads_1_S_":0.385264009,"Junctions":0.0233606007,"Weighted_S":0.0467212982,"nor_junc":0.0052647512413700002,"Shape_Leng":4000,"Shape_Area":1000000}},{"type":"Feature","id":7,"geometry":{"type":"Polygon","coordinates":[[[73.26528316014182,22.578959941423374],[73.265170062346826,22.587989699348846],[73.255445991557437,22.587884356443237],[73.255559722506788,22.578854645170747],[73.26528316014182,22.578959941423374]]]},"properties":{"FID":7,"HA_Area":100,"B_5":0,"B_4":3908.97998,"B_3":0,"B_2":0,"B_1":0,"Norm_B1":0,"Norm_B2":0,"Norm_B3":0,"Norm_B4":0.0230451832106,"Norm_B5":0,"Roads_1_S_":0.351534009,"Junctions":0.0230452009,"Weighted_S":0.0921806991,"nor_junc":0.010387306609,"Shape_Leng":4000,"Shape_Area":1000000}},{"type":"Feature","id":8,"geometry":{"type":"Polygon","coordinates":[[[73.226620842360873,22.560476057414608],[73.226736296091673,22.55144645556458],[73.236457661651073,22.551553373231251],[73.236342840057389,22.560583022497514],[73.226620842360873,22.560476057414608]]]},"properties":{"FID":8,"HA_Area":100,"B_5":0,"B_4":1478.82996,"B_3":0,"B_2":1179.17004,"B_1":0,"Norm_B1":0,"Norm_B2":0.48930597816999999,"Norm_B3":0,"Norm_B4":0.69875994364000005,"Norm_B5":0,"Roads_1_S_":0.958258986,"Junctions":1.18807006,"Weighted_S":3.77364993,"nor_junc":0.42523065290700002,"Shape_Leng":4000,"Shape_Area":1000000}},{"type":"Feature","id":9,"geometry":{"type":"Polygon","coordinates":[[[73.207410400256052,22.542201342053243],[73.207293741772062,22.551230858994657],[73.197572553655675,22.551122180120586],[73.197689843903234,22.542092711370181],[73.207410400256052,22.542201342053243]]]},"properties":{"FID":9,"HA_Area":100,"B_5":0,"B_4":1789.01001,"B_3":0,"B_2":1888.70996,"B_1":0,"Norm_B1":0,"Norm_B2":0.063095978090900007,"Norm_B3":0,"Norm_B4":0.61251290597600005,"Norm_B5":0,"Roads_1_S_":0.989826024,"Junctions":0.675608993,"Weighted_S":2.57624006,"nor_junc":0.290301502248,"Shape_Leng":4000,"Shape_Area":1000000}},{"type":"Feature","id":10,"geometry":{"type":"Polygon","coordinates":[[[73.156883805970494,22.686119404918852],[73.156763009440908,22.695148506115054],[73.147031972856055,22.695036099465888],[73.147153406221946,22.686007047862063],[73.156883805970494,22.686119404918852]]]},"properties":{"FID":10,"HA_Area":100,"B_5":0,"B_4":0,"B_3":0,"B_2":0,"B_1":0,"Norm_B1":0,"Norm_B2":0,"Norm_B3":0,"Norm_B4":0,"Norm_B5":0,"Roads_1_S_":0,"Junctions":0,"Weighted_S":0,"nor_junc":0,"Shape_Leng":4000,"Shape_Area":1000000}},{"type":"Feature","id":11,"geometry":{"type":"Polygon","coordinates":[[[73.197924245093489,22.524033741750969],[73.198041356070917,22.515004240889159],[73.207760019063457,22.515112727035614],[73.207643538884469,22.524142276070226],[73.197924245093489,22.524033741750969]]]},"properties":{"FID":11,"HA_Area":100,"B_5":0,"B_4":3484.12988,"B_3":0,"B_2":0,"B_1":0,"Norm_B1":0,"Norm_B2":0,"Norm_B3":0,"Norm_B4":0.14117677141400001,"Norm_B5":0,"Roads_1_S_":0.908972979,"Junctions":0.141176999,"Weighted_S":0.564706981,"nor_junc":0.063633543837699993,"Shape_Leng":4000,"Shape_Area":1000000}},{"type":"Feature","id":12,"geometry":{"type":"Polygon","coordinates":[[[73.226620842360873,22.560476057414608],[73.226505329787187,22.56950564856848],[73.216782758491561,22.569398048459028],[73.216898903507243,22.5603685049877],[73.226620842360873,22.560476057414608]]]},"properties":{"FID":12,"HA_Area":100,"B_5":0,"B_4":475.855011,"B_3":0,"B_2":634.171021,"B_1":0,"Norm_B1":0,"Norm_B2":0.81667872811700004,"Norm_B3":0,"Norm_B4":0.97764189245599997,"Norm_B5":0,"Roads_1_S_":1.48037004,"Junctions":1.79431999,"Weighted_S":5.54392004,"nor_junc":0.62471209080500001,"Shape_Leng":4000,"Shape_Area":1000000}},{"type":"Feature","id":13,"geometry":{"type":"Polygon","coordinates":[[[73.342748446342554,22.60687147847138],[73.342640249252696,22.61590156832408],[73.332913824856618,22.615800797530021],[73.333022656200001,22.606770752263657],[73.342748446342554,22.60687147847138]]]},"properties":{"FID":13,"HA_Area":100,"B_5":0,"B_4":0,"B_3":0,"B_2":0,"B_1":0,"Norm_B1":0,"Norm_B2":0,"Norm_B3":0,"Norm_B4":0,"Norm_B5":0,"Roads_1_S_":0.246701002,"Junctions":0,"Weighted_S":0,"nor_junc":0,"Shape_Leng":4000,"Shape_Area":1000000}},{"type":"Feature","id":14,"geometry":{"type":"Polygon","coordinates":[[[73.342423689834661,22.633961716084446],[73.34231532747431,22.642991773985241],[73.332586998381032,22.642890869398325],[73.33269599596332,22.633860856100796],[73.342423689834661,22.633961716084446]]]},"properties":{"FID":14,"HA_Area":100,"B_5":0,"B_4":0,"B_3":0,"B_2":0,"B_1":0,"Norm_B1":0,"Norm_B2":0,"Norm_B3":0,"Norm_B4":0,"Norm_B5":0,"Roads_1_S_":0.488420993,"Junctions":0,"Weighted_S":0,"nor_junc":0,"Shape_Leng":4000,"Shape_Area":1000000}},{"type":"Feature","id":15,"geometry":{"type":"Polygon","coordinates":[[[73.197924245093489,22.524033741750969],[73.197807074376712,22.533063231912479],[73.188087209222374,22.532954062894966],[73.188205011041859,22.523924621172501],[73.197924245093489,22.524033741750969]]]},"properties":{"FID":15,"HA_Area":100,"B_5":0,"B_4":3424,"B_3":0,"B_2":0,"B_1":0,"Norm_B1":0,"Norm_B2":0,"Norm_B3":0,"Norm_B4":0.157896171019,"Norm_B5":0,"Roads_1_S_":0.362756014,"Junctions":0.157895997,"Weighted_S":0.631585002,"nor_junc":0.071169638852999997,"Shape_Leng":4000,"Shape_Area":1000000}},{"type":"Feature","id":16,"geometry":{"type":"Polygon","coordinates":[[[73.314011081491884,22.570447605636879],[73.313901205695387,22.579477603571249],[73.304177483341789,22.579375247070573],[73.304287992053304,22.570345294481296],[73.314011081491884,22.570447605636879]]]},"properties":{"FID":16,"HA_Area":100,"B_5":0,"B_4":0,"B_3":0,"B_2":0,"B_1":614.643005,"Norm_B1":0.65360918806599999,"Norm_B2":0,"Norm_B3":0,"Norm_B4":0,"Norm_B5":0,"Roads_1_S_":0.907773018,"Junctions":0.653608978,"Weighted_S":0.653608978,"nor_junc":0.073651392540100002,"Shape_Leng":4000,"Shape_Area":1000000}},{"type":"Feature","id":17,"geometry":{"type":"Polygon","coordinates":[[[73.314450025235104,22.534327507464386],[73.314340373183157,22.543357547965844],[73.304619180556813,22.54325537281121],[73.304729464235521,22.534225377631977],[73.314450025235104,22.534327507464386]]]},"properties":{"FID":17,"HA_Area":100,"B_5":0,"B_4":3451.5,"B_3":0,"B_2":765.213989,"B_1":0,"Norm_B1":0,"Norm_B2":0.73796317965500002,"Norm_B3":0,"Norm_B4":0.15024966536100001,"Norm_B5":0,"Roads_1_S_":1.68276,"Junctions":0.888212979,"Weighted_S":2.07693005,"nor_junc":0.234037161819,"Shape_Leng":4000,"Shape_Area":1000000}},{"type":"Feature","id":18,"geometry":{"type":"Polygon","coordinates":[[[73.35182809303123,22.661152261242336],[73.35172020146284,22.670182331519694],[73.341989909594787,22.670081883728695],[73.342098437370481,22.661051857810794],[73.35182809303123,22.661152261242336]]]},"properties":{"FID":18,"HA_Area":100,"B_5":0,"B_4":0,"B_3":0,"B_2":0,"B_1":882.973022,"Norm_B1":0.19235181859,"Norm_B2":0,"Norm_B3":0,"Norm_B4":0,"Norm_B5":0,"Roads_1_S_":0.756389022,"Junctions":0.192351997,"Weighted_S":0.192351997,"nor_junc":0.021675027288100002,"Shape_Leng":4000,"Shape_Area":1000000}},{"type":"Feature","id":19,"geometry":{"type":"Polygon","coordinates":[[[73.324388516243218,22.516368847600628],[73.324279606965419,22.525398954415461],[73.314559621391567,22.525297456329806],[73.314669161668817,22.516267394565553],[73.324388516243218,22.516368847600628]]]},"properties":{"FID":19,"HA_Area":100,"B_5":0,"B_4":3884.44995,"B_3":0,"B_2":0,"B_1":0,"Norm_B1":0,"Norm_B2":0,"Norm_B3":0,"Norm_B4":0.029865874403800001,"Norm_B5":0,"Roads_1_S_":0.768103004,"Junctions":0.0298659001,"Weighted_S":0.119462997,"nor_junc":0.013461589978800001,"Shape_Leng":4000,"Shape_Area":1000000}},{"type":"Feature","id":20,"geometry":{"type":"Polygon","coordinates":[[[73.234960411425618,22.668937978863546],[73.234844827728622,22.677967488886104],[73.225114582911502,22.677859906846507],[73.225230802939208,22.668830444318214],[73.234960411425618,22.668937978863546]]]},"properties":{"FID":20,"HA_Area":100,"B_5":0,"B_4":0,"B_3":0,"B_2":0,"B_1":0,"Norm_B1":0,"Norm_B2":0,"Norm_B3":0,"Norm_B4":0,"Norm_B5":0,"Roads_1_S_":0,"Junctions":0,"Weighted_S":0,"nor_junc":0,"Shape_Leng":4000,"Shape_Area":1000000}},{"type":"Feature","id":21,"geometry":{"type":"Polygon","coordinates":[[[73.147638523165455,22.649890733538612],[73.14751733637155,22.658919828298689],[73.137788906808865,22.65880702989131],[73.137910729128691,22.649777984959037],[73.147638523165455,22.649890733538612]]]},"properties":{"FID":21,"HA_Area":100,"B_5":0,"B_4":0,"B_3":0,"B_2":0,"B_1":0,"Norm_B1":0,"Norm_B2":0,"Norm_B3":0,"Norm_B4":0,"Norm_B5":0,"Roads_1_S_":0.0931598023,"Junctions":0,"Weighted_S":0,"nor_junc":0,"Shape_Leng":4000,"Shape_Area":1000000}},{"type":"Feature","id":22,"geometry":{"type":"Polygon","coordinates":[[[73.343504285244791,22.543660551670026],[73.343396473224445,22.552690715956718],[73.333674481831522,22.552590257148726],[73.333782925849079,22.543560137408967],[73.343504285244791,22.543660551670026]]]},"properties":{"FID":22,"HA_Area":100,"B_5":0,"B_4":0,"B_3":0,"B_2":0,"B_1":0,"Norm_B1":0,"Norm_B2":0,"Norm_B3":0,"Norm_B4":0,"Norm_B5":0,"Roads_1_S_":0.955739021,"Junctions":0,"Weighted_S":0,"nor_junc":0,"Shape_Leng":4000,"Shape_Area":1000000}},{"type":"Feature","id":23,"geometry":{"type":"Polygon","coordinates":[[[73.303069297062137,22.669674186305631],[73.30295816815574,22.678704021487377],[73.293227518924766,22.678600574966861],[73.293339284280108,22.669570785454162],[73.303069297062137,22.669674186305631]]]},"properties":{"FID":23,"HA_Area":100,"B_5":0,"B_4":0,"B_3":0,"B_2":1014.96002,"B_1":0,"Norm_B1":0,"Norm_B2":0.5879444787,"Norm_B3":0,"Norm_B4":0,"Norm_B5":0,"Roads_1_S_":1.59116006,"Junctions":0.587944984,"Weighted_S":1.17588997,"nor_junc":0.13250419841800001,"Shape_Leng":4000,"Shape_Area":1000000}},{"type":"Feature","id":24,"geometry":{"type":"Polygon","coordinates":[[[73.254534057157798,22.660121661536976],[73.254419804253388,22.669151276485863],[73.244690078638044,22.669044922924261],[73.244804967584258,22.660015354942225],[73.254534057157798,22.660121661536976]]]},"properties":{"FID":24,"HA_Area":100,"B_5":0,"B_4":0,"B_3":0,"B_2":0,"B_1":0,"Norm_B1":0,"Norm_B2":0,"Norm_B3":0,"Norm_B4":0,"Norm_B5":0,"Roads_1_S_":0.126754999,"Junctions":0,"Weighted_S":0,"nor_junc":0,"Shape_Leng":4000,"Shape_Area":1000000}},{"type":"Feature","id":25,"geometry":{"type":"Polygon","coordinates":[[[73.246293216971949,22.542629996696778],[73.246179085714289,22.551659703799732],[73.236457661651073,22.551553373231251],[73.236572424740928,22.542523713278289],[73.246293216971949,22.542629996696778]]]},"properties":{"FID":25,"HA_Area":100,"B_5":0,"B_4":2253.86011,"B_3":0,"B_2":1859,"B_1":0,"Norm_B1":0,"Norm_B2":0.080942306606499995,"Norm_B3":0,"Norm_B4":0.48325912772500002,"Norm_B5":0,"Roads_1_S_":0.592583001,"Junctions":0.564200997,"Weighted_S":2.09491992,"nor_junc":0.23606433602900001,"Shape_Leng":4000,"Shape_Area":1000000}},{"type":"Feature","id":26,"geometry":{"type":"Polygon","coordinates":[[[73.205889196378976,22.659584226324398],[73.205771763437212,22.668613603832089],[73.196042333067837,22.66850429792067],[73.196160401965116,22.659474968683252],[73.205889196378976,22.659584226324398]]]},"properties":{"FID":26,"HA_Area":100,"B_5":0,"B_4":0,"B_3":0,"B_2":0,"B_1":0,"Norm_B1":0,"Norm_B2":0,"Norm_B3":0,"Norm_B4":0,"Norm_B5":0,"Roads_1_S_":0,"Junctions":0,"Weighted_S":0,"nor_junc":0,"Shape_Leng":4000,"Shape_Area":1000000}},{"type":"Feature","id":27,"geometry":{"type":"Polygon","coordinates":[[[73.265056906946796,22.597019446591471],[73.264943693924963,22.606049183147785],[73.255218355859739,22.605943746918527],[73.255332202680719,22.596914057026986],[73.265056906946796,22.597019446591471]]]},"properties":{"FID":27,"HA_Area":100,"B_5":0,"B_4":0,"B_3":0,"B_2":0,"B_1":0,"Norm_B1":0,"Norm_B2":0,"Norm_B3":0,"Norm_B4":0,"Norm_B5":0,"Roads_1_S_":0.252896011,"Junctions":0,"Weighted_S":0,"nor_junc":0,"Shape_Leng":4000,"Shape_Area":1000000}},{"type":"Feature","id":28,"geometry":{"type":"Polygon","coordinates":[[[73.284394542648712,22.606258289481474],[73.284282540281907,22.615288107907791],[73.274556453106797,22.615183802950185],[73.274669089628787,22.606154030673501],[73.284394542648712,22.606258289481474]]]},"properties":{"FID":28,"HA_Area":100,"B_5":0,"B_4":0,"B_3":0,"B_2":0,"B_1":0,"Norm_B1":0,"Norm_B2":0,"Norm_B3":0,"Norm_B4":0,"Norm_B5":0,"Roads_1_S_":0.170185998,"Junctions":0,"Weighted_S":0,"nor_junc":0,"Shape_Leng":4000,"Shape_Area":1000000}},{"type":"Feature","id":29,"geometry":{"type":"Polygon","coordinates":[[[73.304949862957372,22.516165355360449],[73.304839691696941,22.525195371813897],[73.295119818203261,22.525092700881565],[73.295230620430587,22.516062729999135],[73.304949862957372,22.516165355360449]]]},"properties":{"FID":29,"HA_Area":100,"B_5":0,"B_4":3117.37012,"B_3":0,"B_2":0,"B_1":0,"Norm_B1":0,"Norm_B2":0,"Norm_B3":0,"Norm_B4":0.243156066797,"Norm_B5":0,"Roads_1_S_":0.323285013,"Junctions":0.243156001,"Weighted_S":0.972624004,"nor_junc":0.109599339571,"Shape_Leng":4000,"Shape_Area":1000000}},{"type":"Feature","id":30,"geometry":{"type":"Polygon","coordinates":[[[73.246179085714289,22.551659703799732],[73.246064896274746,22.560689400221936],[73.236342840057389,22.560583022497514],[73.236457661651073,22.551553373231251],[73.246179085714289,22.551659703799732]]]},"properties":{"FID":30,"HA_Area":100,"B_5":0,"B_4":2337.90991,"B_3":0,"B_2":1233.18005,"B_1":0,"Norm_B1":0,"Norm_B2":0.45686297430900003,"Norm_B3":0,"Norm_B4":0.45988868019399998,"Norm_B5":0,"Roads_1_S_":0.787630022,"Junctions":0.916751981,"Weighted_S":2.75327992,"nor_junc":0.31025109411500001,"Shape_Leng":4000,"Shape_Area":1000000}},{"type":"Feature","id":31,"geometry":{"type":"Polygon","coordinates":[[[73.158808219450634,22.541652320990341],[73.158688402323605,22.550681594374446],[73.148967516383294,22.55056998045],[73.149087965186013,22.541540756557993],[73.158808219450634,22.541652320990341]]]},"properties":{"FID":31,"HA_Area":100,"B_5":0,"B_4":0,"B_3":0,"B_2":0,"B_1":0,"Norm_B1":0,"Norm_B2":0,"Norm_B3":0,"Norm_B4":0,"Norm_B5":0,"Roads_1_S_":0,"Junctions":0,"Weighted_S":0,"nor_junc":0,"Shape_Leng":4000,"Shape_Area":1000000}},{"type":"Feature","id":32,"geometry":{"type":"Polygon","coordinates":[[[73.29434261905574,22.588302198913347],[73.294231364186174,22.597332084569874],[73.284506488021989,22.597228460377067],[73.284618376418322,22.588198620598046],[73.29434261905574,22.588302198913347]]]},"properties":{"FID":32,"HA_Area":100,"B_5":0,"B_4":0,"B_3":0,"B_2":0,"B_1":0,"Norm_B1":0,"Norm_B2":0,"Norm_B3":0,"Norm_B4":0,"Norm_B5":0,"Roads_1_S_":0.691106975,"Junctions":0,"Weighted_S":0,"nor_junc":0,"Shape_Leng":4000,"Shape_Area":1000000}},{"type":"Feature","id":33,"geometry":{"type":"Polygon","coordinates":[[[73.313461142577552,22.615597488770085],[73.313350986733511,22.624627433417867],[73.303624094968441,22.624524850105779],[73.303734885339935,22.615494950831749],[73.313461142577552,22.615597488770085]]]},"properties":{"FID":33,"HA_Area":100,"B_5":0,"B_4":0,"B_3":0,"B_2":0,"B_1":907.375,"Norm_B1":0.15040499470599999,"Norm_B2":0,"Norm_B3":0,"Norm_B4":0,"Norm_B5":0,"Roads_1_S_":0.134804994,"Junctions":0.150405005,"Weighted_S":0.150405005,"nor_junc":0.0169482648061,"Shape_Leng":4000,"Shape_Area":1000000}},{"type":"Feature","id":34,"geometry":{"type":"Polygon","coordinates":[[[73.236572424740928,22.542523713278289],[73.236687129343977,22.533494042642133],[73.246407290064639,22.533600278916566],[73.246293216971949,22.542629996696778],[73.236572424740928,22.542523713278289]]]},"properties":{"FID":34,"HA_Area":100,"B_5":0,"B_4":2471.67993,"B_3":0,"B_2":0,"B_1":0,"Norm_B1":0,"Norm_B2":0,"Norm_B3":0,"Norm_B4":0.42269329069400002,"Norm_B5":0,"Roads_1_S_":0.873031974,"Junctions":0.422693014,"Weighted_S":1.69077003,"nor_junc":0.190523036566,"Shape_Leng":4000,"Shape_Area":1000000}},{"type":"Feature","id":35,"geometry":{"type":"Polygon","coordinates":[[[73.178130357119187,22.550903061267785],[73.178011742961516,22.55993242213243],[73.168290103152188,22.559821933205502],[73.168409349342866,22.55079262131872],[73.178130357119187,22.550903061267785]]]},"properties":{"FID":35,"HA_Area":100,"B_5":0,"B_4":0,"B_3":0,"B_2":0,"B_1":0,"Norm_B1":0,"Norm_B2":0,"Norm_B3":0,"Norm_B4":0,"Norm_B5":0,"Roads_1_S_":0,"Junctions":0,"Weighted_S":0,"nor_junc":0,"Shape_Leng":4000,"Shape_Area":1000000}},{"type":"Feature","id":36,"geometry":{"type":"Polygon","coordinates":[[[73.157486868775081,22.64097373718749],[73.157366378800205,22.650002892288807],[73.147638523165455,22.649890733538612],[73.147759648361387,22.640861627998241],[73.157486868775081,22.64097373718749]]]},"properties":{"FID":36,"HA_Area":100,"B_5":0,"B_4":0,"B_3":0,"B_2":0,"B_1":0,"Norm_B1":0,"Norm_B2":0,"Norm_B3":0,"Norm_B4":0,"Norm_B5":0,"Roads_1_S_":0,"Junctions":0,"Weighted_S":0,"nor_junc":0,"Shape_Leng":4000,"Shape_Area":1000000}},{"type":"Feature","id":37,"geometry":{"type":"Polygon","coordinates":[[[73.332586998381032,22.642890869398325],[73.332477945353432,22.651920872032665],[73.322749036176774,22.651819332732373],[73.322858724733095,22.642789374967656],[73.332586998381032,22.642890869398325]]]},"properties":{"FID":37,"HA_Area":100,"B_5":0,"B_4":0,"B_3":0,"B_2":0,"B_1":0,"Norm_B1":0,"Norm_B2":0,"Norm_B3":0,"Norm_B4":0,"Norm_B5":0,"Roads_1_S_":0.838012993,"Junctions":0,"Weighted_S":0,"nor_junc":0,"Shape_Leng":4000,"Shape_Area":1000000}},{"type":"Feature","id":38,"geometry":{"type":"Polygon","coordinates":[[[73.274105333523451,22.651302785148548],[73.273992410170038,22.660332503953711],[73.264263204794091,22.660227377878911],[73.26437676390006,22.651197705513294],[73.274105333523451,22.651302785148548]]]},"properties":{"FID":38,"HA_Area":100,"B_5":0,"B_4":0,"B_3":0,"B_2":1894.81995,"B_1":0,"Norm_B1":0,"Norm_B2":0.059425801410500002,"Norm_B3":0,"Norm_B4":0,"Norm_B5":0,"Roads_1_S_":0.875717998,"Junctions":0.059425801,"Weighted_S":0.118851997,"nor_junc":0.0133927399708,"Shape_Leng":4000,"Shape_Area":1000000}},{"type":"Feature","id":39,"geometry":{"type":"Polygon","coordinates":[[[73.304177483341789,22.579375247070573],[73.304066918331102,22.588405189003719],[73.29434261905574,22.588302198913347],[73.294453817287348,22.579272302591466],[73.304177483341789,22.579375247070573]]]},"properties":{"FID":39,"HA_Area":100,"B_5":0,"B_4":0,"B_3":0,"B_2":0,"B_1":904.677979,"Norm_B1":0.155041155239,"Norm_B2":0,"Norm_B3":0,"Norm_B4":0,"Norm_B5":0,"Roads_1_S_":0.370662004,"Junctions":0.155040994,"Weighted_S":0.155040994,"nor_junc":0.017470667506000001,"Shape_Leng":4000,"Shape_Area":1000000}},{"type":"Feature","id":40,"geometry":{"type":"Polygon","coordinates":[[[73.275231412831516,22.561005009100672],[73.275119062722965,22.570034834762264],[73.265396200348576,22.569930172818538],[73.265509182983863,22.5609003935378],[73.275231412831516,22.561005009100672]]]},"properties":{"FID":40,"HA_Area":100,"B_5":0,"B_4":2761.12012,"B_3":0,"B_2":1929.05005,"B_1":0,"Norm_B1":0,"Norm_B2":0.038864291541199997,"Norm_B3":0,"Norm_B4":0.34221307191299999,"Norm_B5":0,"Roads_1_S_":0.829901993,"Junctions":0.381076992,"Weighted_S":1.44658005,"nor_junc":0.16300668885799999,"Shape_Leng":4000,"Shape_Area":1000000}},{"type":"Feature","id":41,"geometry":{"type":"Polygon","coordinates":[[[73.186550312063531,22.650335829411588],[73.186431667552327,22.659365120876931],[73.176702993463564,22.659254682920313],[73.176822273572114,22.650225440240373],[73.186550312063531,22.650335829411588]]]},"properties":{"FID":41,"HA_Area":100,"B_5":0,"B_4":0,"B_3":0,"B_2":0,"B_1":0,"Norm_B1":0,"Norm_B2":0,"Norm_B3":0,"Norm_B4":0,"Norm_B5":0,"Roads_1_S_":0,"Junctions":0,"Weighted_S":0,"nor_junc":0,"Shape_Leng":4000,"Shape_Area":1000000}},{"type":"Feature","id":42,"geometry":{"type":"Polygon","coordinates":[[[73.235652680960641,22.61476069347956],[73.235537449362781,22.623790267841482],[73.225811017684606,22.62368297067723],[73.225926883675697,22.614653443773484],[73.235652680960641,22.61476069347956]]]},"properties":{"FID":42,"HA_Area":100,"B_5":0,"B_4":0,"B_3":0,"B_2":0,"B_1":0,"Norm_B1":0,"Norm_B2":0,"Norm_B3":0,"Norm_B4":0,"Norm_B5":0,"Roads_1_S_":0.433048993,"Junctions":0,"Weighted_S":0,"nor_junc":0,"Shape_Leng":4000,"Shape_Area":1000000}},{"type":"Feature","id":43,"geometry":{"type":"Polygon","coordinates":[[[73.313571242379425,22.606567533458087],[73.313461142577552,22.615597488770085],[73.303734885339935,22.615494950831749],[73.303845619346589,22.606465040887766],[73.313571242379425,22.606567533458087]]]},"properties":{"FID":43,"HA_Area":100,"B_5":0,"B_4":0,"B_3":0,"B_2":0,"B_1":626.994995,"Norm_B1":0.632376206532,"Norm_B2":0,"Norm_B3":0,"Norm_B4":0,"Norm_B5":0,"Roads_1_S_":0.557256997,"Junctions":0.632376015,"Weighted_S":0.632376015,"nor_junc":0.0712587735325,"Shape_Leng":4000,"Shape_Area":1000000}},{"type":"Feature","id":44,"geometry":{"type":"Polygon","coordinates":[[[73.11833223382321,22.658579662867869],[73.118209077921151,22.66760859655993],[73.108480199349771,22.667493977358731],[73.108603991046095,22.658465094282608],[73.11833223382321,22.658579662867869]]]},"properties":{"FID":44,"HA_Area":100,"B_5":0,"B_4":0,"B_3":0,"B_2":0,"B_1":0,"Norm_B1":0,"Norm_B2":0,"Norm_B3":0,"Norm_B4":0,"Norm_B5":0,"Roads_1_S_":0.884644985,"Junctions":0,"Weighted_S":0,"nor_junc":0,"Shape_Leng":4000,"Shape_Area":1000000}},{"type":"Feature","id":45,"geometry":{"type":"Polygon","coordinates":[[[73.177536681626606,22.596049758290398],[73.187260913311633,22.596159854878852],[73.187142630375092,22.605189210824054],[73.177417765028736,22.605079065487228],[73.177536681626606,22.596049758290398]]]},"properties":{"FID":45,"HA_Area":100,"B_5":0,"B_4":0,"B_3":0,"B_2":0,"B_1":0,"Norm_B1":0,"Norm_B2":0,"Norm_B3":0,"Norm_B4":0,"Norm_B5":0,"Roads_1_S_":0.952102005,"Junctions":0,"Weighted_S":0,"nor_junc":0,"Shape_Leng":4000,"Shape_Area":1000000}},{"type":"Feature","id":46,"geometry":{"type":"Polygon","coordinates":[[[73.119069855594432,22.604405833978671],[73.118947074927121,22.613434832435079],[73.109222006279523,22.613320516833376],[73.109345420805028,22.604291568954476],[73.119069855594432,22.604405833978671]]]},"properties":{"FID":46,"HA_Area":100,"B_5":0,"B_4":0,"B_3":0,"B_2":0,"B_1":0,"Norm_B1":0,"Norm_B2":0,"Norm_B3":0,"Norm_B4":0,"Norm_B5":0,"Roads_1_S_":0.783285022,"Junctions":0,"Weighted_S":0,"nor_junc":0,"Shape_Leng":4000,"Shape_Area":1000000}},{"type":"Feature","id":47,"geometry":{"type":"Polygon","coordinates":[[[73.127815436726067,22.676751598704076],[73.127692792058227,22.685780561148004],[73.117962578289493,22.68566643152143],[73.118085859416013,22.676637519445624],[73.127815436726067,22.676751598704076]]]},"properties":{"FID":47,"HA_Area":100,"B_5":0,"B_4":0,"B_3":0,"B_2":0,"B_1":0,"Norm_B1":0,"Norm_B2":0,"Norm_B3":0,"Norm_B4":0,"Norm_B5":0,"Roads_1_S_":0.754682004,"Junctions":0,"Weighted_S":0,"nor_junc":0,"Shape_Leng":4000,"Shape_Area":1000000}},{"type":"Feature","id":48,"geometry":{"type":"Polygon","coordinates":[[[73.177536681626606,22.596049758290398],[73.16781251046487,22.595939073390198],[73.167931999860812,22.586909804455399],[73.177655537701185,22.587020440353005],[73.177536681626606,22.596049758290398]]]},"properties":{"FID":48,"HA_Area":100,"B_5":0,"B_4":0,"B_3":0,"B_2":0,"B_1":0,"Norm_B1":0,"Norm_B2":0,"Norm_B3":0,"Norm_B4":0,"Norm_B5":0,"Roads_1_S_":0.611045003,"Junctions":0,"Weighted_S":0,"nor_junc":0,"Shape_Leng":4000,"Shape_Area":1000000}},{"type":"Feature","id":49,"geometry":{"type":"Polygon","coordinates":[[[73.119805228254251,22.550231616947062],[73.119682822165743,22.559260680041035],[73.109961551833919,22.559146667808555],[73.110084589847901,22.550117655253779],[73.119805228254251,22.550231616947062]]]},"properties":{"FID":49,"HA_Area":100,"B_5":0,"B_4":0,"B_3":0,"B_2":0,"B_1":0,"Norm_B1":0,"Norm_B2":0,"Norm_B3":0,"Norm_B4":0,"Norm_B5":0,"Roads_1_S_":0,"Junctions":0,"Weighted_S":0,"nor_junc":0,"Shape_Leng":4000,"Shape_Area":1000000}},{"type":"Feature","id":50,"geometry":{"type":"Polygon","coordinates":[[[73.138275824635471,22.622690785456591],[73.138154188023918,22.631719862738162],[73.128427725955177,22.631606624502233],[73.128549997106305,22.622577597290022],[73.138275824635471,22.622690785456591]]]},"properties":{"FID":50,"HA_Area":100,"B_5":0,"B_4":0,"B_3":0,"B_2":0,"B_1":0,"Norm_B1":0,"Norm_B2":0,"Norm_B3":0,"Norm_B4":0,"Norm_B5":0,"Roads_1_S_":0.340608001,"Junctions":0,"Weighted_S":0,"nor_junc":0,"Shape_Leng":4000,"Shape_Area":1000000}},{"type":"Feature","id":51,"geometry":{"type":"Polygon","coordinates":[[[73.130012405342512,22.514228430721918],[73.129890879267066,22.52325758709075],[73.120172072395036,22.523144363115723],[73.120294229127467,22.514115257000558],[73.130012405342512,22.514228430721918]]]},"properties":{"FID":51,"HA_Area":100,"B_5":0,"B_4":0,"B_3":0,"B_2":0,"B_1":0,"Norm_B1":0,"Norm_B2":0,"Norm_B3":0,"Norm_B4":0,"Norm_B5":0,"Roads_1_S_":0.536270976,"Junctions":0,"Weighted_S":0,"nor_junc":0,"Shape_Leng":4000,"Shape_Area":1000000}},{"type":"Feature","id":52,"geometry":{"type":"Polygon","coordinates":[[[73.225579108796111,22.64174199231962],[73.225463065864275,22.650771487051291],[73.215734788084674,22.650663457527738],[73.215851466360832,22.64163401053289],[73.225579108796111,22.64174199231962]]]},"properties":{"FID":52,"HA_Area":100,"B_5":0,"B_4":0,"B_3":0,"B_2":0,"B_1":0,"Norm_B1":0,"Norm_B2":0,"Norm_B3":0,"Norm_B4":0,"Norm_B5":0,"Roads_1_S_":0,"Junctions":0,"Weighted_S":0,"nor_junc":0,"Shape_Leng":4000,"Shape_Area":1000000}},{"type":"Feature","id":53,"geometry":{"type":"Polygon","coordinates":[[[73.274105333523451,22.651302785148548],[73.274218199477076,22.64227305564215],[73.283946191053957,22.642377499083697],[73.283833960546644,22.651407274763102],[73.274105333523451,22.651302785148548]]]},"properties":{"FID":53,"HA_Area":100,"B_5":0,"B_4":0,"B_3":0,"B_2":1868.83997,"B_1":0,"Norm_B1":0,"Norm_B2":0.075031586529099997,"Norm_B3":0,"Norm_B4":0,"Norm_B5":0,"Roads_1_S_":0.866539001,"Junctions":0.0750316009,"Weighted_S":0.150062993,"nor_junc":0.016909725525700001,"Shape_Leng":4000,"Shape_Area":1000000}},{"type":"Feature","id":54,"geometry":{"type":"Polygon","coordinates":[[[73.254191124188409,22.687210474220283],[73.254076696993863,22.696240056998874],[73.244345061313723,22.696133562500936],[73.244460125519865,22.687104026707082],[73.254191124188409,22.687210474220283]]]},"properties":{"FID":54,"HA_Area":100,"B_5":0,"B_4":0,"B_3":0,"B_2":0,"B_1":0,"Norm_B1":0,"Norm_B2":0,"Norm_B3":0,"Norm_B4":0,"Norm_B5":0,"Roads_1_S_":0,"Junctions":0,"Weighted_S":0,"nor_junc":0,"Shape_Leng":4000,"Shape_Area":1000000}},{"type":"Feature","id":55,"geometry":{"type":"Polygon","coordinates":[[[73.139488791060216,22.532399420536642],[73.139367772304311,22.541428605420766],[73.129647641127235,22.541315867593852],[73.129769291201328,22.532286732715903],[73.139488791060216,22.532399420536642]]]},"properties":{"FID":55,"HA_Area":100,"B_5":0,"B_4":0,"B_3":0,"B_2":0,"B_1":0,"Norm_B1":0,"Norm_B2":0,"Norm_B3":0,"Norm_B4":0,"Norm_B5":0,"Roads_1_S_":0,"Junctions":0,"Weighted_S":0,"nor_junc":0,"Shape_Leng":4000,"Shape_Area":1000000}},{"type":"Feature","id":56,"geometry":{"type":"Polygon","coordinates":[[[73.353011284932293,22.561820785468342],[73.352903995629603,22.570850972803179],[73.343180684282117,22.570751012657396],[73.343288606242226,22.561720869620331],[73.353011284932293,22.561820785468342]]]},"properties":{"FID":56,"HA_Area":100,"B_5":0,"B_4":0,"B_3":0,"B_2":0,"B_1":0,"Norm_B1":0,"Norm_B2":0,"Norm_B3":0,"Norm_B4":0,"Norm_B5":0,"Roads_1_S_":0.166373,"Junctions":0,"Weighted_S":0,"nor_junc":0,"Shape_Leng":4000,"Shape_Area":1000000}},{"type":"Feature","id":57,"geometry":{"type":"Polygon","coordinates":[[[73.129038460000288,22.586461380652246],[73.128916437497111,22.595490450973003],[73.119192573786464,22.59537682474053],[73.119315229521419,22.586347804724166],[73.129038460000288,22.586461380652246]]]},"properties":{"FID":57,"HA_Area":100,"B_5":0,"B_4":0,"B_3":0,"B_2":0,"B_1":0,"Norm_B1":0,"Norm_B2":0,"Norm_B3":0,"Norm_B4":0,"Norm_B5":0,"Roads_1_S_":0.291047007,"Junctions":0,"Weighted_S":0,"nor_junc":0,"Shape_Leng":4000,"Shape_Area":1000000}},{"type":"Feature","id":58,"geometry":{"type":"Polygon","coordinates":[[[73.226851690996696,22.542416843021883],[73.226736296091673,22.55144645556458],[73.217014989358034,22.551338950814198],[73.217131016061145,22.542309385942016],[73.226851690996696,22.542416843021883]]]},"properties":{"FID":58,"HA_Area":100,"B_5":0,"B_4":431.067993,"B_3":0,"B_2":1495.82996,"B_1":0,"Norm_B1":0,"Norm_B2":0.29909311215200002,"Norm_B3":0,"Norm_B4":0.99009513555299999,"Norm_B5":0,"Roads_1_S_":1.03108001,"Junctions":1.28919005,"Weighted_S":4.55856991,"nor_junc":0.51367871790700004,"Shape_Leng":4000,"Shape_Area":1000000}},{"type":"Feature","id":59,"geometry":{"type":"Polygon","coordinates":[[[73.304066918331102,22.588405189003719],[73.303956297004845,22.597435120277265],[73.294231364186174,22.597332084569874],[73.29434261905574,22.588302198913347],[73.304066918331102,22.588405189003719]]]},"properties":{"FID":59,"HA_Area":100,"B_5":0,"B_4":0,"B_3":0,"B_2":0,"B_1":0,"Norm_B1":0,"Norm_B2":0,"Norm_B3":0,"Norm_B4":0,"Norm_B5":0,"Roads_1_S_":0.844317019,"Junctions":0,"Weighted_S":0,"nor_junc":0,"Shape_Leng":4000,"Shape_Area":1000000}},{"type":"Feature","id":60,"geometry":{"type":"Polygon","coordinates":[[[73.215734788084674,22.650663457527738],[73.215618050470852,22.659692893785547],[73.205889196378976,22.659584226324398],[73.206006569642724,22.650554838070107],[73.215734788084674,22.650663457527738]]]},"properties":{"FID":60,"HA_Area":100,"B_5":0,"B_4":0,"B_3":0,"B_2":0,"B_1":0,"Norm_B1":0,"Norm_B2":0,"Norm_B3":0,"Norm_B4":0,"Norm_B5":0,"Roads_1_S_":0,"Junctions":0,"Weighted_S":0,"nor_junc":0,"Shape_Leng":4000,"Shape_Area":1000000}},{"type":"Feature","id":61,"geometry":{"type":"Polygon","coordinates":[[[73.265622108064406,22.551870603584632],[73.265509182983863,22.5609003935378],[73.255787010690923,22.560795190573476],[73.255900567959387,22.551765447255629],[73.265622108064406,22.551870603584632]]]},"properties":{"FID":61,"HA_Area":100,"B_5":0,"B_4":2324.48999,"B_3":0,"B_2":1799.63,"B_1":0,"Norm_B1":0,"Norm_B2":0.116604973382,"Norm_B3":0,"Norm_B4":0.46362015323200001,"Norm_B5":0,"Roads_1_S_":0.943804979,"Junctions":0.580224991,"Weighted_S":2.08769011,"nor_junc":0.235249651373,"Shape_Leng":4000,"Shape_Area":1000000}},{"type":"Feature","id":62,"geometry":{"type":"Polygon","coordinates":[[[73.264263204794091,22.660227377878911],[73.264149587948452,22.669257039533949],[73.254419804253388,22.669151276485863],[73.254534057157798,22.660121661536976],[73.264263204794091,22.660227377878911]]]},"properties":{"FID":62,"HA_Area":100,"B_5":0,"B_4":0,"B_3":0,"B_2":0,"B_1":0,"Norm_B1":0,"Norm_B2":0,"Norm_B3":0,"Norm_B4":0,"Norm_B5":0,"Roads_1_S_":0.309298992,"Junctions":0,"Weighted_S":0,"nor_junc":0,"Shape_Leng":4000,"Shape_Area":1000000}},{"type":"Feature","id":63,"geometry":{"type":"Polygon","coordinates":[[[73.294120052662166,22.606361959557571],[73.294008684467158,22.615391823872997],[73.284282540281907,22.615288107907791],[73.284394542648712,22.606258289481474],[73.294120052662166,22.606361959557571]]]},"properties":{"FID":63,"HA_Area":100,"B_5":0,"B_4":0,"B_3":0,"B_2":0,"B_1":0,"Norm_B1":0,"Norm_B2":0,"Norm_B3":0,"Norm_B4":0,"Norm_B5":0,"Roads_1_S_":0.0275713,"Junctions":0,"Weighted_S":0,"nor_junc":0,"Shape_Leng":4000,"Shape_Area":1000000}},{"type":"Feature","id":64,"geometry":{"type":"Polygon","coordinates":[[[73.341772688515206,22.688141903557568],[73.341663995179033,22.697171897461669],[73.331931847968178,22.697070725136371],[73.332041178465602,22.688040775869492],[73.341772688515206,22.688141903557568]]]},"properties":{"FID":64,"HA_Area":100,"B_5":0,"B_4":0,"B_3":0,"B_2":0,"B_1":0,"Norm_B1":0,"Norm_B2":0,"Norm_B3":0,"Norm_B4":0,"Norm_B5":0,"Roads_1_S_":0.895139992,"Junctions":0,"Weighted_S":0,"nor_junc":0,"Shape_Leng":4000,"Shape_Area":1000000}},{"type":"Feature","id":65,"geometry":{"type":"Polygon","coordinates":[[[73.216317586435338,22.605516115252843],[73.216201145336626,22.614545605160981],[73.206475466265957,22.614437177656651],[73.206592541400852,22.605407735721666],[73.216317586435338,22.605516115252843]]]},"properties":{"FID":65,"HA_Area":100,"B_5":0,"B_4":0,"B_3":0,"B_2":0,"B_1":0,"Norm_B1":0,"Norm_B2":0,"Norm_B3":0,"Norm_B4":0,"Norm_B5":0,"Roads_1_S_":0.0684678033,"Junctions":0,"Weighted_S":0,"nor_junc":0,"Shape_Leng":4000,"Shape_Area":1000000}},{"type":"Feature","id":66,"geometry":{"type":"Polygon","coordinates":[[[73.304398444482075,22.561315331239332],[73.304508840644445,22.552285357348151],[73.314230665219483,22.552387577830718],[73.314120901327826,22.561417597055549],[73.304398444482075,22.561315331239332]]]},"properties":{"FID":66,"HA_Area":100,"B_5":0,"B_4":3676.13989,"B_3":0,"B_2":1371.06006,"B_1":0,"Norm_B1":0,"Norm_B2":0.37404052065400001,"Norm_B3":0,"Norm_B4":0.087787475919599997,"Norm_B5":0,"Roads_1_S_":0.609323978,"Junctions":0.461827993,"Weighted_S":1.09923005,"nor_junc":0.12386583834000001,"Shape_Leng":4000,"Shape_Area":1000000}},{"type":"Feature","id":67,"geometry":{"type":"Polygon","coordinates":[[[73.314120901327826,22.561417597055549],[73.314011081491884,22.570447605636879],[73.304287992053304,22.570345294481296],[73.304398444482075,22.561315331239332],[73.314120901327826,22.561417597055549]]]},"properties":{"FID":67,"HA_Area":100,"B_5":0,"B_4":3882.8501,"B_3":0,"B_2":1924.12,"B_1":745.007019,"Norm_B1":0.429514386177,"Norm_B2":0.041825700959100001,"Norm_B3":0,"Norm_B4":0.030310721275100001,"Norm_B5":0,"Roads_1_S_":0.65933001,"Junctions":0.501650989,"Weighted_S":0.63440901,"nor_junc":0.071487859934800002,"Shape_Leng":4000,"Shape_Area":1000000}},{"type":"Feature","id":68,"geometry":{"type":"Polygon","coordinates":[[[73.322529491694041,22.669879216241476],[73.322419635735002,22.67890914197897],[73.312688873866932,22.678806877162728],[73.312799366307843,22.669776996572718],[73.322529491694041,22.669879216241476]]]},"properties":{"FID":68,"HA_Area":100,"B_5":0,"B_4":0,"B_3":0,"B_2":0,"B_1":0,"Norm_B1":0,"Norm_B2":0,"Norm_B3":0,"Norm_B4":0,"Norm_B5":0,"Roads_1_S_":0.725789011,"Junctions":0,"Weighted_S":0,"nor_junc":0,"Shape_Leng":4000,"Shape_Area":1000000}},{"type":"Feature","id":69,"geometry":{"type":"Polygon","coordinates":[[[73.206241137205851,22.632496029335655],[73.20612388324588,22.641525439072705],[73.196396359774084,22.641416277953763],[73.196514248720803,22.632386916468651],[73.206241137205851,22.632496029335655]]]},"properties":{"FID":69,"HA_Area":100,"B_5":0,"B_4":0,"B_3":0,"B_2":0,"B_1":0,"Norm_B1":0,"Norm_B2":0,"Norm_B3":0,"Norm_B4":0,"Norm_B5":0,"Roads_1_S_":0,"Junctions":0,"Weighted_S":0,"nor_junc":0,"Shape_Leng":4000,"Shape_Area":1000000}},{"type":"Feature","id":70,"geometry":{"type":"Polygon","coordinates":[[[73.30284698276914,22.687733845975004],[73.302735740885794,22.696763659765061],[73.29300381778684,22.696660121889082],[73.293115696765881,22.687630353779653],[73.30284698276914,22.687733845975004]]]},"properties":{"FID":70,"HA_Area":100,"B_5":0,"B_4":0,"B_3":0,"B_2":1945.67004,"B_1":0,"Norm_B1":0,"Norm_B2":0.028880909421900001,"Norm_B3":0,"Norm_B4":0,"Norm_B5":0,"Roads_1_S_":0.739302993,"Junctions":0.0288808998,"Weighted_S":0.0577617995,"nor_junc":0.00650884109089,"Shape_Leng":4000,"Shape_Area":1000000}},{"type":"Feature","id":71,"geometry":{"type":"Polygon","coordinates":[[[73.176941493051331,22.641196186798876],[73.176822273572114,22.650225440240373],[73.167094295710044,22.650114461194434],[73.167214150445986,22.641085256792739],[73.176941493051331,22.641196186798876]]]},"properties":{"FID":71,"HA_Area":100,"B_5":0,"B_4":0,"B_3":0,"B_2":0,"B_1":0,"Norm_B1":0,"Norm_B2":0,"Norm_B3":0,"Norm_B4":0,"Norm_B5":0,"Roads_1_S_":0,"Junctions":0,"Weighted_S":0,"nor_junc":0,"Shape_Leng":4000,"Shape_Area":1000000}},{"type":"Feature","id":72,"geometry":{"type":"Polygon","coordinates":[[[73.196867555939946,22.605298767573814],[73.196749846786247,22.614328161275189],[73.187024287220069,22.61421855603135],[73.187142630375092,22.605189210824054],[73.196867555939946,22.605298767573814]]]},"properties":{"FID":72,"HA_Area":100,"B_5":0,"B_4":0,"B_3":0,"B_2":0,"B_1":0,"Norm_B1":0,"Norm_B2":0,"Norm_B3":0,"Norm_B4":0,"Norm_B5":0,"Roads_1_S_":0.470465004,"Junctions":0,"Weighted_S":0,"nor_junc":0,"Shape_Leng":4000,"Shape_Area":1000000}},{"type":"Feature","id":73,"geometry":{"type":"Polygon","coordinates":[[[73.265847785628353,22.533810991674923],[73.265734975607003,22.54284080296252],[73.256014067367929,22.542735693262959],[73.256127508933346,22.533705928598931],[73.265847785628353,22.533810991674923]]]},"properties":{"FID":73,"HA_Area":100,"B_5":0,"B_4":1632.48999,"B_3":0,"B_2":1629.16003,"B_1":0,"Norm_B1":0,"Norm_B2":0.21900373134699999,"Norm_B3":0,"Norm_B4":0.65603404106600005,"Norm_B5":0,"Roads_1_S_":0.46053201,"Junctions":0.875038028,"Weighted_S":3.06213999,"nor_junc":0.345054737507,"Shape_Leng":4000,"Shape_Area":1000000}},{"type":"Feature","id":74,"geometry":{"type":"Polygon","coordinates":[[[73.197337793768739,22.569181085485496],[73.197220324094545,22.578210522093009],[73.187497298599396,22.578101110788722],[73.187615400985706,22.569071722650797],[73.197337793768739,22.569181085485496]]]},"properties":{"FID":74,"HA_Area":100,"B_5":0,"B_4":3044.90991,"B_3":0,"B_2":0,"B_1":0,"Norm_B1":0,"Norm_B2":0,"Norm_B3":0,"Norm_B4":0.26330397109199999,"Norm_B5":0,"Roads_1_S_":0.82773298,"Junctions":0.263303995,"Weighted_S":1.05322003,"nor_junc":0.11868123719900001,"Shape_Leng":4000,"Shape_Area":1000000}},{"type":"Feature","id":75,"geometry":{"type":"Polygon","coordinates":[[[73.264490265283243,22.642168022440565],[73.26437676390006,22.651197705513294],[73.254648251999441,22.651092035871585],[73.254762388795314,22.642062399493167],[73.264490265283243,22.642168022440565]]]},"properties":{"FID":75,"HA_Area":100,"B_5":0,"B_4":0,"B_3":0,"B_2":1163.30005,"B_1":0,"Norm_B1":0,"Norm_B2":0.49883884652400001,"Norm_B3":0,"Norm_B4":0,"Norm_B5":0,"Roads_1_S_":1.12395,"Junctions":0.498838991,"Weighted_S":0.997677982,"nor_junc":0.11242252656600001,"Shape_Leng":4000,"Shape_Area":1000000}},{"type":"Feature","id":76,"geometry":{"type":"Polygon","coordinates":[[[73.333674481831522,22.552590257148726],[73.333565982530018,22.561620366259774],[73.323843414117846,22.561519275400286],[73.32395254572252,22.552489211102163],[73.333674481831522,22.552590257148726]]]},"properties":{"FID":76,"HA_Area":100,"B_5":0,"B_4":0,"B_3":0,"B_2":1844.65002,"B_1":0,"Norm_B1":0,"Norm_B2":0.089562121995499996,"Norm_B3":0,"Norm_B4":0,"Norm_B5":0,"Roads_1_S_":0.684158027,"Junctions":0.0895621032,"Weighted_S":0.179123998,"nor_junc":0.0201844410271,"Shape_Leng":4000,"Shape_Area":1000000}},{"type":"Feature","id":77,"geometry":{"type":"Polygon","coordinates":[[[73.216201145336626,22.614545605160981],[73.216084644969484,22.623575084346019],[73.206358331540073,22.623466608862479],[73.206475466265957,22.614437177656651],[73.216201145336626,22.614545605160981]]]},"properties":{"FID":77,"HA_Area":100,"B_5":0,"B_4":0,"B_3":0,"B_2":0,"B_1":0,"Norm_B1":0,"Norm_B2":0,"Norm_B3":0,"Norm_B4":0,"Norm_B5":0,"Roads_1_S_":0.0173943993,"Junctions":0,"Weighted_S":0,"nor_junc":0,"Shape_Leng":4000,"Shape_Area":1000000}},{"type":"Feature","id":78,"geometry":{"type":"Polygon","coordinates":[[[73.235767853935243,22.60573110840657],[73.235652680960641,22.61476069347956],[73.225926883675697,22.614653443773484],[73.226042690720959,22.60562390615268],[73.235767853935243,22.60573110840657]]]},"properties":{"FID":78,"HA_Area":100,"B_5":0,"B_4":0,"B_3":0,"B_2":0,"B_1":0,"Norm_B1":0,"Norm_B2":0,"Norm_B3":0,"Norm_B4":0,"Norm_B5":0,"Roads_1_S_":0.700286984,"Junctions":0,"Weighted_S":0,"nor_junc":0,"Shape_Leng":4000,"Shape_Area":1000000}},{"type":"Feature","id":79,"geometry":{"type":"Polygon","coordinates":[[[73.352474291543118,22.606971615864172],[73.35236672872287,22.616001750042635],[73.342640249252696,22.61590156832408],[73.342748446342554,22.60687147847138],[73.352474291543118,22.606971615864172]]]},"properties":{"FID":79,"HA_Area":100,"B_5":0,"B_4":0,"B_3":0,"B_2":0,"B_1":0,"Norm_B1":0,"Norm_B2":0,"Norm_B3":0,"Norm_B4":0,"Norm_B5":0,"Roads_1_S_":0.317658007,"Junctions":0,"Weighted_S":0,"nor_junc":0,"Shape_Leng":4000,"Shape_Area":1000000}},{"type":"Feature","id":80,"geometry":{"type":"Polygon","coordinates":[[[73.255787010690923,22.560795190573476],[73.255673395545671,22.569824923213005],[73.245950648636381,22.569719085959921],[73.246064896274746,22.560689400221936],[73.255787010690923,22.560795190573476]]]},"properties":{"FID":80,"HA_Area":100,"B_5":0,"B_4":3049.42993,"B_3":0,"B_2":1131.83997,"B_1":0,"Norm_B1":0,"Norm_B2":0.51773644715199996,"Norm_B3":0,"Norm_B4":0.262047158186,"Norm_B5":0,"Roads_1_S_":1.48371994,"Junctions":0.779784024,"Weighted_S":2.08365989,"nor_junc":0.23479550846800001,"Shape_Leng":4000,"Shape_Area":1000000}},{"type":"Feature","id":81,"geometry":{"type":"Polygon","coordinates":[[[73.197807074376712,22.533063231912479],[73.197689843903234,22.542092711370181],[73.187969347324511,22.541983493907537],[73.188087209222374,22.532954062894966],[73.197807074376712,22.533063231912479]]]},"properties":{"FID":81,"HA_Area":100,"B_5":0,"B_4":2959.59009,"B_3":0,"B_2":0,"B_1":0,"Norm_B1":0,"Norm_B2":0,"Norm_B3":0,"Norm_B4":0.28702755358799997,"Norm_B5":0,"Roads_1_S_":0.522931993,"Junctions":0.287028015,"Weighted_S":1.14811003,"nor_junc":0.12937383898499999,"Shape_Leng":4000,"Shape_Area":1000000}},{"type":"Feature","id":82,"geometry":{"type":"Polygon","coordinates":[[[73.167692960223306,22.604968331578242],[73.167573349118399,22.613997579016015],[73.157847971227966,22.613886207274447],[73.157968216281219,22.604857009112102],[73.167692960223306,22.604968331578242]]]},"properties":{"FID":82,"HA_Area":100,"B_5":0,"B_4":0,"B_3":0,"B_2":0,"B_1":0,"Norm_B1":0,"Norm_B2":0,"Norm_B3":0,"Norm_B4":0,"Norm_B5":0,"Roads_1_S_":0.964239001,"Junctions":0,"Weighted_S":0,"nor_junc":0,"Shape_Leng":4000,"Shape_Area":1000000}},{"type":"Feature","id":83,"geometry":{"type":"Polygon","coordinates":[[[73.274781668834706,22.597124247712895],[73.274669089628787,22.606154030673501],[73.264943693924963,22.606049183147785],[73.265056906946796,22.597019446591471],[73.274781668834706,22.597124247712895]]]},"properties":{"FID":83,"HA_Area":100,"B_5":0,"B_4":0,"B_3":0,"B_2":0,"B_1":0,"Norm_B1":0,"Norm_B2":0,"Norm_B3":0,"Norm_B4":0,"Norm_B5":0,"Roads_1_S_":0.147520006,"Junctions":0,"Weighted_S":0,"nor_junc":0,"Shape_Leng":4000,"Shape_Area":1000000}},{"type":"Feature","id":84,"geometry":{"type":"Polygon","coordinates":[[[73.139125549660577,22.55948694295224],[73.139004345736865,22.568516095592546],[73.129282318674612,22.568403207709256],[73.129404154881939,22.559374105094051],[73.139125549660577,22.55948694295224]]]},"properties":{"FID":84,"HA_Area":100,"B_5":0,"B_4":0,"B_3":0,"B_2":0,"B_1":0,"Norm_B1":0,"Norm_B2":0,"Norm_B3":0,"Norm_B4":0,"Norm_B5":0,"Roads_1_S_":0,"Junctions":0,"Weighted_S":0,"nor_junc":0,"Shape_Leng":4000,"Shape_Area":1000000}},{"type":"Feature","id":85,"geometry":{"type":"Polygon","coordinates":[[[73.353118519579255,22.552790587512558],[73.353011284932293,22.561820785468342],[73.343288606242226,22.561720869620331],[73.343396473224445,22.552690715956718],[73.353118519579255,22.552790587512558]]]},"properties":{"FID":85,"HA_Area":100,"B_5":0,"B_4":0,"B_3":0,"B_2":0,"B_1":0,"Norm_B1":0,"Norm_B2":0,"Norm_B3":0,"Norm_B4":0,"Norm_B5":0,"Roads_1_S_":0.533586025,"Junctions":0,"Weighted_S":0,"nor_junc":0,"Shape_Leng":4000,"Shape_Area":1000000}},{"type":"Feature","id":86,"geometry":{"type":"Polygon","coordinates":[[[73.147880711977336,22.631832511681051],[73.147759648361387,22.640861627998241],[73.138032489527674,22.640748929240157],[73.138154188023918,22.631719862738162],[73.147880711977336,22.631832511681051]]]},"properties":{"FID":86,"HA_Area":100,"B_5":0,"B_4":0,"B_3":0,"B_2":0,"B_1":0,"Norm_B1":0,"Norm_B2":0,"Norm_B3":0,"Norm_B4":0,"Norm_B5":0,"Roads_1_S_":0.102164,"Junctions":0,"Weighted_S":0,"nor_junc":0,"Shape_Leng":4000,"Shape_Area":1000000}},{"type":"Feature","id":87,"geometry":{"type":"Polygon","coordinates":[[[73.236227959942852,22.569612661073606],[73.236113021290421,22.578642288956033],[73.226389758353534,22.578535229022705],[73.226505329787187,22.56950564856848],[73.236227959942852,22.569612661073606]]]},"properties":{"FID":87,"HA_Area":100,"B_5":0,"B_4":1277.45996,"B_3":0,"B_2":1257.19995,"B_1":0,"Norm_B1":0,"Norm_B2":0.44243458169400002,"Norm_B3":0,"Norm_B4":0.75475182753199999,"Norm_B5":0,"Roads_1_S_":1.02925003,"Junctions":1.19719005,"Weighted_S":3.90387988,"nor_junc":0.43990550819599999,"Shape_Leng":4000,"Shape_Area":1000000}},{"type":"Feature","id":88,"geometry":{"type":"Polygon","coordinates":[[[73.255900567959387,22.551765447255629],[73.255787010690923,22.560795190573476],[73.246064896274746,22.560689400221936],[73.246179085714289,22.551659703799732],[73.255900567959387,22.551765447255629]]]},"properties":{"FID":88,"HA_Area":100,"B_5":0,"B_4":2938.29004,"B_3":0,"B_2":1578.03003,"B_1":0,"Norm_B1":0,"Norm_B2":0.24971675941400001,"Norm_B3":0,"Norm_B4":0.29295013336499998,"Norm_B5":0,"Roads_1_S_":0.796274006,"Junctions":0.542666972,"Weighted_S":1.67122996,"nor_junc":0.18832117960799999,"Shape_Leng":4000,"Shape_Area":1000000}},{"type":"Feature","id":89,"geometry":{"type":"Polygon","coordinates":[[[73.333022656200001,22.606770752263657],[73.332913824856618,22.615800797530021],[73.323187455857351,22.615699437674117],[73.3232969214381,22.606669437254652],[73.333022656200001,22.606770752263657]]]},"properties":{"FID":89,"HA_Area":100,"B_5":0,"B_4":0,"B_3":0,"B_2":0,"B_1":964.439026,"Norm_B1":0.052312344639299999,"Norm_B2":0,"Norm_B3":0,"Norm_B4":0,"Norm_B5":0,"Roads_1_S_":0.615073025,"Junctions":0.0523122996,"Weighted_S":0.0523122996,"nor_junc":0.0058947686523399996,"Shape_Leng":4000,"Shape_Area":1000000}},{"type":"Feature","id":90,"geometry":{"type":"Polygon","coordinates":[[[73.255218355859739,22.605943746918527],[73.255104451077642,22.614973426114386],[73.245378536868799,22.614867354264668],[73.245493075755675,22.605837722],[73.255218355859739,22.605943746918527]]]},"properties":{"FID":90,"HA_Area":100,"B_5":0,"B_4":0,"B_3":0,"B_2":0,"B_1":0,"Norm_B1":0,"Norm_B2":0,"Norm_B3":0,"Norm_B4":0,"Norm_B5":0,"Roads_1_S_":0.821515024,"Junctions":0,"Weighted_S":0,"nor_junc":0,"Shape_Leng":4000,"Shape_Area":1000000}},{"type":"Feature","id":91,"geometry":{"type":"Polygon","coordinates":[[[73.216433968282914,22.596486614625089],[73.216317586435338,22.605516115252843],[73.206592541400852,22.605407735721666],[73.206709556962139,22.596378283060993],[73.216433968282914,22.596486614625089]]]},"properties":{"FID":91,"HA_Area":100,"B_5":0,"B_4":3658.5,"B_3":0,"B_2":0,"B_1":0,"Norm_B1":0,"Norm_B2":0,"Norm_B3":0,"Norm_B4":0.092692331861700006,"Norm_B5":0,"Roads_1_S_":0.135392994,"Junctions":0.0926923007,"Weighted_S":0.370768994,"nor_junc":0.041779800543399997,"Shape_Leng":4000,"Shape_Area":1000000}},{"type":"Feature","id":92,"geometry":{"type":"Polygon","coordinates":[[[73.14812265454114,22.613774246730369],[73.148001714031253,22.6228033845906],[73.138275824635471,22.622690785456591],[73.138397399380395,22.613661697398936],[73.14812265454114,22.613774246730369]]]},"properties":{"FID":92,"HA_Area":100,"B_5":0,"B_4":0,"B_3":0,"B_2":0,"B_1":0,"Norm_B1":0,"Norm_B2":0,"Norm_B3":0,"Norm_B4":0,"Norm_B5":0,"Roads_1_S_":0.339969009,"Junctions":0,"Weighted_S":0,"nor_junc":0,"Shape_Leng":4000,"Shape_Area":1000000}},{"type":"Feature","id":93,"geometry":{"type":"Polygon","coordinates":[[[73.195924204151964,22.677533616401874],[73.195806015199963,22.68656292412339],[73.186075372003842,22.68645293070578],[73.186194197540118,22.677423671527521],[73.195924204151964,22.677533616401874]]]},"properties":{"FID":93,"HA_Area":100,"B_5":0,"B_4":0,"B_3":0,"B_2":0,"B_1":0,"Norm_B1":0,"Norm_B2":0,"Norm_B3":0,"Norm_B4":0,"Norm_B5":0,"Roads_1_S_":0,"Junctions":0,"Weighted_S":0,"nor_junc":0,"Shape_Leng":4000,"Shape_Area":1000000}},{"type":"Feature","id":94,"geometry":{"type":"Polygon","coordinates":[[[73.333565982530018,22.561620366259774],[73.333457427928508,22.570650464738666],[73.32373422689102,22.570549329060594],[73.323843414117846,22.561519275400286],[73.333565982530018,22.561620366259774]]]},"properties":{"FID":94,"HA_Area":100,"B_5":0,"B_4":0,"B_3":0,"B_2":0,"B_1":994.870972,"Norm_B1":4.8682413433799998e-08,"Norm_B2":0,"Norm_B3":0,"Norm_B4":0,"Norm_B5":0,"Roads_1_S_":0.454755992,"Junctions":4.86823986e-08,"Weighted_S":4.86823986e-08,"nor_junc":5.4857362241299997e-09,"Shape_Leng":4000,"Shape_Area":1000000}},{"type":"Feature","id":95,"geometry":{"type":"Polygon","coordinates":[[[73.157245827550213,22.659032036616107],[73.157125215007213,22.668061170165881],[73.147396087961681,22.667948912274962],[73.14751733637155,22.658919828298689],[73.157245827550213,22.659032036616107]]]},"properties":{"FID":95,"HA_Area":100,"B_5":0,"B_4":0,"B_3":0,"B_2":0,"B_1":0,"Norm_B1":0,"Norm_B2":0,"Norm_B3":0,"Norm_B4":0,"Norm_B5":0,"Roads_1_S_":0,"Junctions":0,"Weighted_S":0,"nor_junc":0,"Shape_Leng":4000,"Shape_Area":1000000}},{"type":"Feature","id":96,"geometry":{"type":"Polygon","coordinates":[[[73.187142630375092,22.605189210824054],[73.187024287220069,22.61421855603135],[73.177298787889939,22.614108361939984],[73.177417765028736,22.605079065487228],[73.187142630375092,22.605189210824054]]]},"properties":{"FID":96,"HA_Area":100,"B_5":0,"B_4":0,"B_3":0,"B_2":0,"B_1":0,"Norm_B1":0,"Norm_B2":0,"Norm_B3":0,"Norm_B4":0,"Norm_B5":0,"Roads_1_S_":0.856622994,"Junctions":0,"Weighted_S":0,"nor_junc":0,"Shape_Leng":4000,"Shape_Area":1000000}},{"type":"Feature","id":97,"geometry":{"type":"Polygon","coordinates":[[[73.11833223382321,22.658579662867869],[73.118455327140481,22.649550718372947],[73.128182997012757,22.649664646565366],[73.128060539185114,22.658693641409247],[73.11833223382321,22.658579662867869]]]},"properties":{"FID":97,"HA_Area":100,"B_5":0,"B_4":0,"B_3":0,"B_2":0,"B_1":0,"Norm_B1":0,"Norm_B2":0,"Norm_B3":0,"Norm_B4":0,"Norm_B5":0,"Roads_1_S_":0.816963971,"Junctions":0,"Weighted_S":0,"nor_junc":0,"Shape_Leng":4000,"Shape_Area":1000000}},{"type":"Feature","id":98,"geometry":{"type":"Polygon","coordinates":[[[73.186668896268301,22.641306527190867],[73.186550312063531,22.650335829411588],[73.176822273572114,22.650225440240373],[73.176941493051331,22.641196186798876],[73.186668896268301,22.641306527190867]]]},"properties":{"FID":98,"HA_Area":100,"B_5":0,"B_4":0,"B_3":0,"B_2":0,"B_1":0,"Norm_B1":0,"Norm_B2":0,"Norm_B3":0,"Norm_B4":0,"Norm_B5":0,"Roads_1_S_":0,"Junctions":0,"Weighted_S":0,"nor_junc":0,"Shape_Leng":4000,"Shape_Area":1000000}},{"type":"Feature","id":99,"geometry":{"type":"Polygon","coordinates":[[[73.264717094948608,22.624108624187599],[73.264603708960465,22.633138328664167],[73.25487646756234,22.633032752405164],[73.254990488317475,22.624003094611087],[73.264717094948608,22.624108624187599]]]},"properties":{"FID":99,"HA_Area":100,"B_5":0,"B_4":0,"B_3":0,"B_2":925.159973,"B_1":0,"Norm_B1":0,"Norm_B2":0.64188602293399999,"Norm_B3":0,"Norm_B4":0,"Norm_B5":0,"Roads_1_S_":1.25987995,"Junctions":0.641885996,"Weighted_S":1.28376997,"nor_junc":0.14466056747700001,"Shape_Leng":4000,"Shape_Area":1000000}},{"type":"Feature","id":100,"geometry":{"type":"Polygon","coordinates":[[[73.186668896268301,22.641306527190867],[73.196396359774084,22.641416277953763],[73.196278410861368,22.650445628693127],[73.186550312063531,22.650335829411588],[73.186668896268301,22.641306527190867]]]},"properties":{"FID":100,"HA_Area":100,"B_5":0,"B_4":0,"B_3":0,"B_2":0,"B_1":0,"Norm_B1":0,"Norm_B2":0,"Norm_B3":0,"Norm_B4":0,"Norm_B5":0,"Roads_1_S_":0,"Junctions":0,"Weighted_S":0,"nor_junc":0,"Shape_Leng":4000,"Shape_Area":1000000}},{"type":"Feature","id":101,"geometry":{"type":"Polygon","coordinates":[[[73.196160401965116,22.659474968683252],[73.196042333067837,22.66850429792067],[73.186312962717068,22.668394401583409],[73.186431667552327,22.659365120876931],[73.196160401965116,22.659474968683252]]]},"properties":{"FID":101,"HA_Area":100,"B_5":0,"B_4":0,"B_3":0,"B_2":0,"B_1":0,"Norm_B1":0,"Norm_B2":0,"Norm_B3":0,"Norm_B4":0,"Norm_B5":0,"Roads_1_S_":0,"Junctions":0,"Weighted_S":0,"nor_junc":0,"Shape_Leng":4000,"Shape_Area":1000000}},{"type":"Feature","id":102,"geometry":{"type":"Polygon","coordinates":[[[73.128060539185114,22.658693641409247],[73.127938019095609,22.667722625456651],[73.118209077921151,22.66760859655993],[73.11833223382321,22.658579662867869],[73.128060539185114,22.658693641409247]]]},"properties":{"FID":102,"HA_Area":100,"B_5":0,"B_4":0,"B_3":0,"B_2":0,"B_1":0,"Norm_B1":0,"Norm_B2":0,"Norm_B3":0,"Norm_B4":0,"Norm_B5":0,"Roads_1_S_":0.818678021,"Junctions":0,"Weighted_S":0,"nor_junc":0,"Shape_Leng":4000,"Shape_Area":1000000}},{"type":"Feature","id":103,"geometry":{"type":"Polygon","coordinates":[[[73.225346963917715,22.659800971051986],[73.225230802939208,22.668830444318214],[73.21550125350204,22.668722319302841],[73.215618050470852,22.659692893785547],[73.225346963917715,22.659800971051986]]]},"properties":{"FID":103,"HA_Area":100,"B_5":0,"B_4":0,"B_3":0,"B_2":0,"B_1":0,"Norm_B1":0,"Norm_B2":0,"Norm_B3":0,"Norm_B4":0,"Norm_B5":0,"Roads_1_S_":0,"Junctions":0,"Weighted_S":0,"nor_junc":0,"Shape_Leng":4000,"Shape_Area":1000000}},{"type":"Feature","id":104,"geometry":{"type":"Polygon","coordinates":[[[73.158448584814963,22.568740108932854],[73.158328584397779,22.577769350100123],[73.148605801498988,22.577657587661914],[73.148726434557645,22.568628396005476],[73.158448584814963,22.568740108932854]]]},"properties":{"FID":104,"HA_Area":100,"B_5":0,"B_4":0,"B_3":0,"B_2":0,"B_1":0,"Norm_B1":0,"Norm_B2":0,"Norm_B3":0,"Norm_B4":0,"Norm_B5":0,"Roads_1_S_":0,"Junctions":0,"Weighted_S":0,"nor_junc":0,"Shape_Leng":4000,"Shape_Area":1000000}},{"type":"Feature","id":105,"geometry":{"type":"Polygon","coordinates":[[[73.273992410170038,22.660332503953711],[73.273879429400068,22.669362212054189],[73.264149587948452,22.669257039533949],[73.264263204794091,22.660227377878911],[73.273992410170038,22.660332503953711]]]},"properties":{"FID":105,"HA_Area":100,"B_5":0,"B_4":0,"B_3":0,"B_2":1847.93994,"B_1":0,"Norm_B1":0,"Norm_B2":0.087585918137300003,"Norm_B3":0,"Norm_B4":0,"Norm_B5":0,"Roads_1_S_":0.575941026,"Junctions":0.0875859037,"Weighted_S":0.175172001,"nor_junc":0.019739113529800002,"Shape_Leng":4000,"Shape_Area":1000000}},{"type":"Feature","id":106,"geometry":{"type":"Polygon","coordinates":[[[73.178604209573336,22.51478551061377],[73.178485837051156,22.523814914349582],[73.168766723442999,22.523704621297068],[73.168885726711281,22.514675266514448],[73.178604209573336,22.51478551061377]]]},"properties":{"FID":106,"HA_Area":100,"B_5":0,"B_4":0,"B_3":0,"B_2":0,"B_1":0,"Norm_B1":0,"Norm_B2":0,"Norm_B3":0,"Norm_B4":0,"Norm_B5":0,"Roads_1_S_":0.0457442999,"Junctions":0,"Weighted_S":0,"nor_junc":0,"Shape_Leng":4000,"Shape_Area":1000000}},{"type":"Feature","id":107,"geometry":{"type":"Polygon","coordinates":[[[73.312578325269129,22.687836747064381],[73.312467720498006,22.696866606274227],[73.302735740885794,22.696763659765061],[73.30284698276914,22.687733845975004],[73.312578325269129,22.687836747064381]]]},"properties":{"FID":107,"HA_Area":100,"B_5":0,"B_4":0,"B_3":0,"B_2":0,"B_1":0,"Norm_B1":0,"Norm_B2":0,"Norm_B3":0,"Norm_B4":0,"Norm_B5":0,"Roads_1_S_":0.320241004,"Junctions":0,"Weighted_S":0,"nor_junc":0,"Shape_Leng":4000,"Shape_Area":1000000}},{"type":"Feature","id":108,"geometry":{"type":"Polygon","coordinates":[[[73.139367772304311,22.541428605420766],[73.139246691843738,22.550457779560478],[73.129525929026784,22.550344991721079],[73.129647641127235,22.541315867593852],[73.139367772304311,22.541428605420766]]]},"properties":{"FID":108,"HA_Area":100,"B_5":0,"B_4":0,"B_3":0,"B_2":0,"B_1":0,"Norm_B1":0,"Norm_B2":0,"Norm_B3":0,"Norm_B4":0,"Norm_B5":0,"Roads_1_S_":0,"Junctions":0,"Weighted_S":0,"nor_junc":0,"Shape_Leng":4000,"Shape_Area":1000000}},{"type":"Feature","id":109,"geometry":{"type":"Polygon","coordinates":[[[73.235537449362781,22.623790267841482],[73.235422159124582,22.632819831488874],[73.225695092730476,22.632712486860427],[73.225811017684606,22.62368297067723],[73.235537449362781,22.623790267841482]]]},"properties":{"FID":109,"HA_Area":100,"B_5":0,"B_4":0,"B_3":0,"B_2":0,"B_1":0,"Norm_B1":0,"Norm_B2":0,"Norm_B3":0,"Norm_B4":0,"Norm_B5":0,"Roads_1_S_":0.156124994,"Junctions":0,"Weighted_S":0,"nor_junc":0,"Shape_Leng":4000,"Shape_Area":1000000}},{"type":"Feature","id":110,"geometry":{"type":"Polygon","coordinates":[[[73.303513248215637,22.63355473870639],[73.303402345065081,22.642584616630149],[73.29367423969093,22.642481352751052],[73.293785777998096,22.633451520473187],[73.303513248215637,22.63355473870639]]]},"properties":{"FID":110,"HA_Area":100,"B_5":0,"B_4":0,"B_3":0,"B_2":0,"B_1":0,"Norm_B1":0,"Norm_B2":0,"Norm_B3":0,"Norm_B4":0,"Norm_B5":0,"Roads_1_S_":0.900316,"Junctions":0,"Weighted_S":0,"nor_junc":0,"Shape_Leng":4000,"Shape_Area":1000000}},{"type":"Feature","id":111,"geometry":{"type":"Polygon","coordinates":[[[73.186312962717068,22.668394401583409],[73.186194197540118,22.677423671527521],[73.176464251287598,22.677313135981528],[73.176583652707976,22.668283914835197],[73.186312962717068,22.668394401583409]]]},"properties":{"FID":111,"HA_Area":100,"B_5":0,"B_4":0,"B_3":0,"B_2":0,"B_1":0,"Norm_B1":0,"Norm_B2":0,"Norm_B3":0,"Norm_B4":0,"Norm_B5":0,"Roads_1_S_":0,"Junctions":0,"Weighted_S":0,"nor_junc":0,"Shape_Leng":4000,"Shape_Area":1000000}},{"type":"Feature","id":112,"geometry":{"type":"Polygon","coordinates":[[[73.120294229127467,22.514115257000558],[73.120172072395036,22.523144363115723],[73.110453327834819,22.523030553001835],[73.110576115206158,22.514001497400422],[73.120294229127467,22.514115257000558]]]},"properties":{"FID":112,"HA_Area":100,"B_5":0,"B_4":0,"B_3":0,"B_2":0,"B_1":0,"Norm_B1":0,"Norm_B2":0,"Norm_B3":0,"Norm_B4":0,"Norm_B5":0,"Roads_1_S_":0.170935005,"Junctions":0,"Weighted_S":0,"nor_junc":0,"Shape_Leng":4000,"Shape_Area":1000000}},{"type":"Feature","id":113,"geometry":{"type":"Polygon","coordinates":[[[73.198041356070917,22.515004240889159],[73.197924245093489,22.524033741750969],[73.188205011041859,22.523924621172501],[73.188322752800374,22.514895168743625],[73.198041356070917,22.515004240889159]]]},"properties":{"FID":113,"HA_Area":100,"B_5":0,"B_4":3792.65991,"B_3":0,"B_2":0,"B_1":0,"Norm_B1":0,"Norm_B2":0,"Norm_B3":0,"Norm_B4":0.055388530878399997,"Norm_B5":0,"Roads_1_S_":0.531753004,"Junctions":0.0553884991,"Weighted_S":0.221553996,"nor_junc":0.0249656306717,"Shape_Leng":4000,"Shape_Area":1000000}},{"type":"Feature","id":114,"geometry":{"type":"Polygon","coordinates":[[[73.148364351000524,22.595715938714626],[73.13864036334256,22.59560348896947],[73.13876175259584,22.586574368604669],[73.14848510698593,22.586686768566135],[73.148364351000524,22.595715938714626]]]},"properties":{"FID":114,"HA_Area":100,"B_5":0,"B_4":0,"B_3":0,"B_2":0,"B_1":0,"Norm_B1":0,"Norm_B2":0,"Norm_B3":0,"Norm_B4":0,"Norm_B5":0,"Roads_1_S_":0.607702971,"Junctions":0,"Weighted_S":0,"nor_junc":0,"Shape_Leng":4000,"Shape_Area":1000000}},{"type":"Feature","id":115,"geometry":{"type":"Polygon","coordinates":[[[73.341989909594787,22.670081883728695],[73.341881326648405,22.679111898978768],[73.332150453436611,22.679010815922247],[73.332259672897436,22.669980845298063],[73.341989909594787,22.670081883728695]]]},"properties":{"FID":115,"HA_Area":100,"B_5":0,"B_4":0,"B_3":0,"B_2":0,"B_1":0,"Norm_B1":0,"Norm_B2":0,"Norm_B3":0,"Norm_B4":0,"Norm_B5":0,"Roads_1_S_":0.408134013,"Junctions":0,"Weighted_S":0,"nor_junc":0,"Shape_Leng":4000,"Shape_Area":1000000}},{"type":"Feature","id":116,"geometry":{"type":"Polygon","coordinates":[[[73.303845619346589,22.606465040887766],[73.303734885339935,22.615494950831749],[73.294008684467158,22.615391823872997],[73.294120052662166,22.606361959557571],[73.303845619346589,22.606465040887766]]]},"properties":{"FID":116,"HA_Area":100,"B_5":0,"B_4":0,"B_3":0,"B_2":0,"B_1":0,"Norm_B1":0,"Norm_B2":0,"Norm_B3":0,"Norm_B4":0,"Norm_B5":0,"Roads_1_S_":0.185451999,"Junctions":0,"Weighted_S":0,"nor_junc":0,"Shape_Leng":4000,"Shape_Area":1000000}},{"type":"Feature","id":117,"geometry":{"type":"Polygon","coordinates":[[[73.26437676390006,22.651197705513294],[73.264263204794091,22.660227377878911],[73.254534057157798,22.660121661536976],[73.254648251999441,22.651092035871585],[73.26437676390006,22.651197705513294]]]},"properties":{"FID":117,"HA_Area":100,"B_5":0,"B_4":0,"B_3":0,"B_2":1824.01001,"B_1":0,"Norm_B1":0,"Norm_B2":0.101960269632,"Norm_B3":0,"Norm_B4":0,"Norm_B5":0,"Roads_1_S_":0.651398003,"Junctions":0.101960003,"Weighted_S":0.203921005,"nor_junc":0.022978671508900001,"Shape_Leng":4000,"Shape_Area":1000000}},{"type":"Feature","id":118,"geometry":{"type":"Polygon","coordinates":[[[73.343396473224445,22.552690715956718],[73.343288606242226,22.561720869620331],[73.333565982530018,22.561620366259774],[73.333674481831522,22.552590257148726],[73.343396473224445,22.552690715956718]]]},"properties":{"FID":118,"HA_Area":100,"B_5":0,"B_4":0,"B_3":0,"B_2":0,"B_1":0,"Norm_B1":0,"Norm_B2":0,"Norm_B3":0,"Norm_B4":0,"Norm_B5":0,"Roads_1_S_":0.648689985,"Junctions":0,"Weighted_S":0,"nor_junc":0,"Shape_Leng":4000,"Shape_Area":1000000}},{"type":"Feature","id":119,"geometry":{"type":"Polygon","coordinates":[[[73.148364351000524,22.595715938714626],[73.158088400148742,22.595827800193256],[73.157968216281219,22.604857009112102],[73.148243533524905,22.60474509810388],[73.148364351000524,22.595715938714626]]]},"properties":{"FID":119,"HA_Area":100,"B_5":0,"B_4":0,"B_3":0,"B_2":0,"B_1":0,"Norm_B1":0,"Norm_B2":0,"Norm_B3":0,"Norm_B4":0,"Norm_B5":0,"Roads_1_S_":0.938202024,"Junctions":0,"Weighted_S":0,"nor_junc":0,"Shape_Leng":4000,"Shape_Area":1000000}},{"type":"Feature","id":120,"geometry":{"type":"Polygon","coordinates":[[[73.128794352859146,22.604519510521889],[73.128672206068245,22.613548559295406],[73.118947074927121,22.613434832435079],[73.119069855594432,22.604405833978671],[73.128794352859146,22.604519510521889]]]},"properties":{"FID":120,"HA_Area":100,"B_5":0,"B_4":0,"B_3":0,"B_2":0,"B_1":0,"Norm_B1":0,"Norm_B2":0,"Norm_B3":0,"Norm_B4":0,"Norm_B5":0,"Roads_1_S_":0.948615015,"Junctions":0,"Weighted_S":0,"nor_junc":0,"Shape_Leng":4000,"Shape_Area":1000000}},{"type":"Feature","id":121,"geometry":{"type":"Polygon","coordinates":[[[73.274669089628787,22.606154030673501],[73.274556453106797,22.615183802950185],[73.264830423264499,22.615078909014315],[73.264943693924963,22.606049183147785],[73.274669089628787,22.606154030673501]]]},"properties":{"FID":121,"HA_Area":100,"B_5":0,"B_4":0,"B_3":0,"B_2":0,"B_1":0,"Norm_B1":0,"Norm_B2":0,"Norm_B3":0,"Norm_B4":0,"Norm_B5":0,"Roads_1_S_":0.443758994,"Junctions":0,"Weighted_S":0,"nor_junc":0,"Shape_Leng":4000,"Shape_Area":1000000}},{"type":"Feature","id":122,"geometry":{"type":"Polygon","coordinates":[[[73.226736296091673,22.55144645556458],[73.226620842360873,22.560476057414608],[73.216898903507243,22.5603685049877],[73.217014989358034,22.551338950814198],[73.226736296091673,22.55144645556458]]]},"properties":{"FID":122,"HA_Area":100,"B_5":0,"B_4":942.648987,"B_3":0,"B_2":579.677002,"B_1":0,"Norm_B1":0,"Norm_B2":0.84941246880800003,"Norm_B3":0,"Norm_B4":0.84784760964200001,"Norm_B5":0,"Roads_1_S_":1.54531002,"Junctions":1.69726002,"Weighted_S":5.09021997,"nor_junc":0.57358727036400003,"Shape_Leng":4000,"Shape_Area":1000000}},{"type":"Feature","id":123,"geometry":{"type":"Polygon","coordinates":[[[73.147274777917829,22.676977985463914],[73.147153406221946,22.686007047862063],[73.137423068143448,22.685894099933346],[73.137545076334376,22.676865087381966],[73.147274777917829,22.676977985463914]]]},"properties":{"FID":123,"HA_Area":100,"B_5":0,"B_4":0,"B_3":0,"B_2":0,"B_1":0,"Norm_B1":0,"Norm_B2":0,"Norm_B3":0,"Norm_B4":0,"Norm_B5":0,"Roads_1_S_":0.0655715987,"Junctions":0,"Weighted_S":0,"nor_junc":0,"Shape_Leng":4000,"Shape_Area":1000000}},{"type":"Feature","id":124,"geometry":{"type":"Polygon","coordinates":[[[73.303180369504815,22.660644340433208],[73.303069297062137,22.669674186305631],[73.293339284280108,22.669570785454162],[73.29345099284852,22.660540985244985],[73.303180369504815,22.660644340433208]]]},"properties":{"FID":124,"HA_Area":100,"B_5":0,"B_4":0,"B_3":0,"B_2":1198.62,"B_1":0,"Norm_B1":0,"Norm_B2":0.477622683838,"Norm_B3":0,"Norm_B4":0,"Norm_B5":0,"Roads_1_S_":0.954759002,"Junctions":0.477622986,"Weighted_S":0.955245018,"nor_junc":0.107641002776,"Shape_Leng":4000,"Shape_Area":1000000}},{"type":"Feature","id":125,"geometry":{"type":"Polygon","coordinates":[[[73.255559722506788,22.578854645170747],[73.255445991557437,22.587884356443237],[73.2457219786954,22.587778425369279],[73.245836342782255,22.578748761010189],[73.255559722506788,22.578854645170747]]]},"properties":{"FID":125,"HA_Area":100,"B_5":0,"B_4":3470.28003,"B_3":0,"B_2":1801.02002,"B_1":0,"Norm_B1":0,"Norm_B2":0.115770012403,"Norm_B3":0,"Norm_B4":0.145027788987,"Norm_B5":0,"Roads_1_S_":0.365319014,"Junctions":0.260798007,"Weighted_S":0.811650991,"nor_junc":0.091460227455599993,"Shape_Leng":4000,"Shape_Area":1000000}},{"type":"Feature","id":126,"geometry":{"type":"Polygon","coordinates":[[[73.196042333067837,22.66850429792067],[73.195924204151964,22.677533616401874],[73.186194197540118,22.677423671527521],[73.186312962717068,22.668394401583409],[73.196042333067837,22.66850429792067]]]},"properties":{"FID":126,"HA_Area":100,"B_5":0,"B_4":0,"B_3":0,"B_2":0,"B_1":0,"Norm_B1":0,"Norm_B2":0,"Norm_B3":0,"Norm_B4":0,"Norm_B5":0,"Roads_1_S_":0,"Junctions":0,"Weighted_S":0,"nor_junc":0,"Shape_Leng":4000,"Shape_Area":1000000}},{"type":"Feature","id":127,"geometry":{"type":"Polygon","coordinates":[[[73.217478741456432,22.515220627168322],[73.217362892093163,22.524250224115583],[73.207643538884469,22.524142276070226],[73.207760019063457,22.515112727035614],[73.217478741456432,22.515220627168322]]]},"properties":{"FID":127,"HA_Area":100,"B_5":0,"B_4":3123.97998,"B_3":0,"B_2":0,"B_1":0,"Norm_B1":0,"Norm_B2":0,"Norm_B3":0,"Norm_B4":0.24131816290700001,"Norm_B5":0,"Roads_1_S_":0.818507016,"Junctions":0.241318002,"Weighted_S":0.965273023,"nor_junc":0.108771000269,"Shape_Leng":4000,"Shape_Area":1000000}},{"type":"Feature","id":128,"geometry":{"type":"Polygon","coordinates":[[[73.188322752800374,22.514895168743625],[73.188205011041859,22.523924621172501],[73.178485837051156,22.523814914349582],[73.178604209573336,22.51478551061377],[73.188322752800374,22.514895168743625]]]},"properties":{"FID":128,"HA_Area":100,"B_5":0,"B_4":0,"B_3":0,"B_2":0,"B_1":0,"Norm_B1":0,"Norm_B2":0,"Norm_B3":0,"Norm_B4":0,"Norm_B5":0,"Roads_1_S_":0.167037994,"Junctions":0,"Weighted_S":0,"nor_junc":0,"Shape_Leng":4000,"Shape_Area":1000000}},{"type":"Feature","id":129,"geometry":{"type":"Polygon","coordinates":[[[73.226274128042689,22.587564798773805],[73.226158438837558,22.596594357818287],[73.216433968282914,22.596486614625089],[73.216550290896663,22.587457103281213],[73.226274128042689,22.587564798773805]]]},"properties":{"FID":129,"HA_Area":100,"B_5":0,"B_4":2691.05005,"B_3":0,"B_2":0,"B_1":0,"Norm_B1":0,"Norm_B2":0,"Norm_B3":0,"Norm_B4":0.36169638733800002,"Norm_B5":0,"Roads_1_S_":0.634312987,"Junctions":0.361696005,"Weighted_S":1.44678998,"nor_junc":0.16303034437300001,"Shape_Leng":4000,"Shape_Area":1000000}},{"type":"Feature","id":130,"geometry":{"type":"Polygon","coordinates":[[[73.35204371168993,22.643092088714734],[73.351935929768246,22.652122180306204],[73.342206909991617,22.652021821228498],[73.34231532747431,22.642991773985241],[73.35204371168993,22.643092088714734]]]},"properties":{"FID":130,"HA_Area":100,"B_5":0,"B_4":0,"B_3":0,"B_2":0,"B_1":824.869019,"Norm_B1":0.29223218340500001,"Norm_B2":0,"Norm_B3":0,"Norm_B4":0,"Norm_B5":0,"Roads_1_S_":0.604982972,"Junctions":0.292232007,"Weighted_S":0.292232007,"nor_junc":0.032929924428800002,"Shape_Leng":4000,"Shape_Area":1000000}},{"type":"Feature","id":131,"geometry":{"type":"Polygon","coordinates":[[[73.187497298599396,22.578101110788722],[73.187379136047213,22.587130488199243],[73.177655537701185,22.587020440353005],[73.177774333270108,22.577991111678536],[73.187497298599396,22.578101110788722]]]},"properties":{"FID":131,"HA_Area":100,"B_5":0,"B_4":3879.16992,"B_3":0,"B_2":0,"B_1":0,"Norm_B1":0,"Norm_B2":0,"Norm_B3":0,"Norm_B4":0.031334011636300001,"Norm_B5":0,"Roads_1_S_":0.914969027,"Junctions":0.0313340016,"Weighted_S":0.125336006,"nor_junc":0.014123385253,"Shape_Leng":4000,"Shape_Area":1000000}},{"type":"Feature","id":132,"geometry":{"type":"Polygon","coordinates":[[[73.206358331540073,22.623466608862479],[73.206241137205851,22.632496029335655],[73.196514248720803,22.632386916468651],[73.19663207771903,22.623357544241294],[73.206358331540073,22.623466608862479]]]},"properties":{"FID":132,"HA_Area":100,"B_5":0,"B_4":0,"B_3":0,"B_2":0,"B_1":0,"Norm_B1":0,"Norm_B2":0,"Norm_B3":0,"Norm_B4":0,"Norm_B5":0,"Roads_1_S_":0.00678873993,"Junctions":0,"Weighted_S":0,"nor_junc":0,"Shape_Leng":4000,"Shape_Area":1000000}},{"type":"Feature","id":133,"geometry":{"type":"Polygon","coordinates":[[[73.254762388795314,22.642062399493167],[73.254648251999441,22.651092035871585],[73.244919798144636,22.650985776237739],[73.245034570336244,22.641956186814269],[73.254762388795314,22.642062399493167]]]},"properties":{"FID":133,"HA_Area":100,"B_5":0,"B_4":0,"B_3":0,"B_2":1508.79004,"B_1":0,"Norm_B1":0,"Norm_B2":0.29130818441599998,"Norm_B3":0,"Norm_B4":0,"Norm_B5":0,"Roads_1_S_":0.65654999,"Junctions":0.291307986,"Weighted_S":0.582615972,"nor_junc":0.065651603756599994,"Shape_Leng":4000,"Shape_Area":1000000}},{"type":"Feature","id":134,"geometry":{"type":"Polygon","coordinates":[[[73.351504253767772,22.688242440084359],[73.351396197609034,22.697272478364805],[73.341663995179033,22.697171897461669],[73.341772688515206,22.688141903557568],[73.351504253767772,22.688242440084359]]]},"properties":{"FID":134,"HA_Area":100,"B_5":0,"B_4":0,"B_3":0,"B_2":0,"B_1":0,"Norm_B1":0,"Norm_B2":0,"Norm_B3":0,"Norm_B4":0,"Norm_B5":0,"Roads_1_S_":0.726490974,"Junctions":0,"Weighted_S":0,"nor_junc":0,"Shape_Leng":4000,"Shape_Area":1000000}},{"type":"Feature","id":135,"geometry":{"type":"Polygon","coordinates":[[[73.118578357891252,22.640521763078699],[73.118455327140481,22.649550718372947],[73.108727719834718,22.649436200397222],[73.108851385734013,22.640407295706083],[73.118578357891252,22.640521763078699]]]},"properties":{"FID":135,"HA_Area":100,"B_5":0,"B_4":0,"B_3":0,"B_2":0,"B_1":0,"Norm_B1":0,"Norm_B2":0,"Norm_B3":0,"Norm_B4":0,"Norm_B5":0,"Roads_1_S_":0.876021028,"Junctions":0,"Weighted_S":0,"nor_junc":0,"Shape_Leng":4000,"Shape_Area":1000000}},{"type":"Feature","id":136,"geometry":{"type":"Polygon","coordinates":[[[73.332368836864305,22.660950864000391],[73.332259672897436,22.669980845298063],[73.322529491694041,22.669879216241476],[73.322639291835856,22.660849279824802],[73.332368836864305,22.660950864000391]]]},"properties":{"FID":136,"HA_Area":100,"B_5":0,"B_4":0,"B_3":0,"B_2":0,"B_1":0,"Norm_B1":0,"Norm_B2":0,"Norm_B3":0,"Norm_B4":0,"Norm_B5":0,"Roads_1_S_":0.790409029,"Junctions":0,"Weighted_S":0,"nor_junc":0,"Shape_Leng":4000,"Shape_Area":1000000}},{"type":"Feature","id":137,"geometry":{"type":"Polygon","coordinates":[[[73.119437822817488,22.577318773933111],[73.119315229521419,22.586347804724166],[73.109592061481422,22.586233640835804],[73.109715287668934,22.577204660603094],[73.119437822817488,22.577318773933111]]]},"properties":{"FID":137,"HA_Area":100,"B_5":0,"B_4":0,"B_3":0,"B_2":0,"B_1":0,"Norm_B1":0,"Norm_B2":0,"Norm_B3":0,"Norm_B4":0,"Norm_B5":0,"Roads_1_S_":0,"Junctions":0,"Weighted_S":0,"nor_junc":0,"Shape_Leng":4000,"Shape_Area":1000000}},{"type":"Feature","id":138,"geometry":{"type":"Polygon","coordinates":[[[73.32340633131561,22.597639426180113],[73.33313143216273,22.597740696347888],[73.333022656200001,22.606770752263657],[73.3232969214381,22.606669437254652],[73.32340633131561,22.597639426180113]]]},"properties":{"FID":138,"HA_Area":100,"B_5":0,"B_4":0,"B_3":0,"B_2":0,"B_1":983.385986,"Norm_B1":0.019742655898700001,"Norm_B2":0,"Norm_B3":0,"Norm_B4":0,"Norm_B5":0,"Roads_1_S_":0.134595007,"Junctions":0.0197426993,"Weighted_S":0.0197426993,"nor_junc":0.0022246899113900001,"Shape_Leng":4000,"Shape_Area":1000000}},{"type":"Feature","id":139,"geometry":{"type":"Polygon","coordinates":[[[73.226967027093096,22.533387219790008],[73.226851690996696,22.542416843021883],[73.217131016061145,22.542309385942016],[73.2172469836338,22.533279810374655],[73.226967027093096,22.533387219790008]]]},"properties":{"FID":139,"HA_Area":100,"B_5":0,"B_4":1083.04004,"B_3":0,"B_2":1985.56995,"B_1":0,"Norm_B1":0,"Norm_B2":0.0049136357367599998,"Norm_B3":0,"Norm_B4":0.80881121053799998,"Norm_B5":0,"Roads_1_S_":0.83019501,"Junctions":0.813724995,"Weighted_S":3.24506998,"nor_junc":0.36566805396300001,"Shape_Leng":4000,"Shape_Area":1000000}},{"type":"Feature","id":140,"geometry":{"type":"Polygon","coordinates":[[[73.178367404146456,22.532844307372859],[73.178248910841646,22.541873689680095],[73.168528534776442,22.541763298702715],[73.168647659470594,22.532733965360997],[73.178367404146456,22.532844307372859]]]},"properties":{"FID":140,"HA_Area":100,"B_5":0,"B_4":0,"B_3":0,"B_2":0,"B_1":0,"Norm_B1":0,"Norm_B2":0,"Norm_B3":0,"Norm_B4":0,"Norm_B5":0,"Roads_1_S_":0.905927002,"Junctions":0,"Weighted_S":0,"nor_junc":0,"Shape_Leng":4000,"Shape_Area":1000000}},{"type":"Feature","id":141,"geometry":{"type":"Polygon","coordinates":[[[73.15760729749276,22.631944571315643],[73.157486868775081,22.64097373718749],[73.147759648361387,22.640861627998241],[73.147880711977336,22.631832511681051],[73.15760729749276,22.631944571315643]]]},"properties":{"FID":141,"HA_Area":100,"B_5":0,"B_4":0,"B_3":0,"B_2":0,"B_1":0,"Norm_B1":0,"Norm_B2":0,"Norm_B3":0,"Norm_B4":0,"Norm_B5":0,"Roads_1_S_":0.00421620021,"Junctions":0,"Weighted_S":0,"nor_junc":0,"Shape_Leng":4000,"Shape_Area":1000000}},{"type":"Feature","id":142,"geometry":{"type":"Polygon","coordinates":[[[73.333891314598816,22.534530007043951],[73.333782925849079,22.543560137408967],[73.324061621721228,22.543459136169684],[73.324170642130142,22.534429050606299],[73.333891314598816,22.534530007043951]]]},"properties":{"FID":142,"HA_Area":100,"B_5":0,"B_4":0,"B_3":0,"B_2":1731.18005,"B_1":0,"Norm_B1":0,"Norm_B2":0.157721833753,"Norm_B3":0,"Norm_B4":0,"Norm_B5":0,"Roads_1_S_":0.654437006,"Junctions":0.157721996,"Weighted_S":0.315443993,"nor_junc":0.0355455480475,"Shape_Leng":4000,"Shape_Area":1000000}},{"type":"Feature","id":143,"geometry":{"type":"Polygon","coordinates":[[[73.225230802939208,22.668830444318214],[73.225114582911502,22.677859906846507],[73.215384397160875,22.677751734076139],[73.21550125350204,22.668722319302841],[73.225230802939208,22.668830444318214]]]},"properties":{"FID":143,"HA_Area":100,"B_5":0,"B_4":0,"B_3":0,"B_2":0,"B_1":0,"Norm_B1":0,"Norm_B2":0,"Norm_B3":0,"Norm_B4":0,"Norm_B5":0,"Roads_1_S_":0,"Junctions":0,"Weighted_S":0,"nor_junc":0,"Shape_Leng":4000,"Shape_Area":1000000}},{"type":"Feature","id":144,"geometry":{"type":"Polygon","coordinates":[[[73.246064896274746,22.560689400221936],[73.245950648636381,22.569719085959921],[73.236227959942852,22.569612661073606],[73.236342840057389,22.560583022497514],[73.246064896274746,22.560689400221936]]]},"properties":{"FID":144,"HA_Area":100,"B_5":0,"B_4":2090.96997,"B_3":0,"B_2":420.725006,"B_1":0,"Norm_B1":0,"Norm_B2":0.944892551804,"Norm_B3":0,"Norm_B4":0.52855150416399999,"Norm_B5":0,"Roads_1_S_":1.72758996,"Junctions":1.47344005,"Weighted_S":4.00399017,"nor_junc":0.45118635453700001,"Shape_Leng":4000,"Shape_Area":1000000}},{"type":"Feature","id":145,"geometry":{"type":"Polygon","coordinates":[[[73.3232969214381,22.606669437254652],[73.323187455857351,22.615699437674117],[73.313461142577552,22.615597488770085],[73.313571242379425,22.606567533458087],[73.3232969214381,22.606669437254652]]]},"properties":{"FID":145,"HA_Area":100,"B_5":0,"B_4":0,"B_3":0,"B_2":0,"B_1":557.890015,"Norm_B1":0.75116717093600005,"Norm_B2":0,"Norm_B3":0,"Norm_B4":0,"Norm_B5":0,"Roads_1_S_":0.918161988,"Junctions":0.751166999,"Weighted_S":0.751166999,"nor_junc":0.084644638325300003,"Shape_Leng":4000,"Shape_Area":1000000}},{"type":"Feature","id":146,"geometry":{"type":"Polygon","coordinates":[[[73.226505329787187,22.56950564856848],[73.226389758353534,22.578535229022705],[73.216666554293781,22.578427581224695],[73.216782758491561,22.569398048459028],[73.226505329787187,22.56950564856848]]]},"properties":{"FID":146,"HA_Area":100,"B_5":0,"B_4":742.952026,"B_3":0,"B_2":1542.25,"B_1":0,"Norm_B1":0,"Norm_B2":0.271209287071,"Norm_B3":0,"Norm_B4":0.90337429829600002,"Norm_B5":0,"Roads_1_S_":0.916779995,"Junctions":1.17457998,"Weighted_S":4.15592003,"nor_junc":0.46830644589800002,"Shape_Leng":4000,"Shape_Area":1000000}},{"type":"Feature","id":147,"geometry":{"type":"Polygon","coordinates":[[[73.332041178465602,22.688040775869492],[73.331931847968178,22.697070725136371],[73.32219975629998,22.696968961402625],[73.322309723942425,22.68793905703383],[73.332041178465602,22.688040775869492]]]},"properties":{"FID":147,"HA_Area":100,"B_5":0,"B_4":0,"B_3":0,"B_2":0,"B_1":0,"Norm_B1":0,"Norm_B2":0,"Norm_B3":0,"Norm_B4":0,"Norm_B5":0,"Roads_1_S_":0.41583401,"Junctions":0,"Weighted_S":0,"nor_junc":0,"Shape_Leng":4000,"Shape_Area":1000000}},{"type":"Feature","id":148,"geometry":{"type":"Polygon","coordinates":[[[73.256354218602169,22.515646367270726],[73.256240892672494,22.524676153267027],[73.246521305009281,22.524570550462567],[73.246635261822775,22.515540811338273],[73.256354218602169,22.515646367270726]]]},"properties":{"FID":148,"HA_Area":100,"B_5":0,"B_4":3457.22998,"B_3":0,"B_2":0,"B_1":0,"Norm_B1":0,"Norm_B2":0,"Norm_B3":0,"Norm_B4":0.148656417067,"Norm_B5":0,"Roads_1_S_":0.893095016,"Junctions":0.148655996,"Weighted_S":0.594626009,"nor_junc":0.067004945044399994,"Shape_Leng":4000,"Shape_Area":1000000}},{"type":"Feature","id":149,"geometry":{"type":"Polygon","coordinates":[[[73.244804967584258,22.660015354942225],[73.244690078638044,22.669044922924261],[73.234960411425618,22.668937978863546],[73.235075936396541,22.659908458109065],[73.244804967584258,22.660015354942225]]]},"properties":{"FID":149,"HA_Area":100,"B_5":0,"B_4":0,"B_3":0,"B_2":0,"B_1":0,"Norm_B1":0,"Norm_B2":0,"Norm_B3":0,"Norm_B4":0,"Norm_B5":0,"Roads_1_S_":0.0147671001,"Junctions":0,"Weighted_S":0,"nor_junc":0,"Shape_Leng":4000,"Shape_Area":1000000}},{"type":"Feature","id":150,"geometry":{"type":"Polygon","coordinates":[[[73.264035913346277,22.678286690474948],[73.263922180970653,22.687316330698444],[73.254191124188409,22.687210474220283],[73.254305493269257,22.678180880714788],[73.264035913346277,22.678286690474948]]]},"properties":{"FID":150,"HA_Area":100,"B_5":0,"B_4":0,"B_3":0,"B_2":0,"B_1":0,"Norm_B1":0,"Norm_B2":0,"Norm_B3":0,"Norm_B4":0,"Norm_B5":0,"Roads_1_S_":0,"Junctions":0,"Weighted_S":0,"nor_junc":0,"Shape_Leng":4000,"Shape_Area":1000000}},{"type":"Feature","id":151,"geometry":{"type":"Polygon","coordinates":[[[73.245263939681294,22.623896975824255],[73.245149284176108,22.632926586675271],[73.235422159124582,22.632819831488874],[73.235537449362781,22.623790267841482],[73.245263939681294,22.623896975824255]]]},"properties":{"FID":151,"HA_Area":100,"B_5":0,"B_4":0,"B_3":0,"B_2":1839.88,"B_1":0,"Norm_B1":0,"Norm_B2":0.0924274012787,"Norm_B3":0,"Norm_B4":0,"Norm_B5":0,"Roads_1_S_":0.376758009,"Junctions":0.0924274027,"Weighted_S":0.184854999,"nor_junc":0.0208302342387,"Shape_Leng":4000,"Shape_Area":1000000}},{"type":"Feature","id":152,"geometry":{"type":"Polygon","coordinates":[[[73.149087965186013,22.541540756557993],[73.148967516383294,22.55056998045],[73.139246691843738,22.550457779560478],[73.139367772304311,22.541428605420766],[73.149087965186013,22.541540756557993]]]},"properties":{"FID":152,"HA_Area":100,"B_5":0,"B_4":0,"B_3":0,"B_2":0,"B_1":0,"Norm_B1":0,"Norm_B2":0,"Norm_B3":0,"Norm_B4":0,"Norm_B5":0,"Roads_1_S_":0,"Junctions":0,"Weighted_S":0,"nor_junc":0,"Shape_Leng":4000,"Shape_Area":1000000}},{"type":"Feature","id":153,"geometry":{"type":"Polygon","coordinates":[[[73.32340633131561,22.597639426180113],[73.3232969214381,22.606669437254652],[73.313571242379425,22.606567533458087],[73.313681286155472,22.597537567485308],[73.32340633131561,22.597639426180113]]]},"properties":{"FID":153,"HA_Area":100,"B_5":0,"B_4":0,"B_3":0,"B_2":0,"B_1":720.221985,"Norm_B1":0.47211968167099999,"Norm_B2":0,"Norm_B3":0,"Norm_B4":0,"Norm_B5":0,"Roads_1_S_":0.463683009,"Junctions":0.472119987,"Weighted_S":0.472119987,"nor_junc":0.053200454202299997,"Shape_Leng":4000,"Shape_Area":1000000}},{"type":"Feature","id":154,"geometry":{"type":"Polygon","coordinates":[[[73.158568524117641,22.55971085702312],[73.158448584814963,22.568740108932854],[73.148726434557645,22.568628396005476],[73.148847006179793,22.559599193600331],[73.158568524117641,22.55971085702312]]]},"properties":{"FID":154,"HA_Area":100,"B_5":0,"B_4":0,"B_3":0,"B_2":0,"B_1":0,"Norm_B1":0,"Norm_B2":0,"Norm_B3":0,"Norm_B4":0,"Norm_B5":0,"Roads_1_S_":0,"Junctions":0,"Weighted_S":0,"nor_junc":0,"Shape_Leng":4000,"Shape_Area":1000000}},{"type":"Feature","id":155,"geometry":{"type":"Polygon","coordinates":[[[73.353439895744799,22.525699929953955],[73.353332824969613,22.53473015975192],[73.343612042319251,22.53463037676369],[73.343719744463797,22.525600191241153],[73.353439895744799,22.525699929953955]]]},"properties":{"FID":155,"HA_Area":100,"B_5":0,"B_4":0,"B_3":0,"B_2":0,"B_1":0,"Norm_B1":0,"Norm_B2":0,"Norm_B3":0,"Norm_B4":0,"Norm_B5":0,"Roads_1_S_":0.509482026,"Junctions":0,"Weighted_S":0,"nor_junc":0,"Shape_Leng":4000,"Shape_Area":1000000}},{"type":"Feature","id":156,"geometry":{"type":"Polygon","coordinates":[[[73.303734885339935,22.615494950831749],[73.303624094968441,22.624524850105779],[73.293897259584654,22.624421677512689],[73.294008684467158,22.615391823872997],[73.303734885339935,22.615494950831749]]]},"properties":{"FID":156,"HA_Area":100,"B_5":0,"B_4":0,"B_3":0,"B_2":0,"B_1":0,"Norm_B1":0,"Norm_B2":0,"Norm_B3":0,"Norm_B4":0,"Norm_B5":0,"Roads_1_S_":0,"Junctions":0,"Weighted_S":0,"nor_junc":0,"Shape_Leng":4000,"Shape_Area":1000000}},{"type":"Feature","id":157,"geometry":{"type":"Polygon","coordinates":[[[73.323843414117846,22.561519275400286],[73.32373422689102,22.570549329060594],[73.314011081491884,22.570447605636879],[73.314120901327826,22.561417597055549],[73.323843414117846,22.561519275400286]]]},"properties":{"FID":157,"HA_Area":100,"B_5":0,"B_4":0,"B_3":0,"B_2":1946.48999,"B_1":728.476013,"Norm_B1":0.45793106635399999,"Norm_B2":0.028388379967900002,"Norm_B3":0,"Norm_B4":0,"Norm_B5":0,"Roads_1_S_":0.569226027,"Junctions":0.486319005,"Weighted_S":0.514707983,"nor_junc":0.0579994476109,"Shape_Leng":4000,"Shape_Area":1000000}},{"type":"Feature","id":158,"geometry":{"type":"Polygon","coordinates":[[[73.275455941367312,22.542945325781233],[73.275343705707414,22.551975172772504],[73.265622108064406,22.551870603584632],[73.265734975607003,22.54284080296252],[73.275455941367312,22.542945325781233]]]},"properties":{"FID":158,"HA_Area":100,"B_5":0,"B_4":940.400024,"B_3":0,"B_2":713.036987,"B_1":0,"Norm_B1":0,"Norm_B2":0.76930512317999999,"Norm_B3":0,"Norm_B4":0.84847294432300002,"Norm_B5":0,"Roads_1_S_":1.36547995,"Junctions":1.61777997,"Weighted_S":4.93249989,"nor_junc":0.55581471126899995,"Shape_Leng":4000,"Shape_Area":1000000}},{"type":"Feature","id":159,"geometry":{"type":"Polygon","coordinates":[[[73.324061621721228,22.543459136169684],[73.32395254572252,22.552489211102163],[73.314230665219483,22.552387577830718],[73.314340373183157,22.543357547965844],[73.324061621721228,22.543459136169684]]]},"properties":{"FID":159,"HA_Area":100,"B_5":0,"B_4":3973.96997,"B_3":0,"B_2":917.280029,"B_1":0,"Norm_B1":0,"Norm_B2":0.64661938717099998,"Norm_B3":0,"Norm_B4":0.0049744076451899997,"Norm_B5":0,"Roads_1_S_":1.28114998,"Junctions":0.651593983,"Weighted_S":1.31314003,"nor_junc":0.14797010971399999,"Shape_Leng":4000,"Shape_Area":1000000}},{"type":"Feature","id":160,"geometry":{"type":"Polygon","coordinates":[[[73.295008959453256,22.534122661122879],[73.294898044164114,22.543152610719613],[73.285176964326979,22.543049261704954],[73.285288511210084,22.534019357950999],[73.295008959453256,22.534122661122879]]]},"properties":{"FID":160,"HA_Area":100,"B_5":0,"B_4":1488.40002,"B_3":0,"B_2":1574.43994,"B_1":0,"Norm_B1":0,"Norm_B2":0.25187327143499999,"Norm_B3":0,"Norm_B4":0.69609894066300004,"Norm_B5":0,"Roads_1_S_":1.02158999,"Junctions":0.947972,"Weighted_S":3.28814006,"nor_junc":0.37052137042799999,"Shape_Leng":4000,"Shape_Area":1000000}},{"type":"Feature","id":161,"geometry":{"type":"Polygon","coordinates":[[[73.225811017684606,22.62368297067723],[73.225695092730476,22.632712486860427],[73.215968085316675,22.632604552804484],[73.216084644969484,22.623575084346019],[73.225811017684606,22.62368297067723]]]},"properties":{"FID":161,"HA_Area":100,"B_5":0,"B_4":0,"B_3":0,"B_2":0,"B_1":0,"Norm_B1":0,"Norm_B2":0,"Norm_B3":0,"Norm_B4":0,"Norm_B5":0,"Roads_1_S_":0.0462646,"Junctions":0,"Weighted_S":0,"nor_junc":0,"Shape_Leng":4000,"Shape_Area":1000000}},{"type":"Feature","id":162,"geometry":{"type":"Polygon","coordinates":[[[73.206006569642724,22.650554838070107],[73.205889196378976,22.659584226324398],[73.196160401965116,22.659474968683252],[73.196278410861368,22.650445628693127],[73.206006569642724,22.650554838070107]]]},"properties":{"FID":162,"HA_Area":100,"B_5":0,"B_4":0,"B_3":0,"B_2":0,"B_1":0,"Norm_B1":0,"Norm_B2":0,"Norm_B3":0,"Norm_B4":0,"Norm_B5":0,"Roads_1_S_":0,"Junctions":0,"Weighted_S":0,"nor_junc":0,"Shape_Leng":4000,"Shape_Area":1000000}},{"type":"Feature","id":163,"geometry":{"type":"Polygon","coordinates":[[[73.227082304397953,22.524357585872437],[73.236801775477232,22.524464361326249],[73.236687129343977,22.533494042642133],[73.226967027093096,22.533387219790008],[73.227082304397953,22.524357585872437]]]},"properties":{"FID":163,"HA_Area":100,"B_5":0,"B_4":2380.96997,"B_3":0,"B_2":0,"B_1":0,"Norm_B1":0,"Norm_B2":0,"Norm_B3":0,"Norm_B4":0.44791562631499998,"Norm_B5":0,"Roads_1_S_":0.652073026,"Junctions":0.447916001,"Weighted_S":1.79165995,"nor_junc":0.20189173473499999,"Shape_Leng":4000,"Shape_Area":1000000}},{"type":"Feature","id":164,"geometry":{"type":"Polygon","coordinates":[[[73.274443759252009,22.624213564539502],[73.274331008047682,22.633243315437966],[73.264603708960465,22.633138328664167],[73.264717094948608,22.624108624187599],[73.274443759252009,22.624213564539502]]]},"properties":{"FID":164,"HA_Area":100,"B_5":0,"B_4":0,"B_3":0,"B_2":1355.56995,"B_1":0,"Norm_B1":0,"Norm_B2":0.38334519909199999,"Norm_B3":0,"Norm_B4":0,"Norm_B5":0,"Roads_1_S_":1.17135,"Junctions":0.383345008,"Weighted_S":0.766690016,"nor_junc":0.086393836725300002,"Shape_Leng":4000,"Shape_Area":1000000}},{"type":"Feature","id":165,"geometry":{"type":"Polygon","coordinates":[[[73.353225699586389,22.543760378939265],[73.353118519579255,22.552790587512558],[73.343396473224445,22.552690715956718],[73.343504285244791,22.543660551670026],[73.353225699586389,22.543760378939265]]]},"properties":{"FID":165,"HA_Area":100,"B_5":0,"B_4":0,"B_3":0,"B_2":0,"B_1":0,"Norm_B1":0,"Norm_B2":0,"Norm_B3":0,"Norm_B4":0,"Norm_B5":0,"Roads_1_S_":0.908592999,"Junctions":0,"Weighted_S":0,"nor_junc":0,"Shape_Leng":4000,"Shape_Area":1000000}},{"type":"Feature","id":166,"geometry":{"type":"Polygon","coordinates":[[[73.14751733637155,22.658919828298689],[73.147396087961681,22.667948912274962],[73.137667022550133,22.667836064033452],[73.137788906808865,22.65880702989131],[73.14751733637155,22.658919828298689]]]},"properties":{"FID":166,"HA_Area":100,"B_5":0,"B_4":0,"B_3":0,"B_2":0,"B_1":0,"Norm_B1":0,"Norm_B2":0,"Norm_B3":0,"Norm_B4":0,"Norm_B5":0,"Roads_1_S_":0.0956860036,"Junctions":0,"Weighted_S":0,"nor_junc":0,"Shape_Leng":4000,"Shape_Area":1000000}},{"type":"Feature","id":167,"geometry":{"type":"Polygon","coordinates":[[[73.227082304397953,22.524357585872437],[73.226967027093096,22.533387219790008],[73.2172469836338,22.533279810374655],[73.217362892093163,22.524250224115583],[73.227082304397953,22.524357585872437]]]},"properties":{"FID":167,"HA_Area":100,"B_5":0,"B_4":2049.3999,"B_3":0,"B_2":0,"B_1":0,"Norm_B1":0,"Norm_B2":0,"Norm_B3":0,"Norm_B4":0.54011025917900002,"Norm_B5":0,"Roads_1_S_":0.649861991,"Junctions":0.540109992,"Weighted_S":2.16043997,"nor_junc":0.24344740901100001,"Shape_Leng":4000,"Shape_Area":1000000}},{"type":"Feature","id":168,"geometry":{"type":"Polygon","coordinates":[[[73.333240152760979,22.588710629786171],[73.33313143216273,22.597740696347888],[73.32340633131561,22.597639426180113],[73.323515685506109,22.588609404453958],[73.333240152760979,22.588710629786171]]]},"properties":{"FID":168,"HA_Area":100,"B_5":0,"B_4":0,"B_3":0,"B_2":0,"B_1":0,"Norm_B1":0,"Norm_B2":0,"Norm_B3":0,"Norm_B4":0,"Norm_B5":0,"Roads_1_S_":0.109906003,"Junctions":0,"Weighted_S":0,"nor_junc":0,"Shape_Leng":4000,"Shape_Area":1000000}},{"type":"Feature","id":169,"geometry":{"type":"Polygon","coordinates":[[[73.188205011041859,22.523924621172501],[73.188087209222374,22.532954062894966],[73.178367404146456,22.532844307372859],[73.178485837051156,22.523814914349582],[73.188205011041859,22.523924621172501]]]},"properties":{"FID":169,"HA_Area":100,"B_5":0,"B_4":3863.68994,"B_3":0,"B_2":0,"B_1":0,"Norm_B1":0,"Norm_B2":0,"Norm_B3":0,"Norm_B4":0.035638293754200003,"Norm_B5":0,"Roads_1_S_":0.224611998,"Junctions":0.0356382988,"Weighted_S":0.142553002,"nor_junc":0.016063468279100001,"Shape_Leng":4000,"Shape_Area":1000000}},{"type":"Feature","id":170,"geometry":{"type":"Polygon","coordinates":[[[73.284953699911824,22.561109037247927],[73.284841982346663,22.570138909030018],[73.275119062722965,22.570034834762264],[73.275231412831516,22.561005009100672],[73.284953699911824,22.561109037247927]]]},"properties":{"FID":170,"HA_Area":100,"B_5":0,"B_4":2733.84009,"B_3":0,"B_2":1924.32996,"B_1":680.796997,"Norm_B1":0.539890952132,"Norm_B2":0.041699580568899997,"Norm_B3":0,"Norm_B4":0.34979841367199999,"Norm_B5":0,"Roads_1_S_":0.702203989,"Junctions":0.931388974,"Weighted_S":2.02248001,"nor_junc":0.22790150419300001,"Shape_Leng":4000,"Shape_Area":1000000}},{"type":"Feature","id":171,"geometry":{"type":"Polygon","coordinates":[[[73.34253199708877,22.624931647529589],[73.342423689834661,22.633961716084446],[73.33269599596332,22.633860856100796],[73.332804938116453,22.624830832143552],[73.34253199708877,22.624931647529589]]]},"properties":{"FID":171,"HA_Area":100,"B_5":0,"B_4":0,"B_3":0,"B_2":0,"B_1":0,"Norm_B1":0,"Norm_B2":0,"Norm_B3":0,"Norm_B4":0,"Norm_B5":0,"Roads_1_S_":0.501251996,"Junctions":0,"Weighted_S":0,"nor_junc":0,"Shape_Leng":4000,"Shape_Area":1000000}},{"type":"Feature","id":172,"geometry":{"type":"Polygon","coordinates":[[[73.137667022550133,22.667836064033452],[73.137545076334376,22.676865087381966],[73.127815436726067,22.676751598704076],[73.127938019095609,22.667722625456651],[73.137667022550133,22.667836064033452]]]},"properties":{"FID":172,"HA_Area":100,"B_5":0,"B_4":0,"B_3":0,"B_2":0,"B_1":0,"Norm_B1":0,"Norm_B2":0,"Norm_B3":0,"Norm_B4":0,"Norm_B5":0,"Roads_1_S_":0.364665002,"Junctions":0,"Weighted_S":0,"nor_junc":0,"Shape_Leng":4000,"Shape_Area":1000000}},{"type":"Feature","id":173,"geometry":{"type":"Polygon","coordinates":[[[73.167692960223306,22.604968331578242],[73.157968216281219,22.604857009112102],[73.158088400148742,22.595827800193256],[73.16781251046487,22.595939073390198],[73.167692960223306,22.604968331578242]]]},"properties":{"FID":173,"HA_Area":100,"B_5":0,"B_4":0,"B_3":0,"B_2":0,"B_1":0,"Norm_B1":0,"Norm_B2":0,"Norm_B3":0,"Norm_B4":0,"Norm_B5":0,"Roads_1_S_":0.827718973,"Junctions":0,"Weighted_S":0,"nor_junc":0,"Shape_Leng":4000,"Shape_Area":1000000}},{"type":"Feature","id":174,"geometry":{"type":"Polygon","coordinates":[[[73.167692960223306,22.604968331578242],[73.177417765028736,22.605079065487228],[73.177298787889939,22.614108361939984],[73.167573349118399,22.613997579016015],[73.167692960223306,22.604968331578242]]]},"properties":{"FID":174,"HA_Area":100,"B_5":0,"B_4":0,"B_3":0,"B_2":0,"B_1":0,"Norm_B1":0,"Norm_B2":0,"Norm_B3":0,"Norm_B4":0,"Norm_B5":0,"Roads_1_S_":0.95669198,"Junctions":0,"Weighted_S":0,"nor_junc":0,"Shape_Leng":4000,"Shape_Area":1000000}},{"type":"Feature","id":175,"geometry":{"type":"Polygon","coordinates":[[[73.34382739169439,22.516569995105876],[73.343719744463797,22.525600191241153],[73.33399964809675,22.525499866057132],[73.334107926358982,22.516469714451958],[73.34382739169439,22.516569995105876]]]},"properties":{"FID":175,"HA_Area":100,"B_5":0,"B_4":0,"B_3":0,"B_2":0,"B_1":0,"Norm_B1":0,"Norm_B2":0,"Norm_B3":0,"Norm_B4":0,"Norm_B5":0,"Roads_1_S_":0.076315999,"Junctions":0,"Weighted_S":0,"nor_junc":0,"Shape_Leng":4000,"Shape_Area":1000000}},{"type":"Feature","id":176,"geometry":{"type":"Polygon","coordinates":[[[73.127692792058227,22.685780561148004],[73.127570085073913,22.694809512784925],[73.117839234523274,22.694695332783844],[73.117962578289493,22.68566643152143],[73.127692792058227,22.685780561148004]]]},"properties":{"FID":176,"HA_Area":100,"B_5":0,"B_4":0,"B_3":0,"B_2":0,"B_1":0,"Norm_B1":0,"Norm_B2":0,"Norm_B3":0,"Norm_B4":0,"Norm_B5":0,"Roads_1_S_":0.678421021,"Junctions":0,"Weighted_S":0,"nor_junc":0,"Shape_Leng":4000,"Shape_Area":1000000}},{"type":"Feature","id":177,"geometry":{"type":"Polygon","coordinates":[[[73.283384467582792,22.687526270492359],[73.283271951524696,22.696555992660311],[73.273540142422803,22.696451272092876],[73.273653295543241,22.687421596127226],[73.283384467582792,22.687526270492359]]]},"properties":{"FID":177,"HA_Area":100,"B_5":0,"B_4":0,"B_3":0,"B_2":1960.58997,"B_1":0,"Norm_B1":0,"Norm_B2":0.019918735834200001,"Norm_B3":0,"Norm_B4":0,"Norm_B5":0,"Roads_1_S_":0.541804016,"Junctions":0.0199187007,"Weighted_S":0.0398374982,"nor_junc":0.0044890558709199998,"Shape_Leng":4000,"Shape_Area":1000000}},{"type":"Feature","id":178,"geometry":{"type":"Polygon","coordinates":[[[73.323077934557105,22.624729427435071],[73.322968357521106,22.633759406534057],[73.31324077483093,22.63365736739798],[73.313350986733511,22.624627433417867],[73.323077934557105,22.624729427435071]]]},"properties":{"FID":178,"HA_Area":100,"B_5":0,"B_4":0,"B_3":0,"B_2":0,"B_1":0,"Norm_B1":0,"Norm_B2":0,"Norm_B3":0,"Norm_B4":0,"Norm_B5":0,"Roads_1_S_":0,"Junctions":0,"Weighted_S":0,"nor_junc":0,"Shape_Leng":4000,"Shape_Area":1000000}},{"type":"Feature","id":179,"geometry":{"type":"Polygon","coordinates":[[[73.13864036334256,22.59560348896947],[73.138518912276751,22.604632598568731],[73.128794352859146,22.604519510521889],[73.128916437497111,22.595490450973003],[73.13864036334256,22.59560348896947]]]},"properties":{"FID":179,"HA_Area":100,"B_5":0,"B_4":0,"B_3":0,"B_2":0,"B_1":0,"Norm_B1":0,"Norm_B2":0,"Norm_B3":0,"Norm_B4":0,"Norm_B5":0,"Roads_1_S_":0.867992997,"Junctions":0,"Weighted_S":0,"nor_junc":0,"Shape_Leng":4000,"Shape_Area":1000000}},{"type":"Feature","id":180,"geometry":{"type":"Polygon","coordinates":[[[73.322309723942425,22.68793905703383],[73.32219975629998,22.696968961402625],[73.312467720498006,22.696866606274227],[73.312578325269129,22.687836747064381],[73.322309723942425,22.68793905703383]]]},"properties":{"FID":180,"HA_Area":100,"B_5":0,"B_4":0,"B_3":0,"B_2":0,"B_1":0,"Norm_B1":0,"Norm_B2":0,"Norm_B3":0,"Norm_B4":0,"Norm_B5":0,"Roads_1_S_":0.0555461012,"Junctions":0,"Weighted_S":0,"nor_junc":0,"Shape_Leng":4000,"Shape_Area":1000000}},{"type":"Feature","id":181,"geometry":{"type":"Polygon","coordinates":[[[73.148967516383294,22.55056998045],[73.148847006179793,22.559599193600331],[73.139125549660577,22.55948694295224],[73.139246691843738,22.550457779560478],[73.148967516383294,22.55056998045]]]},"properties":{"FID":181,"HA_Area":100,"B_5":0,"B_4":0,"B_3":0,"B_2":0,"B_1":0,"Norm_B1":0,"Norm_B2":0,"Norm_B3":0,"Norm_B4":0,"Norm_B5":0,"Roads_1_S_":0,"Junctions":0,"Weighted_S":0,"nor_junc":0,"Shape_Leng":4000,"Shape_Area":1000000}},{"type":"Feature","id":182,"geometry":{"type":"Polygon","coordinates":[[[73.293339284280108,22.669570785454162],[73.293227518924766,22.678600574966861],[73.283496926497321,22.67849653761521],[73.28360932828501,22.669466794032314],[73.293339284280108,22.669570785454162]]]},"properties":{"FID":182,"HA_Area":100,"B_5":0,"B_4":0,"B_3":0,"B_2":462.928986,"B_1":0,"Norm_B1":0,"Norm_B2":0.91954125348799998,"Norm_B3":0,"Norm_B4":0,"Norm_B5":0,"Roads_1_S_":1.65740001,"Junctions":0.919541001,"Weighted_S":1.83907998,"nor_junc":0.20723522141299999,"Shape_Leng":4000,"Shape_Area":1000000}},{"type":"Feature","id":183,"geometry":{"type":"Polygon","coordinates":[[[73.264943693924963,22.606049183147785],[73.264830423264499,22.615078909014315],[73.255104451077642,22.614973426114386],[73.255218355859739,22.605943746918527],[73.264943693924963,22.606049183147785]]]},"properties":{"FID":183,"HA_Area":100,"B_5":0,"B_4":0,"B_3":0,"B_2":0,"B_1":0,"Norm_B1":0,"Norm_B2":0,"Norm_B3":0,"Norm_B4":0,"Norm_B5":0,"Roads_1_S_":0.632880986,"Junctions":0,"Weighted_S":0,"nor_junc":0,"Shape_Leng":4000,"Shape_Area":1000000}},{"type":"Feature","id":184,"geometry":{"type":"Polygon","coordinates":[[[73.236687129343977,22.533494042642133],[73.236572424740928,22.542523713278289],[73.226851690996696,22.542416843021883],[73.226967027093096,22.533387219790008],[73.236687129343977,22.533494042642133]]]},"properties":{"FID":184,"HA_Area":100,"B_5":0,"B_4":1624.51001,"B_3":0,"B_2":0,"B_1":0,"Norm_B1":0,"Norm_B2":0,"Norm_B3":0,"Norm_B4":0.65825291254999996,"Norm_B5":0,"Roads_1_S_":0.921829998,"Junctions":0.658253014,"Weighted_S":2.63300991,"nor_junc":0.29669856607700001,"Shape_Leng":4000,"Shape_Area":1000000}},{"type":"Feature","id":185,"geometry":{"type":"Polygon","coordinates":[[[73.275792305217379,22.515855720863502],[73.275680241105675,22.524885599823257],[73.26596053814518,22.524781169725326],[73.266073233174225,22.515751337117209],[73.275792305217379,22.515855720863502]]]},"properties":{"FID":185,"HA_Area":100,"B_5":0,"B_4":2402.8999,"B_3":0,"B_2":0,"B_1":0,"Norm_B1":0,"Norm_B2":0,"Norm_B3":0,"Norm_B4":0.44181790462800002,"Norm_B5":0,"Roads_1_S_":0.738789022,"Junctions":0.441817999,"Weighted_S":1.76726997,"nor_junc":0.19914336955600001,"Shape_Leng":4000,"Shape_Area":1000000}},{"type":"Feature","id":186,"geometry":{"type":"Polygon","coordinates":[[[73.35236672872287,22.616001750042635],[73.352259111151227,22.625031873579509],[73.34253199708877,22.624931647529589],[73.342640249252696,22.61590156832408],[73.35236672872287,22.616001750042635]]]},"properties":{"FID":186,"HA_Area":100,"B_5":0,"B_4":0,"B_3":0,"B_2":0,"B_1":909.13501,"Norm_B1":0.147379550577,"Norm_B2":0,"Norm_B3":0,"Norm_B4":0,"Norm_B5":0,"Roads_1_S_":0.555629015,"Junctions":0.147379994,"Weighted_S":0.147379994,"nor_junc":0.016607394005200001,"Shape_Leng":4000,"Shape_Area":1000000}},{"type":"Feature","id":187,"geometry":{"type":"Polygon","coordinates":[[[73.226389758353534,22.578535229022705],[73.226274128042689,22.587564798773805],[73.216550290896663,22.587457103281213],[73.216666554293781,22.578427581224695],[73.226389758353534,22.578535229022705]]]},"properties":{"FID":187,"HA_Area":100,"B_5":0,"B_4":1700.85999,"B_3":0,"B_2":1977.18994,"B_1":0,"Norm_B1":0,"Norm_B2":0.0099473791474299997,"Norm_B3":0,"Norm_B4":0.63702343908400005,"Norm_B5":0,"Roads_1_S_":0.768224001,"Junctions":0.646970987,"Weighted_S":2.56799006,"nor_junc":0.28937185796699999,"Shape_Leng":4000,"Shape_Area":1000000}},{"type":"Feature","id":188,"geometry":{"type":"Polygon","coordinates":[[[73.206826512967211,22.587348819678134],[73.206709556962139,22.596378283060993],[73.196985205197578,22.59626936314066],[73.197102794576637,22.587239947979228],[73.206826512967211,22.587348819678134]]]},"properties":{"FID":188,"HA_Area":100,"B_5":0,"B_4":3325.67993,"B_3":0,"B_2":0,"B_1":0,"Norm_B1":0,"Norm_B2":0,"Norm_B3":0,"Norm_B4":0.18523453316499999,"Norm_B5":0,"Roads_1_S_":0.372635007,"Junctions":0.185234994,"Weighted_S":0.740938008,"nor_junc":0.083491992791800002,"Shape_Leng":4000,"Shape_Area":1000000}},{"type":"Feature","id":189,"geometry":{"type":"Polygon","coordinates":[[[73.147759648361387,22.640861627998241],[73.147638523165455,22.649890733538612],[73.137910729128691,22.649777984959037],[73.138032489527674,22.640748929240157],[73.147759648361387,22.640861627998241]]]},"properties":{"FID":189,"HA_Area":100,"B_5":0,"B_4":0,"B_3":0,"B_2":0,"B_1":0,"Norm_B1":0,"Norm_B2":0,"Norm_B3":0,"Norm_B4":0,"Norm_B5":0,"Roads_1_S_":0.0946350992,"Junctions":0,"Weighted_S":0,"nor_junc":0,"Shape_Leng":4000,"Shape_Area":1000000}},{"type":"Feature","id":190,"geometry":{"type":"Polygon","coordinates":[[[73.167573349118399,22.613997579016015],[73.167453677132386,22.623026815700026],[73.157727664971091,22.622915394676799],[73.157847971227966,22.613886207274447],[73.167573349118399,22.613997579016015]]]},"properties":{"FID":190,"HA_Area":100,"B_5":0,"B_4":0,"B_3":0,"B_2":0,"B_1":0,"Norm_B1":0,"Norm_B2":0,"Norm_B3":0,"Norm_B4":0,"Norm_B5":0,"Roads_1_S_":0.66841203,"Junctions":0,"Weighted_S":0,"nor_junc":0,"Shape_Leng":4000,"Shape_Area":1000000}},{"type":"Feature","id":191,"geometry":{"type":"Polygon","coordinates":[[[73.138518912276751,22.604632598568731],[73.13864036334256,22.59560348896947],[73.148364351000524,22.595715938714626],[73.148243533524905,22.60474509810388],[73.138518912276751,22.604632598568731]]]},"properties":{"FID":191,"HA_Area":100,"B_5":0,"B_4":0,"B_3":0,"B_2":0,"B_1":0,"Norm_B1":0,"Norm_B2":0,"Norm_B3":0,"Norm_B4":0,"Norm_B5":0,"Roads_1_S_":0.954069972,"Junctions":0,"Weighted_S":0,"nor_junc":0,"Shape_Leng":4000,"Shape_Area":1000000}},{"type":"Feature","id":192,"geometry":{"type":"Polygon","coordinates":[[[73.147396087961681,22.667948912274962],[73.147274777917829,22.676977985463914],[73.137545076334376,22.676865087381966],[73.137667022550133,22.667836064033452],[73.147396087961681,22.667948912274962]]]},"properties":{"FID":192,"HA_Area":100,"B_5":0,"B_4":0,"B_3":0,"B_2":0,"B_1":0,"Norm_B1":0,"Norm_B2":0,"Norm_B3":0,"Norm_B4":0,"Norm_B5":0,"Roads_1_S_":0.0793088973,"Junctions":0,"Weighted_S":0,"nor_junc":0,"Shape_Leng":4000,"Shape_Area":1000000}},{"type":"Feature","id":193,"geometry":{"type":"Polygon","coordinates":[[[73.167094295710044,22.650114461194434],[73.166974380021884,22.659143654828355],[73.157245827550213,22.659032036616107],[73.157366378800205,22.650002892288807],[73.167094295710044,22.650114461194434]]]},"properties":{"FID":193,"HA_Area":100,"B_5":0,"B_4":0,"B_3":0,"B_2":0,"B_1":0,"Norm_B1":0,"Norm_B2":0,"Norm_B3":0,"Norm_B4":0,"Norm_B5":0,"Roads_1_S_":0,"Junctions":0,"Weighted_S":0,"nor_junc":0,"Shape_Leng":4000,"Shape_Area":1000000}},{"type":"Feature","id":194,"geometry":{"type":"Polygon","coordinates":[[[73.147396087961681,22.667948912274962],[73.157125215007213,22.668061170165881],[73.15700454115327,22.677090292934629],[73.147274777917829,22.676977985463914],[73.147396087961681,22.667948912274962]]]},"properties":{"FID":194,"HA_Area":100,"B_5":0,"B_4":0,"B_3":0,"B_2":0,"B_1":0,"Norm_B1":0,"Norm_B2":0,"Norm_B3":0,"Norm_B4":0,"Norm_B5":0,"Roads_1_S_":0,"Junctions":0,"Weighted_S":0,"nor_junc":0,"Shape_Leng":4000,"Shape_Area":1000000}},{"type":"Feature","id":195,"geometry":{"type":"Polygon","coordinates":[[[73.137667022550133,22.667836064033452],[73.127938019095609,22.667722625456651],[73.128060539185114,22.658693641409247],[73.137788906808865,22.65880702989131],[73.137667022550133,22.667836064033452]]]},"properties":{"FID":195,"HA_Area":100,"B_5":0,"B_4":0,"B_3":0,"B_2":0,"B_1":0,"Norm_B1":0,"Norm_B2":0,"Norm_B3":0,"Norm_B4":0,"Norm_B5":0,"Roads_1_S_":0.400509,"Junctions":0,"Weighted_S":0,"nor_junc":0,"Shape_Leng":4000,"Shape_Area":1000000}},{"type":"Feature","id":196,"geometry":{"type":"Polygon","coordinates":[[[73.157366378800205,22.650002892288807],[73.157486868775081,22.64097373718749],[73.167214150445986,22.641085256792739],[73.167094295710044,22.650114461194434],[73.157366378800205,22.650002892288807]]]},"properties":{"FID":196,"HA_Area":100,"B_5":0,"B_4":0,"B_3":0,"B_2":0,"B_1":0,"Norm_B1":0,"Norm_B2":0,"Norm_B3":0,"Norm_B4":0,"Norm_B5":0,"Roads_1_S_":0,"Junctions":0,"Weighted_S":0,"nor_junc":0,"Shape_Leng":4000,"Shape_Area":1000000}},{"type":"Feature","id":197,"geometry":{"type":"Polygon","coordinates":[[[73.304839691696941,22.525195371813897],[73.304729464235521,22.534225377631977],[73.295008959453256,22.534122661122879],[73.295119818203261,22.525092700881565],[73.304839691696941,22.525195371813897]]]},"properties":{"FID":197,"HA_Area":100,"B_5":0,"B_4":2773.69995,"B_3":0,"B_2":1782.48999,"B_1":0,"Norm_B1":0,"Norm_B2":0.126900723444,"Norm_B3":0,"Norm_B4":0.338715189305,"Norm_B5":0,"Roads_1_S_":0.605068982,"Junctions":0.465615988,"Weighted_S":1.60865998,"nor_junc":0.181270533107,"Shape_Leng":4000,"Shape_Area":1000000}},{"type":"Feature","id":198,"geometry":{"type":"Polygon","coordinates":[[[73.215618050470852,22.659692893785547],[73.21550125350204,22.668722319302841],[73.205771763437212,22.668613603832089],[73.205889196378976,22.659584226324398],[73.215618050470852,22.659692893785547]]]},"properties":{"FID":198,"HA_Area":100,"B_5":0,"B_4":0,"B_3":0,"B_2":0,"B_1":0,"Norm_B1":0,"Norm_B2":0,"Norm_B3":0,"Norm_B4":0,"Norm_B5":0,"Roads_1_S_":0,"Junctions":0,"Weighted_S":0,"nor_junc":0,"Shape_Leng":4000,"Shape_Area":1000000}},{"type":"Feature","id":199,"geometry":{"type":"Polygon","coordinates":[[[73.275119062722965,22.570034834762264],[73.275006655365104,22.579064649753807],[73.26528316014182,22.578959941423374],[73.265396200348576,22.569930172818538],[73.275119062722965,22.570034834762264]]]},"properties":{"FID":199,"HA_Area":100,"B_5":0,"B_4":3622.53003,"B_3":0,"B_2":0,"B_1":0,"Norm_B1":0,"Norm_B2":0,"Norm_B3":0,"Norm_B4":0.10269395311600001,"Norm_B5":0,"Roads_1_S_":1.14312994,"Junctions":0.102693997,"Weighted_S":0.410775989,"nor_junc":0.046287956043100001,"Shape_Leng":4000,"Shape_Area":1000000}},{"type":"Feature","id":200,"geometry":{"type":"Polygon","coordinates":[[[73.322639291835856,22.660849279824802],[73.322529491694041,22.669879216241476],[73.312799366307843,22.669776996572718],[73.312909802608317,22.660747105297791],[73.322639291835856,22.660849279824802]]]},"properties":{"FID":200,"HA_Area":100,"B_5":0,"B_4":0,"B_3":0,"B_2":0,"B_1":0,"Norm_B1":0,"Norm_B2":0,"Norm_B3":0,"Norm_B4":0,"Norm_B5":0,"Roads_1_S_":0.63261497,"Junctions":0,"Weighted_S":0,"nor_junc":0,"Shape_Leng":4000,"Shape_Area":1000000}},{"type":"Feature","id":201,"geometry":{"type":"Polygon","coordinates":[[[73.148243533524905,22.60474509810388],[73.14812265454114,22.613774246730369],[73.138397399380395,22.613661697398936],[73.138518912276751,22.604632598568731],[73.148243533524905,22.60474509810388]]]},"properties":{"FID":201,"HA_Area":100,"B_5":0,"B_4":0,"B_3":0,"B_2":0,"B_1":0,"Norm_B1":0,"Norm_B2":0,"Norm_B3":0,"Norm_B4":0,"Norm_B5":0,"Roads_1_S_":0.705983996,"Junctions":0,"Weighted_S":0,"nor_junc":0,"Shape_Leng":4000,"Shape_Area":1000000}},{"type":"Feature","id":202,"geometry":{"type":"Polygon","coordinates":[[[73.158927975516491,22.532623036874316],[73.158808219450634,22.541652320990341],[73.149087965186013,22.541540756557993],[73.149208352605825,22.53251152192783],[73.158927975516491,22.532623036874316]]]},"properties":{"FID":202,"HA_Area":100,"B_5":0,"B_4":0,"B_3":0,"B_2":0,"B_1":0,"Norm_B1":0,"Norm_B2":0,"Norm_B3":0,"Norm_B4":0,"Norm_B5":0,"Roads_1_S_":0.183126003,"Junctions":0,"Weighted_S":0,"nor_junc":0,"Shape_Leng":4000,"Shape_Area":1000000}},{"type":"Feature","id":203,"geometry":{"type":"Polygon","coordinates":[[[73.28360932828501,22.669466794032314],[73.283496926497321,22.67849653761521],[73.27376639119673,22.678391909446507],[73.273879429400068,22.669362212054189],[73.28360932828501,22.669466794032314]]]},"properties":{"FID":203,"HA_Area":100,"B_5":0,"B_4":0,"B_3":0,"B_2":1152.98999,"B_1":0,"Norm_B1":0,"Norm_B2":0.505031944289,"Norm_B3":0,"Norm_B4":0,"Norm_B5":0,"Roads_1_S_":0.821451008,"Junctions":0.505032003,"Weighted_S":1.01005995,"nor_junc":0.113817778818,"Shape_Leng":4000,"Shape_Area":1000000}},{"type":"Feature","id":204,"geometry":{"type":"Polygon","coordinates":[[[73.312909802608317,22.660747105297791],[73.313020182784712,22.651717203341395],[73.322749036176774,22.651819332732373],[73.322639291835856,22.660849279824802],[73.312909802608317,22.660747105297791]]]},"properties":{"FID":204,"HA_Area":100,"B_5":0,"B_4":0,"B_3":0,"B_2":0,"B_1":0,"Norm_B1":0,"Norm_B2":0,"Norm_B3":0,"Norm_B4":0,"Norm_B5":0,"Roads_1_S_":0.268620998,"Junctions":0,"Weighted_S":0,"nor_junc":0,"Shape_Leng":4000,"Shape_Area":1000000}},{"type":"Feature","id":205,"geometry":{"type":"Polygon","coordinates":[[[73.285288511210084,22.534019357950999],[73.285176964326979,22.543049261704954],[73.275455941367312,22.542945325781233],[73.275568119827852,22.533915468130328],[73.285288511210084,22.534019357950999]]]},"properties":{"FID":205,"HA_Area":100,"B_5":0,"B_4":611.564026,"B_3":0,"B_2":862.89502,"B_1":0,"Norm_B1":0,"Norm_B2":0.67928764791499996,"Norm_B3":0,"Norm_B4":0.93990735608300002,"Norm_B5":0,"Roads_1_S_":1.34001005,"Junctions":1.61918998,"Weighted_S":5.11819983,"nor_junc":0.576740156941,"Shape_Leng":4000,"Shape_Area":1000000}},{"type":"Feature","id":206,"geometry":{"type":"Polygon","coordinates":[[[73.216898903507243,22.5603685049877],[73.216782758491561,22.569398048459028],[73.207060246378049,22.56928986075982],[73.207177023818502,22.560260365231347],[73.216898903507243,22.5603685049877]]]},"properties":{"FID":206,"HA_Area":100,"B_5":0,"B_4":1051.03003,"B_3":0,"B_2":1058.03003,"B_1":0,"Norm_B1":0,"Norm_B2":0.562072970437,"Norm_B3":0,"Norm_B4":0.81771174583999995,"Norm_B5":0,"Roads_1_S_":1.28848004,"Junctions":1.37978005,"Weighted_S":4.39498997,"nor_junc":0.49524584620500001,"Shape_Leng":4000,"Shape_Area":1000000}},{"type":"Feature","id":207,"geometry":{"type":"Polygon","coordinates":[[[73.352903995629603,22.570850972803179],[73.352796651655268,22.579881149513614],[73.343072707328105,22.579781145064484],[73.343180684282117,22.570751012657396],[73.352903995629603,22.570850972803179]]]},"properties":{"FID":207,"HA_Area":100,"B_5":0,"B_4":0,"B_3":0,"B_2":0,"B_1":0,"Norm_B1":0,"Norm_B2":0,"Norm_B3":0,"Norm_B4":0,"Norm_B5":0,"Roads_1_S_":0.174412996,"Junctions":0,"Weighted_S":0,"nor_junc":0,"Shape_Leng":4000,"Shape_Area":1000000}},{"type":"Feature","id":208,"geometry":{"type":"Polygon","coordinates":[[[73.265170062346826,22.587989699348846],[73.26528316014182,22.578959941423374],[73.275006655365104,22.579064649753807],[73.27489419074125,22.588094454071843],[73.265170062346826,22.587989699348846]]]},"properties":{"FID":208,"HA_Area":100,"B_5":0,"B_4":0,"B_3":0,"B_2":0,"B_1":0,"Norm_B1":0,"Norm_B2":0,"Norm_B3":0,"Norm_B4":0,"Norm_B5":0,"Roads_1_S_":0.397716999,"Junctions":0,"Weighted_S":0,"nor_junc":0,"Shape_Leng":4000,"Shape_Area":1000000}},{"type":"Feature","id":209,"geometry":{"type":"Polygon","coordinates":[[[73.265170062346826,22.587989699348846],[73.265056906946796,22.597019446591471],[73.255332202680719,22.596914057026986],[73.255445991557437,22.587884356443237],[73.265170062346826,22.587989699348846]]]},"properties":{"FID":209,"HA_Area":100,"B_5":0,"B_4":0,"B_3":0,"B_2":0,"B_1":0,"Norm_B1":0,"Norm_B2":0,"Norm_B3":0,"Norm_B4":0,"Norm_B5":0,"Roads_1_S_":0.0758074,"Junctions":0,"Weighted_S":0,"nor_junc":0,"Shape_Leng":4000,"Shape_Area":1000000}},{"type":"Feature","id":210,"geometry":{"type":"Polygon","coordinates":[[[73.324279606965419,22.525398954415461],[73.324170642130142,22.534429050606299],[73.314450025235104,22.534327507464386],[73.314559621391567,22.525297456329806],[73.324279606965419,22.525398954415461]]]},"properties":{"FID":210,"HA_Area":100,"B_5":0,"B_4":0,"B_3":0,"B_2":1701.65002,"B_1":0,"Norm_B1":0,"Norm_B2":0.175460080027,"Norm_B3":0,"Norm_B4":0,"Norm_B5":0,"Roads_1_S_":0.94490999,"Junctions":0.175459996,"Weighted_S":0.350919992,"nor_junc":0.039543131963099998,"Shape_Leng":4000,"Shape_Area":1000000}},{"type":"Feature","id":211,"geometry":{"type":"Polygon","coordinates":[[[73.149328678660567,22.523482276563033],[73.149208352605825,22.53251152192783],[73.139488791060216,22.532399420536642],[73.13960974812943,22.523370224911599],[73.149328678660567,22.523482276563033]]]},"properties":{"FID":211,"HA_Area":100,"B_5":0,"B_4":0,"B_3":0,"B_2":0,"B_1":0,"Norm_B1":0,"Norm_B2":0,"Norm_B3":0,"Norm_B4":0,"Norm_B5":0,"Roads_1_S_":0.228414997,"Junctions":0,"Weighted_S":0,"nor_junc":0,"Shape_Leng":4000,"Shape_Area":1000000}},{"type":"Feature","id":212,"geometry":{"type":"Polygon","coordinates":[[[73.187969347324511,22.541983493907537],[73.187851425330763,22.551012914206702],[73.178130357119187,22.550903061267785],[73.178248910841646,22.541873689680095],[73.187969347324511,22.541983493907537]]]},"properties":{"FID":212,"HA_Area":100,"B_5":0,"B_4":3638.16992,"B_3":0,"B_2":0,"B_1":0,"Norm_B1":0,"Norm_B2":0,"Norm_B3":0,"Norm_B4":0.098345206676700006,"Norm_B5":0,"Roads_1_S_":0.675323009,"Junctions":0.0983451977,"Weighted_S":0.393381,"nor_junc":0.044327815867199999,"Shape_Leng":4000,"Shape_Area":1000000}},{"type":"Feature","id":213,"geometry":{"type":"Polygon","coordinates":[[[73.176464251287598,22.677313135981528],[73.176344789184697,22.686342346355818],[73.166614267065825,22.686231171088487],[73.166734365717602,22.677202009778878],[73.176464251287598,22.677313135981528]]]},"properties":{"FID":213,"HA_Area":100,"B_5":0,"B_4":0,"B_3":0,"B_2":0,"B_1":0,"Norm_B1":0,"Norm_B2":0,"Norm_B3":0,"Norm_B4":0,"Norm_B5":0,"Roads_1_S_":0,"Junctions":0,"Weighted_S":0,"nor_junc":0,"Shape_Leng":4000,"Shape_Area":1000000}},{"type":"Feature","id":214,"geometry":{"type":"Polygon","coordinates":[[[73.35161225504703,22.679212391134836],[73.351504253767772,22.688242440084359],[73.341772688515206,22.688141903557568],[73.341881326648405,22.679111898978768],[73.35161225504703,22.679212391134836]]]},"properties":{"FID":214,"HA_Area":100,"B_5":0,"B_4":0,"B_3":0,"B_2":0,"B_1":0,"Norm_B1":0,"Norm_B2":0,"Norm_B3":0,"Norm_B4":0,"Norm_B5":0,"Roads_1_S_":0.571806014,"Junctions":0,"Weighted_S":0,"nor_junc":0,"Shape_Leng":4000,"Shape_Area":1000000}},{"type":"Feature","id":215,"geometry":{"type":"Polygon","coordinates":[[[73.129282318674612,22.568403207709256],[73.129160420386754,22.57743229956316],[73.119437822817488,22.577318773933111],[73.119560353692876,22.5682897323709],[73.129282318674612,22.568403207709256]]]},"properties":{"FID":215,"HA_Area":100,"B_5":0,"B_4":0,"B_3":0,"B_2":0,"B_1":0,"Norm_B1":0,"Norm_B2":0,"Norm_B3":0,"Norm_B4":0,"Norm_B5":0,"Roads_1_S_":0,"Junctions":0,"Weighted_S":0,"nor_junc":0,"Shape_Leng":4000,"Shape_Area":1000000}},{"type":"Feature","id":216,"geometry":{"type":"Polygon","coordinates":[[[73.129890879267066,22.52325758709075],[73.129769291201328,22.532286732715903],[73.12004985335075,22.532173458480873],[73.120172072395036,22.523144363115723],[73.129890879267066,22.52325758709075]]]},"properties":{"FID":216,"HA_Area":100,"B_5":0,"B_4":0,"B_3":0,"B_2":0,"B_1":0,"Norm_B1":0,"Norm_B2":0,"Norm_B3":0,"Norm_B4":0,"Norm_B5":0,"Roads_1_S_":0.0463382006,"Junctions":0,"Weighted_S":0,"nor_junc":0,"Shape_Leng":4000,"Shape_Area":1000000}},{"type":"Feature","id":217,"geometry":{"type":"Polygon","coordinates":[[[73.266073233174225,22.515751337117209],[73.26596053814518,22.524781169725326],[73.256240892672494,22.524676153267027],[73.256354218602169,22.515646367270726],[73.266073233174225,22.515751337117209]]]},"properties":{"FID":217,"HA_Area":100,"B_5":0,"B_4":2814.84009,"B_3":0,"B_2":0,"B_1":0,"Norm_B1":0,"Norm_B2":0,"Norm_B3":0,"Norm_B4":0.32727597882499998,"Norm_B5":0,"Roads_1_S_":0.914631009,"Junctions":0.327275991,"Weighted_S":1.30910003,"nor_junc":0.14751486530300001,"Shape_Leng":4000,"Shape_Area":1000000}},{"type":"Feature","id":218,"geometry":{"type":"Polygon","coordinates":[[[73.197220324094545,22.578210522093009],[73.197102794576637,22.587239947979228],[73.187379136047213,22.587130488199243],[73.187497298599396,22.578101110788722],[73.197220324094545,22.578210522093009]]]},"properties":{"FID":218,"HA_Area":100,"B_5":0,"B_4":3404.23999,"B_3":0,"B_2":0,"B_1":0,"Norm_B1":0,"Norm_B2":0,"Norm_B3":0,"Norm_B4":0.16339053561799999,"Norm_B5":0,"Roads_1_S_":0.917415023,"Junctions":0.163390994,"Weighted_S":0.653562009,"nor_junc":0.073646099937699994,"Shape_Leng":4000,"Shape_Area":1000000}},{"type":"Feature","id":219,"geometry":{"type":"Polygon","coordinates":[[[73.256127508933346,22.533705928598931],[73.256014067367929,22.542735693262959],[73.246293216971949,22.542629996696778],[73.246407290064639,22.533600278916566],[73.256127508933346,22.533705928598931]]]},"properties":{"FID":219,"HA_Area":100,"B_5":0,"B_4":2601.29004,"B_3":0,"B_2":0,"B_1":0,"Norm_B1":0,"Norm_B2":0,"Norm_B3":0,"Norm_B4":0.38665458452200002,"Norm_B5":0,"Roads_1_S_":0.548461974,"Junctions":0.386655003,"Weighted_S":1.54662001,"nor_junc":0.174279609728,"Shape_Leng":4000,"Shape_Area":1000000}},{"type":"Feature","id":220,"geometry":{"type":"Polygon","coordinates":[[[73.274443759252009,22.624213564539502],[73.274556453106797,22.615183802950185],[73.284282540281907,22.615288107907791],[73.284170480904933,22.624317915652576],[73.274443759252009,22.624213564539502]]]},"properties":{"FID":220,"HA_Area":100,"B_5":0,"B_4":0,"B_3":0,"B_2":0,"B_1":0,"Norm_B1":0,"Norm_B2":0,"Norm_B3":0,"Norm_B4":0,"Norm_B5":0,"Roads_1_S_":0.342588007,"Junctions":0,"Weighted_S":0,"nor_junc":0,"Shape_Leng":4000,"Shape_Area":1000000}},{"type":"Feature","id":221,"geometry":{"type":"Polygon","coordinates":[[[73.129282318674612,22.568403207709256],[73.139004345736865,22.568516095592546],[73.138883080054612,22.577545237477857],[73.129160420386754,22.57743229956316],[73.129282318674612,22.568403207709256]]]},"properties":{"FID":221,"HA_Area":100,"B_5":0,"B_4":0,"B_3":0,"B_2":0,"B_1":0,"Norm_B1":0,"Norm_B2":0,"Norm_B3":0,"Norm_B4":0,"Norm_B5":0,"Roads_1_S_":0,"Junctions":0,"Weighted_S":0,"nor_junc":0,"Shape_Leng":4000,"Shape_Area":1000000}},{"type":"Feature","id":222,"geometry":{"type":"Polygon","coordinates":[[[73.176702993463564,22.659254682920313],[73.176583652707976,22.668283914835197],[73.166854403363658,22.668172837690996],[73.166974380021884,22.659143654828355],[73.176702993463564,22.659254682920313]]]},"properties":{"FID":222,"HA_Area":100,"B_5":0,"B_4":0,"B_3":0,"B_2":0,"B_1":0,"Norm_B1":0,"Norm_B2":0,"Norm_B3":0,"Norm_B4":0,"Norm_B5":0,"Roads_1_S_":0,"Junctions":0,"Weighted_S":0,"nor_junc":0,"Shape_Leng":4000,"Shape_Area":1000000}},{"type":"Feature","id":223,"geometry":{"type":"Polygon","coordinates":[[[73.284170480904933,22.624317915652576],[73.284058364501163,22.633347712712357],[73.274331008047682,22.633243315437966],[73.274443759252009,22.624213564539502],[73.284170480904933,22.624317915652576]]]},"properties":{"FID":223,"HA_Area":100,"B_5":0,"B_4":0,"B_3":0,"B_2":1836.45996,"B_1":0,"Norm_B1":0,"Norm_B2":0.094481770448499994,"Norm_B3":0,"Norm_B4":0,"Norm_B5":0,"Roads_1_S_":0.78370899,"Junctions":0.0944818035,"Weighted_S":0.188963994,"nor_junc":0.0212932529986,"Shape_Leng":4000,"Shape_Area":1000000}},{"type":"Feature","id":224,"geometry":{"type":"Polygon","coordinates":[[[73.285400001232262,22.524989443546687],[73.285288511210084,22.534019357950999],[73.275568119827852,22.533915468130328],[73.275680241105675,22.524885599823257],[73.285400001232262,22.524989443546687]]]},"properties":{"FID":224,"HA_Area":100,"B_5":0,"B_4":1412.51001,"B_3":0,"B_2":1638.56006,"B_1":0,"Norm_B1":0,"Norm_B2":0.21335727748300001,"Norm_B3":0,"Norm_B4":0.71720051980499999,"Norm_B5":0,"Roads_1_S_":0.933564007,"Junctions":0.930558026,"Weighted_S":3.29552007,"nor_junc":0.37135298066599998,"Shape_Leng":4000,"Shape_Area":1000000}},{"type":"Feature","id":225,"geometry":{"type":"Polygon","coordinates":[[[73.293227518924766,22.678600574966861],[73.293115696765881,22.687630353779653],[73.283384467582792,22.687526270492359],[73.283496926497321,22.67849653761521],[73.293227518924766,22.678600574966861]]]},"properties":{"FID":225,"HA_Area":100,"B_5":0,"B_4":0,"B_3":0,"B_2":1330.10999,"B_1":0,"Norm_B1":0,"Norm_B2":0.39863861626699998,"Norm_B3":0,"Norm_B4":0,"Norm_B5":0,"Roads_1_S_":1.09722996,"Junctions":0.398638994,"Weighted_S":0.797276974,"nor_junc":0.089840503037599995,"Shape_Leng":4000,"Shape_Area":1000000}},{"type":"Feature","id":226,"geometry":{"type":"Polygon","coordinates":[[[73.303291385500302,22.651614483873562],[73.303180369504815,22.660644340433208],[73.29345099284852,22.660540985244985],[73.293562644646599,22.651511174342801],[73.303291385500302,22.651614483873562]]]},"properties":{"FID":226,"HA_Area":100,"B_5":0,"B_4":0,"B_3":0,"B_2":1739.52002,"B_1":0,"Norm_B1":0,"Norm_B2":0.152712141207,"Norm_B3":0,"Norm_B4":0,"Norm_B5":0,"Roads_1_S_":0.460373998,"Junctions":0.152712002,"Weighted_S":0.305424005,"nor_junc":0.034416453923400002,"Shape_Leng":4000,"Shape_Area":1000000}},{"type":"Feature","id":227,"geometry":{"type":"Polygon","coordinates":[[[73.224998303817316,22.68688935863338],[73.234729185288401,22.686996988173277],[73.23461348408776,22.696026476721599],[73.224881965639369,22.695918799675372],[73.224998303817316,22.68688935863338]]]},"properties":{"FID":227,"HA_Area":100,"B_5":0,"B_4":0,"B_3":0,"B_2":0,"B_1":0,"Norm_B1":0,"Norm_B2":0,"Norm_B3":0,"Norm_B4":0,"Norm_B5":0,"Roads_1_S_":0,"Junctions":0,"Weighted_S":0,"nor_junc":0,"Shape_Leng":4000,"Shape_Area":1000000}},{"type":"Feature","id":228,"geometry":{"type":"Polygon","coordinates":[[[73.127938019095609,22.667722625456651],[73.127815436726067,22.676751598704076],[73.118085859416013,22.676637519445624],[73.118209077921151,22.66760859655993],[73.127938019095609,22.667722625456651]]]},"properties":{"FID":228,"HA_Area":100,"B_5":0,"B_4":0,"B_3":0,"B_2":0,"B_1":0,"Norm_B1":0,"Norm_B2":0,"Norm_B3":0,"Norm_B4":0,"Norm_B5":0,"Roads_1_S_":0.777769029,"Junctions":0,"Weighted_S":0,"nor_junc":0,"Shape_Leng":4000,"Shape_Area":1000000}},{"type":"Feature","id":229,"geometry":{"type":"Polygon","coordinates":[[[73.293785777998096,22.633451520473187],[73.29367423969093,22.642481352751052],[73.283946191053957,22.642377499083697],[73.284058364501163,22.633347712712357],[73.293785777998096,22.633451520473187]]]},"properties":{"FID":229,"HA_Area":100,"B_5":0,"B_4":0,"B_3":0,"B_2":0,"B_1":0,"Norm_B1":0,"Norm_B2":0,"Norm_B3":0,"Norm_B4":0,"Norm_B5":0,"Roads_1_S_":0.910673022,"Junctions":0,"Weighted_S":0,"nor_junc":0,"Shape_Leng":4000,"Shape_Area":1000000}},{"type":"Feature","id":230,"geometry":{"type":"Polygon","coordinates":[[[73.323515685506109,22.588609404453958],[73.32340633131561,22.597639426180113],[73.313681286155472,22.597537567485308],[73.313791273922007,22.588507590855212],[73.323515685506109,22.588609404453958]]]},"properties":{"FID":230,"HA_Area":100,"B_5":0,"B_4":0,"B_3":0,"B_2":0,"B_1":0,"Norm_B1":0,"Norm_B2":0,"Norm_B3":0,"Norm_B4":0,"Norm_B5":0,"Roads_1_S_":0.228022993,"Junctions":0,"Weighted_S":0,"nor_junc":0,"Shape_Leng":4000,"Shape_Area":1000000}},{"type":"Feature","id":231,"geometry":{"type":"Polygon","coordinates":[[[73.207643538884469,22.524142276070226],[73.217362892093163,22.524250224115583],[73.2172469836338,22.533279810374655],[73.207526999287751,22.533171814410604],[73.207643538884469,22.524142276070226]]]},"properties":{"FID":231,"HA_Area":100,"B_5":0,"B_4":2174.73999,"B_3":0,"B_2":0,"B_1":0,"Norm_B1":0,"Norm_B2":0,"Norm_B3":0,"Norm_B4":0.505258852225,"Norm_B5":0,"Roads_1_S_":0.955038011,"Junctions":0.505258977,"Weighted_S":2.02103996,"nor_junc":0.227739233539,"Shape_Leng":4000,"Shape_Area":1000000}},{"type":"Feature","id":232,"geometry":{"type":"Polygon","coordinates":[[[73.236572424740928,22.542523713278289],[73.236457661651073,22.551553373231251],[73.226736296091673,22.55144645556458],[73.226851690996696,22.542416843021883],[73.236572424740928,22.542523713278289]]]},"properties":{"FID":232,"HA_Area":100,"B_5":0,"B_4":1269.79004,"B_3":0,"B_2":1705.53003,"B_1":0,"Norm_B1":0,"Norm_B2":0.17312941921200001,"Norm_B3":0,"Norm_B4":0.75688448575099998,"Norm_B5":0,"Roads_1_S_":0.820874989,"Junctions":0.930014014,"Weighted_S":3.37380004,"nor_junc":0.38017389523,"Shape_Leng":4000,"Shape_Area":1000000}},{"type":"Feature","id":233,"geometry":{"type":"Polygon","coordinates":[[[73.138518912276751,22.604632598568731],[73.138397399380395,22.613661697398936],[73.128672206068245,22.613548559295406],[73.128794352859146,22.604519510521889],[73.138518912276751,22.604632598568731]]]},"properties":{"FID":233,"HA_Area":100,"B_5":0,"B_4":0,"B_3":0,"B_2":0,"B_1":0,"Norm_B1":0,"Norm_B2":0,"Norm_B3":0,"Norm_B4":0,"Norm_B5":0,"Roads_1_S_":0.888191998,"Junctions":0,"Weighted_S":0,"nor_junc":0,"Shape_Leng":4000,"Shape_Area":1000000}},{"type":"Feature","id":234,"geometry":{"type":"Polygon","coordinates":[[[73.224998303817316,22.68688935863338],[73.224881965639369,22.695918799675372],[73.215150506292062,22.695810531376857],[73.215267481430018,22.686781138101971],[73.224998303817316,22.68688935863338]]]},"properties":{"FID":234,"HA_Area":100,"B_5":0,"B_4":0,"B_3":0,"B_2":0,"B_1":0,"Norm_B1":0,"Norm_B2":0,"Norm_B3":0,"Norm_B4":0,"Norm_B5":0,"Roads_1_S_":0,"Junctions":0,"Weighted_S":0,"nor_junc":0,"Shape_Leng":4000,"Shape_Area":1000000}},{"type":"Feature","id":235,"geometry":{"type":"Polygon","coordinates":[[[73.304287992053304,22.570345294481296],[73.304177483341789,22.579375247070573],[73.294453817287348,22.579272302591466],[73.29456495889751,22.570242395607693],[73.304287992053304,22.570345294481296]]]},"properties":{"FID":235,"HA_Area":100,"B_5":0,"B_4":3906.38989,"B_3":0,"B_2":0,"B_1":851.111023,"Norm_B1":0.24712236659,"Norm_B2":0,"Norm_B3":0,"Norm_B4":0.023765369454600001,"Norm_B5":0,"Roads_1_S_":0.644038975,"Junctions":0.270888001,"Weighted_S":0.342184007,"nor_junc":0.038558724694900001,"Shape_Leng":4000,"Shape_Area":1000000}},{"type":"Feature","id":236,"geometry":{"type":"Polygon","coordinates":[[[73.207643538884469,22.524142276070226],[73.207526999287751,22.533171814410604],[73.197807074376712,22.533063231912479],[73.197924245093489,22.524033741750969],[73.207643538884469,22.524142276070226]]]},"properties":{"FID":236,"HA_Area":100,"B_5":0,"B_4":2694.21997,"B_3":0,"B_2":0,"B_1":0,"Norm_B1":0,"Norm_B2":0,"Norm_B3":0,"Norm_B4":0.36081497550000002,"Norm_B5":0,"Roads_1_S_":0.725969017,"Junctions":0.360814989,"Weighted_S":1.44325995,"nor_junc":0.16263256634199999,"Shape_Leng":4000,"Shape_Area":1000000}},{"type":"Feature","id":237,"geometry":{"type":"Polygon","coordinates":[[[73.332913824856618,22.615800797530021],[73.332804938116453,22.624830832143552],[73.323077934557105,22.624729427435071],[73.323187455857351,22.615699437674117],[73.332913824856618,22.615800797530021]]]},"properties":{"FID":237,"HA_Area":100,"B_5":0,"B_4":0,"B_3":0,"B_2":0,"B_1":0,"Norm_B1":0,"Norm_B2":0,"Norm_B3":0,"Norm_B4":0,"Norm_B5":0,"Roads_1_S_":0.766251981,"Junctions":0,"Weighted_S":0,"nor_junc":0,"Shape_Leng":4000,"Shape_Area":1000000}},{"type":"Feature","id":238,"geometry":{"type":"Polygon","coordinates":[[[73.323515685506109,22.588609404453958],[73.323624984025841,22.579579372079632],[73.333348818010862,22.579680552581944],[73.333240152760979,22.588710629786171],[73.323515685506109,22.588609404453958]]]},"properties":{"FID":238,"HA_Area":100,"B_5":0,"B_4":0,"B_3":0,"B_2":0,"B_1":0,"Norm_B1":0,"Norm_B2":0,"Norm_B3":0,"Norm_B4":0,"Norm_B5":0,"Roads_1_S_":0.657657027,"Junctions":0,"Weighted_S":0,"nor_junc":0,"Shape_Leng":4000,"Shape_Area":1000000}},{"type":"Feature","id":239,"geometry":{"type":"Polygon","coordinates":[[[73.157727664971091,22.622915394676799],[73.15760729749276,22.631944571315643],[73.147880711977336,22.631832511681051],[73.148001714031253,22.6228033845906],[73.157727664971091,22.622915394676799]]]},"properties":{"FID":239,"HA_Area":100,"B_5":0,"B_4":0,"B_3":0,"B_2":0,"B_1":0,"Norm_B1":0,"Norm_B2":0,"Norm_B3":0,"Norm_B4":0,"Norm_B5":0,"Roads_1_S_":0.171405002,"Junctions":0,"Weighted_S":0,"nor_junc":0,"Shape_Leng":4000,"Shape_Area":1000000}},{"type":"Feature","id":240,"geometry":{"type":"Polygon","coordinates":[[[73.284730207854352,22.579168770147874],[73.284618376418322,22.588198620598046],[73.27489419074125,22.588094454071843],[73.275006655365104,22.579064649753807],[73.284730207854352,22.579168770147874]]]},"properties":{"FID":240,"HA_Area":100,"B_5":0,"B_4":0,"B_3":0,"B_2":0,"B_1":823.932983,"Norm_B1":0.29384122110599997,"Norm_B2":0,"Norm_B3":0,"Norm_B4":0,"Norm_B5":0,"Roads_1_S_":0.392457008,"Junctions":0.293841004,"Weighted_S":0.293841004,"nor_junc":0.033111233004199998,"Shape_Leng":4000,"Shape_Area":1000000}},{"type":"Feature","id":241,"geometry":{"type":"Polygon","coordinates":[[[73.274218199477076,22.64227305564215],[73.274105333523451,22.651302785148548],[73.26437676390006,22.651197705513294],[73.264490265283243,22.642168022440565],[73.274218199477076,22.64227305564215]]]},"properties":{"FID":241,"HA_Area":100,"B_5":0,"B_4":0,"B_3":0,"B_2":1503.82996,"B_1":0,"Norm_B1":0,"Norm_B2":0.29428763198300001,"Norm_B3":0,"Norm_B4":0,"Norm_B5":0,"Roads_1_S_":1.12532997,"Junctions":0.294288009,"Weighted_S":0.588575006,"nor_junc":0.066323092620300006,"Shape_Leng":4000,"Shape_Area":1000000}},{"type":"Feature","id":242,"geometry":{"type":"Polygon","coordinates":[[[73.149448943368071,22.514453020467112],[73.149328678660567,22.523482276563033],[73.13960974812943,22.523370224911599],[73.139730643529859,22.514341018549182],[73.149448943368071,22.514453020467112]]]},"properties":{"FID":242,"HA_Area":100,"B_5":0,"B_4":0,"B_3":0,"B_2":0,"B_1":0,"Norm_B1":0,"Norm_B2":0,"Norm_B3":0,"Norm_B4":0,"Norm_B5":0,"Roads_1_S_":0.839482009,"Junctions":0,"Weighted_S":0,"nor_junc":0,"Shape_Leng":4000,"Shape_Area":1000000}},{"type":"Feature","id":243,"geometry":{"type":"Polygon","coordinates":[[[73.313901205695387,22.579477603571249],[73.313791273922007,22.588507590855212],[73.304066918331102,22.588405189003719],[73.304177483341789,22.579375247070573],[73.313901205695387,22.579477603571249]]]},"properties":{"FID":243,"HA_Area":100,"B_5":0,"B_4":0,"B_3":0,"B_2":0,"B_1":901.208984,"Norm_B1":0.161004331217,"Norm_B2":0,"Norm_B3":0,"Norm_B4":0,"Norm_B5":0,"Roads_1_S_":0.905855,"Junctions":0.161004007,"Weighted_S":0.161004007,"nor_junc":0.0181426046961,"Shape_Leng":4000,"Shape_Area":1000000}},{"type":"Feature","id":244,"geometry":{"type":"Polygon","coordinates":[[[73.284058364501163,22.633347712712357],[73.283946191053957,22.642377499083697],[73.274218199477076,22.64227305564215],[73.274331008047682,22.633243315437966],[73.284058364501163,22.633347712712357]]]},"properties":{"FID":244,"HA_Area":100,"B_5":0,"B_4":0,"B_3":0,"B_2":1762.10999,"B_1":0,"Norm_B1":0,"Norm_B2":0.13914268710899999,"Norm_B3":0,"Norm_B4":0,"Norm_B5":0,"Roads_1_S_":1.23400998,"Junctions":0.139143005,"Weighted_S":0.278284997,"nor_junc":0.0313583170211,"Shape_Leng":4000,"Shape_Area":1000000}},{"type":"Feature","id":245,"geometry":{"type":"Polygon","coordinates":[[[73.157968216281219,22.604857009112102],[73.157847971227966,22.613886207274447],[73.14812265454114,22.613774246730369],[73.148243533524905,22.60474509810388],[73.157968216281219,22.604857009112102]]]},"properties":{"FID":245,"HA_Area":100,"B_5":0,"B_4":0,"B_3":0,"B_2":0,"B_1":0,"Norm_B1":0,"Norm_B2":0,"Norm_B3":0,"Norm_B4":0,"Norm_B5":0,"Roads_1_S_":0.777383983,"Junctions":0,"Weighted_S":0,"nor_junc":0,"Shape_Leng":4000,"Shape_Area":1000000}},{"type":"Feature","id":246,"geometry":{"type":"Polygon","coordinates":[[[73.313350986733511,22.624627433417867],[73.31324077483093,22.63365736739798],[73.303513248215637,22.63355473870639],[73.303624094968441,22.624524850105779],[73.313350986733511,22.624627433417867]]]},"properties":{"FID":246,"HA_Area":100,"B_5":0,"B_4":0,"B_3":0,"B_2":0,"B_1":0,"Norm_B1":0,"Norm_B2":0,"Norm_B3":0,"Norm_B4":0,"Norm_B5":0,"Roads_1_S_":0.0756634027,"Junctions":0,"Weighted_S":0,"nor_junc":0,"Shape_Leng":4000,"Shape_Area":1000000}},{"type":"Feature","id":247,"geometry":{"type":"Polygon","coordinates":[[[73.225695092730476,22.632712486860427],[73.235422159124582,22.632819831488874],[73.235306810228892,22.641849384418261],[73.225579108796111,22.64174199231962],[73.225695092730476,22.632712486860427]]]},"properties":{"FID":247,"HA_Area":100,"B_5":0,"B_4":0,"B_3":0,"B_2":0,"B_1":0,"Norm_B1":0,"Norm_B2":0,"Norm_B3":0,"Norm_B4":0,"Norm_B5":0,"Roads_1_S_":0.027214,"Junctions":0,"Weighted_S":0,"nor_junc":0,"Shape_Leng":4000,"Shape_Area":1000000}},{"type":"Feature","id":248,"geometry":{"type":"Polygon","coordinates":[[[73.254419804253388,22.669151276485863],[73.254305493269257,22.678180880714788],[73.244575131288954,22.678074480180367],[73.244690078638044,22.669044922924261],[73.254419804253388,22.669151276485863]]]},"properties":{"FID":248,"HA_Area":100,"B_5":0,"B_4":0,"B_3":0,"B_2":0,"B_1":0,"Norm_B1":0,"Norm_B2":0,"Norm_B3":0,"Norm_B4":0,"Norm_B5":0,"Roads_1_S_":0.00791537017,"Junctions":0,"Weighted_S":0,"nor_junc":0,"Shape_Leng":4000,"Shape_Area":1000000}},{"type":"Feature","id":249,"geometry":{"type":"Polygon","coordinates":[[[73.303402345065081,22.642584616630149],[73.303291385500302,22.651614483873562],[73.293562644646599,22.651511174342801],[73.29367423969093,22.642481352751052],[73.303402345065081,22.642584616630149]]]},"properties":{"FID":249,"HA_Area":100,"B_5":0,"B_4":0,"B_3":0,"B_2":0,"B_1":0,"Norm_B1":0,"Norm_B2":0,"Norm_B3":0,"Norm_B4":0,"Norm_B5":0,"Roads_1_S_":0.658376992,"Junctions":0,"Weighted_S":0,"nor_junc":0,"Shape_Leng":4000,"Shape_Area":1000000}},{"type":"Feature","id":250,"geometry":{"type":"Polygon","coordinates":[[[73.265734975607003,22.54284080296252],[73.265622108064406,22.551870603584632],[73.255900567959387,22.551765447255629],[73.256014067367929,22.542735693262959],[73.265734975607003,22.54284080296252]]]},"properties":{"FID":250,"HA_Area":100,"B_5":0,"B_4":1741.88,"B_3":0,"B_2":1566.87,"B_1":0,"Norm_B1":0,"Norm_B2":0.256420424782,"Norm_B3":0,"Norm_B4":0.62561762775800001,"Norm_B5":0,"Roads_1_S_":0.691968024,"Junctions":0.882037997,"Weighted_S":3.01531005,"nor_junc":0.33977774418399997,"Shape_Leng":4000,"Shape_Area":1000000}},{"type":"Feature","id":251,"geometry":{"type":"Polygon","coordinates":[[[73.264830423264499,22.615078909014315],[73.264717094948608,22.624108624187599],[73.254990488317475,22.624003094611087],[73.255104451077642,22.614973426114386],[73.264830423264499,22.615078909014315]]]},"properties":{"FID":251,"HA_Area":100,"B_5":0,"B_4":0,"B_3":0,"B_2":1701.05005,"B_1":0,"Norm_B1":0,"Norm_B2":0.175820476374,"Norm_B3":0,"Norm_B4":0,"Norm_B5":0,"Roads_1_S_":0.953530014,"Junctions":0.175819993,"Weighted_S":0.351640999,"nor_junc":0.039624378112600001,"Shape_Leng":4000,"Shape_Area":1000000}},{"type":"Feature","id":252,"geometry":{"type":"Polygon","coordinates":[[[73.225695092730476,22.632712486860427],[73.225579108796111,22.64174199231962],[73.215851466360832,22.64163401053289],[73.215968085316675,22.632604552804484],[73.225695092730476,22.632712486860427]]]},"properties":{"FID":252,"HA_Area":100,"B_5":0,"B_4":0,"B_3":0,"B_2":0,"B_1":0,"Norm_B1":0,"Norm_B2":0,"Norm_B3":0,"Norm_B4":0,"Norm_B5":0,"Roads_1_S_":0,"Junctions":0,"Weighted_S":0,"nor_junc":0,"Shape_Leng":4000,"Shape_Area":1000000}},{"type":"Feature","id":253,"geometry":{"type":"Polygon","coordinates":[[[73.196867555939946,22.605298767573814],[73.206592541400852,22.605407735721666],[73.206475466265957,22.614437177656651],[73.196749846786247,22.614328161275189],[73.196867555939946,22.605298767573814]]]},"properties":{"FID":253,"HA_Area":100,"B_5":0,"B_4":0,"B_3":0,"B_2":0,"B_1":0,"Norm_B1":0,"Norm_B2":0,"Norm_B3":0,"Norm_B4":0,"Norm_B5":0,"Roads_1_S_":0.141819999,"Junctions":0,"Weighted_S":0,"nor_junc":0,"Shape_Leng":4000,"Shape_Area":1000000}},{"type":"Feature","id":254,"geometry":{"type":"Polygon","coordinates":[[[73.137910729128691,22.649777984959037],[73.137788906808865,22.65880702989131],[73.128060539185114,22.658693641409247],[73.128182997012757,22.649664646565366],[73.137910729128691,22.649777984959037]]]},"properties":{"FID":254,"HA_Area":100,"B_5":0,"B_4":0,"B_3":0,"B_2":0,"B_1":0,"Norm_B1":0,"Norm_B2":0,"Norm_B3":0,"Norm_B4":0,"Norm_B5":0,"Roads_1_S_":0.397040993,"Junctions":0,"Weighted_S":0,"nor_junc":0,"Shape_Leng":4000,"Shape_Area":1000000}},{"type":"Feature","id":255,"geometry":{"type":"Polygon","coordinates":[[[73.177774333270108,22.577991111678536],[73.177655537701185,22.587020440353005],[73.167931999860812,22.586909804455399],[73.168051428428868,22.577880524777346],[73.177774333270108,22.577991111678536]]]},"properties":{"FID":255,"HA_Area":100,"B_5":0,"B_4":0,"B_3":0,"B_2":0,"B_1":0,"Norm_B1":0,"Norm_B2":0,"Norm_B3":0,"Norm_B4":0,"Norm_B5":0,"Roads_1_S_":0.587547004,"Junctions":0,"Weighted_S":0,"nor_junc":0,"Shape_Leng":4000,"Shape_Area":1000000}},{"type":"Feature","id":256,"geometry":{"type":"Polygon","coordinates":[[[73.129525929026784,22.550344991721079],[73.129404154881939,22.559374105094051],[73.119682822165743,22.559260680041035],[73.119805228254251,22.550231616947062],[73.129525929026784,22.550344991721079]]]},"properties":{"FID":256,"HA_Area":100,"B_5":0,"B_4":0,"B_3":0,"B_2":0,"B_1":0,"Norm_B1":0,"Norm_B2":0,"Norm_B3":0,"Norm_B4":0,"Norm_B5":0,"Roads_1_S_":0,"Junctions":0,"Weighted_S":0,"nor_junc":0,"Shape_Leng":4000,"Shape_Area":1000000}},{"type":"Feature","id":257,"geometry":{"type":"Polygon","coordinates":[[[73.196867555939946,22.605298767573814],[73.187142630375092,22.605189210824054],[73.187260913311633,22.596159854878852],[73.196985205197578,22.59626936314066],[73.196867555939946,22.605298767573814]]]},"properties":{"FID":257,"HA_Area":100,"B_5":0,"B_4":0,"B_3":0,"B_2":0,"B_1":0,"Norm_B1":0,"Norm_B2":0,"Norm_B3":0,"Norm_B4":0,"Norm_B5":0,"Roads_1_S_":0.625913024,"Junctions":0,"Weighted_S":0,"nor_junc":0,"Shape_Leng":4000,"Shape_Area":1000000}},{"type":"Feature","id":258,"geometry":{"type":"Polygon","coordinates":[[[73.255445991557437,22.587884356443237],[73.255332202680719,22.596914057026986],[73.245607556358863,22.596808079033707],[73.2457219786954,22.587778425369279],[73.255445991557437,22.587884356443237]]]},"properties":{"FID":258,"HA_Area":100,"B_5":0,"B_4":3780.12012,"B_3":0,"B_2":0,"B_1":0,"Norm_B1":0,"Norm_B2":0,"Norm_B3":0,"Norm_B4":0.058875280435600003,"Norm_B5":0,"Roads_1_S_":0.329497993,"Junctions":0.0588753,"Weighted_S":0.235501006,"nor_junc":0.026537238079400002,"Shape_Leng":4000,"Shape_Area":1000000}},{"type":"Feature","id":259,"geometry":{"type":"Polygon","coordinates":[[[73.283833960546644,22.651407274763102],[73.283721672962542,22.660437039747123],[73.273992410170038,22.660332503953711],[73.274105333523451,22.651302785148548],[73.283833960546644,22.651407274763102]]]},"properties":{"FID":259,"HA_Area":100,"B_5":0,"B_4":0,"B_3":0,"B_2":1769.92004,"B_1":0,"Norm_B1":0,"Norm_B2":0.134451301897,"Norm_B3":0,"Norm_B4":0,"Norm_B5":0,"Roads_1_S_":0.925530016,"Junctions":0.134451002,"Weighted_S":0.268902987,"nor_junc":0.0303011129611,"Shape_Leng":4000,"Shape_Area":1000000}},{"type":"Feature","id":260,"geometry":{"type":"Polygon","coordinates":[[[73.265396200348576,22.569930172818538],[73.26528316014182,22.578959941423374],[73.255559722506788,22.578854645170747],[73.255673395545671,22.569824923213005],[73.265396200348576,22.569930172818538]]]},"properties":{"FID":260,"HA_Area":100,"B_5":0,"B_4":3758.58008,"B_3":0,"B_2":1857.06995,"B_1":0,"Norm_B1":0,"Norm_B2":0.082101660960699999,"Norm_B3":0,"Norm_B4":0.064864590638100003,"Norm_B5":0,"Roads_1_S_":1.31166995,"Junctions":0.146965995,"Weighted_S":0.423662007,"nor_junc":0.047740006382000003,"Shape_Leng":4000,"Shape_Area":1000000}},{"type":"Feature","id":261,"geometry":{"type":"Polygon","coordinates":[[[73.158328584397779,22.577769350100123],[73.158208522848312,22.586798580521425],[73.14848510698593,22.586686768566135],[73.148605801498988,22.577657587661914],[73.158328584397779,22.577769350100123]]]},"properties":{"FID":261,"HA_Area":100,"B_5":0,"B_4":0,"B_3":0,"B_2":0,"B_1":0,"Norm_B1":0,"Norm_B2":0,"Norm_B3":0,"Norm_B4":0,"Norm_B5":0,"Roads_1_S_":0.176016003,"Junctions":0,"Weighted_S":0,"nor_junc":0,"Shape_Leng":4000,"Shape_Area":1000000}},{"type":"Feature","id":262,"geometry":{"type":"Polygon","coordinates":[[[73.256240892672494,22.524676153267027],[73.256127508933346,22.533705928598931],[73.246407290064639,22.533600278916566],[73.246521305009281,22.524570550462567],[73.256240892672494,22.524676153267027]]]},"properties":{"FID":262,"HA_Area":100,"B_5":0,"B_4":2905.68994,"B_3":0,"B_2":0,"B_1":0,"Norm_B1":0,"Norm_B2":0,"Norm_B3":0,"Norm_B4":0.30201474540899997,"Norm_B5":0,"Roads_1_S_":0.858784974,"Junctions":0.302015007,"Weighted_S":1.20806003,"nor_junc":0.13612925498600001,"Shape_Leng":4000,"Shape_Area":1000000}},{"type":"Feature","id":263,"geometry":{"type":"Polygon","coordinates":[[[73.15700454115327,22.677090292934629],[73.156883805970494,22.686119404918852],[73.147153406221946,22.686007047862063],[73.147274777917829,22.676977985463914],[73.15700454115327,22.677090292934629]]]},"properties":{"FID":263,"HA_Area":100,"B_5":0,"B_4":0,"B_3":0,"B_2":0,"B_1":0,"Norm_B1":0,"Norm_B2":0,"Norm_B3":0,"Norm_B4":0,"Norm_B5":0,"Roads_1_S_":0,"Junctions":0,"Weighted_S":0,"nor_junc":0,"Shape_Leng":4000,"Shape_Area":1000000}},{"type":"Feature","id":264,"geometry":{"type":"Polygon","coordinates":[[[73.187615400985706,22.569071722650797],[73.187497298599396,22.578101110788722],[73.177774333270108,22.577991111678536],[73.177893068351025,22.568961772270516],[73.187615400985706,22.569071722650797]]]},"properties":{"FID":264,"HA_Area":100,"B_5":0,"B_4":3762.81006,"B_3":0,"B_2":0,"B_1":0,"Norm_B1":0,"Norm_B2":0,"Norm_B3":0,"Norm_B4":0.063688424471200003,"Norm_B5":0,"Roads_1_S_":0.603155017,"Junctions":0.0636883974,"Weighted_S":0.254754007,"nor_junc":0.028706746691199998,"Shape_Leng":4000,"Shape_Area":1000000}},{"type":"Feature","id":265,"geometry":{"type":"Polygon","coordinates":[[[73.35258179962797,22.597941471047555],[73.352474291543118,22.606971615864172],[73.342748446342554,22.60687147847138],[73.342856588374374,22.597841377974913],[73.35258179962797,22.597941471047555]]]},"properties":{"FID":265,"HA_Area":100,"B_5":0,"B_4":0,"B_3":0,"B_2":0,"B_1":835.296997,"Norm_B1":0.27430656333699999,"Norm_B2":0,"Norm_B3":0,"Norm_B4":0,"Norm_B5":0,"Roads_1_S_":0.244398996,"Junctions":0.274307013,"Weighted_S":0.274307013,"nor_junc":0.0309100611295,"Shape_Leng":4000,"Shape_Area":1000000}},{"type":"Feature","id":266,"geometry":{"type":"Polygon","coordinates":[[[73.254990488317475,22.624003094611087],[73.25487646756234,22.633032752405164],[73.245149284176108,22.632926586675271],[73.245263939681294,22.623896975824255],[73.254990488317475,22.624003094611087]]]},"properties":{"FID":266,"HA_Area":100,"B_5":0,"B_4":0,"B_3":0,"B_2":1362.59998,"B_1":0,"Norm_B1":0,"Norm_B2":0.37912236579399999,"Norm_B3":0,"Norm_B4":0,"Norm_B5":0,"Roads_1_S_":0.768709004,"Junctions":0.379121989,"Weighted_S":0.758244991,"nor_junc":0.085442216054699996,"Shape_Leng":4000,"Shape_Area":1000000}},{"type":"Feature","id":267,"geometry":{"type":"Polygon","coordinates":[[[73.283496926497321,22.67849653761521],[73.283384467582792,22.687526270492359],[73.273653295543241,22.687421596127226],[73.27376639119673,22.678391909446507],[73.283496926497321,22.67849653761521]]]},"properties":{"FID":267,"HA_Area":100,"B_5":0,"B_4":0,"B_3":0,"B_2":1625.04004,"B_1":0,"Norm_B1":0,"Norm_B2":0.22147855070200001,"Norm_B3":0,"Norm_B4":0,"Norm_B5":0,"Roads_1_S_":0.580331028,"Junctions":0.221478999,"Weighted_S":0.442957014,"nor_junc":0.049914248447499997,"Shape_Leng":4000,"Shape_Area":1000000}},{"type":"Feature","id":268,"geometry":{"type":"Polygon","coordinates":[[[73.254305493269257,22.678180880714788],[73.254191124188409,22.687210474220283],[73.244460125519865,22.687104026707082],[73.244575131288954,22.678074480180367],[73.254305493269257,22.678180880714788]]]},"properties":{"FID":268,"HA_Area":100,"B_5":0,"B_4":0,"B_3":0,"B_2":0,"B_1":0,"Norm_B1":0,"Norm_B2":0,"Norm_B3":0,"Norm_B4":0,"Norm_B5":0,"Roads_1_S_":0,"Junctions":0,"Weighted_S":0,"nor_junc":0,"Shape_Leng":4000,"Shape_Area":1000000}},{"type":"Feature","id":269,"geometry":{"type":"Polygon","coordinates":[[[73.244919798144636,22.650985776237739],[73.244804967584258,22.660015354942225],[73.235075936396541,22.659908458109065],[73.2351914026586,22.650878926626149],[73.244919798144636,22.650985776237739]]]},"properties":{"FID":269,"HA_Area":100,"B_5":0,"B_4":0,"B_3":0,"B_2":0,"B_1":0,"Norm_B1":0,"Norm_B2":0,"Norm_B3":0,"Norm_B4":0,"Norm_B5":0,"Roads_1_S_":0.0992422998,"Junctions":0,"Weighted_S":0,"nor_junc":0,"Shape_Leng":4000,"Shape_Area":1000000}},{"type":"Feature","id":270,"geometry":{"type":"Polygon","coordinates":[[[73.294231364186174,22.597332084569874],[73.294120052662166,22.606361959557571],[73.284394542648712,22.606258289481474],[73.284506488021989,22.597228460377067],[73.294231364186174,22.597332084569874]]]},"properties":{"FID":270,"HA_Area":100,"B_5":0,"B_4":0,"B_3":0,"B_2":0,"B_1":0,"Norm_B1":0,"Norm_B2":0,"Norm_B3":0,"Norm_B4":0,"Norm_B5":0,"Roads_1_S_":0.219091997,"Junctions":0,"Weighted_S":0,"nor_junc":0,"Shape_Leng":4000,"Shape_Area":1000000}},{"type":"Feature","id":271,"geometry":{"type":"Polygon","coordinates":[[[73.187024287220069,22.61421855603135],[73.18690588382897,22.62324789049724],[73.177179750192551,22.623137647645173],[73.177298787889939,22.614108361939984],[73.187024287220069,22.61421855603135]]]},"properties":{"FID":271,"HA_Area":100,"B_5":0,"B_4":0,"B_3":0,"B_2":0,"B_1":0,"Norm_B1":0,"Norm_B2":0,"Norm_B3":0,"Norm_B4":0,"Norm_B5":0,"Roads_1_S_":0.626164973,"Junctions":0,"Weighted_S":0,"nor_junc":0,"Shape_Leng":4000,"Shape_Area":1000000}},{"type":"Feature","id":272,"geometry":{"type":"Polygon","coordinates":[[[73.176344789184697,22.686342346355818],[73.176225266381522,22.695371545954579],[73.16649410739052,22.695260321616331],[73.166614267065825,22.686231171088487],[73.176344789184697,22.686342346355818]]]},"properties":{"FID":272,"HA_Area":100,"B_5":0,"B_4":0,"B_3":0,"B_2":0,"B_1":0,"Norm_B1":0,"Norm_B2":0,"Norm_B3":0,"Norm_B4":0,"Norm_B5":0,"Roads_1_S_":0,"Junctions":0,"Weighted_S":0,"nor_junc":0,"Shape_Leng":4000,"Shape_Area":1000000}},{"type":"Feature","id":273,"geometry":{"type":"Polygon","coordinates":[[[73.294898044164114,22.543152610719613],[73.294787072319423,22.552182549668302],[73.285065360566421,22.552079154805085],[73.285176964326979,22.543049261704954],[73.294898044164114,22.543152610719613]]]},"properties":{"FID":273,"HA_Area":100,"B_5":0,"B_4":1607.53003,"B_3":0,"B_2":1484.15002,"B_1":0,"Norm_B1":0,"Norm_B2":0.306109072137,"Norm_B3":0,"Norm_B4":0.66297427679400001,"Norm_B5":0,"Roads_1_S_":1.16544998,"Junctions":0.969083011,"Weighted_S":3.2641201,"nor_junc":0.36781470128600002,"Shape_Leng":4000,"Shape_Area":1000000}},{"type":"Feature","id":274,"geometry":{"type":"Polygon","coordinates":[[[73.205771763437212,22.668613603832089],[73.205654270799954,22.677642970589684],[73.195924204151964,22.677533616401874],[73.196042333067837,22.66850429792067],[73.205771763437212,22.668613603832089]]]},"properties":{"FID":274,"HA_Area":100,"B_5":0,"B_4":0,"B_3":0,"B_2":0,"B_1":0,"Norm_B1":0,"Norm_B2":0,"Norm_B3":0,"Norm_B4":0,"Norm_B5":0,"Roads_1_S_":0,"Junctions":0,"Weighted_S":0,"nor_junc":0,"Shape_Leng":4000,"Shape_Area":1000000}},{"type":"Feature","id":275,"geometry":{"type":"Polygon","coordinates":[[[73.129647641127235,22.541315867593852],[73.129525929026784,22.550344991721079],[73.119805228254251,22.550231616947062],[73.119927571976532,22.541202543092499],[73.129647641127235,22.541315867593852]]]},"properties":{"FID":275,"HA_Area":100,"B_5":0,"B_4":0,"B_3":0,"B_2":0,"B_1":0,"Norm_B1":0,"Norm_B2":0,"Norm_B3":0,"Norm_B4":0,"Norm_B5":0,"Roads_1_S_":0,"Junctions":0,"Weighted_S":0,"nor_junc":0,"Shape_Leng":4000,"Shape_Area":1000000}},{"type":"Feature","id":276,"geometry":{"type":"Polygon","coordinates":[[[73.352796651655268,22.579881149513614],[73.352689252993372,22.588911315596228],[73.3429646753642,22.588811266838135],[73.343072707328105,22.579781145064484],[73.352796651655268,22.579881149513614]]]},"properties":{"FID":276,"HA_Area":100,"B_5":0,"B_4":0,"B_3":0,"B_2":0,"B_1":0,"Norm_B1":0,"Norm_B2":0,"Norm_B3":0,"Norm_B4":0,"Norm_B5":0,"Roads_1_S_":0.723133981,"Junctions":0,"Weighted_S":0,"nor_junc":0,"Shape_Leng":4000,"Shape_Area":1000000}},{"type":"Feature","id":277,"geometry":{"type":"Polygon","coordinates":[[[73.332150453436611,22.679010815922247],[73.332041178465602,22.688040775869492],[73.322309723942425,22.68793905703383],[73.322419635735002,22.67890914197897],[73.332150453436611,22.679010815922247]]]},"properties":{"FID":277,"HA_Area":100,"B_5":0,"B_4":0,"B_3":0,"B_2":0,"B_1":0,"Norm_B1":0,"Norm_B2":0,"Norm_B3":0,"Norm_B4":0,"Norm_B5":0,"Roads_1_S_":0.083397001,"Junctions":0,"Weighted_S":0,"nor_junc":0,"Shape_Leng":4000,"Shape_Area":1000000}},{"type":"Feature","id":278,"geometry":{"type":"Polygon","coordinates":[[[73.28551143441004,22.515959518495492],[73.285400001232262,22.524989443546687],[73.275680241105675,22.524885599823257],[73.275792305217379,22.515855720863502],[73.28551143441004,22.515959518495492]]]},"properties":{"FID":278,"HA_Area":100,"B_5":0,"B_4":2364.88989,"B_3":0,"B_2":0,"B_1":0,"Norm_B1":0,"Norm_B2":0,"Norm_B3":0,"Norm_B4":0.45238676843699999,"Norm_B5":0,"Roads_1_S_":0.953225017,"Junctions":0.452387005,"Weighted_S":1.80955005,"nor_junc":0.20390766552299999,"Shape_Leng":4000,"Shape_Area":1000000}},{"type":"Feature","id":279,"geometry":{"type":"Polygon","coordinates":[[[73.188087209222374,22.532954062894966],[73.187969347324511,22.541983493907537],[73.178248910841646,22.541873689680095],[73.178367404146456,22.532844307372859],[73.188087209222374,22.532954062894966]]]},"properties":{"FID":279,"HA_Area":100,"B_5":0,"B_4":3709.05005,"B_3":0,"B_2":0,"B_1":0,"Norm_B1":0,"Norm_B2":0,"Norm_B3":0,"Norm_B4":0.078636650611400002,"Norm_B5":0,"Roads_1_S_":0.665175974,"Junctions":0.0786366984,"Weighted_S":0.314547002,"nor_junc":0.035444471429999999,"Shape_Leng":4000,"Shape_Area":1000000}},{"type":"Feature","id":280,"geometry":{"type":"Polygon","coordinates":[[[73.353332824969613,22.53473015975192],[73.353225699586389,22.543760378939265],[73.343504285244791,22.543660551670026],[73.343612042319251,22.53463037676369],[73.353332824969613,22.53473015975192]]]},"properties":{"FID":280,"HA_Area":100,"B_5":0,"B_4":0,"B_3":0,"B_2":0,"B_1":0,"Norm_B1":0,"Norm_B2":0,"Norm_B3":0,"Norm_B4":0,"Norm_B5":0,"Roads_1_S_":0.846733987,"Junctions":0,"Weighted_S":0,"nor_junc":0,"Shape_Leng":4000,"Shape_Area":1000000}},{"type":"Feature","id":281,"geometry":{"type":"Polygon","coordinates":[[[73.196514248720803,22.632386916468651],[73.196396359774084,22.641416277953763],[73.186668896268301,22.641306527190867],[73.186787420184245,22.632277214218242],[73.196514248720803,22.632386916468651]]]},"properties":{"FID":281,"HA_Area":100,"B_5":0,"B_4":0,"B_3":0,"B_2":0,"B_1":0,"Norm_B1":0,"Norm_B2":0,"Norm_B3":0,"Norm_B4":0,"Norm_B5":0,"Roads_1_S_":0,"Junctions":0,"Weighted_S":0,"nor_junc":0,"Shape_Leng":4000,"Shape_Area":1000000}},{"type":"Feature","id":282,"geometry":{"type":"Polygon","coordinates":[[[73.236113021290421,22.578642288956033],[73.235998024083059,22.587671906141328],[73.226274128042689,22.587564798773805],[73.226389758353534,22.578535229022705],[73.236113021290421,22.578642288956033]]]},"properties":{"FID":282,"HA_Area":100,"B_5":0,"B_4":1995.32996,"B_3":0,"B_2":1776.75,"B_1":0,"Norm_B1":0,"Norm_B2":0.1303486496,"Norm_B3":0,"Norm_B4":0.55514466464199996,"Norm_B5":0,"Roads_1_S_":0.931697011,"Junctions":0.685492992,"Weighted_S":2.48128009,"nor_junc":0.27960101529100001,"Shape_Leng":4000,"Shape_Area":1000000}},{"type":"Feature","id":283,"geometry":{"type":"Polygon","coordinates":[[[73.34253199708877,22.624931647529589],[73.352259111151227,22.625031873579509],[73.352151438812243,22.634061986471341],[73.342423689834661,22.633961716084446],[73.34253199708877,22.624931647529589]]]},"properties":{"FID":283,"HA_Area":100,"B_5":0,"B_4":0,"B_3":0,"B_2":0,"B_1":706.749023,"Norm_B1":0.49527960546100003,"Norm_B2":0,"Norm_B3":0,"Norm_B4":0,"Norm_B5":0,"Roads_1_S_":0.767072022,"Junctions":0.495279998,"Weighted_S":0.495279998,"nor_junc":0.055810221032500003,"Shape_Leng":4000,"Shape_Area":1000000}},{"type":"Feature","id":284,"geometry":{"type":"Polygon","coordinates":[[[73.13876175259584,22.586574368604669],[73.13864036334256,22.59560348896947],[73.128916437497111,22.595490450973003],[73.129038460000288,22.586461380652246],[73.13876175259584,22.586574368604669]]]},"properties":{"FID":284,"HA_Area":100,"B_5":0,"B_4":0,"B_3":0,"B_2":0,"B_1":0,"Norm_B1":0,"Norm_B2":0,"Norm_B3":0,"Norm_B4":0,"Norm_B5":0,"Roads_1_S_":0.518855989,"Junctions":0,"Weighted_S":0,"nor_junc":0,"Shape_Leng":4000,"Shape_Area":1000000}},{"type":"Feature","id":285,"geometry":{"type":"Polygon","coordinates":[[[73.324170642130142,22.534429050606299],[73.324061621721228,22.543459136169684],[73.314340373183157,22.543357547965844],[73.314450025235104,22.534327507464386],[73.324170642130142,22.534429050606299]]]},"properties":{"FID":285,"HA_Area":100,"B_5":0,"B_4":3967.66992,"B_3":0,"B_2":1089.81995,"B_1":0,"Norm_B1":0,"Norm_B2":0.54297724347499998,"Norm_B3":0,"Norm_B4":0.0067261661546800001,"Norm_B5":0,"Roads_1_S_":1.08498001,"Junctions":0.549703002,"Weighted_S":1.11285996,"nor_junc":0.12540171396499999,"Shape_Leng":4000,"Shape_Area":1000000}},{"type":"Feature","id":286,"geometry":{"type":"Polygon","coordinates":[[[73.168766723442999,22.523704621297068],[73.168647659470594,22.532733965360997],[73.158927975516491,22.532623036874316],[73.159047670538939,22.523593742029885],[73.168766723442999,22.523704621297068]]]},"properties":{"FID":286,"HA_Area":100,"B_5":0,"B_4":0,"B_3":0,"B_2":0,"B_1":0,"Norm_B1":0,"Norm_B2":0,"Norm_B3":0,"Norm_B4":0,"Norm_B5":0,"Roads_1_S_":0.862776995,"Junctions":0,"Weighted_S":0,"nor_junc":0,"Shape_Leng":4000,"Shape_Area":1000000}},{"type":"Feature","id":287,"geometry":{"type":"Polygon","coordinates":[[[73.119315229521419,22.586347804724166],[73.119192573786464,22.59537682474053],[73.109468772532892,22.595262610287438],[73.109592061481422,22.586233640835804],[73.119315229521419,22.586347804724166]]]},"properties":{"FID":287,"HA_Area":100,"B_5":0,"B_4":0,"B_3":0,"B_2":0,"B_1":0,"Norm_B1":0,"Norm_B2":0,"Norm_B3":0,"Norm_B4":0,"Norm_B5":0,"Roads_1_S_":0.130377993,"Junctions":0,"Weighted_S":0,"nor_junc":0,"Shape_Leng":4000,"Shape_Area":1000000}},{"type":"Feature","id":288,"geometry":{"type":"Polygon","coordinates":[[[73.304619180556813,22.54325537281121],[73.304508840644445,22.552285357348151],[73.294787072319423,22.552182549668302],[73.294898044164114,22.543152610719613],[73.304619180556813,22.54325537281121]]]},"properties":{"FID":288,"HA_Area":100,"B_5":0,"B_4":2536.5,"B_3":0,"B_2":1272.68994,"B_1":0,"Norm_B1":0,"Norm_B2":0.43312997658199998,"Norm_B3":0,"Norm_B4":0.40466976271400001,"Norm_B5":0,"Roads_1_S_":0.991665006,"Junctions":0.837800026,"Weighted_S":2.48494005,"nor_junc":0.28001343529400002,"Shape_Leng":4000,"Shape_Area":1000000}},{"type":"Feature","id":289,"geometry":{"type":"Polygon","coordinates":[[[73.168528534776442,22.541763298702715],[73.168409349342866,22.55079262131872],[73.158688402323605,22.550681594374446],[73.158808219450634,22.541652320990341],[73.168528534776442,22.541763298702715]]]},"properties":{"FID":289,"HA_Area":100,"B_5":0,"B_4":0,"B_3":0,"B_2":0,"B_1":0,"Norm_B1":0,"Norm_B2":0,"Norm_B3":0,"Norm_B4":0,"Norm_B5":0,"Roads_1_S_":0.115483999,"Junctions":0,"Weighted_S":0,"nor_junc":0,"Shape_Leng":4000,"Shape_Area":1000000}},{"type":"Feature","id":290,"geometry":{"type":"Polygon","coordinates":[[[73.167333944247517,22.632056041626761],[73.167214150445986,22.641085256792739],[73.157486868775081,22.64097373718749],[73.15760729749276,22.631944571315643],[73.167333944247517,22.632056041626761]]]},"properties":{"FID":290,"HA_Area":100,"B_5":0,"B_4":0,"B_3":0,"B_2":0,"B_1":0,"Norm_B1":0,"Norm_B2":0,"Norm_B3":0,"Norm_B4":0,"Norm_B5":0,"Roads_1_S_":0.0286388993,"Junctions":0,"Weighted_S":0,"nor_junc":0,"Shape_Leng":4000,"Shape_Area":1000000}},{"type":"Feature","id":291,"geometry":{"type":"Polygon","coordinates":[[[73.207060246378049,22.56928986075982],[73.206943409433407,22.578319345576574],[73.197220324094545,22.578210522093009],[73.197337793768739,22.569181085485496],[73.207060246378049,22.56928986075982]]]},"properties":{"FID":291,"HA_Area":100,"B_5":0,"B_4":2088.5,"B_3":0,"B_2":1902.89001,"B_1":0,"Norm_B1":0,"Norm_B2":0.054578232226999999,"Norm_B3":0,"Norm_B4":0.52923829125300004,"Norm_B5":0,"Roads_1_S_":0.95420301,"Junctions":0.583817005,"Weighted_S":2.22610998,"nor_junc":0.25084738070899998,"Shape_Leng":4000,"Shape_Area":1000000}},{"type":"Feature","id":292,"geometry":{"type":"Polygon","coordinates":[[[73.34253199708877,22.624931647529589],[73.332804938116453,22.624830832143552],[73.332913824856618,22.615800797530021],[73.342640249252696,22.61590156832408],[73.34253199708877,22.624931647529589]]]},"properties":{"FID":292,"HA_Area":100,"B_5":0,"B_4":0,"B_3":0,"B_2":0,"B_1":0,"Norm_B1":0,"Norm_B2":0,"Norm_B3":0,"Norm_B4":0,"Norm_B5":0,"Roads_1_S_":0.828467011,"Junctions":0,"Weighted_S":0,"nor_junc":0,"Shape_Leng":4000,"Shape_Area":1000000}},{"type":"Feature","id":293,"geometry":{"type":"Polygon","coordinates":[[[73.244919798144636,22.650985776237739],[73.254648251999441,22.651092035871585],[73.254534057157798,22.660121661536976],[73.244804967584258,22.660015354942225],[73.244919798144636,22.650985776237739]]]},"properties":{"FID":293,"HA_Area":100,"B_5":0,"B_4":0,"B_3":0,"B_2":1895.76001,"B_1":0,"Norm_B1":0,"Norm_B2":0.058861119361100001,"Norm_B3":0,"Norm_B4":0,"Norm_B5":0,"Roads_1_S_":0.336605996,"Junctions":0.0588610992,"Weighted_S":0.117721997,"nor_junc":0.0132654068733,"Shape_Leng":4000,"Shape_Area":1000000}},{"type":"Feature","id":294,"geometry":{"type":"Polygon","coordinates":[[[73.352151438812243,22.634061986471341],[73.35204371168993,22.643092088714734],[73.34231532747431,22.642991773985241],[73.342423689834661,22.633961716084446],[73.352151438812243,22.634061986471341]]]},"properties":{"FID":294,"HA_Area":100,"B_5":0,"B_4":0,"B_3":0,"B_2":0,"B_1":759.919983,"Norm_B1":0.40387910854699999,"Norm_B2":0,"Norm_B3":0,"Norm_B4":0,"Norm_B5":0,"Roads_1_S_":0.693260014,"Junctions":0.403878987,"Weighted_S":0.403878987,"nor_junc":0.045510772967799998,"Shape_Leng":4000,"Shape_Area":1000000}},{"type":"Feature","id":295,"geometry":{"type":"Polygon","coordinates":[[[73.313791273922007,22.588507590855212],[73.313681286155472,22.597537567485308],[73.303956297004845,22.597435120277265],[73.304066918331102,22.588405189003719],[73.313791273922007,22.588507590855212]]]},"properties":{"FID":295,"HA_Area":100,"B_5":0,"B_4":0,"B_3":0,"B_2":0,"B_1":0,"Norm_B1":0,"Norm_B2":0,"Norm_B3":0,"Norm_B4":0,"Norm_B5":0,"Roads_1_S_":0.878449976,"Junctions":0,"Weighted_S":0,"nor_junc":0,"Shape_Leng":4000,"Shape_Area":1000000}},{"type":"Feature","id":296,"geometry":{"type":"Polygon","coordinates":[[[73.118824231766325,22.622463820106233],[73.11870132609377,22.631492796988606],[73.108974988762341,22.631378380212695],[73.109098528938077,22.622349453920624],[73.118824231766325,22.622463820106233]]]},"properties":{"FID":296,"HA_Area":100,"B_5":0,"B_4":0,"B_3":0,"B_2":0,"B_1":0,"Norm_B1":0,"Norm_B2":0,"Norm_B3":0,"Norm_B4":0,"Norm_B5":0,"Roads_1_S_":0.958598971,"Junctions":0,"Weighted_S":0,"nor_junc":0,"Shape_Leng":4000,"Shape_Area":1000000}},{"type":"Feature","id":297,"geometry":{"type":"Polygon","coordinates":[[[73.285176964326979,22.543049261704954],[73.285065360566421,22.552079154805085],[73.275343705707414,22.551975172772504],[73.275455941367312,22.542945325781233],[73.285176964326979,22.543049261704954]]]},"properties":{"FID":297,"HA_Area":100,"B_5":0,"B_4":858.002014,"B_3":0,"B_2":618.120972,"B_1":0,"Norm_B1":0,"Norm_B2":0.82631975203700003,"Norm_B3":0,"Norm_B4":0.87138410256400001,"Norm_B5":0,"Roads_1_S_":1.76338995,"Junctions":1.69770002,"Weighted_S":5.13817978,"nor_junc":0.57899158167300002,"Shape_Leng":4000,"Shape_Area":1000000}},{"type":"Feature","id":298,"geometry":{"type":"Polygon","coordinates":[[[73.147153406221946,22.686007047862063],[73.147031972856055,22.695036099465888],[73.137300997959272,22.694923101684072],[73.137423068143448,22.685894099933346],[73.147153406221946,22.686007047862063]]]},"properties":{"FID":298,"HA_Area":100,"B_5":0,"B_4":0,"B_3":0,"B_2":0,"B_1":0,"Norm_B1":0,"Norm_B2":0,"Norm_B3":0,"Norm_B4":0,"Norm_B5":0,"Roads_1_S_":0.0355287008,"Junctions":0,"Weighted_S":0,"nor_junc":0,"Shape_Leng":4000,"Shape_Area":1000000}},{"type":"Feature","id":299,"geometry":{"type":"Polygon","coordinates":[[[73.206709556962139,22.596378283060993],[73.206592541400852,22.605407735721666],[73.196867555939946,22.605298767573814],[73.196985205197578,22.59626936314066],[73.206709556962139,22.596378283060993]]]},"properties":{"FID":299,"HA_Area":100,"B_5":0,"B_4":3826.61011,"B_3":0,"B_2":0,"B_1":0,"Norm_B1":0,"Norm_B2":0,"Norm_B3":0,"Norm_B4":0.045948517767500002,"Norm_B5":0,"Roads_1_S_":0.228586003,"Junctions":0.0459485017,"Weighted_S":0.183794007,"nor_junc":0.020710677169800001,"Shape_Leng":4000,"Shape_Area":1000000}},{"type":"Feature","id":300,"geometry":{"type":"Polygon","coordinates":[[[73.284618376418322,22.588198620598046],[73.284506488021989,22.597228460377067],[73.274781668834706,22.597124247712895],[73.27489419074125,22.588094454071843],[73.284618376418322,22.588198620598046]]]},"properties":{"FID":300,"HA_Area":100,"B_5":0,"B_4":0,"B_3":0,"B_2":0,"B_1":0,"Norm_B1":0,"Norm_B2":0,"Norm_B3":0,"Norm_B4":0,"Norm_B5":0,"Roads_1_S_":0.195984006,"Junctions":0,"Weighted_S":0,"nor_junc":0,"Shape_Leng":4000,"Shape_Area":1000000}},{"type":"Feature","id":301,"geometry":{"type":"Polygon","coordinates":[[[73.32395254572252,22.552489211102163],[73.323843414117846,22.561519275400286],[73.314120901327826,22.561417597055549],[73.314230665219483,22.552387577830718],[73.32395254572252,22.552489211102163]]]},"properties":{"FID":301,"HA_Area":100,"B_5":0,"B_4":0,"B_3":0,"B_2":1541.03003,"B_1":0,"Norm_B1":0,"Norm_B2":0.27194210519899997,"Norm_B3":0,"Norm_B4":0,"Norm_B5":0,"Roads_1_S_":0.656508029,"Junctions":0.27194199,"Weighted_S":0.543883979,"nor_junc":0.061287120921100002,"Shape_Leng":4000,"Shape_Area":1000000}},{"type":"Feature","id":302,"geometry":{"type":"Polygon","coordinates":[[[73.304729464235521,22.534225377631977],[73.304619180556813,22.54325537281121],[73.294898044164114,22.543152610719613],[73.295008959453256,22.534122661122879],[73.304729464235521,22.534225377631977]]]},"properties":{"FID":302,"HA_Area":100,"B_5":0,"B_4":2462.53003,"B_3":0,"B_2":1400.23999,"B_1":0,"Norm_B1":0,"Norm_B2":0.35651257279699999,"Norm_B3":0,"Norm_B4":0.42523746451400002,"Norm_B5":0,"Roads_1_S_":1.11058998,"Junctions":0.781750023,"Weighted_S":2.41398001,"nor_junc":0.27201736073499999,"Shape_Leng":4000,"Shape_Area":1000000}},{"type":"Feature","id":303,"geometry":{"type":"Polygon","coordinates":[[[73.244919798144636,22.650985776237739],[73.2351914026586,22.650878926626149],[73.235306810228892,22.641849384418261],[73.245034570336244,22.641956186814269],[73.244919798144636,22.650985776237739]]]},"properties":{"FID":303,"HA_Area":100,"B_5":0,"B_4":0,"B_3":0,"B_2":1872.02002,"B_1":0,"Norm_B1":0,"Norm_B2":0.073121375898300006,"Norm_B3":0,"Norm_B4":0,"Norm_B5":0,"Roads_1_S_":0.211162999,"Junctions":0.0731213987,"Weighted_S":0.146243006,"nor_junc":0.016479273398,"Shape_Leng":4000,"Shape_Area":1000000}},{"type":"Feature","id":304,"geometry":{"type":"Polygon","coordinates":[[[73.274556453106797,22.615183802950185],[73.274443759252009,22.624213564539502],[73.264717094948608,22.624108624187599],[73.264830423264499,22.615078909014315],[73.274556453106797,22.615183802950185]]]},"properties":{"FID":304,"HA_Area":100,"B_5":0,"B_4":0,"B_3":0,"B_2":1811.38,"B_1":0,"Norm_B1":0,"Norm_B2":0.109546924383,"Norm_B3":0,"Norm_B4":0,"Norm_B5":0,"Roads_1_S_":0.721469998,"Junctions":0.109546997,"Weighted_S":0.219093993,"nor_junc":0.024688427259100001,"Shape_Leng":4000,"Shape_Area":1000000}},{"type":"Feature","id":305,"geometry":{"type":"Polygon","coordinates":[[[73.313130506853454,22.642687290706984],[73.313020182784712,22.651717203341395],[73.303291385500302,22.651614483873562],[73.303402345065081,22.642584616630149],[73.313130506853454,22.642687290706984]]]},"properties":{"FID":305,"HA_Area":100,"B_5":0,"B_4":0,"B_3":0,"B_2":0,"B_1":0,"Norm_B1":0,"Norm_B2":0,"Norm_B3":0,"Norm_B4":0,"Norm_B5":0,"Roads_1_S_":0.908297002,"Junctions":0,"Weighted_S":0,"nor_junc":0,"Shape_Leng":4000,"Shape_Area":1000000}},{"type":"Feature","id":306,"geometry":{"type":"Polygon","coordinates":[[[73.119192573786464,22.59537682474053],[73.119069855594432,22.604405833978671],[73.109345420805028,22.604291568954476],[73.109468772532892,22.595262610287438],[73.119192573786464,22.59537682474053]]]},"properties":{"FID":306,"HA_Area":100,"B_5":0,"B_4":0,"B_3":0,"B_2":0,"B_1":0,"Norm_B1":0,"Norm_B2":0,"Norm_B3":0,"Norm_B4":0,"Norm_B5":0,"Roads_1_S_":0.42344299,"Junctions":0,"Weighted_S":0,"nor_junc":0,"Shape_Leng":4000,"Shape_Area":1000000}},{"type":"Feature","id":307,"geometry":{"type":"Polygon","coordinates":[[[73.334107926358982,22.516469714451958],[73.33399964809675,22.525499866057132],[73.324279606965419,22.525398954415461],[73.324388516243218,22.516368847600628],[73.334107926358982,22.516469714451958]]]},"properties":{"FID":307,"HA_Area":100,"B_5":0,"B_4":0,"B_3":0,"B_2":0,"B_1":0,"Norm_B1":0,"Norm_B2":0,"Norm_B3":0,"Norm_B4":0,"Norm_B5":0,"Roads_1_S_":0.0965597034,"Junctions":0,"Weighted_S":0,"nor_junc":0,"Shape_Leng":4000,"Shape_Area":1000000}},{"type":"Feature","id":308,"geometry":{"type":"Polygon","coordinates":[[[73.32373422689102,22.570549329060594],[73.323624984025841,22.579579372079632],[73.313901205695387,22.579477603571249],[73.314011081491884,22.570447605636879],[73.32373422689102,22.570549329060594]]]},"properties":{"FID":308,"HA_Area":100,"B_5":0,"B_4":0,"B_3":0,"B_2":0,"B_1":570.671021,"Norm_B1":0.72919671378799999,"Norm_B2":0,"Norm_B3":0,"Norm_B4":0,"Norm_B5":0,"Roads_1_S_":0.954806983,"Junctions":0.729197025,"Weighted_S":0.729197025,"nor_junc":0.082168969787699997,"Shape_Leng":4000,"Shape_Area":1000000}},{"type":"Feature","id":309,"geometry":{"type":"Polygon","coordinates":[[[73.186194197540118,22.677423671527521],[73.186075372003842,22.68645293070578],[73.176344789184697,22.686342346355818],[73.176464251287598,22.677313135981528],[73.186194197540118,22.677423671527521]]]},"properties":{"FID":309,"HA_Area":100,"B_5":0,"B_4":0,"B_3":0,"B_2":0,"B_1":0,"Norm_B1":0,"Norm_B2":0,"Norm_B3":0,"Norm_B4":0,"Norm_B5":0,"Roads_1_S_":0,"Junctions":0,"Weighted_S":0,"nor_junc":0,"Shape_Leng":4000,"Shape_Area":1000000}},{"type":"Feature","id":310,"geometry":{"type":"Polygon","coordinates":[[[73.137423068143448,22.685894099933346],[73.137300997959272,22.694923101684072],[73.127570085073913,22.694809512784925],[73.127692792058227,22.685780561148004],[73.137423068143448,22.685894099933346]]]},"properties":{"FID":310,"HA_Area":100,"B_5":0,"B_4":0,"B_3":0,"B_2":0,"B_1":0,"Norm_B1":0,"Norm_B2":0,"Norm_B3":0,"Norm_B4":0,"Norm_B5":0,"Roads_1_S_":0.271434009,"Junctions":0,"Weighted_S":0,"nor_junc":0,"Shape_Leng":4000,"Shape_Area":1000000}},{"type":"Feature","id":311,"geometry":{"type":"Polygon","coordinates":[[[73.342856588374374,22.597841377974913],[73.342748446342554,22.60687147847138],[73.333022656200001,22.606770752263657],[73.33313143216273,22.597740696347888],[73.342856588374374,22.597841377974913]]]},"properties":{"FID":311,"HA_Area":100,"B_5":0,"B_4":0,"B_3":0,"B_2":0,"B_1":0,"Norm_B1":0,"Norm_B2":0,"Norm_B3":0,"Norm_B4":0,"Norm_B5":0,"Roads_1_S_":0,"Junctions":0,"Weighted_S":0,"nor_junc":0,"Shape_Leng":4000,"Shape_Area":1000000}},{"type":"Feature","id":312,"geometry":{"type":"Polygon","coordinates":[[[73.148001714031253,22.6228033845906],[73.147880711977336,22.631832511681051],[73.138154188023918,22.631719862738162],[73.138275824635471,22.622690785456591],[73.148001714031253,22.6228033845906]]]},"properties":{"FID":312,"HA_Area":100,"B_5":0,"B_4":0,"B_3":0,"B_2":0,"B_1":0,"Norm_B1":0,"Norm_B2":0,"Norm_B3":0,"Norm_B4":0,"Norm_B5":0,"Roads_1_S_":0.0945973992,"Junctions":0,"Weighted_S":0,"nor_junc":0,"Shape_Leng":4000,"Shape_Area":1000000}},{"type":"Feature","id":313,"geometry":{"type":"Polygon","coordinates":[[[73.304508840644445,22.552285357348151],[73.304398444482075,22.561315331239332],[73.294676043902712,22.561212477965487],[73.294787072319423,22.552182549668302],[73.304508840644445,22.552285357348151]]]},"properties":{"FID":313,"HA_Area":100,"B_5":0,"B_4":2967.03003,"B_3":0,"B_2":1679.39001,"B_1":984.033997,"Norm_B1":0.0186287309329,"Norm_B2":0.188831334465,"Norm_B3":0,"Norm_B4":0.28495884253100001,"Norm_B5":0,"Roads_1_S_":0.539106011,"Junctions":0.492419004,"Weighted_S":1.53612995,"nor_junc":0.173097545922,"Shape_Leng":4000,"Shape_Area":1000000}},{"type":"Feature","id":314,"geometry":{"type":"Polygon","coordinates":[[[73.148847006179793,22.559599193600331],[73.148726434557645,22.568628396005476],[73.139004345736865,22.568516095592546],[73.139125549660577,22.55948694295224],[73.148847006179793,22.559599193600331]]]},"properties":{"FID":314,"HA_Area":100,"B_5":0,"B_4":0,"B_3":0,"B_2":0,"B_1":0,"Norm_B1":0,"Norm_B2":0,"Norm_B3":0,"Norm_B4":0,"Norm_B5":0,"Roads_1_S_":0,"Junctions":0,"Weighted_S":0,"nor_junc":0,"Shape_Leng":4000,"Shape_Area":1000000}},{"type":"Feature","id":315,"geometry":{"type":"Polygon","coordinates":[[[73.168290103152188,22.559821933205502],[73.158568524117641,22.55971085702312],[73.158688402323605,22.550681594374446],[73.168409349342866,22.55079262131872],[73.168290103152188,22.559821933205502]]]},"properties":{"FID":315,"HA_Area":100,"B_5":0,"B_4":0,"B_3":0,"B_2":0,"B_1":0,"Norm_B1":0,"Norm_B2":0,"Norm_B3":0,"Norm_B4":0,"Norm_B5":0,"Roads_1_S_":0,"Junctions":0,"Weighted_S":0,"nor_junc":0,"Shape_Leng":4000,"Shape_Area":1000000}},{"type":"Feature","id":316,"geometry":{"type":"Polygon","coordinates":[[[73.244460125519865,22.687104026707082],[73.244345061313723,22.696133562500936],[73.23461348408776,22.696026476721599],[73.234729185288401,22.686996988173277],[73.244460125519865,22.687104026707082]]]},"properties":{"FID":316,"HA_Area":100,"B_5":0,"B_4":0,"B_3":0,"B_2":0,"B_1":0,"Norm_B1":0,"Norm_B2":0,"Norm_B3":0,"Norm_B4":0,"Norm_B5":0,"Roads_1_S_":0,"Junctions":0,"Weighted_S":0,"nor_junc":0,"Shape_Leng":4000,"Shape_Area":1000000}},{"type":"Feature","id":317,"geometry":{"type":"Polygon","coordinates":[[[73.303956297004845,22.597435120277265],[73.303845619346589,22.606465040887766],[73.294120052662166,22.606361959557571],[73.294231364186174,22.597332084569874],[73.303956297004845,22.597435120277265]]]},"properties":{"FID":317,"HA_Area":100,"B_5":0,"B_4":0,"B_3":0,"B_2":0,"B_1":0,"Norm_B1":0,"Norm_B2":0,"Norm_B3":0,"Norm_B4":0,"Norm_B5":0,"Roads_1_S_":0.633952022,"Junctions":0,"Weighted_S":0,"nor_junc":0,"Shape_Leng":4000,"Shape_Area":1000000}},{"type":"Feature","id":318,"geometry":{"type":"Polygon","coordinates":[[[73.168290103152188,22.559821933205502],[73.178011742961516,22.55993242213243],[73.177893068351025,22.568961772270516],[73.168170796186772,22.568851234359546],[73.168290103152188,22.559821933205502]]]},"properties":{"FID":318,"HA_Area":100,"B_5":0,"B_4":0,"B_3":0,"B_2":0,"B_1":0,"Norm_B1":0,"Norm_B2":0,"Norm_B3":0,"Norm_B4":0,"Norm_B5":0,"Roads_1_S_":0.111584,"Junctions":0,"Weighted_S":0,"nor_junc":0,"Shape_Leng":4000,"Shape_Area":1000000}},{"type":"Feature","id":319,"geometry":{"type":"Polygon","coordinates":[[[73.177536681626606,22.596049758290398],[73.177417765028736,22.605079065487228],[73.167692960223306,22.604968331578242],[73.16781251046487,22.595939073390198],[73.177536681626606,22.596049758290398]]]},"properties":{"FID":319,"HA_Area":100,"B_5":0,"B_4":0,"B_3":0,"B_2":0,"B_1":0,"Norm_B1":0,"Norm_B2":0,"Norm_B3":0,"Norm_B4":0,"Norm_B5":0,"Roads_1_S_":0.730068982,"Junctions":0,"Weighted_S":0,"nor_junc":0,"Shape_Leng":4000,"Shape_Area":1000000}},{"type":"Feature","id":320,"geometry":{"type":"Polygon","coordinates":[[[73.197102794576637,22.587239947979228],[73.196985205197578,22.59626936314066],[73.187260913311633,22.596159854878852],[73.187379136047213,22.587130488199243],[73.197102794576637,22.587239947979228]]]},"properties":{"FID":320,"HA_Area":100,"B_5":0,"B_4":3757.11011,"B_3":0,"B_2":0,"B_1":0,"Norm_B1":0,"Norm_B2":0,"Norm_B3":0,"Norm_B4":0.065273322976200004,"Norm_B5":0,"Roads_1_S_":0.696354985,"Junctions":0.0652732998,"Weighted_S":0.261092991,"nor_junc":0.029421049887900001,"Shape_Leng":4000,"Shape_Area":1000000}},{"type":"Feature","id":321,"geometry":{"type":"Polygon","coordinates":[[[73.166614267065825,22.686231171088487],[73.16649410739052,22.695260321616331],[73.156763009440908,22.695148506115054],[73.156883805970494,22.686119404918852],[73.166614267065825,22.686231171088487]]]},"properties":{"FID":321,"HA_Area":100,"B_5":0,"B_4":0,"B_3":0,"B_2":0,"B_1":0,"Norm_B1":0,"Norm_B2":0,"Norm_B3":0,"Norm_B4":0,"Norm_B5":0,"Roads_1_S_":0,"Junctions":0,"Weighted_S":0,"nor_junc":0,"Shape_Leng":4000,"Shape_Area":1000000}},{"type":"Feature","id":322,"geometry":{"type":"Polygon","coordinates":[[[73.18690588382897,22.62324789049724],[73.186787420184245,22.632277214218242],[73.177060651918907,22.6321669225993],[73.177179750192551,22.623137647645173],[73.18690588382897,22.62324789049724]]]},"properties":{"FID":322,"HA_Area":100,"B_5":0,"B_4":0,"B_3":0,"B_2":0,"B_1":0,"Norm_B1":0,"Norm_B2":0,"Norm_B3":0,"Norm_B4":0,"Norm_B5":0,"Roads_1_S_":0.264526993,"Junctions":0,"Weighted_S":0,"nor_junc":0,"Shape_Leng":4000,"Shape_Area":1000000}},{"type":"Feature","id":323,"geometry":{"type":"Polygon","coordinates":[[[73.129769291201328,22.532286732715903],[73.129647641127235,22.541315867593852],[73.119927571976532,22.541202543092499],[73.12004985335075,22.532173458480873],[73.129769291201328,22.532286732715903]]]},"properties":{"FID":323,"HA_Area":100,"B_5":0,"B_4":0,"B_3":0,"B_2":0,"B_1":0,"Norm_B1":0,"Norm_B2":0,"Norm_B3":0,"Norm_B4":0,"Norm_B5":0,"Roads_1_S_":0,"Junctions":0,"Weighted_S":0,"nor_junc":0,"Shape_Leng":4000,"Shape_Area":1000000}},{"type":"Feature","id":324,"geometry":{"type":"Polygon","coordinates":[[[73.139730643529859,22.514341018549182],[73.13960974812943,22.523370224911599],[73.129890879267066,22.52325758709075],[73.130012405342512,22.514228430721918],[73.139730643529859,22.514341018549182]]]},"properties":{"FID":324,"HA_Area":100,"B_5":0,"B_4":0,"B_3":0,"B_2":0,"B_1":0,"Norm_B1":0,"Norm_B2":0,"Norm_B3":0,"Norm_B4":0,"Norm_B5":0,"Roads_1_S_":0.770510972,"Junctions":0,"Weighted_S":0,"nor_junc":0,"Shape_Leng":4000,"Shape_Area":1000000}},{"type":"Feature","id":325,"geometry":{"type":"Polygon","coordinates":[[[73.265509182983863,22.5609003935378],[73.265396200348576,22.569930172818538],[73.255673395545671,22.569824923213005],[73.255787010690923,22.560795190573476],[73.265509182983863,22.5609003935378]]]},"properties":{"FID":325,"HA_Area":100,"B_5":0,"B_4":3124.09009,"B_3":0,"B_2":1803.91003,"B_1":0,"Norm_B1":0,"Norm_B2":0.11403402389300001,"Norm_B3":0,"Norm_B4":0.24128754701499999,"Norm_B5":0,"Roads_1_S_":1.21254003,"Junctions":0.355322003,"Weighted_S":1.19322002,"nor_junc":0.13445702096600001,"Shape_Leng":4000,"Shape_Area":1000000}},{"type":"Feature","id":326,"geometry":{"type":"Polygon","coordinates":[[[73.1591673045357,22.514564436460557],[73.159047670538939,22.523593742029885],[73.149328678660567,22.523482276563033],[73.149448943368071,22.514453020467112],[73.1591673045357,22.514564436460557]]]},"properties":{"FID":326,"HA_Area":100,"B_5":0,"B_4":0,"B_3":0,"B_2":0,"B_1":0,"Norm_B1":0,"Norm_B2":0,"Norm_B3":0,"Norm_B4":0,"Norm_B5":0,"Roads_1_S_":0.805004001,"Junctions":0,"Weighted_S":0,"nor_junc":0,"Shape_Leng":4000,"Shape_Area":1000000}},{"type":"Feature","id":327,"geometry":{"type":"Polygon","coordinates":[[[73.235306810228892,22.641849384418261],[73.2351914026586,22.650878926626149],[73.225463065864275,22.650771487051291],[73.225579108796111,22.64174199231962],[73.235306810228892,22.641849384418261]]]},"properties":{"FID":327,"HA_Area":100,"B_5":0,"B_4":0,"B_3":0,"B_2":0,"B_1":0,"Norm_B1":0,"Norm_B2":0,"Norm_B3":0,"Norm_B4":0,"Norm_B5":0,"Roads_1_S_":0.0193491001,"Junctions":0,"Weighted_S":0,"nor_junc":0,"Shape_Leng":4000,"Shape_Area":1000000}},{"type":"Feature","id":328,"geometry":{"type":"Polygon","coordinates":[[[73.177060651918907,22.6321669225993],[73.176941493051331,22.641196186798876],[73.167214150445986,22.641085256792739],[73.167333944247517,22.632056041626761],[73.177060651918907,22.6321669225993]]]},"properties":{"FID":328,"HA_Area":100,"B_5":0,"B_4":0,"B_3":0,"B_2":0,"B_1":0,"Norm_B1":0,"Norm_B2":0,"Norm_B3":0,"Norm_B4":0,"Norm_B5":0,"Roads_1_S_":0.0550163984,"Junctions":0,"Weighted_S":0,"nor_junc":0,"Shape_Leng":4000,"Shape_Area":1000000}},{"type":"Feature","id":329,"geometry":{"type":"Polygon","coordinates":[[[73.284506488021989,22.597228460377067],[73.284394542648712,22.606258289481474],[73.274669089628787,22.606154030673501],[73.274781668834706,22.597124247712895],[73.284506488021989,22.597228460377067]]]},"properties":{"FID":329,"HA_Area":100,"B_5":0,"B_4":0,"B_3":0,"B_2":0,"B_1":0,"Norm_B1":0,"Norm_B2":0,"Norm_B3":0,"Norm_B4":0,"Norm_B5":0,"Roads_1_S_":0.0513467006,"Junctions":0,"Weighted_S":0,"nor_junc":0,"Shape_Leng":4000,"Shape_Area":1000000}},{"type":"Feature","id":330,"geometry":{"type":"Polygon","coordinates":[[[73.225463065864275,22.650771487051291],[73.225346963917715,22.659800971051986],[73.215618050470852,22.659692893785547],[73.215734788084674,22.650663457527738],[73.225463065864275,22.650771487051291]]]},"properties":{"FID":330,"HA_Area":100,"B_5":0,"B_4":0,"B_3":0,"B_2":0,"B_1":0,"Norm_B1":0,"Norm_B2":0,"Norm_B3":0,"Norm_B4":0,"Norm_B5":0,"Roads_1_S_":0,"Junctions":0,"Weighted_S":0,"nor_junc":0,"Shape_Leng":4000,"Shape_Area":1000000}},{"type":"Feature","id":331,"geometry":{"type":"Polygon","coordinates":[[[73.21550125350204,22.668722319302841],[73.215384397160875,22.677751734076139],[73.205654270799954,22.677642970589684],[73.205771763437212,22.668613603832089],[73.21550125350204,22.668722319302841]]]},"properties":{"FID":331,"HA_Area":100,"B_5":0,"B_4":0,"B_3":0,"B_2":0,"B_1":0,"Norm_B1":0,"Norm_B2":0,"Norm_B3":0,"Norm_B4":0,"Norm_B5":0,"Roads_1_S_":0,"Junctions":0,"Weighted_S":0,"nor_junc":0,"Shape_Leng":4000,"Shape_Area":1000000}},{"type":"Feature","id":332,"geometry":{"type":"Polygon","coordinates":[[[73.166734365717602,22.677202009778878],[73.166614267065825,22.686231171088487],[73.156883805970494,22.686119404918852],[73.15700454115327,22.677090292934629],[73.166734365717602,22.677202009778878]]]},"properties":{"FID":332,"HA_Area":100,"B_5":0,"B_4":0,"B_3":0,"B_2":0,"B_1":0,"Norm_B1":0,"Norm_B2":0,"Norm_B3":0,"Norm_B4":0,"Norm_B5":0,"Roads_1_S_":0,"Junctions":0,"Weighted_S":0,"nor_junc":0,"Shape_Leng":4000,"Shape_Area":1000000}},{"type":"Feature","id":333,"geometry":{"type":"Polygon","coordinates":[[[73.158208522848312,22.586798580521425],[73.158088400148742,22.595827800193256],[73.148364351000524,22.595715938714626],[73.14848510698593,22.586686768566135],[73.158208522848312,22.586798580521425]]]},"properties":{"FID":333,"HA_Area":100,"B_5":0,"B_4":0,"B_3":0,"B_2":0,"B_1":0,"Norm_B1":0,"Norm_B2":0,"Norm_B3":0,"Norm_B4":0,"Norm_B5":0,"Roads_1_S_":0.560042977,"Junctions":0,"Weighted_S":0,"nor_junc":0,"Shape_Leng":4000,"Shape_Area":1000000}},{"type":"Feature","id":334,"geometry":{"type":"Polygon","coordinates":[[[73.245950648636381,22.569719085959921],[73.255673395545671,22.569824923213005],[73.255559722506788,22.578854645170747],[73.245836342782255,22.578748761010189],[73.245950648636381,22.569719085959921]]]},"properties":{"FID":334,"HA_Area":100,"B_5":0,"B_4":3132.32007,"B_3":0,"B_2":1372.44995,"B_1":0,"Norm_B1":0,"Norm_B2":0.37320563300100001,"Norm_B3":0,"Norm_B4":0.23899916184299999,"Norm_B5":0,"Roads_1_S_":1.33650005,"Junctions":0.612205029,"Weighted_S":1.70240998,"nor_junc":0.191834675102,"Shape_Leng":4000,"Shape_Area":1000000}},{"type":"Feature","id":335,"geometry":{"type":"Polygon","coordinates":[[[73.244575131288954,22.678074480180367],[73.244460125519865,22.687104026707082],[73.234729185288401,22.686996988173277],[73.234844827728622,22.677967488886104],[73.244575131288954,22.678074480180367]]]},"properties":{"FID":335,"HA_Area":100,"B_5":0,"B_4":0,"B_3":0,"B_2":0,"B_1":0,"Norm_B1":0,"Norm_B2":0,"Norm_B3":0,"Norm_B4":0,"Norm_B5":0,"Roads_1_S_":0,"Junctions":0,"Weighted_S":0,"nor_junc":0,"Shape_Leng":4000,"Shape_Area":1000000}},{"type":"Feature","id":336,"geometry":{"type":"Polygon","coordinates":[[[73.256014067367929,22.542735693262959],[73.255900567959387,22.551765447255629],[73.246179085714289,22.551659703799732],[73.246293216971949,22.542629996696778],[73.256014067367929,22.542735693262959]]]},"properties":{"FID":336,"HA_Area":100,"B_5":0,"B_4":2635.76001,"B_3":0,"B_2":1927.44995,"B_1":0,"Norm_B1":0,"Norm_B2":0.039825446235799998,"Norm_B3":0,"Norm_B4":0.37707004539400002,"Norm_B5":0,"Roads_1_S_":0.456160009,"Junctions":0.416895002,"Weighted_S":1.58792996,"nor_junc":0.17893458793100001,"Shape_Leng":4000,"Shape_Area":1000000}},{"type":"Feature","id":337,"geometry":{"type":"Polygon","coordinates":[[[73.245950648636381,22.569719085959921],[73.245836342782255,22.578748761010189],[73.236113021290421,22.578642288956033],[73.236227959942852,22.569612661073606],[73.245950648636381,22.569719085959921]]]},"properties":{"FID":337,"HA_Area":100,"B_5":0,"B_4":2172.96997,"B_3":0,"B_2":863.039001,"B_1":0,"Norm_B1":0,"Norm_B2":0.679201160124,"Norm_B3":0,"Norm_B4":0.50575101456500005,"Norm_B5":0,"Roads_1_S_":1.16366005,"Junctions":1.18494999,"Weighted_S":3.38140988,"nor_junc":0.38103140429499999,"Shape_Leng":4000,"Shape_Area":1000000}},{"type":"Feature","id":338,"geometry":{"type":"Polygon","coordinates":[[[73.166854403363658,22.668172837690996],[73.176583652707976,22.668283914835197],[73.176464251287598,22.677313135981528],[73.166734365717602,22.677202009778878],[73.166854403363658,22.668172837690996]]]},"properties":{"FID":338,"HA_Area":100,"B_5":0,"B_4":0,"B_3":0,"B_2":0,"B_1":0,"Norm_B1":0,"Norm_B2":0,"Norm_B3":0,"Norm_B4":0,"Norm_B5":0,"Roads_1_S_":0,"Junctions":0,"Weighted_S":0,"nor_junc":0,"Shape_Leng":4000,"Shape_Area":1000000}},{"type":"Feature","id":339,"geometry":{"type":"Polygon","coordinates":[[[73.187851425330763,22.551012914206702],[73.187733443223664,22.560042323788952],[73.178011742961516,22.55993242213243],[73.178130357119187,22.550903061267785],[73.187851425330763,22.551012914206702]]]},"properties":{"FID":339,"HA_Area":100,"B_5":0,"B_4":3704.78003,"B_3":0,"B_2":0,"B_1":0,"Norm_B1":0,"Norm_B2":0,"Norm_B3":0,"Norm_B4":0.079823949829799998,"Norm_B5":0,"Roads_1_S_":0.200247005,"Junctions":0.0798238963,"Weighted_S":0.319296002,"nor_junc":0.035979608615100002,"Shape_Leng":4000,"Shape_Area":1000000}},{"type":"Feature","id":340,"geometry":{"type":"Polygon","coordinates":[[[73.245493075755675,22.605837722],[73.245607556358863,22.596808079033707],[73.255332202680719,22.596914057026986],[73.255218355859739,22.605943746918527],[73.245493075755675,22.605837722]]]},"properties":{"FID":340,"HA_Area":100,"B_5":0,"B_4":0,"B_3":0,"B_2":0,"B_1":0,"Norm_B1":0,"Norm_B2":0,"Norm_B3":0,"Norm_B4":0,"Norm_B5":0,"Roads_1_S_":0.517192006,"Junctions":0,"Weighted_S":0,"nor_junc":0,"Shape_Leng":4000,"Shape_Area":1000000}},{"type":"Feature","id":341,"geometry":{"type":"Polygon","coordinates":[[[73.166854403363658,22.668172837690996],[73.166734365717602,22.677202009778878],[73.15700454115327,22.677090292934629],[73.157125215007213,22.668061170165881],[73.166854403363658,22.668172837690996]]]},"properties":{"FID":341,"HA_Area":100,"B_5":0,"B_4":0,"B_3":0,"B_2":0,"B_1":0,"Norm_B1":0,"Norm_B2":0,"Norm_B3":0,"Norm_B4":0,"Norm_B5":0,"Roads_1_S_":0,"Junctions":0,"Weighted_S":0,"nor_junc":0,"Shape_Leng":4000,"Shape_Area":1000000}},{"type":"Feature","id":342,"geometry":{"type":"Polygon","coordinates":[[[73.168290103152188,22.559821933205502],[73.168170796186772,22.568851234359546],[73.158448584814963,22.568740108932854],[73.158568524117641,22.55971085702312],[73.168290103152188,22.559821933205502]]]},"properties":{"FID":342,"HA_Area":100,"B_5":0,"B_4":0,"B_3":0,"B_2":0,"B_1":0,"Norm_B1":0,"Norm_B2":0,"Norm_B3":0,"Norm_B4":0,"Norm_B5":0,"Roads_1_S_":0.0216400009,"Junctions":0,"Weighted_S":0,"nor_junc":0,"Shape_Leng":4000,"Shape_Area":1000000}},{"type":"Feature","id":343,"geometry":{"type":"Polygon","coordinates":[[[73.245493075755675,22.605837722],[73.245378536868799,22.614867354264668],[73.235652680960641,22.61476069347956],[73.235767853935243,22.60573110840657],[73.245493075755675,22.605837722]]]},"properties":{"FID":343,"HA_Area":100,"B_5":0,"B_4":0,"B_3":0,"B_2":0,"B_1":0,"Norm_B1":0,"Norm_B2":0,"Norm_B3":0,"Norm_B4":0,"Norm_B5":0,"Roads_1_S_":0.955313981,"Junctions":0,"Weighted_S":0,"nor_junc":0,"Shape_Leng":4000,"Shape_Area":1000000}},{"type":"Feature","id":344,"geometry":{"type":"Polygon","coordinates":[[[73.333457427928508,22.570650464738666],[73.333348818010862,22.579680552581944],[73.323624984025841,22.579579372079632],[73.32373422689102,22.570549329060594],[73.333457427928508,22.570650464738666]]]},"properties":{"FID":344,"HA_Area":100,"B_5":0,"B_4":0,"B_3":0,"B_2":0,"B_1":977.452026,"Norm_B1":0.029943090392899999,"Norm_B2":0,"Norm_B3":0,"Norm_B4":0,"Norm_B5":0,"Roads_1_S_":0.720596015,"Junctions":0.0299430992,"Weighted_S":0.0299430992,"nor_junc":0.00337411362346,"Shape_Leng":4000,"Shape_Area":1000000}},{"type":"Feature","id":345,"geometry":{"type":"Polygon","coordinates":[[[73.187379136047213,22.587130488199243],[73.187260913311633,22.596159854878852],[73.177536681626606,22.596049758290398],[73.177655537701185,22.587020440353005],[73.187379136047213,22.587130488199243]]]},"properties":{"FID":345,"HA_Area":100,"B_5":0,"B_4":0,"B_3":0,"B_2":0,"B_1":0,"Norm_B1":0,"Norm_B2":0,"Norm_B3":0,"Norm_B4":0,"Norm_B5":0,"Roads_1_S_":0.951470017,"Junctions":0,"Weighted_S":0,"nor_junc":0,"Shape_Leng":4000,"Shape_Area":1000000}},{"type":"Feature","id":346,"geometry":{"type":"Polygon","coordinates":[[[73.245149284176108,22.632926586675271],[73.245034570336244,22.641956186814269],[73.235306810228892,22.641849384418261],[73.235422159124582,22.632819831488874],[73.245149284176108,22.632926586675271]]]},"properties":{"FID":346,"HA_Area":100,"B_5":0,"B_4":0,"B_3":0,"B_2":1767.01001,"B_1":0,"Norm_B1":0,"Norm_B2":0.13619931584,"Norm_B3":0,"Norm_B4":0,"Norm_B5":0,"Roads_1_S_":0.256249994,"Junctions":0.136198997,"Weighted_S":0.272399008,"nor_junc":0.0306950592289,"Shape_Leng":4000,"Shape_Area":1000000}},{"type":"Feature","id":347,"geometry":{"type":"Polygon","coordinates":[[[73.227197522928336,22.515327941272663],[73.227082304397953,22.524357585872437],[73.217362892093163,22.524250224115583],[73.217478741456432,22.515220627168322],[73.227197522928336,22.515327941272663]]]},"properties":{"FID":347,"HA_Area":100,"B_5":0,"B_4":3037.98999,"B_3":0,"B_2":0,"B_1":0,"Norm_B1":0,"Norm_B2":0,"Norm_B3":0,"Norm_B4":0.265228088247,"Norm_B5":0,"Roads_1_S_":0.457206994,"Junctions":0.265228003,"Weighted_S":1.06090999,"nor_junc":0.11954777324,"Shape_Leng":4000,"Shape_Area":1000000}},{"type":"Feature","id":348,"geometry":{"type":"Polygon","coordinates":[[[73.293115696765881,22.687630353779653],[73.29300381778684,22.696660121889082],[73.283271951524696,22.696555992660311],[73.283384467582792,22.687526270492359],[73.293115696765881,22.687630353779653]]]},"properties":{"FID":348,"HA_Area":100,"B_5":0,"B_4":0,"B_3":0,"B_2":1907.90002,"B_1":0,"Norm_B1":0,"Norm_B2":0.051568794404699997,"Norm_B3":0,"Norm_B4":0,"Norm_B5":0,"Roads_1_S_":0.930518985,"Junctions":0.0515687987,"Weighted_S":0.103138,"nor_junc":0.0116220210633,"Shape_Leng":4000,"Shape_Area":1000000}},{"type":"Feature","id":349,"geometry":{"type":"Polygon","coordinates":[[[73.33399964809675,22.525499866057132],[73.333891314598816,22.534530007043951],[73.324170642130142,22.534429050606299],[73.324279606965419,22.525398954415461],[73.33399964809675,22.525499866057132]]]},"properties":{"FID":349,"HA_Area":100,"B_5":0,"B_4":0,"B_3":0,"B_2":1917.67004,"B_1":0,"Norm_B1":0,"Norm_B2":0.045700090015500003,"Norm_B3":0,"Norm_B4":0,"Norm_B5":0,"Roads_1_S_":0.306048006,"Junctions":0.0457000993,"Weighted_S":0.0914001986,"nor_junc":0.0102993565524,"Shape_Leng":4000,"Shape_Area":1000000}},{"type":"Feature","id":350,"geometry":{"type":"Polygon","coordinates":[[[73.264603708960465,22.633138328664167],[73.264490265283243,22.642168022440565],[73.254762388795314,22.642062399493167],[73.25487646756234,22.633032752405164],[73.264603708960465,22.633138328664167]]]},"properties":{"FID":350,"HA_Area":100,"B_5":0,"B_4":0,"B_3":0,"B_2":396.346985,"B_1":0,"Norm_B1":0,"Norm_B2":0.95953606400900004,"Norm_B3":0,"Norm_B4":0,"Norm_B5":0,"Roads_1_S_":1.75927997,"Junctions":0.959536016,"Weighted_S":1.91907001,"nor_junc":0.21624883238000001,"Shape_Leng":4000,"Shape_Area":1000000}},{"type":"Feature","id":351,"geometry":{"type":"Polygon","coordinates":[[[73.235998024083059,22.587671906141328],[73.235882968303684,22.596701512626002],[73.226158438837558,22.596594357818287],[73.226274128042689,22.587564798773805],[73.235998024083059,22.587671906141328]]]},"properties":{"FID":351,"HA_Area":100,"B_5":0,"B_4":2886.40991,"B_3":0,"B_2":0,"B_1":0,"Norm_B1":0,"Norm_B2":0,"Norm_B3":0,"Norm_B4":0.30737564915799998,"Norm_B5":0,"Roads_1_S_":0.953669012,"Junctions":0.307375997,"Weighted_S":1.22950006,"nor_junc":0.138545207117,"Shape_Leng":4000,"Shape_Area":1000000}},{"type":"Feature","id":352,"geometry":{"type":"Polygon","coordinates":[[[73.342206909991617,22.652021821228498],[73.342098437370481,22.661051857810794],[73.332368836864305,22.660950864000391],[73.332477945353432,22.651920872032665],[73.342206909991617,22.652021821228498]]]},"properties":{"FID":352,"HA_Area":100,"B_5":0,"B_4":0,"B_3":0,"B_2":0,"B_1":0,"Norm_B1":0,"Norm_B2":0,"Norm_B3":0,"Norm_B4":0,"Norm_B5":0,"Roads_1_S_":0.175764993,"Junctions":0,"Weighted_S":0,"nor_junc":0,"Shape_Leng":4000,"Shape_Area":1000000}},{"type":"Feature","id":353,"geometry":{"type":"Polygon","coordinates":[[[73.157847971227966,22.613886207274447],[73.157727664971091,22.622915394676799],[73.148001714031253,22.6228033845906],[73.14812265454114,22.613774246730369],[73.157847971227966,22.613886207274447]]]},"properties":{"FID":353,"HA_Area":100,"B_5":0,"B_4":0,"B_3":0,"B_2":0,"B_1":0,"Norm_B1":0,"Norm_B2":0,"Norm_B3":0,"Norm_B4":0,"Norm_B5":0,"Roads_1_S_":0.498396993,"Junctions":0,"Weighted_S":0,"nor_junc":0,"Shape_Leng":4000,"Shape_Area":1000000}},{"type":"Feature","id":354,"geometry":{"type":"Polygon","coordinates":[[[73.304398444482075,22.561315331239332],[73.304287992053304,22.570345294481296],[73.29456495889751,22.570242395607693],[73.294676043902712,22.561212477965487],[73.304398444482075,22.561315331239332]]]},"properties":{"FID":354,"HA_Area":100,"B_5":0,"B_4":3571.17993,"B_3":0,"B_2":1983.80005,"B_1":889.843018,"Norm_B1":0.18054234639399999,"Norm_B2":0.0059767866305999997,"Norm_B3":0,"Norm_B4":0.11697209174500001,"Norm_B5":0,"Roads_1_S_":0.694795012,"Junctions":0.303490996,"Weighted_S":0.660383999,"nor_junc":0.074414830296999995,"Shape_Leng":4000,"Shape_Area":1000000}},{"type":"Feature","id":355,"geometry":{"type":"Polygon","coordinates":[[[73.217131016061145,22.542309385942016],[73.217014989358034,22.551338950814198],[73.207293741772062,22.551230858994657],[73.207410400256052,22.542201342053243],[73.217131016061145,22.542309385942016]]]},"properties":{"FID":355,"HA_Area":100,"B_5":0,"B_4":823.208008,"B_3":0,"B_2":1631.84998,"B_1":0,"Norm_B1":0,"Norm_B2":0.21738792383700001,"Norm_B3":0,"Norm_B4":0.881058741343,"Norm_B5":0,"Roads_1_S_":0.973809004,"Junctions":1.09844995,"Weighted_S":3.95900989,"nor_junc":0.44611778765999999,"Shape_Leng":4000,"Shape_Area":1000000}},{"type":"Feature","id":356,"geometry":{"type":"Polygon","coordinates":[[[73.322858724733095,22.642789374967656],[73.322749036176774,22.651819332732373],[73.313020182784712,22.651717203341395],[73.313130506853454,22.642687290706984],[73.322858724733095,22.642789374967656]]]},"properties":{"FID":356,"HA_Area":100,"B_5":0,"B_4":0,"B_3":0,"B_2":0,"B_1":0,"Norm_B1":0,"Norm_B2":0,"Norm_B3":0,"Norm_B4":0,"Norm_B5":0,"Roads_1_S_":0.905129015,"Junctions":0,"Weighted_S":0,"nor_junc":0,"Shape_Leng":4000,"Shape_Area":1000000}},{"type":"Feature","id":357,"geometry":{"type":"Polygon","coordinates":[[[73.197689843903234,22.542092711370181],[73.197572553655675,22.551122180120586],[73.187851425330763,22.551012914206702],[73.187969347324511,22.541983493907537],[73.197689843903234,22.542092711370181]]]},"properties":{"FID":357,"HA_Area":100,"B_5":0,"B_4":2780.19995,"B_3":0,"B_2":0,"B_1":0,"Norm_B1":0,"Norm_B2":0,"Norm_B3":0,"Norm_B4":0.33690783342199998,"Norm_B5":0,"Roads_1_S_":1.03542995,"Junctions":0.336908013,"Weighted_S":1.34763002,"nor_junc":0.151856585918,"Shape_Leng":4000,"Shape_Area":1000000}},{"type":"Feature","id":358,"geometry":{"type":"Polygon","coordinates":[[[73.129404154881939,22.559374105094051],[73.129282318674612,22.568403207709256],[73.119560353692876,22.5682897323709],[73.119682822165743,22.559260680041035],[73.129404154881939,22.559374105094051]]]},"properties":{"FID":358,"HA_Area":100,"B_5":0,"B_4":0,"B_3":0,"B_2":0,"B_1":0,"Norm_B1":0,"Norm_B2":0,"Norm_B3":0,"Norm_B4":0,"Norm_B5":0,"Roads_1_S_":0,"Junctions":0,"Weighted_S":0,"nor_junc":0,"Shape_Leng":4000,"Shape_Area":1000000}},{"type":"Feature","id":359,"geometry":{"type":"Polygon","coordinates":[[[73.323187455857351,22.615699437674117],[73.323077934557105,22.624729427435071],[73.313350986733511,22.624627433417867],[73.313461142577552,22.615597488770085],[73.323187455857351,22.615699437674117]]]},"properties":{"FID":359,"HA_Area":100,"B_5":0,"B_4":0,"B_3":0,"B_2":0,"B_1":896.351013,"Norm_B1":0.16935514875499999,"Norm_B2":0,"Norm_B3":0,"Norm_B4":0,"Norm_B5":0,"Roads_1_S_":0.353468001,"Junctions":0.169355005,"Weighted_S":0.169355005,"nor_junc":0.019083630087000002,"Shape_Leng":4000,"Shape_Area":1000000}},{"type":"Feature","id":360,"geometry":{"type":"Polygon","coordinates":[[[73.19663207771903,22.623357544241294],[73.196514248720803,22.632386916468651],[73.186787420184245,22.632277214218242],[73.18690588382897,22.62324789049724],[73.19663207771903,22.623357544241294]]]},"properties":{"FID":360,"HA_Area":100,"B_5":0,"B_4":0,"B_3":0,"B_2":0,"B_1":0,"Norm_B1":0,"Norm_B2":0,"Norm_B3":0,"Norm_B4":0,"Norm_B5":0,"Roads_1_S_":0.117444001,"Junctions":0,"Weighted_S":0,"nor_junc":0,"Shape_Leng":4000,"Shape_Area":1000000}},{"type":"Feature","id":361,"geometry":{"type":"Polygon","coordinates":[[[73.3429646753642,22.588811266838135],[73.342856588374374,22.597841377974913],[73.33313143216273,22.597740696347888],[73.333240152760979,22.588710629786171],[73.3429646753642,22.588811266838135]]]},"properties":{"FID":361,"HA_Area":100,"B_5":0,"B_4":0,"B_3":0,"B_2":0,"B_1":0,"Norm_B1":0,"Norm_B2":0,"Norm_B3":0,"Norm_B4":0,"Norm_B5":0,"Roads_1_S_":0.319088012,"Junctions":0,"Weighted_S":0,"nor_junc":0,"Shape_Leng":4000,"Shape_Area":1000000}},{"type":"Feature","id":362,"geometry":{"type":"Polygon","coordinates":[[[73.3429646753642,22.588811266838135],[73.352689252993372,22.588911315596228],[73.35258179962797,22.597941471047555],[73.342856588374374,22.597841377974913],[73.3429646753642,22.588811266838135]]]},"properties":{"FID":362,"HA_Area":100,"B_5":0,"B_4":0,"B_3":0,"B_2":0,"B_1":816.757019,"Norm_B1":0.30617665222200002,"Norm_B2":0,"Norm_B3":0,"Norm_B4":0,"Norm_B5":0,"Roads_1_S_":0.637543976,"Junctions":0.30617699,"Weighted_S":0.30617699,"nor_junc":0.034501303475499998,"Shape_Leng":4000,"Shape_Area":1000000}},{"type":"Feature","id":363,"geometry":{"type":"Polygon","coordinates":[[[73.206943409433407,22.578319345576574],[73.206826512967211,22.587348819678134],[73.197102794576637,22.587239947979228],[73.197220324094545,22.578210522093009],[73.206943409433407,22.578319345576574]]]},"properties":{"FID":363,"HA_Area":100,"B_5":0,"B_4":2590.57007,"B_3":0,"B_2":0,"B_1":0,"Norm_B1":0,"Norm_B2":0,"Norm_B3":0,"Norm_B4":0.38963532330799999,"Norm_B5":0,"Roads_1_S_":0.716738999,"Junctions":0.389634997,"Weighted_S":1.55853999,"nor_junc":0.17562280238399999,"Shape_Leng":4000,"Shape_Area":1000000}},{"type":"Feature","id":364,"geometry":{"type":"Polygon","coordinates":[[[73.225346963917715,22.659800971051986],[73.225463065864275,22.650771487051291],[73.2351914026586,22.650878926626149],[73.235075936396541,22.659908458109065],[73.225346963917715,22.659800971051986]]]},"properties":{"FID":364,"HA_Area":100,"B_5":0,"B_4":0,"B_3":0,"B_2":0,"B_1":0,"Norm_B1":0,"Norm_B2":0,"Norm_B3":0,"Norm_B4":0,"Norm_B5":0,"Roads_1_S_":0,"Junctions":0,"Weighted_S":0,"nor_junc":0,"Shape_Leng":4000,"Shape_Area":1000000}},{"type":"Feature","id":365,"geometry":{"type":"Polygon","coordinates":[[[73.205654270799954,22.677642970589684],[73.205536718449792,22.68667232659373],[73.195806015199963,22.68656292412339],[73.195924204151964,22.677533616401874],[73.205654270799954,22.677642970589684]]]},"properties":{"FID":365,"HA_Area":100,"B_5":0,"B_4":0,"B_3":0,"B_2":0,"B_1":0,"Norm_B1":0,"Norm_B2":0,"Norm_B3":0,"Norm_B4":0,"Norm_B5":0,"Roads_1_S_":0,"Junctions":0,"Weighted_S":0,"nor_junc":0,"Shape_Leng":4000,"Shape_Area":1000000}},{"type":"Feature","id":366,"geometry":{"type":"Polygon","coordinates":[[[73.333782925849079,22.543560137408967],[73.333674481831522,22.552590257148726],[73.32395254572252,22.552489211102163],[73.324061621721228,22.543459136169684],[73.333782925849079,22.543560137408967]]]},"properties":{"FID":366,"HA_Area":100,"B_5":0,"B_4":0,"B_3":0,"B_2":1682.45996,"B_1":0,"Norm_B1":0,"Norm_B2":0.18698726371300001,"Norm_B3":0,"Norm_B4":0,"Norm_B5":0,"Roads_1_S_":0.957967997,"Junctions":0.186986998,"Weighted_S":0.373975009,"nor_junc":0.042141067677499998,"Shape_Leng":4000,"Shape_Area":1000000}},{"type":"Feature","id":367,"geometry":{"type":"Polygon","coordinates":[[[73.246635261822775,22.515540811338273],[73.246521305009281,22.524570550462567],[73.236801775477232,22.524464361326249],[73.236916363157661,22.515434669334134],[73.246635261822775,22.515540811338273]]]},"properties":{"FID":367,"HA_Area":100,"B_5":0,"B_4":3656.30005,"B_3":0,"B_2":0,"B_1":0,"Norm_B1":0,"Norm_B2":0,"Norm_B3":0,"Norm_B4":0.093304038737399994,"Norm_B5":0,"Roads_1_S_":0.684193015,"Junctions":0.0933040008,"Weighted_S":0.373216003,"nor_junc":0.042055539758900001,"Shape_Leng":4000,"Shape_Area":1000000}},{"type":"Feature","id":368,"geometry":{"type":"Polygon","coordinates":[[[73.178248910841646,22.541873689680095],[73.178130357119187,22.550903061267785],[73.168409349342866,22.55079262131872],[73.168528534776442,22.541763298702715],[73.178248910841646,22.541873689680095]]]},"properties":{"FID":368,"HA_Area":100,"B_5":0,"B_4":0,"B_3":0,"B_2":0,"B_1":0,"Norm_B1":0,"Norm_B2":0,"Norm_B3":0,"Norm_B4":0,"Norm_B5":0,"Roads_1_S_":0.356474012,"Junctions":0,"Weighted_S":0,"nor_junc":0,"Shape_Leng":4000,"Shape_Area":1000000}},{"type":"Feature","id":369,"geometry":{"type":"Polygon","coordinates":[[[73.31324077483093,22.63365736739798],[73.313130506853454,22.642687290706984],[73.303402345065081,22.642584616630149],[73.303513248215637,22.63355473870639],[73.31324077483093,22.63365736739798]]]},"properties":{"FID":369,"HA_Area":100,"B_5":0,"B_4":0,"B_3":0,"B_2":0,"B_1":0,"Norm_B1":0,"Norm_B2":0,"Norm_B3":0,"Norm_B4":0,"Norm_B5":0,"Roads_1_S_":0.432294011,"Junctions":0,"Weighted_S":0,"nor_junc":0,"Shape_Leng":4000,"Shape_Area":1000000}},{"type":"Feature","id":370,"geometry":{"type":"Polygon","coordinates":[[[73.263922180970653,22.687316330698444],[73.263808390804712,22.696345960200972],[73.254076696993863,22.696240056998874],[73.254191124188409,22.687210474220283],[73.263922180970653,22.687316330698444]]]},"properties":{"FID":370,"HA_Area":100,"B_5":0,"B_4":0,"B_3":0,"B_2":0,"B_1":0,"Norm_B1":0,"Norm_B2":0,"Norm_B3":0,"Norm_B4":0,"Norm_B5":0,"Roads_1_S_":0,"Junctions":0,"Weighted_S":0,"nor_junc":0,"Shape_Leng":4000,"Shape_Area":1000000}},{"type":"Feature","id":371,"geometry":{"type":"Polygon","coordinates":[[[73.158688402323605,22.550681594374446],[73.158568524117641,22.55971085702312],[73.148847006179793,22.559599193600331],[73.148967516383294,22.55056998045],[73.158688402323605,22.550681594374446]]]},"properties":{"FID":371,"HA_Area":100,"B_5":0,"B_4":0,"B_3":0,"B_2":0,"B_1":0,"Norm_B1":0,"Norm_B2":0,"Norm_B3":0,"Norm_B4":0,"Norm_B5":0,"Roads_1_S_":0,"Junctions":0,"Weighted_S":0,"nor_junc":0,"Shape_Leng":4000,"Shape_Area":1000000}},{"type":"Feature","id":372,"geometry":{"type":"Polygon","coordinates":[[[73.255104451077642,22.614973426114386],[73.254990488317475,22.624003094611087],[73.245263939681294,22.623896975824255],[73.245378536868799,22.614867354264668],[73.255104451077642,22.614973426114386]]]},"properties":{"FID":372,"HA_Area":100,"B_5":0,"B_4":0,"B_3":0,"B_2":1812.80005,"B_1":0,"Norm_B1":0,"Norm_B2":0.108693925255,"Norm_B3":0,"Norm_B4":0,"Norm_B5":0,"Roads_1_S_":0.925136983,"Junctions":0.108694002,"Weighted_S":0.217388004,"nor_junc":0.024496189258100001,"Shape_Leng":4000,"Shape_Area":1000000}},{"type":"Feature","id":373,"geometry":{"type":"Polygon","coordinates":[[[73.215851466360832,22.64163401053289],[73.215734788084674,22.650663457527738],[73.206006569642724,22.650554838070107],[73.20612388324588,22.641525439072705],[73.215851466360832,22.64163401053289]]]},"properties":{"FID":373,"HA_Area":100,"B_5":0,"B_4":0,"B_3":0,"B_2":0,"B_1":0,"Norm_B1":0,"Norm_B2":0,"Norm_B3":0,"Norm_B4":0,"Norm_B5":0,"Roads_1_S_":0,"Junctions":0,"Weighted_S":0,"nor_junc":0,"Shape_Leng":4000,"Shape_Area":1000000}},{"type":"Feature","id":374,"geometry":{"type":"Polygon","coordinates":[[[73.275343705707414,22.551975172772504],[73.275231412831516,22.561005009100672],[73.265509182983863,22.5609003935378],[73.265622108064406,22.551870603584632],[73.275343705707414,22.551975172772504]]]},"properties":{"FID":374,"HA_Area":100,"B_5":0,"B_4":1803.96997,"B_3":0,"B_2":1453.04004,"B_1":0,"Norm_B1":0,"Norm_B2":0.32479637434800002,"Norm_B3":0,"Norm_B4":0.60835321775999995,"Norm_B5":0,"Roads_1_S_":0.977042019,"Junctions":0.933149993,"Weighted_S":3.08300996,"nor_junc":0.34740645302599998,"Shape_Leng":4000,"Shape_Area":1000000}},{"type":"Feature","id":375,"geometry":{"type":"Polygon","coordinates":[[[73.25487646756234,22.633032752405164],[73.254762388795314,22.642062399493167],[73.245034570336244,22.641956186814269],[73.245149284176108,22.632926586675271],[73.25487646756234,22.633032752405164]]]},"properties":{"FID":375,"HA_Area":100,"B_5":0,"B_4":0,"B_3":0,"B_2":1055.44995,"B_1":0,"Norm_B1":0,"Norm_B2":0.56362278472100003,"Norm_B3":0,"Norm_B4":0,"Norm_B5":0,"Roads_1_S_":0.915547013,"Junctions":0.563623011,"Weighted_S":1.12724996,"nor_junc":0.12702323840499999,"Shape_Leng":4000,"Shape_Area":1000000}},{"type":"Feature","id":376,"geometry":{"type":"Polygon","coordinates":[[[73.275343705707414,22.551975172772504],[73.285065360566421,22.552079154805085],[73.284953699911824,22.561109037247927],[73.275231412831516,22.561005009100672],[73.275343705707414,22.551975172772504]]]},"properties":{"FID":376,"HA_Area":100,"B_5":0,"B_4":1762,"B_3":0,"B_2":1414.32996,"B_1":882.434021,"Norm_B1":0.19327835823100001,"Norm_B2":0.34804894137999998,"Norm_B3":0,"Norm_B4":0.62002316752200004,"Norm_B5":0,"Roads_1_S_":1.17431998,"Junctions":1.16135001,"Weighted_S":3.36946988,"nor_junc":0.37968595489500001,"Shape_Leng":4000,"Shape_Area":1000000}},{"type":"Feature","id":377,"geometry":{"type":"Polygon","coordinates":[[[73.118947074927121,22.613434832435079],[73.118824231766325,22.622463820106233],[73.109098528938077,22.622349453920624],[73.109222006279523,22.613320516833376],[73.118947074927121,22.613434832435079]]]},"properties":{"FID":377,"HA_Area":100,"B_5":0,"B_4":0,"B_3":0,"B_2":0,"B_1":0,"Norm_B1":0,"Norm_B2":0,"Norm_B3":0,"Norm_B4":0,"Norm_B5":0,"Roads_1_S_":0.957197011,"Junctions":0,"Weighted_S":0,"nor_junc":0,"Shape_Leng":4000,"Shape_Area":1000000}},{"type":"Feature","id":378,"geometry":{"type":"Polygon","coordinates":[[[73.333782925849079,22.543560137408967],[73.333891314598816,22.534530007043951],[73.343612042319251,22.53463037676369],[73.343504285244791,22.543660551670026],[73.333782925849079,22.543560137408967]]]},"properties":{"FID":378,"HA_Area":100,"B_5":0,"B_4":0,"B_3":0,"B_2":0,"B_1":0,"Norm_B1":0,"Norm_B2":0,"Norm_B3":0,"Norm_B4":0,"Norm_B5":0,"Roads_1_S_":0.667970002,"Junctions":0,"Weighted_S":0,"nor_junc":0,"Shape_Leng":4000,"Shape_Area":1000000}},{"type":"Feature","id":379,"geometry":{"type":"Polygon","coordinates":[[[73.235075936396541,22.659908458109065],[73.234960411425618,22.668937978863546],[73.225230802939208,22.668830444318214],[73.225346963917715,22.659800971051986],[73.235075936396541,22.659908458109065]]]},"properties":{"FID":379,"HA_Area":100,"B_5":0,"B_4":0,"B_3":0,"B_2":0,"B_1":0,"Norm_B1":0,"Norm_B2":0,"Norm_B3":0,"Norm_B4":0,"Norm_B5":0,"Roads_1_S_":0,"Junctions":0,"Weighted_S":0,"nor_junc":0,"Shape_Leng":4000,"Shape_Area":1000000}},{"type":"Feature","id":380,"geometry":{"type":"Polygon","coordinates":[[[73.128916437497111,22.595490450973003],[73.128794352859146,22.604519510521889],[73.119069855594432,22.604405833978671],[73.119192573786464,22.59537682474053],[73.128916437497111,22.595490450973003]]]},"properties":{"FID":380,"HA_Area":100,"B_5":0,"B_4":0,"B_3":0,"B_2":0,"B_1":0,"Norm_B1":0,"Norm_B2":0,"Norm_B3":0,"Norm_B4":0,"Norm_B5":0,"Roads_1_S_":0.645376027,"Junctions":0,"Weighted_S":0,"nor_junc":0,"Shape_Leng":4000,"Shape_Area":1000000}},{"type":"Feature","id":381,"geometry":{"type":"Polygon","coordinates":[[[73.353546911927793,22.516669689548824],[73.353439895744799,22.525699929953955],[73.343719744463797,22.525600191241153],[73.34382739169439,22.516569995105876],[73.353546911927793,22.516669689548824]]]},"properties":{"FID":381,"HA_Area":100,"B_5":0,"B_4":0,"B_3":0,"B_2":0,"B_1":0,"Norm_B1":0,"Norm_B2":0,"Norm_B3":0,"Norm_B4":0,"Norm_B5":0,"Roads_1_S_":0.165075004,"Junctions":0,"Weighted_S":0,"nor_junc":0,"Shape_Leng":4000,"Shape_Area":1000000}},{"type":"Feature","id":382,"geometry":{"type":"Polygon","coordinates":[[[73.159047670538939,22.523593742029885],[73.158927975516491,22.532623036874316],[73.149208352605825,22.53251152192783],[73.149328678660567,22.523482276563033],[73.159047670538939,22.523593742029885]]]},"properties":{"FID":382,"HA_Area":100,"B_5":0,"B_4":0,"B_3":0,"B_2":0,"B_1":0,"Norm_B1":0,"Norm_B2":0,"Norm_B3":0,"Norm_B4":0,"Norm_B5":0,"Roads_1_S_":0.609529972,"Junctions":0,"Weighted_S":0,"nor_junc":0,"Shape_Leng":4000,"Shape_Area":1000000}},{"type":"Feature","id":383,"geometry":{"type":"Polygon","coordinates":[[[73.119560353692876,22.5682897323709],[73.119437822817488,22.577318773933111],[73.109715287668934,22.577204660603094],[73.109838451113674,22.568175669592833],[73.119560353692876,22.5682897323709]]]},"properties":{"FID":383,"HA_Area":100,"B_5":0,"B_4":0,"B_3":0,"B_2":0,"B_1":0,"Norm_B1":0,"Norm_B2":0,"Norm_B3":0,"Norm_B4":0,"Norm_B5":0,"Roads_1_S_":0,"Junctions":0,"Weighted_S":0,"nor_junc":0,"Shape_Leng":4000,"Shape_Area":1000000}},{"type":"Feature","id":384,"geometry":{"type":"Polygon","coordinates":[[[73.314559621391567,22.525297456329806],[73.314450025235104,22.534327507464386],[73.304729464235521,22.534225377631977],[73.304839691696941,22.525195371813897],[73.314559621391567,22.525297456329806]]]},"properties":{"FID":384,"HA_Area":100,"B_5":0,"B_4":3599.72998,"B_3":0,"B_2":1609.31006,"B_1":0,"Norm_B1":0,"Norm_B2":0.23092731435300001,"Norm_B3":0,"Norm_B4":0.10903361502099999,"Norm_B5":0,"Roads_1_S_":1.06280994,"Junctions":0.339960992,"Weighted_S":0.897988975,"nor_junc":0.101189152452,"Shape_Leng":4000,"Shape_Area":1000000}},{"type":"Feature","id":385,"geometry":{"type":"Polygon","coordinates":[[[73.197572553655675,22.551122180120586],[73.197455203616641,22.560151638160193],[73.187733443223664,22.560042323788952],[73.187851425330763,22.551012914206702],[73.197572553655675,22.551122180120586]]]},"properties":{"FID":385,"HA_Area":100,"B_5":0,"B_4":2945.70996,"B_3":0,"B_2":0,"B_1":0,"Norm_B1":0,"Norm_B2":0,"Norm_B3":0,"Norm_B4":0.29088698883500003,"Norm_B5":0,"Roads_1_S_":0.558901012,"Junctions":0.290886998,"Weighted_S":1.16355002,"nor_junc":0.131113681299,"Shape_Leng":4000,"Shape_Area":1000000}},{"type":"Feature","id":386,"geometry":{"type":"Polygon","coordinates":[[[73.225926883675697,22.614653443773484],[73.225811017684606,22.62368297067723],[73.216084644969484,22.623575084346019],[73.216201145336626,22.614545605160981],[73.225926883675697,22.614653443773484]]]},"properties":{"FID":386,"HA_Area":100,"B_5":0,"B_4":0,"B_3":0,"B_2":0,"B_1":0,"Norm_B1":0,"Norm_B2":0,"Norm_B3":0,"Norm_B4":0,"Norm_B5":0,"Roads_1_S_":0.158223003,"Junctions":0,"Weighted_S":0,"nor_junc":0,"Shape_Leng":4000,"Shape_Area":1000000}},{"type":"Feature","id":387,"geometry":{"type":"Polygon","coordinates":[[[73.343180684282117,22.570751012657396],[73.343072707328105,22.579781145064484],[73.333348818010862,22.579680552581944],[73.333457427928508,22.570650464738666],[73.343180684282117,22.570751012657396]]]},"properties":{"FID":387,"HA_Area":100,"B_5":0,"B_4":0,"B_3":0,"B_2":0,"B_1":0,"Norm_B1":0,"Norm_B2":0,"Norm_B3":0,"Norm_B4":0,"Norm_B5":0,"Roads_1_S_":0.413569987,"Junctions":0,"Weighted_S":0,"nor_junc":0,"Shape_Leng":4000,"Shape_Area":1000000}},{"type":"Feature","id":388,"geometry":{"type":"Polygon","coordinates":[[[73.284841982346663,22.570138909030018],[73.284730207854352,22.579168770147874],[73.275006655365104,22.579064649753807],[73.275119062722965,22.570034834762264],[73.284841982346663,22.570138909030018]]]},"properties":{"FID":388,"HA_Area":100,"B_5":0,"B_4":3611.47998,"B_3":0,"B_2":0,"B_1":716.560974,"Norm_B1":0.478412932806,"Norm_B2":0,"Norm_B3":0,"Norm_B4":0.105766471694,"Norm_B5":0,"Roads_1_S_":0.973253012,"Junctions":0.584178984,"Weighted_S":0.901479006,"nor_junc":0.101582423711,"Shape_Leng":4000,"Shape_Area":1000000}},{"type":"Feature","id":389,"geometry":{"type":"Polygon","coordinates":[[[73.166974380021884,22.659143654828355],[73.166854403363658,22.668172837690996],[73.157125215007213,22.668061170165881],[73.157245827550213,22.659032036616107],[73.166974380021884,22.659143654828355]]]},"properties":{"FID":389,"HA_Area":100,"B_5":0,"B_4":0,"B_3":0,"B_2":0,"B_1":0,"Norm_B1":0,"Norm_B2":0,"Norm_B3":0,"Norm_B4":0,"Norm_B5":0,"Roads_1_S_":0,"Junctions":0,"Weighted_S":0,"nor_junc":0,"Shape_Leng":4000,"Shape_Area":1000000}},{"type":"Feature","id":390,"geometry":{"type":"Polygon","coordinates":[[[73.195806015199963,22.68656292412339],[73.195687766194254,22.695592221081728],[73.185956486090561,22.695482179114705],[73.186075372003842,22.68645293070578],[73.195806015199963,22.68656292412339]]]},"properties":{"FID":390,"HA_Area":100,"B_5":0,"B_4":0,"B_3":0,"B_2":0,"B_1":0,"Norm_B1":0,"Norm_B2":0,"Norm_B3":0,"Norm_B4":0,"Norm_B5":0,"Roads_1_S_":0,"Junctions":0,"Weighted_S":0,"nor_junc":0,"Shape_Leng":4000,"Shape_Area":1000000}},{"type":"Feature","id":391,"geometry":{"type":"Polygon","coordinates":[[[73.2172469836338,22.533279810374655],[73.217131016061145,22.542309385942016],[73.207410400256052,22.542201342053243],[73.207526999287751,22.533171814410604],[73.2172469836338,22.533279810374655]]]},"properties":{"FID":391,"HA_Area":100,"B_5":0,"B_4":1303.59998,"B_3":0,"B_2":0,"B_1":0,"Norm_B1":0,"Norm_B2":0,"Norm_B3":0,"Norm_B4":0.74748347226300005,"Norm_B5":0,"Roads_1_S_":0.933785021,"Junctions":0.747483015,"Weighted_S":2.98992991,"nor_junc":0.33691780449800002,"Shape_Leng":4000,"Shape_Area":1000000}},{"type":"Feature","id":392,"geometry":{"type":"Polygon","coordinates":[[[73.148605801498988,22.577657587661914],[73.14848510698593,22.586686768566135],[73.13876175259584,22.586574368604669],[73.138883080054612,22.577545237477857],[73.148605801498988,22.577657587661914]]]},"properties":{"FID":392,"HA_Area":100,"B_5":0,"B_4":0,"B_3":0,"B_2":0,"B_1":0,"Norm_B1":0,"Norm_B2":0,"Norm_B3":0,"Norm_B4":0,"Norm_B5":0,"Roads_1_S_":0.199796006,"Junctions":0,"Weighted_S":0,"nor_junc":0,"Shape_Leng":4000,"Shape_Area":1000000}},{"type":"Feature","id":393,"geometry":{"type":"Polygon","coordinates":[[[73.197572553655675,22.551122180120586],[73.207293741772062,22.551230858994657],[73.207177023818502,22.560260365231347],[73.197455203616641,22.560151638160193],[73.197572553655675,22.551122180120586]]]},"properties":{"FID":393,"HA_Area":100,"B_5":0,"B_4":2024.53003,"B_3":0,"B_2":1726.45996,"B_1":0,"Norm_B1":0,"Norm_B2":0.16055712278000001,"Norm_B3":0,"Norm_B4":0.54702544554200005,"Norm_B5":0,"Roads_1_S_":1.24421,"Junctions":0.70758301,"Weighted_S":2.50921988,"nor_junc":0.28274938837899999,"Shape_Leng":4000,"Shape_Area":1000000}},{"type":"Feature","id":394,"geometry":{"type":"Polygon","coordinates":[[[73.332477945353432,22.651920872032665],[73.332368836864305,22.660950864000391],[73.322639291835856,22.660849279824802],[73.322749036176774,22.651819332732373],[73.332477945353432,22.651920872032665]]]},"properties":{"FID":394,"HA_Area":100,"B_5":0,"B_4":0,"B_3":0,"B_2":0,"B_1":0,"Norm_B1":0,"Norm_B2":0,"Norm_B3":0,"Norm_B4":0,"Norm_B5":0,"Roads_1_S_":0.161780998,"Junctions":0,"Weighted_S":0,"nor_junc":0,"Shape_Leng":4000,"Shape_Area":1000000}},{"type":"Feature","id":395,"geometry":{"type":"Polygon","coordinates":[[[73.120172072395036,22.523144363115723],[73.12004985335075,22.532173458480873],[73.110330477830132,22.532059597846892],[73.110453327834819,22.523030553001835],[73.120172072395036,22.523144363115723]]]},"properties":{"FID":395,"HA_Area":100,"B_5":0,"B_4":0,"B_3":0,"B_2":0,"B_1":0,"Norm_B1":0,"Norm_B2":0,"Norm_B3":0,"Norm_B4":0,"Norm_B5":0,"Roads_1_S_":0,"Junctions":0,"Weighted_S":0,"nor_junc":0,"Shape_Leng":4000,"Shape_Area":1000000}},{"type":"Feature","id":396,"geometry":{"type":"Polygon","coordinates":[[[73.235882968303684,22.596701512626002],[73.235767853935243,22.60573110840657],[73.226042690720959,22.60562390615268],[73.226158438837558,22.596594357818287],[73.235882968303684,22.596701512626002]]]},"properties":{"FID":396,"HA_Area":100,"B_5":0,"B_4":3670.83008,"B_3":0,"B_2":0,"B_1":0,"Norm_B1":0,"Norm_B2":0,"Norm_B3":0,"Norm_B4":0.089263895056300002,"Norm_B5":0,"Roads_1_S_":0.853883028,"Junctions":0.0892639011,"Weighted_S":0.357055992,"nor_junc":0.040234562117099998,"Shape_Leng":4000,"Shape_Area":1000000}},{"type":"Feature","id":397,"geometry":{"type":"Polygon","coordinates":[[[73.215968085316675,22.632604552804484],[73.215851466360832,22.64163401053289],[73.20612388324588,22.641525439072705],[73.206241137205851,22.632496029335655],[73.215968085316675,22.632604552804484]]]},"properties":{"FID":397,"HA_Area":100,"B_5":0,"B_4":0,"B_3":0,"B_2":0,"B_1":0,"Norm_B1":0,"Norm_B2":0,"Norm_B3":0,"Norm_B4":0,"Norm_B5":0,"Roads_1_S_":0,"Junctions":0,"Weighted_S":0,"nor_junc":0,"Shape_Leng":4000,"Shape_Area":1000000}},{"type":"Feature","id":398,"geometry":{"type":"Polygon","coordinates":[[[73.283721672962542,22.660437039747123],[73.283833960546644,22.651407274763102],[73.293562644646599,22.651511174342801],[73.29345099284852,22.660540985244985],[73.283721672962542,22.660437039747123]]]},"properties":{"FID":398,"HA_Area":100,"B_5":0,"B_4":0,"B_3":0,"B_2":1618.56006,"B_1":0,"Norm_B1":0,"Norm_B2":0.225370977907,"Norm_B3":0,"Norm_B4":0,"Norm_B5":0,"Roads_1_S_":0.661845982,"Junctions":0.225371003,"Weighted_S":0.450742006,"nor_junc":0.050791493948700001,"Shape_Leng":4000,"Shape_Area":1000000}},{"type":"Feature","id":399,"geometry":{"type":"Polygon","coordinates":[[[73.205536718449792,22.68667232659373],[73.20541910636922,22.695701671840723],[73.195687766194254,22.695592221081728],[73.195806015199963,22.68656292412339],[73.205536718449792,22.68667232659373]]]},"properties":{"FID":399,"HA_Area":100,"B_5":0,"B_4":0,"B_3":0,"B_2":0,"B_1":0,"Norm_B1":0,"Norm_B2":0,"Norm_B3":0,"Norm_B4":0,"Norm_B5":0,"Roads_1_S_":0,"Junctions":0,"Weighted_S":0,"nor_junc":0,"Shape_Leng":4000,"Shape_Area":1000000}},{"type":"Feature","id":400,"geometry":{"type":"Polygon","coordinates":[[[73.29345099284852,22.660540985244985],[73.293339284280108,22.669570785454162],[73.28360932828501,22.669466794032314],[73.283721672962542,22.660437039747123],[73.29345099284852,22.660540985244985]]]},"properties":{"FID":400,"HA_Area":100,"B_5":0,"B_4":0,"B_3":0,"B_2":771.963989,"B_1":0,"Norm_B1":0,"Norm_B2":0.73390855576199998,"Norm_B3":0,"Norm_B4":0,"Norm_B5":0,"Roads_1_S_":1.35242999,"Junctions":0.733909011,"Weighted_S":1.46782005,"nor_junc":0.16540010041299999,"Shape_Leng":4000,"Shape_Area":1000000}},{"type":"Feature","id":401,"geometry":{"type":"Polygon","coordinates":[[[73.12004985335075,22.532173458480873],[73.119927571976532,22.541202543092499],[73.110207565173923,22.541088631932048],[73.110330477830132,22.532059597846892],[73.12004985335075,22.532173458480873]]]},"properties":{"FID":401,"HA_Area":100,"B_5":0,"B_4":0,"B_3":0,"B_2":0,"B_1":0,"Norm_B1":0,"Norm_B2":0,"Norm_B3":0,"Norm_B4":0,"Norm_B5":0,"Roads_1_S_":0,"Junctions":0,"Weighted_S":0,"nor_junc":0,"Shape_Leng":4000,"Shape_Area":1000000}},{"type":"Feature","id":402,"geometry":{"type":"Polygon","coordinates":[[[73.129160420386754,22.57743229956316],[73.129038460000288,22.586461380652246],[73.119315229521419,22.586347804724166],[73.119437822817488,22.577318773933111],[73.129160420386754,22.57743229956316]]]},"properties":{"FID":402,"HA_Area":100,"B_5":0,"B_4":0,"B_3":0,"B_2":0,"B_1":0,"Norm_B1":0,"Norm_B2":0,"Norm_B3":0,"Norm_B4":0,"Norm_B5":0,"Roads_1_S_":0.0783421993,"Junctions":0,"Weighted_S":0,"nor_junc":0,"Shape_Leng":4000,"Shape_Area":1000000}},{"type":"Feature","id":403,"geometry":{"type":"Polygon","coordinates":[[[73.27489419074125,22.588094454071843],[73.274781668834706,22.597124247712895],[73.265056906946796,22.597019446591471],[73.265170062346826,22.587989699348846],[73.27489419074125,22.588094454071843]]]},"properties":{"FID":403,"HA_Area":100,"B_5":0,"B_4":0,"B_3":0,"B_2":0,"B_1":0,"Norm_B1":0,"Norm_B2":0,"Norm_B3":0,"Norm_B4":0,"Norm_B5":0,"Roads_1_S_":0,"Junctions":0,"Weighted_S":0,"nor_junc":0,"Shape_Leng":4000,"Shape_Area":1000000}},{"type":"Feature","id":404,"geometry":{"type":"Polygon","coordinates":[[[73.215267481430018,22.686781138101971],[73.215384397160875,22.677751734076139],[73.225114582911502,22.677859906846507],[73.224998303817316,22.68688935863338],[73.215267481430018,22.686781138101971]]]},"properties":{"FID":404,"HA_Area":100,"B_5":0,"B_4":0,"B_3":0,"B_2":0,"B_1":0,"Norm_B1":0,"Norm_B2":0,"Norm_B3":0,"Norm_B4":0,"Norm_B5":0,"Roads_1_S_":0,"Junctions":0,"Weighted_S":0,"nor_junc":0,"Shape_Leng":4000,"Shape_Area":1000000}},{"type":"Feature","id":405,"geometry":{"type":"Polygon","coordinates":[[[73.245836342782255,22.578748761010189],[73.2457219786954,22.587778425369279],[73.235998024083059,22.587671906141328],[73.236113021290421,22.578642288956033],[73.245836342782255,22.578748761010189]]]},"properties":{"FID":405,"HA_Area":100,"B_5":0,"B_4":2659.1499,"B_3":0,"B_2":1667.55005,"B_1":0,"Norm_B1":0,"Norm_B2":0.195943424585,"Norm_B3":0,"Norm_B4":0.37056637463199998,"Norm_B5":0,"Roads_1_S_":0.581649005,"Junctions":0.566510022,"Weighted_S":1.87415004,"nor_junc":0.21118706260199999,"Shape_Leng":4000,"Shape_Area":1000000}},{"type":"Feature","id":406,"geometry":{"type":"Polygon","coordinates":[[[73.157366378800205,22.650002892288807],[73.157245827550213,22.659032036616107],[73.14751733637155,22.658919828298689],[73.147638523165455,22.649890733538612],[73.157366378800205,22.650002892288807]]]},"properties":{"FID":406,"HA_Area":100,"B_5":0,"B_4":0,"B_3":0,"B_2":0,"B_1":0,"Norm_B1":0,"Norm_B2":0,"Norm_B3":0,"Norm_B4":0,"Norm_B5":0,"Roads_1_S_":0,"Junctions":0,"Weighted_S":0,"nor_junc":0,"Shape_Leng":4000,"Shape_Area":1000000}},{"type":"Feature","id":407,"geometry":{"type":"Polygon","coordinates":[[[73.295119818203261,22.525092700881565],[73.295008959453256,22.534122661122879],[73.285288511210084,22.534019357950999],[73.285400001232262,22.524989443546687],[73.295119818203261,22.525092700881565]]]},"properties":{"FID":407,"HA_Area":100,"B_5":0,"B_4":1960.43005,"B_3":0,"B_2":1833.57996,"B_1":0,"Norm_B1":0,"Norm_B2":0.096211746242599996,"Norm_B3":0,"Norm_B4":0.56484874830599996,"Norm_B5":0,"Roads_1_S_":0.61431998,"Junctions":0.661060989,"Weighted_S":2.4518199,"nor_junc":0.27628131770600001,"Shape_Leng":4000,"Shape_Area":1000000}},{"type":"Feature","id":408,"geometry":{"type":"Polygon","coordinates":[[[73.11870132609377,22.631492796988606],[73.118578357891252,22.640521763078699],[73.108851385734013,22.640407295706083],[73.108974988762341,22.631378380212695],[73.11870132609377,22.631492796988606]]]},"properties":{"FID":408,"HA_Area":100,"B_5":0,"B_4":0,"B_3":0,"B_2":0,"B_1":0,"Norm_B1":0,"Norm_B2":0,"Norm_B3":0,"Norm_B4":0,"Norm_B5":0,"Roads_1_S_":0.883557975,"Junctions":0,"Weighted_S":0,"nor_junc":0,"Shape_Leng":4000,"Shape_Area":1000000}},{"type":"Feature","id":409,"geometry":{"type":"Polygon","coordinates":[[[73.236916363157661,22.515434669334134],[73.236801775477232,22.524464361326249],[73.227082304397953,22.524357585872437],[73.227197522928336,22.515327941272663],[73.236916363157661,22.515434669334134]]]},"properties":{"FID":409,"HA_Area":100,"B_5":0,"B_4":3270.93994,"B_3":0,"B_2":0,"B_1":0,"Norm_B1":0,"Norm_B2":0,"Norm_B3":0,"Norm_B4":0.200455247531,"Norm_B5":0,"Roads_1_S_":0.403510004,"Junctions":0.200454995,"Weighted_S":0.801820993,"nor_junc":0.090352542177199999,"Shape_Leng":4000,"Shape_Area":1000000}},{"type":"Feature","id":410,"geometry":{"type":"Polygon","coordinates":[[[73.245607556358863,22.596808079033707],[73.245493075755675,22.605837722],[73.235767853935243,22.60573110840657],[73.235882968303684,22.596701512626002],[73.245607556358863,22.596808079033707]]]},"properties":{"FID":410,"HA_Area":100,"B_5":0,"B_4":3840.32007,"B_3":0,"B_2":0,"B_1":0,"Norm_B1":0,"Norm_B2":0,"Norm_B3":0,"Norm_B4":0.042136397989900001,"Norm_B5":0,"Roads_1_S_":0.870123982,"Junctions":0.0421364009,"Weighted_S":0.168546006,"nor_junc":0.0189924687036,"Shape_Leng":4000,"Shape_Area":1000000}},{"type":"Feature","id":411,"geometry":{"type":"Polygon","coordinates":[[[73.273879429400068,22.669362212054189],[73.27376639119673,22.678391909446507],[73.264035913346277,22.678286690474948],[73.264149587948452,22.669257039533949],[73.273879429400068,22.669362212054189]]]},"properties":{"FID":411,"HA_Area":100,"B_5":0,"B_4":0,"B_3":0,"B_2":1809.46997,"B_1":0,"Norm_B1":0,"Norm_B2":0.110694253305,"Norm_B3":0,"Norm_B4":0,"Norm_B5":0,"Roads_1_S_":0.277263999,"Junctions":0.110693999,"Weighted_S":0.221388996,"nor_junc":0.024947037719,"Shape_Leng":4000,"Shape_Area":1000000}},{"type":"Feature","id":412,"geometry":{"type":"Polygon","coordinates":[[[73.11870132609377,22.631492796988606],[73.128427725955177,22.631606624502233],[73.128305392596715,22.640635640928529],[73.118578357891252,22.640521763078699],[73.11870132609377,22.631492796988606]]]},"properties":{"FID":412,"HA_Area":100,"B_5":0,"B_4":0,"B_3":0,"B_2":0,"B_1":0,"Norm_B1":0,"Norm_B2":0,"Norm_B3":0,"Norm_B4":0,"Norm_B5":0,"Roads_1_S_":0.829419017,"Junctions":0,"Weighted_S":0,"nor_junc":0,"Shape_Leng":4000,"Shape_Area":1000000}},{"type":"Feature","id":413,"geometry":{"type":"Polygon","coordinates":[[[73.167931999860812,22.586909804455399],[73.16781251046487,22.595939073390198],[73.158088400148742,22.595827800193256],[73.158208522848312,22.586798580521425],[73.167931999860812,22.586909804455399]]]},"properties":{"FID":413,"HA_Area":100,"B_5":0,"B_4":0,"B_3":0,"B_2":0,"B_1":0,"Norm_B1":0,"Norm_B2":0,"Norm_B3":0,"Norm_B4":0,"Norm_B5":0,"Roads_1_S_":0.492431998,"Junctions":0,"Weighted_S":0,"nor_junc":0,"Shape_Leng":4000,"Shape_Area":1000000}},{"type":"Feature","id":414,"geometry":{"type":"Polygon","coordinates":[[[73.215267481430018,22.686781138101971],[73.215150506292062,22.695810531376857],[73.20541910636922,22.695701671840723],[73.205536718449792,22.68667232659373],[73.215267481430018,22.686781138101971]]]},"properties":{"FID":414,"HA_Area":100,"B_5":0,"B_4":0,"B_3":0,"B_2":0,"B_1":0,"Norm_B1":0,"Norm_B2":0,"Norm_B3":0,"Norm_B4":0,"Norm_B5":0,"Roads_1_S_":0,"Junctions":0,"Weighted_S":0,"nor_junc":0,"Shape_Leng":4000,"Shape_Area":1000000}},{"type":"Feature","id":415,"geometry":{"type":"Polygon","coordinates":[[[73.207177023818502,22.560260365231347],[73.207060246378049,22.56928986075982],[73.197337793768739,22.569181085485496],[73.197455203616641,22.560151638160193],[73.207177023818502,22.560260365231347]]]},"properties":{"FID":415,"HA_Area":100,"B_5":0,"B_4":2003.06006,"B_3":0,"B_2":1735.82996,"B_1":0,"Norm_B1":0,"Norm_B2":0.154928707065,"Norm_B3":0,"Norm_B4":0.55299527290399997,"Norm_B5":0,"Roads_1_S_":0.965561986,"Junctions":0.707924008,"Weighted_S":2.5218401,"nor_junc":0.284171486483,"Shape_Leng":4000,"Shape_Area":1000000}},{"type":"Feature","id":416,"geometry":{"type":"Polygon","coordinates":[[[73.118085859416013,22.676637519445624],[73.117962578289493,22.68566643152143],[73.108232427160459,22.685551711069088],[73.108356344727369,22.676522849622064],[73.118085859416013,22.676637519445624]]]},"properties":{"FID":416,"HA_Area":100,"B_5":0,"B_4":0,"B_3":0,"B_2":0,"B_1":0,"Norm_B1":0,"Norm_B2":0,"Norm_B3":0,"Norm_B4":0,"Norm_B5":0,"Roads_1_S_":0.924845994,"Junctions":0,"Weighted_S":0,"nor_junc":0,"Shape_Leng":4000,"Shape_Area":1000000}},{"type":"Feature","id":417,"geometry":{"type":"Polygon","coordinates":[[[73.323624984025841,22.579579372079632],[73.323515685506109,22.588609404453958],[73.313791273922007,22.588507590855212],[73.313901205695387,22.579477603571249],[73.323624984025841,22.579579372079632]]]},"properties":{"FID":417,"HA_Area":100,"B_5":0,"B_4":0,"B_3":0,"B_2":0,"B_1":893.880981,"Norm_B1":0.17360111554800001,"Norm_B2":0,"Norm_B3":0,"Norm_B4":0,"Norm_B5":0,"Roads_1_S_":0.404338986,"Junctions":0.173601002,"Weighted_S":0.173601002,"nor_junc":0.019562086723599999,"Shape_Leng":4000,"Shape_Area":1000000}},{"type":"Feature","id":418,"geometry":{"type":"Polygon","coordinates":[[[73.294787072319423,22.552182549668302],[73.294676043902712,22.561212477965487],[73.284953699911824,22.561109037247927],[73.285065360566421,22.552079154805085],[73.294787072319423,22.552182549668302]]]},"properties":{"FID":418,"HA_Area":100,"B_5":0,"B_4":2225.6001,"B_3":0,"B_2":1748.38,"B_1":836.11499,"Norm_B1":0.272900438972,"Norm_B2":0.147390080718,"Norm_B3":0,"Norm_B4":0.49111695770899999,"Norm_B5":0,"Roads_1_S_":1.13700998,"Junctions":0.911406994,"Weighted_S":2.53215003,"nor_junc":0.28533325302399998,"Shape_Leng":4000,"Shape_Area":1000000}},{"type":"Feature","id":419,"geometry":{"type":"Polygon","coordinates":[[[73.322968357521106,22.633759406534057],[73.323077934557105,22.624729427435071],[73.332804938116453,22.624830832143552],[73.33269599596332,22.633860856100796],[73.322968357521106,22.633759406534057]]]},"properties":{"FID":419,"HA_Area":100,"B_5":0,"B_4":0,"B_3":0,"B_2":0,"B_1":0,"Norm_B1":0,"Norm_B2":0,"Norm_B3":0,"Norm_B4":0,"Norm_B5":0,"Roads_1_S_":0.216859996,"Junctions":0,"Weighted_S":0,"nor_junc":0,"Shape_Leng":4000,"Shape_Area":1000000}},{"type":"Feature","id":420,"geometry":{"type":"Polygon","coordinates":[[[73.343719744463797,22.525600191241153],[73.343612042319251,22.53463037676369],[73.333891314598816,22.534530007043951],[73.33399964809675,22.525499866057132],[73.343719744463797,22.525600191241153]]]},"properties":{"FID":420,"HA_Area":100,"B_5":0,"B_4":0,"B_3":0,"B_2":0,"B_1":0,"Norm_B1":0,"Norm_B2":0,"Norm_B3":0,"Norm_B4":0,"Norm_B5":0,"Roads_1_S_":0.281926006,"Junctions":0,"Weighted_S":0,"nor_junc":0,"Shape_Leng":4000,"Shape_Area":1000000}},{"type":"Feature","id":421,"geometry":{"type":"Polygon","coordinates":[[[73.322968357521106,22.633759406534057],[73.322858724733095,22.642789374967656],[73.313130506853454,22.642687290706984],[73.31324077483093,22.63365736739798],[73.322968357521106,22.633759406534057]]]},"properties":{"FID":421,"HA_Area":100,"B_5":0,"B_4":0,"B_3":0,"B_2":0,"B_1":0,"Norm_B1":0,"Norm_B2":0,"Norm_B3":0,"Norm_B4":0,"Norm_B5":0,"Roads_1_S_":0.338391006,"Junctions":0,"Weighted_S":0,"nor_junc":0,"Shape_Leng":4000,"Shape_Area":1000000}},{"type":"Feature","id":422,"geometry":{"type":"Polygon","coordinates":[[[73.128427725955177,22.631606624502233],[73.11870132609377,22.631492796988606],[73.118824231766325,22.622463820106233],[73.128549997106305,22.622577597290022],[73.128427725955177,22.631606624502233]]]},"properties":{"FID":422,"HA_Area":100,"B_5":0,"B_4":0,"B_3":0,"B_2":0,"B_1":0,"Norm_B1":0,"Norm_B2":0,"Norm_B3":0,"Norm_B4":0,"Norm_B5":0,"Roads_1_S_":0.692960024,"Junctions":0,"Weighted_S":0,"nor_junc":0,"Shape_Leng":4000,"Shape_Area":1000000}},{"type":"Feature","id":423,"geometry":{"type":"Polygon","coordinates":[[[73.13960974812943,22.523370224911599],[73.139488791060216,22.532399420536642],[73.129769291201328,22.532286732715903],[73.129890879267066,22.52325758709075],[73.13960974812943,22.523370224911599]]]},"properties":{"FID":423,"HA_Area":100,"B_5":0,"B_4":0,"B_3":0,"B_2":0,"B_1":0,"Norm_B1":0,"Norm_B2":0,"Norm_B3":0,"Norm_B4":0,"Norm_B5":0,"Roads_1_S_":0.103231996,"Junctions":0,"Weighted_S":0,"nor_junc":0,"Shape_Leng":4000,"Shape_Area":1000000}},{"type":"Feature","id":424,"geometry":{"type":"Polygon","coordinates":[[[73.197455203616641,22.560151638160193],[73.197337793768739,22.569181085485496],[73.187615400985706,22.569071722650797],[73.187733443223664,22.560042323788952],[73.197455203616641,22.560151638160193]]]},"properties":{"FID":424,"HA_Area":100,"B_5":0,"B_4":2986.8999,"B_3":0,"B_2":0,"B_1":0,"Norm_B1":0,"Norm_B2":0,"Norm_B3":0,"Norm_B4":0.27943392992499999,"Norm_B5":0,"Roads_1_S_":0.595939994,"Junctions":0.279433995,"Weighted_S":1.11774004,"nor_junc":0.12595162073400001,"Shape_Leng":4000,"Shape_Area":1000000}},{"type":"Feature","id":425,"geometry":{"type":"Polygon","coordinates":[[[73.30295816815574,22.678704021487377],[73.30284698276914,22.687733845975004],[73.293115696765881,22.687630353779653],[73.293227518924766,22.678600574966861],[73.30295816815574,22.678704021487377]]]},"properties":{"FID":425,"HA_Area":100,"B_5":0,"B_4":0,"B_3":0,"B_2":1568.07996,"B_1":0,"Norm_B1":0,"Norm_B2":0.25569361937099999,"Norm_B3":0,"Norm_B4":0,"Norm_B5":0,"Roads_1_S_":1.01427996,"Junctions":0.255694002,"Weighted_S":0.511386991,"nor_junc":0.057625224347099997,"Shape_Leng":4000,"Shape_Area":1000000}},{"type":"Feature","id":426,"geometry":{"type":"Polygon","coordinates":[[[73.34231532747431,22.642991773985241],[73.342206909991617,22.652021821228498],[73.332477945353432,22.651920872032665],[73.332586998381032,22.642890869398325],[73.34231532747431,22.642991773985241]]]},"properties":{"FID":426,"HA_Area":100,"B_5":0,"B_4":0,"B_3":0,"B_2":0,"B_1":0,"Norm_B1":0,"Norm_B2":0,"Norm_B3":0,"Norm_B4":0,"Norm_B5":0,"Roads_1_S_":0.812556028,"Junctions":0,"Weighted_S":0,"nor_junc":0,"Shape_Leng":4000,"Shape_Area":1000000}},{"type":"Feature","id":427,"geometry":{"type":"Polygon","coordinates":[[[73.264149587948452,22.669257039533949],[73.264035913346277,22.678286690474948],[73.254305493269257,22.678180880714788],[73.254419804253388,22.669151276485863],[73.264149587948452,22.669257039533949]]]},"properties":{"FID":427,"HA_Area":100,"B_5":0,"B_4":0,"B_3":0,"B_2":0,"B_1":0,"Norm_B1":0,"Norm_B2":0,"Norm_B3":0,"Norm_B4":0,"Norm_B5":0,"Roads_1_S_":0.0928696021,"Junctions":0,"Weighted_S":0,"nor_junc":0,"Shape_Leng":4000,"Shape_Area":1000000}},{"type":"Feature","id":428,"geometry":{"type":"Polygon","coordinates":[[[73.128427725955177,22.631606624502233],[73.138154188023918,22.631719862738162],[73.138032489527674,22.640748929240157],[73.128305392596715,22.640635640928529],[73.128427725955177,22.631606624502233]]]},"properties":{"FID":428,"HA_Area":100,"B_5":0,"B_4":0,"B_3":0,"B_2":0,"B_1":0,"Norm_B1":0,"Norm_B2":0,"Norm_B3":0,"Norm_B4":0,"Norm_B5":0,"Roads_1_S_":0.413325012,"Junctions":0,"Weighted_S":0,"nor_junc":0,"Shape_Leng":4000,"Shape_Area":1000000}},{"type":"Feature","id":429,"geometry":{"type":"Polygon","coordinates":[[[73.30295816815574,22.678704021487377],[73.303069297062137,22.669674186305631],[73.312799366307843,22.669776996572718],[73.312688873866932,22.678806877162728],[73.30295816815574,22.678704021487377]]]},"properties":{"FID":429,"HA_Area":100,"B_5":0,"B_4":0,"B_3":0,"B_2":1737.43994,"B_1":0,"Norm_B1":0,"Norm_B2":0.15396161298,"Norm_B3":0,"Norm_B4":0,"Norm_B5":0,"Roads_1_S_":1.16320002,"Junctions":0.153962001,"Weighted_S":0.307922989,"nor_junc":0.034698049927500002,"Shape_Leng":4000,"Shape_Area":1000000}},{"type":"Feature","id":430,"geometry":{"type":"Polygon","coordinates":[[[73.226158438837558,22.596594357818287],[73.226042690720959,22.60562390615268],[73.216317586435338,22.605516115252843],[73.216433968282914,22.596486614625089],[73.226158438837558,22.596594357818287]]]},"properties":{"FID":430,"HA_Area":100,"B_5":0,"B_4":3593.41992,"B_3":0,"B_2":0,"B_1":0,"Norm_B1":0,"Norm_B2":0,"Norm_B3":0,"Norm_B4":0.110788156793,"Norm_B5":0,"Roads_1_S_":0.469435006,"Junctions":0.110788003,"Weighted_S":0.443152994,"nor_junc":0.049936332301400002,"Shape_Leng":4000,"Shape_Area":1000000}},{"type":"Feature","id":431,"geometry":{"type":"Polygon","coordinates":[[[73.207526999287751,22.533171814410604],[73.207410400256052,22.542201342053243],[73.197689843903234,22.542092711370181],[73.197807074376712,22.533063231912479],[73.207526999287751,22.533171814410604]]]},"properties":{"FID":431,"HA_Area":100,"B_5":0,"B_4":2056.5,"B_3":0,"B_2":0,"B_1":0,"Norm_B1":0,"Norm_B2":0,"Norm_B3":0,"Norm_B4":0.53813604329200004,"Norm_B5":0,"Roads_1_S_":0.67574501,"Junctions":0.538136005,"Weighted_S":2.15253997,"nor_junc":0.24255720402200001,"Shape_Leng":4000,"Shape_Area":1000000}},{"type":"Feature","id":432,"geometry":{"type":"Polygon","coordinates":[[[73.168647659470594,22.532733965360997],[73.168528534776442,22.541763298702715],[73.158808219450634,22.541652320990341],[73.158927975516491,22.532623036874316],[73.168647659470594,22.532733965360997]]]},"properties":{"FID":432,"HA_Area":100,"B_5":0,"B_4":0,"B_3":0,"B_2":0,"B_1":0,"Norm_B1":0,"Norm_B2":0,"Norm_B3":0,"Norm_B4":0,"Norm_B5":0,"Roads_1_S_":0.556118011,"Junctions":0,"Weighted_S":0,"nor_junc":0,"Shape_Leng":4000,"Shape_Area":1000000}},{"type":"Feature","id":433,"geometry":{"type":"Polygon","coordinates":[[[73.294676043902712,22.561212477965487],[73.29456495889751,22.570242395607693],[73.284841982346663,22.570138909030018],[73.284953699911824,22.561109037247927],[73.294676043902712,22.561212477965487]]]},"properties":{"FID":433,"HA_Area":100,"B_5":0,"B_4":3053.41992,"B_3":0,"B_2":0,"B_1":440.15799,"Norm_B1":0.95354767540300001,"Norm_B2":0,"Norm_B3":0,"Norm_B4":0.26093772244399999,"Norm_B5":0,"Roads_1_S_":1.03910995,"Junctions":1.21449006,"Weighted_S":1.99730003,"nor_junc":0.225064118516,"Shape_Leng":4000,"Shape_Area":1000000}},{"type":"Feature","id":434,"geometry":{"type":"Polygon","coordinates":[[[73.216084644969484,22.623575084346019],[73.215968085316675,22.632604552804484],[73.206241137205851,22.632496029335655],[73.206358331540073,22.623466608862479],[73.216084644969484,22.623575084346019]]]},"properties":{"FID":434,"HA_Area":100,"B_5":0,"B_4":0,"B_3":0,"B_2":0,"B_1":0,"Norm_B1":0,"Norm_B2":0,"Norm_B3":0,"Norm_B4":0,"Norm_B5":0,"Roads_1_S_":0,"Junctions":0,"Weighted_S":0,"nor_junc":0,"Shape_Leng":4000,"Shape_Area":1000000}},{"type":"Feature","id":435,"geometry":{"type":"Polygon","coordinates":[[[73.274331008047682,22.633243315437966],[73.274218199477076,22.64227305564215],[73.264490265283243,22.642168022440565],[73.264603708960465,22.633138328664167],[73.274331008047682,22.633243315437966]]]},"properties":{"FID":435,"HA_Area":100,"B_5":0,"B_4":0,"B_3":0,"B_2":1045.97998,"B_1":0,"Norm_B1":0,"Norm_B2":0.569311254273,"Norm_B3":0,"Norm_B4":0,"Norm_B5":0,"Roads_1_S_":1.57574999,"Junctions":0.569311023,"Weighted_S":1.13862002,"nor_junc":0.12830446462600001,"Shape_Leng":4000,"Shape_Area":1000000}},{"type":"Feature","id":436,"geometry":{"type":"Polygon","coordinates":[[[73.283721672962542,22.660437039747123],[73.28360932828501,22.669466794032314],[73.273879429400068,22.669362212054189],[73.273992410170038,22.660332503953711],[73.283721672962542,22.660437039747123]]]},"properties":{"FID":436,"HA_Area":100,"B_5":0,"B_4":0,"B_3":0,"B_2":1317.88,"B_1":0,"Norm_B1":0,"Norm_B2":0.40598498234399999,"Norm_B3":0,"Norm_B4":0,"Norm_B5":0,"Roads_1_S_":1.01609004,"Junctions":0.405984998,"Weighted_S":0.811969995,"nor_junc":0.091496174166800004,"Shape_Leng":4000,"Shape_Area":1000000}},{"type":"Feature","id":437,"geometry":{"type":"Polygon","coordinates":[[[73.236342840057389,22.560583022497514],[73.236227959942852,22.569612661073606],[73.226505329787187,22.56950564856848],[73.226620842360873,22.560476057414608],[73.236342840057389,22.560583022497514]]]},"properties":{"FID":437,"HA_Area":100,"B_5":0,"B_4":1133.26001,"B_3":0,"B_2":878.695984,"B_1":0,"Norm_B1":0,"Norm_B2":0.66979624530600002,"Norm_B3":0,"Norm_B4":0.79484730907900003,"Norm_B5":0,"Roads_1_S_":1.20328999,"Junctions":1.46464002,"Weighted_S":4.51898003,"nor_junc":0.50921756447900002,"Shape_Leng":4000,"Shape_Area":1000000}},{"type":"Feature","id":438,"geometry":{"type":"Polygon","coordinates":[[[73.137545076334376,22.676865087381966],[73.137423068143448,22.685894099933346],[73.127692792058227,22.685780561148004],[73.127815436726067,22.676751598704076],[73.137545076334376,22.676865087381966]]]},"properties":{"FID":438,"HA_Area":100,"B_5":0,"B_4":0,"B_3":0,"B_2":0,"B_1":0,"Norm_B1":0,"Norm_B2":0,"Norm_B3":0,"Norm_B4":0,"Norm_B5":0,"Roads_1_S_":0.338824987,"Junctions":0,"Weighted_S":0,"nor_junc":0,"Shape_Leng":4000,"Shape_Area":1000000}},{"type":"Feature","id":439,"geometry":{"type":"Polygon","coordinates":[[[73.295230620430587,22.516062729999135],[73.295119818203261,22.525092700881565],[73.285400001232262,22.524989443546687],[73.28551143441004,22.515959518495492],[73.295230620430587,22.516062729999135]]]},"properties":{"FID":439,"HA_Area":100,"B_5":0,"B_4":2647.34009,"B_3":0,"B_2":0,"B_1":0,"Norm_B1":0,"Norm_B2":0,"Norm_B3":0,"Norm_B4":0.37385014965199997,"Norm_B5":0,"Roads_1_S_":0.715270996,"Junctions":0.373849988,"Weighted_S":1.49539995,"nor_junc":0.16850791927,"Shape_Leng":4000,"Shape_Area":1000000}},{"type":"Feature","id":440,"geometry":{"type":"Polygon","coordinates":[[[73.312688873866932,22.678806877162728],[73.312578325269129,22.687836747064381],[73.30284698276914,22.687733845975004],[73.30295816815574,22.678704021487377],[73.312688873866932,22.678806877162728]]]},"properties":{"FID":440,"HA_Area":100,"B_5":0,"B_4":0,"B_3":0,"B_2":1874.43005,"B_1":0,"Norm_B1":0,"Norm_B2":0.071673704465999993,"Norm_B3":0,"Norm_B4":0,"Norm_B5":0,"Roads_1_S_":0.573872983,"Junctions":0.0716736987,"Weighted_S":0.143346995,"nor_junc":0.0161529387835,"Shape_Leng":4000,"Shape_Area":1000000}},{"type":"Feature","id":441,"geometry":{"type":"Polygon","coordinates":[[[73.128672206068245,22.613548559295406],[73.128549997106305,22.622577597290022],[73.118824231766325,22.622463820106233],[73.118947074927121,22.613434832435079],[73.128672206068245,22.613548559295406]]]},"properties":{"FID":441,"HA_Area":100,"B_5":0,"B_4":0,"B_3":0,"B_2":0,"B_1":0,"Norm_B1":0,"Norm_B2":0,"Norm_B3":0,"Norm_B4":0,"Norm_B5":0,"Roads_1_S_":0.760524988,"Junctions":0,"Weighted_S":0,"nor_junc":0,"Shape_Leng":4000,"Shape_Area":1000000}},{"type":"Feature","id":442,"geometry":{"type":"Polygon","coordinates":[[[73.29367423969093,22.642481352751052],[73.293562644646599,22.651511174342801],[73.283833960546644,22.651407274763102],[73.283946191053957,22.642377499083697],[73.29367423969093,22.642481352751052]]]},"properties":{"FID":442,"HA_Area":100,"B_5":0,"B_4":0,"B_3":0,"B_2":0,"B_1":0,"Norm_B1":0,"Norm_B2":0,"Norm_B3":0,"Norm_B4":0,"Norm_B5":0,"Roads_1_S_":0.512848973,"Junctions":0,"Weighted_S":0,"nor_junc":0,"Shape_Leng":4000,"Shape_Area":1000000}},{"type":"Feature","id":443,"geometry":{"type":"Polygon","coordinates":[[[73.186075372003842,22.68645293070578],[73.185956486090561,22.695482179114705],[73.176225266381522,22.695371545954579],[73.176344789184697,22.686342346355818],[73.186075372003842,22.68645293070578]]]},"properties":{"FID":443,"HA_Area":100,"B_5":0,"B_4":0,"B_3":0,"B_2":0,"B_1":0,"Norm_B1":0,"Norm_B2":0,"Norm_B3":0,"Norm_B4":0,"Norm_B5":0,"Roads_1_S_":0,"Junctions":0,"Weighted_S":0,"nor_junc":0,"Shape_Leng":4000,"Shape_Area":1000000}},{"type":"Feature","id":444,"geometry":{"type":"Polygon","coordinates":[[[73.293897259584654,22.624421677512689],[73.293785777998096,22.633451520473187],[73.284058364501163,22.633347712712357],[73.284170480904933,22.624317915652576],[73.293897259584654,22.624421677512689]]]},"properties":{"FID":444,"HA_Area":100,"B_5":0,"B_4":0,"B_3":0,"B_2":0,"B_1":0,"Norm_B1":0,"Norm_B2":0,"Norm_B3":0,"Norm_B4":0,"Norm_B5":0,"Roads_1_S_":0.589212,"Junctions":0,"Weighted_S":0,"nor_junc":0,"Shape_Leng":4000,"Shape_Area":1000000}},{"type":"Feature","id":445,"geometry":{"type":"Polygon","coordinates":[[[73.246521305009281,22.524570550462567],[73.246407290064639,22.533600278916566],[73.236687129343977,22.533494042642133],[73.236801775477232,22.524464361326249],[73.246521305009281,22.524570550462567]]]},"properties":{"FID":445,"HA_Area":100,"B_5":0,"B_4":3021.3501,"B_3":0,"B_2":0,"B_1":0,"Norm_B1":0,"Norm_B2":0,"Norm_B3":0,"Norm_B4":0.26985488943800001,"Norm_B5":0,"Roads_1_S_":0.944065988,"Junctions":0.269854993,"Weighted_S":1.07941997,"nor_junc":0.121633555635,"Shape_Leng":4000,"Shape_Area":1000000}},{"type":"Feature","id":446,"geometry":{"type":"Polygon","coordinates":[[[73.215384397160875,22.677751734076139],[73.215267481430018,22.686781138101971],[73.205536718449792,22.68667232659373],[73.205654270799954,22.677642970589684],[73.215384397160875,22.677751734076139]]]},"properties":{"FID":446,"HA_Area":100,"B_5":0,"B_4":0,"B_3":0,"B_2":0,"B_1":0,"Norm_B1":0,"Norm_B2":0,"Norm_B3":0,"Norm_B4":0,"Norm_B5":0,"Roads_1_S_":0,"Junctions":0,"Weighted_S":0,"nor_junc":0,"Shape_Leng":4000,"Shape_Area":1000000}},{"type":"Feature","id":447,"geometry":{"type":"Polygon","coordinates":[[[73.293897259584654,22.624421677512689],[73.303624094968441,22.624524850105779],[73.303513248215637,22.63355473870639],[73.293785777998096,22.633451520473187],[73.293897259584654,22.624421677512689]]]},"properties":{"FID":447,"HA_Area":100,"B_5":0,"B_4":0,"B_3":0,"B_2":0,"B_1":0,"Norm_B1":0,"Norm_B2":0,"Norm_B3":0,"Norm_B4":0,"Norm_B5":0,"Roads_1_S_":0.316796988,"Junctions":0,"Weighted_S":0,"nor_junc":0,"Shape_Leng":4000,"Shape_Area":1000000}},{"type":"Feature","id":448,"geometry":{"type":"Polygon","coordinates":[[[73.275680241105675,22.524885599823257],[73.275568119827852,22.533915468130328],[73.265847785628353,22.533810991674923],[73.26596053814518,22.524781169725326],[73.275680241105675,22.524885599823257]]]},"properties":{"FID":448,"HA_Area":100,"B_5":0,"B_4":1464.43005,"B_3":0,"B_2":1658.82996,"B_1":0,"Norm_B1":0,"Norm_B2":0.201181453697,"Norm_B3":0,"Norm_B4":0.702763904903,"Norm_B5":0,"Roads_1_S_":0.74476999,"Junctions":0.903945029,"Weighted_S":3.21341991,"nor_junc":0.36210159214600002,"Shape_Leng":4000,"Shape_Area":1000000}},{"type":"Feature","id":449,"geometry":{"type":"Polygon","coordinates":[[[73.187733443223664,22.560042323788952],[73.187615400985706,22.569071722650797],[73.177893068351025,22.568961772270516],[73.178011742961516,22.55993242213243],[73.187733443223664,22.560042323788952]]]},"properties":{"FID":449,"HA_Area":100,"B_5":0,"B_4":3739.72998,"B_3":0,"B_2":0,"B_1":0,"Norm_B1":0,"Norm_B2":0,"Norm_B3":0,"Norm_B4":0.070105949852100002,"Norm_B5":0,"Roads_1_S_":0.252068013,"Junctions":0.0701059029,"Weighted_S":0.280423999,"nor_junc":0.031599348719799997,"Shape_Leng":4000,"Shape_Area":1000000}},{"type":"Feature","id":450,"geometry":{"type":"Polygon","coordinates":[[[73.342098437370481,22.661051857810794],[73.341989909594787,22.670081883728695],[73.332259672897436,22.669980845298063],[73.332368836864305,22.660950864000391],[73.342098437370481,22.661051857810794]]]},"properties":{"FID":450,"HA_Area":100,"B_5":0,"B_4":0,"B_3":0,"B_2":0,"B_1":0,"Norm_B1":0,"Norm_B2":0,"Norm_B3":0,"Norm_B4":0,"Norm_B5":0,"Roads_1_S_":0.857145011,"Junctions":0,"Weighted_S":0,"nor_junc":0,"Shape_Leng":4000,"Shape_Area":1000000}},{"type":"Feature","id":451,"geometry":{"type":"Polygon","coordinates":[[[73.273653295543241,22.687421596127226],[73.273540142422803,22.696451272092876],[73.263808390804712,22.696345960200972],[73.263922180970653,22.687316330698444],[73.273653295543241,22.687421596127226]]]},"properties":{"FID":451,"HA_Area":100,"B_5":0,"B_4":0,"B_3":0,"B_2":0,"B_1":0,"Norm_B1":0,"Norm_B2":0,"Norm_B3":0,"Norm_B4":0,"Norm_B5":0,"Roads_1_S_":0.166318998,"Junctions":0,"Weighted_S":0,"nor_junc":0,"Shape_Leng":4000,"Shape_Area":1000000}},{"type":"Feature","id":452,"geometry":{"type":"Polygon","coordinates":[[[73.2457219786954,22.587778425369279],[73.245607556358863,22.596808079033707],[73.235882968303684,22.596701512626002],[73.235998024083059,22.587671906141328],[73.2457219786954,22.587778425369279]]]},"properties":{"FID":452,"HA_Area":100,"B_5":0,"B_4":3376.33008,"B_3":0,"B_2":0,"B_1":0,"Norm_B1":0,"Norm_B2":0,"Norm_B3":0,"Norm_B4":0.17115101928599999,"Norm_B5":0,"Roads_1_S_":0.712671995,"Junctions":0.171150997,"Weighted_S":0.684603989,"nor_junc":0.077144040015600004,"Shape_Leng":4000,"Shape_Area":1000000}},{"type":"Feature","id":453,"geometry":{"type":"Polygon","coordinates":[[[73.138397399380395,22.613661697398936],[73.138275824635471,22.622690785456591],[73.128549997106305,22.622577597290022],[73.128672206068245,22.613548559295406],[73.138397399380395,22.613661697398936]]]},"properties":{"FID":453,"HA_Area":100,"B_5":0,"B_4":0,"B_3":0,"B_2":0,"B_1":0,"Norm_B1":0,"Norm_B2":0,"Norm_B3":0,"Norm_B4":0,"Norm_B5":0,"Roads_1_S_":0.543334007,"Junctions":0,"Weighted_S":0,"nor_junc":0,"Shape_Leng":4000,"Shape_Area":1000000}},{"type":"Feature","id":454,"geometry":{"type":"Polygon","coordinates":[[[73.322419635735002,22.67890914197897],[73.322529491694041,22.669879216241476],[73.332259672897436,22.669980845298063],[73.332150453436611,22.679010815922247],[73.322419635735002,22.67890914197897]]]},"properties":{"FID":454,"HA_Area":100,"B_5":0,"B_4":0,"B_3":0,"B_2":0,"B_1":0,"Norm_B1":0,"Norm_B2":0,"Norm_B3":0,"Norm_B4":0,"Norm_B5":0,"Roads_1_S_":0.480508,"Junctions":0,"Weighted_S":0,"nor_junc":0,"Shape_Leng":4000,"Shape_Area":1000000}},{"type":"Feature","id":455,"geometry":{"type":"Polygon","coordinates":[[[73.148726434557645,22.568628396005476],[73.148605801498988,22.577657587661914],[73.138883080054612,22.577545237477857],[73.139004345736865,22.568516095592546],[73.148726434557645,22.568628396005476]]]},"properties":{"FID":455,"HA_Area":100,"B_5":0,"B_4":0,"B_3":0,"B_2":0,"B_1":0,"Norm_B1":0,"Norm_B2":0,"Norm_B3":0,"Norm_B4":0,"Norm_B5":0,"Roads_1_S_":0,"Junctions":0,"Weighted_S":0,"nor_junc":0,"Shape_Leng":4000,"Shape_Area":1000000}},{"type":"Feature","id":456,"geometry":{"type":"Polygon","coordinates":[[[73.168885726711281,22.514675266514448],[73.168766723442999,22.523704621297068],[73.159047670538939,22.523593742029885],[73.1591673045357,22.514564436460557],[73.168885726711281,22.514675266514448]]]},"properties":{"FID":456,"HA_Area":100,"B_5":0,"B_4":0,"B_3":0,"B_2":0,"B_1":0,"Norm_B1":0,"Norm_B2":0,"Norm_B3":0,"Norm_B4":0,"Norm_B5":0,"Roads_1_S_":0.337765992,"Junctions":0,"Weighted_S":0,"nor_junc":0,"Shape_Leng":4000,"Shape_Area":1000000}},{"type":"Feature","id":457,"geometry":{"type":"Polygon","coordinates":[[[73.196278410861368,22.650445628693127],[73.196160401965116,22.659474968683252],[73.186431667552327,22.659365120876931],[73.186550312063531,22.650335829411588],[73.196278410861368,22.650445628693127]]]},"properties":{"FID":457,"HA_Area":100,"B_5":0,"B_4":0,"B_3":0,"B_2":0,"B_1":0,"Norm_B1":0,"Norm_B2":0,"Norm_B3":0,"Norm_B4":0,"Norm_B5":0,"Roads_1_S_":0,"Junctions":0,"Weighted_S":0,"nor_junc":0,"Shape_Leng":4000,"Shape_Area":1000000}},{"type":"Feature","id":458,"geometry":{"type":"Polygon","coordinates":[[[73.314340373183157,22.543357547965844],[73.314230665219483,22.552387577830718],[73.304508840644445,22.552285357348151],[73.304619180556813,22.54325537281121],[73.314340373183157,22.543357547965844]]]},"properties":{"FID":458,"HA_Area":100,"B_5":0,"B_4":3494.08008,"B_3":0,"B_2":504.824005,"B_1":0,"Norm_B1":0,"Norm_B2":0.89437554279300002,"Norm_B3":0,"Norm_B4":0.13841007233200001,"Norm_B5":0,"Roads_1_S_":1.52045,"Junctions":1.03278995,"Weighted_S":2.34239006,"nor_junc":0.26395030619799997,"Shape_Leng":4000,"Shape_Area":1000000}},{"type":"Feature","id":459,"geometry":{"type":"Polygon","coordinates":[[[73.186787420184245,22.632277214218242],[73.186668896268301,22.641306527190867],[73.176941493051331,22.641196186798876],[73.177060651918907,22.6321669225993],[73.186787420184245,22.632277214218242]]]},"properties":{"FID":459,"HA_Area":100,"B_5":0,"B_4":0,"B_3":0,"B_2":0,"B_1":0,"Norm_B1":0,"Norm_B2":0,"Norm_B3":0,"Norm_B4":0,"Norm_B5":0,"Roads_1_S_":0.0429774001,"Junctions":0,"Weighted_S":0,"nor_junc":0,"Shape_Leng":4000,"Shape_Area":1000000}},{"type":"Feature","id":460,"geometry":{"type":"Polygon","coordinates":[[[73.167453677132386,22.623026815700026],[73.167333944247517,22.632056041626761],[73.15760729749276,22.631944571315643],[73.157727664971091,22.622915394676799],[73.167453677132386,22.623026815700026]]]},"properties":{"FID":460,"HA_Area":100,"B_5":0,"B_4":0,"B_3":0,"B_2":0,"B_1":0,"Norm_B1":0,"Norm_B2":0,"Norm_B3":0,"Norm_B4":0,"Norm_B5":0,"Roads_1_S_":0.256343007,"Junctions":0,"Weighted_S":0,"nor_junc":0,"Shape_Leng":4000,"Shape_Area":1000000}},{"type":"Feature","id":461,"geometry":{"type":"Polygon","coordinates":[[[73.118209077921151,22.66760859655993],[73.118085859416013,22.676637519445624],[73.108356344727369,22.676522849622064],[73.108480199349771,22.667493977358731],[73.118209077921151,22.66760859655993]]]},"properties":{"FID":461,"HA_Area":100,"B_5":0,"B_4":0,"B_3":0,"B_2":0,"B_1":0,"Norm_B1":0,"Norm_B2":0,"Norm_B3":0,"Norm_B4":0,"Norm_B5":0,"Roads_1_S_":0.912100017,"Junctions":0,"Weighted_S":0,"nor_junc":0,"Shape_Leng":4000,"Shape_Area":1000000}},{"type":"Feature","id":462,"geometry":{"type":"Polygon","coordinates":[[[73.196749846786247,22.614328161275189],[73.19663207771903,22.623357544241294],[73.18690588382897,22.62324789049724],[73.187024287220069,22.61421855603135],[73.196749846786247,22.614328161275189]]]},"properties":{"FID":462,"HA_Area":100,"B_5":0,"B_4":0,"B_3":0,"B_2":0,"B_1":0,"Norm_B1":0,"Norm_B2":0,"Norm_B3":0,"Norm_B4":0,"Norm_B5":0,"Roads_1_S_":0.300127,"Junctions":0,"Weighted_S":0,"nor_junc":0,"Shape_Leng":4000,"Shape_Area":1000000}},{"type":"Feature","id":463,"geometry":{"type":"Polygon","coordinates":[[[73.294453817287348,22.579272302591466],[73.29434261905574,22.588302198913347],[73.284618376418322,22.588198620598046],[73.284730207854352,22.579168770147874],[73.294453817287348,22.579272302591466]]]},"properties":{"FID":463,"HA_Area":100,"B_5":0,"B_4":0,"B_3":0,"B_2":0,"B_1":709.299988,"Norm_B1":0.49089451608099999,"Norm_B2":0,"Norm_B3":0,"Norm_B4":0,"Norm_B5":0,"Roads_1_S_":0.897125006,"Junctions":0.490895003,"Weighted_S":0.490895003,"nor_junc":0.055316101516599998,"Shape_Leng":4000,"Shape_Area":1000000}},{"type":"Feature","id":464,"geometry":{"type":"Polygon","coordinates":[[[73.226042690720959,22.60562390615268],[73.225926883675697,22.614653443773484],[73.216201145336626,22.614545605160981],[73.216317586435338,22.605516115252843],[73.226042690720959,22.60562390615268]]]},"properties":{"FID":464,"HA_Area":100,"B_5":0,"B_4":0,"B_3":0,"B_2":0,"B_1":0,"Norm_B1":0,"Norm_B2":0,"Norm_B3":0,"Norm_B4":0,"Norm_B5":0,"Roads_1_S_":0.321994007,"Junctions":0,"Weighted_S":0,"nor_junc":0,"Shape_Leng":4000,"Shape_Area":1000000}},{"type":"Feature","id":465,"geometry":{"type":"Polygon","coordinates":[[[73.263922180970653,22.687316330698444],[73.264035913346277,22.678286690474948],[73.27376639119673,22.678391909446507],[73.273653295543241,22.687421596127226],[73.263922180970653,22.687316330698444]]]},"properties":{"FID":465,"HA_Area":100,"B_5":0,"B_4":0,"B_3":0,"B_2":1919.98999,"B_1":0,"Norm_B1":0,"Norm_B2":0.044306533029599998,"Norm_B3":0,"Norm_B4":0,"Norm_B5":0,"Roads_1_S_":0.182531998,"Junctions":0.0443065017,"Weighted_S":0.0886131003,"nor_junc":0.0099852946636199997,"Shape_Leng":4000,"Shape_Area":1000000}},{"type":"Feature","id":466,"geometry":{"type":"Polygon","coordinates":[[[73.322419635735002,22.67890914197897],[73.322309723942425,22.68793905703383],[73.312578325269129,22.687836747064381],[73.312688873866932,22.678806877162728],[73.322419635735002,22.67890914197897]]]},"properties":{"FID":466,"HA_Area":100,"B_5":0,"B_4":0,"B_3":0,"B_2":0,"B_1":0,"Norm_B1":0,"Norm_B2":0,"Norm_B3":0,"Norm_B4":0,"Norm_B5":0,"Roads_1_S_":0.185682997,"Junctions":0,"Weighted_S":0,"nor_junc":0,"Shape_Leng":4000,"Shape_Area":1000000}},{"type":"Feature","id":467,"geometry":{"type":"Polygon","coordinates":[[[73.351935929768246,22.652122180306204],[73.35182809303123,22.661152261242336],[73.342098437370481,22.661051857810794],[73.342206909991617,22.652021821228498],[73.351935929768246,22.652122180306204]]]},"properties":{"FID":467,"HA_Area":100,"B_5":0,"B_4":0,"B_3":0,"B_2":0,"B_1":0,"Norm_B1":0,"Norm_B2":0,"Norm_B3":0,"Norm_B4":0,"Norm_B5":0,"Roads_1_S_":0.159536004,"Junctions":0,"Weighted_S":0,"nor_junc":0,"Shape_Leng":4000,"Shape_Area":1000000}},{"type":"Feature","id":468,"geometry":{"type":"Polygon","coordinates":[[[73.33269599596332,22.633860856100796],[73.332586998381032,22.642890869398325],[73.322858724733095,22.642789374967656],[73.322968357521106,22.633759406534057],[73.33269599596332,22.633860856100796]]]},"properties":{"FID":468,"HA_Area":100,"B_5":0,"B_4":0,"B_3":0,"B_2":0,"B_1":0,"Norm_B1":0,"Norm_B2":0,"Norm_B3":0,"Norm_B4":0,"Norm_B5":0,"Roads_1_S_":0.439871997,"Junctions":0,"Weighted_S":0,"nor_junc":0,"Shape_Leng":4000,"Shape_Area":1000000}},{"type":"Feature","id":469,"geometry":{"type":"Polygon","coordinates":[[[73.168170796186772,22.568851234359546],[73.168051428428868,22.577880524777346],[73.158328584397779,22.577769350100123],[73.158448584814963,22.568740108932854],[73.168170796186772,22.568851234359546]]]},"properties":{"FID":469,"HA_Area":100,"B_5":0,"B_4":0,"B_3":0,"B_2":0,"B_1":0,"Norm_B1":0,"Norm_B2":0,"Norm_B3":0,"Norm_B4":0,"Norm_B5":0,"Roads_1_S_":0.117165998,"Junctions":0,"Weighted_S":0,"nor_junc":0,"Shape_Leng":4000,"Shape_Area":1000000}},{"type":"Feature","id":470,"geometry":{"type":"Polygon","coordinates":[[[73.313681286155472,22.597537567485308],[73.313571242379425,22.606567533458087],[73.303845619346589,22.606465040887766],[73.303956297004845,22.597435120277265],[73.313681286155472,22.597537567485308]]]},"properties":{"FID":470,"HA_Area":100,"B_5":0,"B_4":0,"B_3":0,"B_2":0,"B_1":747.440979,"Norm_B1":0.42533042651000003,"Norm_B2":0,"Norm_B3":0,"Norm_B4":0,"Norm_B5":0,"Roads_1_S_":0.996532023,"Junctions":0.425330013,"Weighted_S":0.425330013,"nor_junc":0.047927964292899999,"Shape_Leng":4000,"Shape_Area":1000000}},{"type":"Feature","id":471,"geometry":{"type":"Polygon","coordinates":[[[73.275568119827852,22.533915468130328],[73.275455941367312,22.542945325781233],[73.265734975607003,22.54284080296252],[73.265847785628353,22.533810991674923],[73.275568119827852,22.533915468130328]]]},"properties":{"FID":471,"HA_Area":100,"B_5":0,"B_4":720.893982,"B_3":0,"B_2":934.356018,"B_1":0,"Norm_B1":0,"Norm_B2":0.63636209649499997,"Norm_B3":0,"Norm_B4":0.90950764235299997,"Norm_B5":0,"Roads_1_S_":1.14091003,"Junctions":1.54586995,"Weighted_S":4.91074991,"nor_junc":0.55336383333500005,"Shape_Leng":4000,"Shape_Area":1000000}},{"type":"Feature","id":472,"geometry":{"type":"Polygon","coordinates":[[[73.206475466265957,22.614437177656651],[73.206358331540073,22.623466608862479],[73.19663207771903,22.623357544241294],[73.196749846786247,22.614328161275189],[73.206475466265957,22.614437177656651]]]},"properties":{"FID":472,"HA_Area":100,"B_5":0,"B_4":0,"B_3":0,"B_2":0,"B_1":0,"Norm_B1":0,"Norm_B2":0,"Norm_B3":0,"Norm_B4":0,"Norm_B5":0,"Roads_1_S_":0.0676776022,"Junctions":0,"Weighted_S":0,"nor_junc":0,"Shape_Leng":4000,"Shape_Area":1000000}},{"type":"Feature","id":473,"geometry":{"type":"Polygon","coordinates":[[[73.119927571976532,22.541202543092499],[73.119805228254251,22.550231616947062],[73.110084589847901,22.550117655253779],[73.110207565173923,22.541088631932048],[73.119927571976532,22.541202543092499]]]},"properties":{"FID":473,"HA_Area":100,"B_5":0,"B_4":0,"B_3":0,"B_2":0,"B_1":0,"Norm_B1":0,"Norm_B2":0,"Norm_B3":0,"Norm_B4":0,"Norm_B5":0,"Roads_1_S_":0,"Junctions":0,"Weighted_S":0,"nor_junc":0,"Shape_Leng":4000,"Shape_Area":1000000}},{"type":"Feature","id":474,"geometry":{"type":"Polygon","coordinates":[[[73.314669161668817,22.516267394565553],[73.314559621391567,22.525297456329806],[73.304839691696941,22.525195371813897],[73.304949862957372,22.516165355360449],[73.314669161668817,22.516267394565553]]]},"properties":{"FID":474,"HA_Area":100,"B_5":0,"B_4":3626.63989,"B_3":0,"B_2":0,"B_1":0,"Norm_B1":0,"Norm_B2":0,"Norm_B3":0,"Norm_B4":0.101551186104,"Norm_B5":0,"Roads_1_S_":0.620609999,"Junctions":0.101550996,"Weighted_S":0.406204998,"nor_junc":0.045772877687099998,"Shape_Leng":4000,"Shape_Area":1000000}},{"type":"Feature","id":475,"geometry":{"type":"Polygon","coordinates":[[[73.216782758491561,22.569398048459028],[73.216666554293781,22.578427581224695],[73.206943409433407,22.578319345576574],[73.207060246378049,22.56928986075982],[73.216782758491561,22.569398048459028]]]},"properties":{"FID":475,"HA_Area":100,"B_5":0,"B_4":1204.92004,"B_3":0,"B_2":1659.43005,"B_1":0,"Norm_B1":0,"Norm_B2":0.200820984024,"Norm_B3":0,"Norm_B4":0.77492189610399997,"Norm_B5":0,"Roads_1_S_":0.916019022,"Junctions":0.975742996,"Weighted_S":3.5013299,"nor_junc":0.39454449304200001,"Shape_Leng":4000,"Shape_Area":1000000}},{"type":"Feature","id":476,"geometry":{"type":"Polygon","coordinates":[[[73.178485837051156,22.523814914349582],[73.178367404146456,22.532844307372859],[73.168647659470594,22.532733965360997],[73.168766723442999,22.523704621297068],[73.178485837051156,22.523814914349582]]]},"properties":{"FID":476,"HA_Area":100,"B_5":0,"B_4":0,"B_3":0,"B_2":0,"B_1":0,"Norm_B1":0,"Norm_B2":0,"Norm_B3":0,"Norm_B4":0,"Norm_B5":0,"Roads_1_S_":0.378715992,"Junctions":0,"Weighted_S":0,"nor_junc":0,"Shape_Leng":4000,"Shape_Area":1000000}},{"type":"Feature","id":477,"geometry":{"type":"Polygon","coordinates":[[[73.167453677132386,22.623026815700026],[73.167573349118399,22.613997579016015],[73.177298787889939,22.614108361939984],[73.177179750192551,22.623137647645173],[73.167453677132386,22.623026815700026]]]},"properties":{"FID":477,"HA_Area":100,"B_5":0,"B_4":0,"B_3":0,"B_2":0,"B_1":0,"Norm_B1":0,"Norm_B2":0,"Norm_B3":0,"Norm_B4":0,"Norm_B5":0,"Roads_1_S_":0.733704984,"Junctions":0,"Weighted_S":0,"nor_junc":0,"Shape_Leng":4000,"Shape_Area":1000000}},{"type":"Feature","id":478,"geometry":{"type":"Polygon","coordinates":[[[73.343288606242226,22.561720869620331],[73.343180684282117,22.570751012657396],[73.333457427928508,22.570650464738666],[73.333565982530018,22.561620366259774],[73.343288606242226,22.561720869620331]]]},"properties":{"FID":478,"HA_Area":100,"B_5":0,"B_4":0,"B_3":0,"B_2":0,"B_1":0,"Norm_B1":0,"Norm_B2":0,"Norm_B3":0,"Norm_B4":0,"Norm_B5":0,"Roads_1_S_":0.245514005,"Junctions":0,"Weighted_S":0,"nor_junc":0,"Shape_Leng":4000,"Shape_Area":1000000}},{"type":"Feature","id":479,"geometry":{"type":"Polygon","coordinates":[[[73.176702993463564,22.659254682920313],[73.186431667552327,22.659365120876931],[73.186312962717068,22.668394401583409],[73.176583652707976,22.668283914835197],[73.176702993463564,22.659254682920313]]]},"properties":{"FID":479,"HA_Area":100,"B_5":0,"B_4":0,"B_3":0,"B_2":0,"B_1":0,"Norm_B1":0,"Norm_B2":0,"Norm_B3":0,"Norm_B4":0,"Norm_B5":0,"Roads_1_S_":0,"Junctions":0,"Weighted_S":0,"nor_junc":0,"Shape_Leng":4000,"Shape_Area":1000000}},{"type":"Feature","id":480,"geometry":{"type":"Polygon","coordinates":[[[73.168170796186772,22.568851234359546],[73.177893068351025,22.568961772270516],[73.177774333270108,22.577991111678536],[73.168051428428868,22.577880524777346],[73.168170796186772,22.568851234359546]]]},"properties":{"FID":480,"HA_Area":100,"B_5":0,"B_4":0,"B_3":0,"B_2":0,"B_1":0,"Norm_B1":0,"Norm_B2":0,"Norm_B3":0,"Norm_B4":0,"Norm_B5":0,"Roads_1_S_":0.355408013,"Junctions":0,"Weighted_S":0,"nor_junc":0,"Shape_Leng":4000,"Shape_Area":1000000}},{"type":"Feature","id":481,"geometry":{"type":"Polygon","coordinates":[[[73.234844827728622,22.677967488886104],[73.234960411425618,22.668937978863546],[73.244690078638044,22.669044922924261],[73.244575131288954,22.678074480180367],[73.234844827728622,22.677967488886104]]]},"properties":{"FID":481,"HA_Area":100,"B_5":0,"B_4":0,"B_3":0,"B_2":0,"B_1":0,"Norm_B1":0,"Norm_B2":0,"Norm_B3":0,"Norm_B4":0,"Norm_B5":0,"Roads_1_S_":0,"Junctions":0,"Weighted_S":0,"nor_junc":0,"Shape_Leng":4000,"Shape_Area":1000000}},{"type":"Feature","id":482,"geometry":{"type":"Polygon","coordinates":[[[73.312909802608317,22.660747105297791],[73.312799366307843,22.669776996572718],[73.303069297062137,22.669674186305631],[73.303180369504815,22.660644340433208],[73.312909802608317,22.660747105297791]]]},"properties":{"FID":482,"HA_Area":100,"B_5":0,"B_4":0,"B_3":0,"B_2":1787.39001,"B_1":0,"Norm_B1":0,"Norm_B2":0.12395735217499999,"Norm_B3":0,"Norm_B4":0,"Norm_B5":0,"Roads_1_S_":0.589837015,"Junctions":0.123957001,"Weighted_S":0.247915,"nor_junc":0.0279360987709,"Shape_Leng":4000,"Shape_Area":1000000}},{"type":"Feature","id":483,"geometry":{"type":"Polygon","coordinates":[[[73.177179750192551,22.623137647645173],[73.177060651918907,22.6321669225993],[73.167333944247517,22.632056041626761],[73.167453677132386,22.623026815700026],[73.177179750192551,22.623137647645173]]]},"properties":{"FID":483,"HA_Area":100,"B_5":0,"B_4":0,"B_3":0,"B_2":0,"B_1":0,"Norm_B1":0,"Norm_B2":0,"Norm_B3":0,"Norm_B4":0,"Norm_B5":0,"Roads_1_S_":0.317176998,"Junctions":0,"Weighted_S":0,"nor_junc":0,"Shape_Leng":4000,"Shape_Area":1000000}},{"type":"Feature","id":484,"geometry":{"type":"Polygon","coordinates":[[[73.176702993463564,22.659254682920313],[73.166974380021884,22.659143654828355],[73.167094295710044,22.650114461194434],[73.176822273572114,22.650225440240373],[73.176702993463564,22.659254682920313]]]},"properties":{"FID":484,"HA_Area":100,"B_5":0,"B_4":0,"B_3":0,"B_2":0,"B_1":0,"Norm_B1":0,"Norm_B2":0,"Norm_B3":0,"Norm_B4":0,"Norm_B5":0,"Roads_1_S_":0,"Junctions":0,"Weighted_S":0,"nor_junc":0,"Shape_Leng":4000,"Shape_Area":1000000}},{"type":"Feature","id":485,"geometry":{"type":"Polygon","coordinates":[[[73.234844827728622,22.677967488886104],[73.234729185288401,22.686996988173277],[73.224998303817316,22.68688935863338],[73.225114582911502,22.677859906846507],[73.234844827728622,22.677967488886104]]]},"properties":{"FID":485,"HA_Area":100,"B_5":0,"B_4":0,"B_3":0,"B_2":0,"B_1":0,"Norm_B1":0,"Norm_B2":0,"Norm_B3":0,"Norm_B4":0,"Norm_B5":0,"Roads_1_S_":0,"Junctions":0,"Weighted_S":0,"nor_junc":0,"Shape_Leng":4000,"Shape_Area":1000000}},{"type":"Feature","id":486,"geometry":{"type":"Polygon","coordinates":[[[73.341881326648405,22.679111898978768],[73.341772688515206,22.688141903557568],[73.332041178465602,22.688040775869492],[73.332150453436611,22.679010815922247],[73.341881326648405,22.679111898978768]]]},"properties":{"FID":486,"HA_Area":100,"B_5":0,"B_4":0,"B_3":0,"B_2":0,"B_1":0,"Norm_B1":0,"Norm_B2":0,"Norm_B3":0,"Norm_B4":0,"Norm_B5":0,"Roads_1_S_":0.32901001,"Junctions":0,"Weighted_S":0,"nor_junc":0,"Shape_Leng":4000,"Shape_Area":1000000}},{"type":"Feature","id":487,"geometry":{"type":"Polygon","coordinates":[[[73.138032489527674,22.640748929240157],[73.137910729128691,22.649777984959037],[73.128182997012757,22.649664646565366],[73.128305392596715,22.640635640928529],[73.138032489527674,22.640748929240157]]]},"properties":{"FID":487,"HA_Area":100,"B_5":0,"B_4":0,"B_3":0,"B_2":0,"B_1":0,"Norm_B1":0,"Norm_B2":0,"Norm_B3":0,"Norm_B4":0,"Norm_B5":0,"Roads_1_S_":0.399206012,"Junctions":0,"Weighted_S":0,"nor_junc":0,"Shape_Leng":4000,"Shape_Area":1000000}},{"type":"Feature","id":488,"geometry":{"type":"Polygon","coordinates":[[[73.341881326648405,22.679111898978768],[73.341989909594787,22.670081883728695],[73.35172020146284,22.670182331519694],[73.35161225504703,22.679212391134836],[73.341881326648405,22.679111898978768]]]},"properties":{"FID":488,"HA_Area":100,"B_5":0,"B_4":0,"B_3":0,"B_2":0,"B_1":901.435974,"Norm_B1":0.16061413747600001,"Norm_B2":0,"Norm_B3":0,"Norm_B4":0,"Norm_B5":0,"Roads_1_S_":0.517832994,"Junctions":0.160613999,"Weighted_S":0.160613999,"nor_junc":0.018098656953599999,"Shape_Leng":4000,"Shape_Area":1000000}},{"type":"Feature","id":489,"geometry":{"type":"Polygon","coordinates":[[[73.343072707328105,22.579781145064484],[73.3429646753642,22.588811266838135],[73.333240152760979,22.588710629786171],[73.333348818010862,22.579680552581944],[73.343072707328105,22.579781145064484]]]},"properties":{"FID":489,"HA_Area":100,"B_5":0,"B_4":0,"B_3":0,"B_2":0,"B_1":0,"Norm_B1":0,"Norm_B2":0,"Norm_B3":0,"Norm_B4":0,"Norm_B5":0,"Roads_1_S_":0.90268302,"Junctions":0,"Weighted_S":0,"nor_junc":0,"Shape_Leng":4000,"Shape_Area":1000000}},{"type":"Feature","id":490,"geometry":{"type":"Polygon","coordinates":[[[73.139246691843738,22.550457779560478],[73.139125549660577,22.55948694295224],[73.129404154881939,22.559374105094051],[73.129525929026784,22.550344991721079],[73.139246691843738,22.550457779560478]]]},"properties":{"FID":490,"HA_Area":100,"B_5":0,"B_4":0,"B_3":0,"B_2":0,"B_1":0,"Norm_B1":0,"Norm_B2":0,"Norm_B3":0,"Norm_B4":0,"Norm_B5":0,"Roads_1_S_":0,"Junctions":0,"Weighted_S":0,"nor_junc":0,"Shape_Leng":4000,"Shape_Area":1000000}},{"type":"Feature","id":491,"geometry":{"type":"Polygon","coordinates":[[[73.117962578289493,22.68566643152143],[73.117839234523274,22.694695332783844],[73.108108446630652,22.694580561696288],[73.108232427160459,22.685551711069088],[73.117962578289493,22.68566643152143]]]},"properties":{"FID":491,"HA_Area":100,"B_5":0,"B_4":0,"B_3":0,"B_2":0,"B_1":0,"Norm_B1":0,"Norm_B2":0,"Norm_B3":0,"Norm_B4":0,"Norm_B5":0,"Roads_1_S_":0.958917975,"Junctions":0,"Weighted_S":0,"nor_junc":0,"Shape_Leng":4000,"Shape_Area":1000000}},{"type":"Feature","id":492,"geometry":{"type":"Polygon","coordinates":[[[73.118455327140481,22.649550718372947],[73.11833223382321,22.658579662867869],[73.108603991046095,22.658465094282608],[73.108727719834718,22.649436200397222],[73.118455327140481,22.649550718372947]]]},"properties":{"FID":492,"HA_Area":100,"B_5":0,"B_4":0,"B_3":0,"B_2":0,"B_1":0,"Norm_B1":0,"Norm_B2":0,"Norm_B3":0,"Norm_B4":0,"Norm_B5":0,"Roads_1_S_":0.877646983,"Junctions":0,"Weighted_S":0,"nor_junc":0,"Shape_Leng":4000,"Shape_Area":1000000}},{"type":"Feature","id":493,"geometry":{"type":"Polygon","coordinates":[[[73.29456495889751,22.570242395607693],[73.294453817287348,22.579272302591466],[73.284730207854352,22.579168770147874],[73.284841982346663,22.570138909030018],[73.29456495889751,22.570242395607693]]]},"properties":{"FID":493,"HA_Area":100,"B_5":0,"B_4":3736.62012,"B_3":0,"B_2":0,"B_1":413.13501,"Norm_B1":0.99999998321299999,"Norm_B2":0,"Norm_B3":0,"Norm_B4":0.070970662113000002,"Norm_B5":0,"Roads_1_S_":0.937714994,"Junctions":1.07097006,"Weighted_S":1.28388,"nor_junc":0.14467296613799999,"Shape_Leng":4000,"Shape_Area":1000000}},{"type":"Feature","id":494,"geometry":{"type":"Polygon","coordinates":[[[73.216666554293781,22.578427581224695],[73.216550290896663,22.587457103281213],[73.206826512967211,22.587348819678134],[73.206943409433407,22.578319345576574],[73.216666554293781,22.578427581224695]]]},"properties":{"FID":494,"HA_Area":100,"B_5":0,"B_4":1949.72998,"B_3":0,"B_2":0,"B_1":0,"Norm_B1":0,"Norm_B2":0,"Norm_B3":0,"Norm_B4":0.56782395450900003,"Norm_B5":0,"Roads_1_S_":0.559719026,"Junctions":0.567824006,"Weighted_S":2.27130008,"nor_junc":0.25593958966800001,"Shape_Leng":4000,"Shape_Area":1000000}},{"type":"Feature","id":495,"geometry":{"type":"Polygon","coordinates":[[[73.294008684467158,22.615391823872997],[73.293897259584654,22.624421677512689],[73.284170480904933,22.624317915652576],[73.284282540281907,22.615288107907791],[73.294008684467158,22.615391823872997]]]},"properties":{"FID":495,"HA_Area":100,"B_5":0,"B_4":0,"B_3":0,"B_2":0,"B_1":0,"Norm_B1":0,"Norm_B2":0,"Norm_B3":0,"Norm_B4":0,"Norm_B5":0,"Roads_1_S_":0.0735836998,"Junctions":0,"Weighted_S":0,"nor_junc":0,"Shape_Leng":4000,"Shape_Area":1000000}},{"type":"Feature","id":496,"geometry":{"type":"Polygon","coordinates":[[[73.217014989358034,22.551338950814198],[73.216898903507243,22.5603685049877],[73.207177023818502,22.560260365231347],[73.207293741772062,22.551230858994657],[73.217014989358034,22.551338950814198]]]},"properties":{"FID":496,"HA_Area":100,"B_5":0,"B_4":1225.48999,"B_3":0,"B_2":1024.73999,"B_1":0,"Norm_B1":0,"Norm_B2":0.582069798257,"Norm_B3":0,"Norm_B4":0.76920232480600004,"Norm_B5":0,"Roads_1_S_":1.49645996,"Junctions":1.35126996,"Weighted_S":4.24095011,"nor_junc":0.477887990722,"Shape_Leng":4000,"Shape_Area":1000000}},{"type":"Feature","id":497,"geometry":{"type":"Polygon","coordinates":[[[73.138883080054612,22.577545237477857],[73.13876175259584,22.586574368604669],[73.129038460000288,22.586461380652246],[73.129160420386754,22.57743229956316],[73.138883080054612,22.577545237477857]]]},"properties":{"FID":497,"HA_Area":100,"B_5":0,"B_4":0,"B_3":0,"B_2":0,"B_1":0,"Norm_B1":0,"Norm_B2":0,"Norm_B3":0,"Norm_B4":0,"Norm_B5":0,"Roads_1_S_":0.170362994,"Junctions":0,"Weighted_S":0,"nor_junc":0,"Shape_Leng":4000,"Shape_Area":1000000}},{"type":"Feature","id":498,"geometry":{"type":"Polygon","coordinates":[[[73.119682822165743,22.559260680041035],[73.119560353692876,22.5682897323709],[73.109838451113674,22.568175669592833],[73.109961551833919,22.559146667808555],[73.119682822165743,22.559260680041035]]]},"properties":{"FID":498,"HA_Area":100,"B_5":0,"B_4":0,"B_3":0,"B_2":0,"B_1":0,"Norm_B1":0,"Norm_B2":0,"Norm_B3":0,"Norm_B4":0,"Norm_B5":0,"Roads_1_S_":0,"Junctions":0,"Weighted_S":0,"nor_junc":0,"Shape_Leng":4000,"Shape_Area":1000000}},{"type":"Feature","id":499,"geometry":{"type":"Polygon","coordinates":[[[73.26596053814518,22.524781169725326],[73.265847785628353,22.533810991674923],[73.256127508933346,22.533705928598931],[73.256240892672494,22.524676153267027],[73.26596053814518,22.524781169725326]]]},"properties":{"FID":499,"HA_Area":100,"B_5":0,"B_4":2072.03003,"B_3":0,"B_2":1862.43994,"B_1":0,"Norm_B1":0,"Norm_B2":0.078875985329900006,"Norm_B3":0,"Norm_B4":0.53381784485999995,"Norm_B5":0,"Roads_1_S_":0.640606999,"Junctions":0.612694025,"Weighted_S":2.29302001,"nor_junc":0.25838708248499997,"Shape_Leng":4000,"Shape_Area":1000000}}]}