{
"type": "FeatureCollection",
"name": "output",
"crs": { "type": "name", "properties": { "name": "urn:ogc:def:crs:OGC:1.3:CRS84" } },
"features": [
{ "type": "Feature", "properties": { "FeatureID": "1", "HA_Area": 100.0, "OBJECTID_1": 1702, "ORIG_FID": 1703, "railway_bu": 2501.0, "Shape_Leng": 4000.0, "Shape_Area": 1000000.0, "buffer2": 0.0, "OBJECTID_2": 0, "OBJECTID_3": 0, "COUNT": 0.0, "AREA": 0.0, "MIN": 0.0, "MAX": 0.0, "RANGE": 0.0, "MEAN": 0.0, "STD": 0.0, "SUM": 0.0, "MEDIAN": 0.0, "PCT90": 0.0, "Nor": 0.0, "Shape_Le_1": 4000.0, "Shape_Ar_1": 1000000.0 }, "geometry": { "type": "Polygon", "coordinates": [ [ [ 73.128305392596417, 22.640635640928508 ], [ 73.118578357890925, 22.640521763078674 ], [ 73.118455327140168, 22.649550718372929 ], [ 73.128182997012445, 22.649664646565348 ], [ 73.128305392596417, 22.640635640928508 ] ] ] } },
{ "type": "Feature", "properties": { "FeatureID": "2", "HA_Area": 100.0, "OBJECTID_1": 1710, "ORIG_FID": 1711, "railway_bu": 2501.0, "Shape_Leng": 4000.0, "Shape_Area": 1000000.0, "buffer2": 0.0, "OBJECTID_2": 0, "OBJECTID_3": 0, "COUNT": 0.0, "AREA": 0.0, "MIN": 0.0, "MAX": 0.0, "RANGE": 0.0, "MEAN": 0.0, "STD": 0.0, "SUM": 0.0, "MEDIAN": 0.0, "PCT90": 0.0, "Nor": 0.0, "Shape_Le_1": 4000.0, "Shape_Ar_1": 1000000.0 }, "geometry": { "type": "Polygon", "coordinates": [ [ [ 73.206123883245667, 22.641525439072691 ], [ 73.196396359773857, 22.641416277953752 ], [ 73.19627841086114, 22.65044562869311 ], [ 73.206006569642511, 22.650554838070093 ], [ 73.206123883245667, 22.641525439072691 ] ] ] } },
{ "type": "Feature", "properties": { "FeatureID": "3", "HA_Area": 100.0, "OBJECTID_1": 1356, "ORIG_FID": 1357, "railway_bu": 2501.0, "Shape_Leng": 4000.0, "Shape_Area": 1000000.0, "buffer2": 0.0, "OBJECTID_2": 0, "OBJECTID_3": 0, "COUNT": 0.0, "AREA": 0.0, "MIN": 0.0, "MAX": 0.0, "RANGE": 0.0, "MEAN": 0.0, "STD": 0.0, "SUM": 0.0, "MEDIAN": 0.0, "PCT90": 0.0, "Nor": 0.0, "Shape_Le_1": 4000.0, "Shape_Ar_1": 1000000.0 }, "geometry": { "type": "Polygon", "coordinates": [ [ [ 73.168051428428612, 22.577880524777331 ], [ 73.158328584397523, 22.577769350100105 ], [ 73.158208522848057, 22.586798580521414 ], [ 73.167931999860556, 22.586909804455392 ], [ 73.168051428428612, 22.577880524777331 ] ] ] } },
{ "type": "Feature", "properties": { "FeatureID": "4", "HA_Area": 100.0, "OBJECTID_1": 1411, "ORIG_FID": 1412, "railway_bu": 2501.0, "Shape_Leng": 4000.0, "Shape_Area": 1000000.0, "buffer2": 0.0, "OBJECTID_2": 0, "OBJECTID_3": 0, "COUNT": 0.0, "AREA": 0.0, "MIN": 0.0, "MAX": 0.0, "RANGE": 0.0, "MEAN": 0.0, "STD": 0.0, "SUM": 0.0, "MEDIAN": 0.0, "PCT90": 0.0, "Nor": 0.0, "Shape_Le_1": 4000.0, "Shape_Ar_1": 1000000.0 }, "geometry": { "type": "Polygon", "coordinates": [ [ [ 73.216550290896436, 22.587457103281199 ], [ 73.206826512966984, 22.587348819678116 ], [ 73.206709556961926, 22.596378283060975 ], [ 73.216433968282715, 22.596486614625078 ], [ 73.216550290896436, 22.587457103281199 ] ] ] } },
{ "type": "Feature", "properties": { "FeatureID": "5", "HA_Area": 100.0, "OBJECTID_1": 1104, "ORIG_FID": 1105, "railway_bu": 2501.0, "Shape_Leng": 4000.0, "Shape_Area": 1000000.0, "buffer2": 0.0, "OBJECTID_2": 0, "OBJECTID_3": 0, "COUNT": 0.0, "AREA": 0.0, "MIN": 0.0, "MAX": 0.0, "RANGE": 0.0, "MEAN": 0.0, "STD": 0.0, "SUM": 0.0, "MEDIAN": 0.0, "PCT90": 0.0, "Nor": 0.0, "Shape_Le_1": 4000.0, "Shape_Ar_1": 1000000.0 }, "geometry": { "type": "Polygon", "coordinates": [ [ [ 73.149208352605555, 22.53251152192782 ], [ 73.139488791059946, 22.532399420536624 ], [ 73.139367772304027, 22.541428605420748 ], [ 73.149087965185743, 22.541540756557975 ], [ 73.149208352605555, 22.53251152192782 ] ] ] } },
{ "type": "Feature", "properties": { "FeatureID": "6", "HA_Area": 100.0, "OBJECTID_1": 1564, "ORIG_FID": 1565, "railway_bu": 2501.0, "Shape_Leng": 4000.0, "Shape_Area": 1000000.0, "buffer2": 0.0, "OBJECTID_2": 0, "OBJECTID_3": 0, "COUNT": 0.0, "AREA": 0.0, "MIN": 0.0, "MAX": 0.0, "RANGE": 0.0, "MEAN": 0.0, "STD": 0.0, "SUM": 0.0, "MEDIAN": 0.0, "PCT90": 0.0, "Nor": 0.0, "Shape_Le_1": 4000.0, "Shape_Ar_1": 1000000.0 }, "geometry": { "type": "Polygon", "coordinates": [ [ [ 73.245378536868628, 22.614867354264664 ], [ 73.235652680960456, 22.614760693479539 ], [ 73.235537449362596, 22.623790267841475 ], [ 73.245263939681109, 22.623896975824241 ], [ 73.245378536868628, 22.614867354264664 ] ] ] } },
{ "type": "Feature", "properties": { "FeatureID": "7", "HA_Area": 100.0, "OBJECTID_1": 1771, "ORIG_FID": 1772, "railway_bu": 2501.0, "Shape_Leng": 4000.0, "Shape_Area": 1000000.0, "buffer2": 0.0, "OBJECTID_2": 0, "OBJECTID_3": 0, "COUNT": 0.0, "AREA": 0.0, "MIN": 0.0, "MAX": 0.0, "RANGE": 0.0, "MEAN": 0.0, "STD": 0.0, "SUM": 0.0, "MEDIAN": 0.0, "PCT90": 0.0, "Nor": 0.0, "Shape_Le_1": 4000.0, "Shape_Ar_1": 1000000.0 }, "geometry": { "type": "Polygon", "coordinates": [ [ [ 73.31302018278457, 22.651717203341391 ], [ 73.30329138550016, 22.651614483873558 ], [ 73.303180369504673, 22.660644340433201 ], [ 73.312909802608175, 22.660747105297784 ], [ 73.31302018278457, 22.651717203341391 ] ] ] } },
{ "type": "Feature", "properties": { "FeatureID": "8", "HA_Area": 100.0, "OBJECTID_1": 1366, "ORIG_FID": 1367, "railway_bu": 1689.1, "Shape_Leng": 4000.0, "Shape_Area": 1000000.0, "buffer2": 0.0, "OBJECTID_2": 0, "OBJECTID_3": 0, "COUNT": 0.0, "AREA": 0.0, "MIN": 0.0, "MAX": 0.0, "RANGE": 0.0, "MEAN": 0.0, "STD": 0.0, "SUM": 0.0, "MEDIAN": 0.0, "PCT90": 0.0, "Nor": 0.0, "Shape_Le_1": 4000.0, "Shape_Ar_1": 1000000.0 }, "geometry": { "type": "Polygon", "coordinates": [ [ [ 73.265283160141664, 22.578959941423363 ], [ 73.255559722506618, 22.578854645170733 ], [ 73.255445991557266, 22.587884356443226 ], [ 73.265170062346655, 22.587989699348835 ], [ 73.265283160141664, 22.578959941423363 ] ] ] } },
{ "type": "Feature", "properties": { "FeatureID": "9", "HA_Area": 100.0, "OBJECTID_1": 1213, "ORIG_FID": 1214, "railway_bu": 1466.57, "Shape_Leng": 4000.0, "Shape_Area": 1000000.0, "buffer2": 0.0, "OBJECTID_2": 0, "OBJECTID_3": 0, "COUNT": 0.0, "AREA": 0.0, "MIN": 0.0, "MAX": 0.0, "RANGE": 0.0, "MEAN": 0.0, "STD": 0.0, "SUM": 0.0, "MEDIAN": 0.0, "PCT90": 0.0, "Nor": 0.0, "Shape_Le_1": 4000.0, "Shape_Ar_1": 1000000.0 }, "geometry": { "type": "Polygon", "coordinates": [ [ [ 73.226620842360674, 22.560476057414601 ], [ 73.236342840057205, 22.560583022497507 ], [ 73.236457661650888, 22.55155337323124 ], [ 73.226736296091474, 22.55144645556457 ], [ 73.226620842360674, 22.560476057414601 ] ] ] } },
{ "type": "Feature", "properties": { "FeatureID": "10", "HA_Area": 100.0, "OBJECTID_1": 1160, "ORIG_FID": 1161, "railway_bu": 1867.46, "Shape_Leng": 4000.0, "Shape_Area": 1000000.0, "buffer2": 0.0, "OBJECTID_2": 0, "OBJECTID_3": 0, "COUNT": 0.0, "AREA": 0.0, "MIN": 0.0, "MAX": 0.0, "RANGE": 0.0, "MEAN": 0.0, "STD": 0.0, "SUM": 0.0, "MEDIAN": 0.0, "PCT90": 0.0, "Nor": 0.0, "Shape_Le_1": 4000.0, "Shape_Ar_1": 1000000.0 }, "geometry": { "type": "Polygon", "coordinates": [ [ [ 73.207410400255839, 22.542201342053229 ], [ 73.197689843903021, 22.542092711370167 ], [ 73.197572553655462, 22.551122180120576 ], [ 73.207293741771849, 22.551230858994646 ], [ 73.207410400255839, 22.542201342053229 ] ] ] } },
{ "type": "Feature", "properties": { "FeatureID": "11", "HA_Area": 100.0, "OBJECTID_1": 1955, "ORIG_FID": 1956, "railway_bu": 2501.0, "Shape_Leng": 4000.0, "Shape_Area": 1000000.0, "buffer2": 0.0, "OBJECTID_2": 0, "OBJECTID_3": 0, "COUNT": 0.0, "AREA": 0.0, "MIN": 0.0, "MAX": 0.0, "RANGE": 0.0, "MEAN": 0.0, "STD": 0.0, "SUM": 0.0, "MEDIAN": 0.0, "PCT90": 0.0, "Nor": 0.0, "Shape_Le_1": 4000.0, "Shape_Ar_1": 1000000.0 }, "geometry": { "type": "Polygon", "coordinates": [ [ [ 73.156883805970224, 22.686119404918834 ], [ 73.147153406221676, 22.686007047862045 ], [ 73.147031972855771, 22.695036099465867 ], [ 73.156763009440638, 22.695148506115036 ], [ 73.156883805970224, 22.686119404918834 ] ] ] } },
{ "type": "Feature", "properties": { "FeatureID": "12", "HA_Area": 100.0, "OBJECTID_1": 1010, "ORIG_FID": 1011, "railway_bu": 2501.0, "Shape_Leng": 4000.0, "Shape_Area": 1000000.0, "buffer2": 0.0, "OBJECTID_2": 0, "OBJECTID_3": 0, "COUNT": 0.0, "AREA": 0.0, "MIN": 0.0, "MAX": 0.0, "RANGE": 0.0, "MEAN": 0.0, "STD": 0.0, "SUM": 0.0, "MEDIAN": 0.0, "PCT90": 0.0, "Nor": 0.0, "Shape_Le_1": 4000.0, "Shape_Ar_1": 1000000.0 }, "geometry": { "type": "Polygon", "coordinates": [ [ [ 73.197924245093276, 22.524033741750952 ], [ 73.207643538884255, 22.524142276070215 ], [ 73.207760019063244, 22.515112727035604 ], [ 73.198041356070704, 22.515004240889144 ], [ 73.197924245093276, 22.524033741750952 ] ] ] } },
{ "type": "Feature", "properties": { "FeatureID": "13", "HA_Area": 100.0, "OBJECTID_1": 1262, "ORIG_FID": 1263, "railway_bu": 1137.44, "Shape_Leng": 4000.0, "Shape_Area": 1000000.0, "buffer2": 0.0, "OBJECTID_2": 0, "OBJECTID_3": 0, "COUNT": 0.0, "AREA": 0.0, "MIN": 0.0, "MAX": 0.0, "RANGE": 0.0, "MEAN": 0.0, "STD": 0.0, "SUM": 0.0, "MEDIAN": 0.0, "PCT90": 0.0, "Nor": 0.0, "Shape_Le_1": 4000.0, "Shape_Ar_1": 1000000.0 }, "geometry": { "type": "Polygon", "coordinates": [ [ [ 73.226620842360674, 22.560476057414601 ], [ 73.216898903507044, 22.560368504987693 ], [ 73.216782758491362, 22.569398048459011 ], [ 73.226505329787003, 22.569505648568466 ], [ 73.226620842360674, 22.560476057414601 ] ] ] } },
{ "type": "Feature", "properties": { "FeatureID": "14", "HA_Area": 100.0, "OBJECTID_1": 1524, "ORIG_FID": 1525, "railway_bu": 2227.9, "Shape_Leng": 4000.0, "Shape_Area": 1000000.0, "buffer2": 0.0, "OBJECTID_2": 0, "OBJECTID_3": 0, "COUNT": 0.0, "AREA": 0.0, "MIN": 0.0, "MAX": 0.0, "RANGE": 0.0, "MEAN": 0.0, "STD": 0.0, "SUM": 0.0, "MEDIAN": 0.0, "PCT90": 0.0, "Nor": 0.0, "Shape_Le_1": 4000.0, "Shape_Ar_1": 1000000.0 }, "geometry": { "type": "Polygon", "coordinates": [ [ [ 73.342748446342441, 22.606871478471373 ], [ 73.333022656199873, 22.60677075226365 ], [ 73.332913824856504, 22.615800797530017 ], [ 73.342640249252582, 22.615901568324077 ], [ 73.342748446342441, 22.606871478471373 ] ] ] } },
{ "type": "Feature", "properties": { "FeatureID": "15", "HA_Area": 100.0, "OBJECTID_1": 1674, "ORIG_FID": 1675, "railway_bu": 1339.31, "Shape_Leng": 4000.0, "Shape_Area": 1000000.0, "buffer2": 0.0, "OBJECTID_2": 0, "OBJECTID_3": 0, "COUNT": 0.0, "AREA": 0.0, "MIN": 0.0, "MAX": 0.0, "RANGE": 0.0, "MEAN": 0.0, "STD": 0.0, "SUM": 0.0, "MEDIAN": 0.0, "PCT90": 0.0, "Nor": 0.0, "Shape_Le_1": 4000.0, "Shape_Ar_1": 1000000.0 }, "geometry": { "type": "Polygon", "coordinates": [ [ [ 73.342423689834547, 22.633961716084436 ], [ 73.332695995963192, 22.633860856100789 ], [ 73.332586998380918, 22.642890869398315 ], [ 73.342315327474196, 22.642991773985237 ], [ 73.342423689834547, 22.633961716084436 ] ] ] } },
{ "type": "Feature", "properties": { "FeatureID": "16", "HA_Area": 100.0, "OBJECTID_1": 1059, "ORIG_FID": 1060, "railway_bu": 2501.0, "Shape_Leng": 4000.0, "Shape_Area": 1000000.0, "buffer2": 0.0, "OBJECTID_2": 0, "OBJECTID_3": 0, "COUNT": 0.0, "AREA": 0.0, "MIN": 0.0, "MAX": 0.0, "RANGE": 0.0, "MEAN": 0.0, "STD": 0.0, "SUM": 0.0, "MEDIAN": 0.0, "PCT90": 0.0, "Nor": 0.0, "Shape_Le_1": 4000.0, "Shape_Ar_1": 1000000.0 }, "geometry": { "type": "Polygon", "coordinates": [ [ [ 73.197924245093276, 22.524033741750952 ], [ 73.188205011041632, 22.52392462117248 ], [ 73.188087209222147, 22.532954062894952 ], [ 73.197807074376499, 22.533063231912461 ], [ 73.197924245093276, 22.524033741750952 ] ] ] } },
{ "type": "Feature", "properties": { "FeatureID": "17", "HA_Area": 100.0, "OBJECTID_1": 1321, "ORIG_FID": 1322, "railway_bu": 2501.0, "Shape_Leng": 4000.0, "Shape_Area": 1000000.0, "buffer2": 0.0, "OBJECTID_2": 0, "OBJECTID_3": 0, "COUNT": 0.0, "AREA": 0.0, "MIN": 0.0, "MAX": 0.0, "RANGE": 0.0, "MEAN": 0.0, "STD": 0.0, "SUM": 0.0, "MEDIAN": 0.0, "PCT90": 0.0, "Nor": 0.0, "Shape_Le_1": 4000.0, "Shape_Ar_1": 1000000.0 }, "geometry": { "type": "Polygon", "coordinates": [ [ [ 73.314011081491756, 22.570447605636872 ], [ 73.304287992053176, 22.570345294481285 ], [ 73.304177483341647, 22.579375247070558 ], [ 73.313901205695245, 22.579477603571238 ], [ 73.314011081491756, 22.570447605636872 ] ] ] } },
{ "type": "Feature", "properties": { "FeatureID": "18", "HA_Area": 100.0, "OBJECTID_1": 1121, "ORIG_FID": 1122, "railway_bu": 2501.0, "Shape_Leng": 4000.0, "Shape_Area": 1000000.0, "buffer2": 0.0, "OBJECTID_2": 0, "OBJECTID_3": 0, "COUNT": 0.0, "AREA": 0.0, "MIN": 0.0, "MAX": 0.0, "RANGE": 0.0, "MEAN": 0.0, "STD": 0.0, "SUM": 0.0, "MEDIAN": 0.0, "PCT90": 0.0, "Nor": 0.0, "Shape_Le_1": 4000.0, "Shape_Ar_1": 1000000.0 }, "geometry": { "type": "Polygon", "coordinates": [ [ [ 73.314450025234962, 22.534327507464379 ], [ 73.304729464235379, 22.534225377631966 ], [ 73.304619180556671, 22.543255372811199 ], [ 73.314340373183029, 22.543357547965833 ], [ 73.314450025234962, 22.534327507464379 ] ] ] } },
{ "type": "Feature", "properties": { "FeatureID": "19", "HA_Area": 100.0, "OBJECTID_1": 1825, "ORIG_FID": 1826, "railway_bu": 880.662, "Shape_Leng": 4000.0, "Shape_Area": 1000000.0, "buffer2": 0.0, "OBJECTID_2": 0, "OBJECTID_3": 0, "COUNT": 0.0, "AREA": 0.0, "MIN": 0.0, "MAX": 0.0, "RANGE": 0.0, "MEAN": 0.0, "STD": 0.0, "SUM": 0.0, "MEDIAN": 0.0, "PCT90": 0.0, "Nor": 0.0, "Shape_Le_1": 4000.0, "Shape_Ar_1": 1000000.0 }, "geometry": { "type": "Polygon", "coordinates": [ [ [ 73.351828093031116, 22.661152261242325 ], [ 73.342098437370367, 22.66105185781079 ], [ 73.341989909594659, 22.670081883728695 ], [ 73.351720201462726, 22.670182331519687 ], [ 73.351828093031116, 22.661152261242325 ] ] ] } },
{ "type": "Feature", "properties": { "FeatureID": "20", "HA_Area": 100.0, "OBJECTID_1": 1022, "ORIG_FID": 1023, "railway_bu": 2010.24, "Shape_Leng": 4000.0, "Shape_Area": 1000000.0, "buffer2": 0.0, "OBJECTID_2": 165, "OBJECTID_3": 1022, "COUNT": 609.0, "AREA": 60900.0, "MIN": 2325.9406738299999, "MAX": 2500.0, "RANGE": 174.059326172, "MEAN": 2436.4924039799998, "STD": 43.615368825899999, "SUM": 1483823.87402, "MEDIAN": 2442.72387695, "PCT90": 2489.6104492200002, "Nor": 0.025403038408300001, "Shape_Le_1": 4000.0, "Shape_Ar_1": 1000000.0 }, "geometry": { "type": "Polygon", "coordinates": [ [ [ 73.324388516243104, 22.516368847600621 ], [ 73.314669161668689, 22.516267394565546 ], [ 73.314559621391439, 22.525297456329799 ], [ 73.324279606965291, 22.525398954415451 ], [ 73.324388516243104, 22.516368847600621 ] ] ] } },
{ "type": "Feature", "properties": { "FeatureID": "21", "HA_Area": 100.0, "OBJECTID_1": 1863, "ORIG_FID": 1864, "railway_bu": 2501.0, "Shape_Leng": 4000.0, "Shape_Area": 1000000.0, "buffer2": 0.0, "OBJECTID_2": 0, "OBJECTID_3": 0, "COUNT": 0.0, "AREA": 0.0, "MIN": 0.0, "MAX": 0.0, "RANGE": 0.0, "MEAN": 0.0, "STD": 0.0, "SUM": 0.0, "MEDIAN": 0.0, "PCT90": 0.0, "Nor": 0.0, "Shape_Le_1": 4000.0, "Shape_Ar_1": 1000000.0 }, "geometry": { "type": "Polygon", "coordinates": [ [ [ 73.234960411425433, 22.668937978863536 ], [ 73.225230802939009, 22.668830444318203 ], [ 73.225114582911303, 22.677859906846493 ], [ 73.234844827728438, 22.677967488886097 ], [ 73.234960411425433, 22.668937978863536 ] ] ] } },
{ "type": "Feature", "properties": { "FeatureID": "22", "HA_Area": 100.0, "OBJECTID_1": 1754, "ORIG_FID": 1755, "railway_bu": 2501.0, "Shape_Leng": 4000.0, "Shape_Area": 1000000.0, "buffer2": 0.0, "OBJECTID_2": 0, "OBJECTID_3": 0, "COUNT": 0.0, "AREA": 0.0, "MIN": 0.0, "MAX": 0.0, "RANGE": 0.0, "MEAN": 0.0, "STD": 0.0, "SUM": 0.0, "MEDIAN": 0.0, "PCT90": 0.0, "Nor": 0.0, "Shape_Le_1": 4000.0, "Shape_Ar_1": 1000000.0 }, "geometry": { "type": "Polygon", "coordinates": [ [ [ 73.147638523165185, 22.649890733538601 ], [ 73.137910729128407, 22.649777984959023 ], [ 73.137788906808581, 22.658807029891296 ], [ 73.14751733637128, 22.658919828298671 ], [ 73.147638523165185, 22.649890733538601 ] ] ] } },
{ "type": "Feature", "properties": { "FeatureID": "23", "HA_Area": 100.0, "OBJECTID_1": 1174, "ORIG_FID": 1175, "railway_bu": 2501.0, "Shape_Leng": 4000.0, "Shape_Area": 1000000.0, "buffer2": 0.0, "OBJECTID_2": 0, "OBJECTID_3": 0, "COUNT": 0.0, "AREA": 0.0, "MIN": 0.0, "MAX": 0.0, "RANGE": 0.0, "MEAN": 0.0, "STD": 0.0, "SUM": 0.0, "MEDIAN": 0.0, "PCT90": 0.0, "Nor": 0.0, "Shape_Le_1": 4000.0, "Shape_Ar_1": 1000000.0 }, "geometry": { "type": "Polygon", "coordinates": [ [ [ 73.343504285244677, 22.543660551670012 ], [ 73.333782925848965, 22.543560137408956 ], [ 73.333674481831395, 22.552590257148719 ], [ 73.343396473224331, 22.552690715956714 ], [ 73.343504285244677, 22.543660551670012 ] ] ] } },
{ "type": "Feature", "properties": { "FeatureID": "24", "HA_Area": 100.0, "OBJECTID_1": 1870, "ORIG_FID": 1871, "railway_bu": 2501.0, "Shape_Leng": 4000.0, "Shape_Area": 1000000.0, "buffer2": 0.0, "OBJECTID_2": 0, "OBJECTID_3": 0, "COUNT": 0.0, "AREA": 0.0, "MIN": 0.0, "MAX": 0.0, "RANGE": 0.0, "MEAN": 0.0, "STD": 0.0, "SUM": 0.0, "MEDIAN": 0.0, "PCT90": 0.0, "Nor": 0.0, "Shape_Le_1": 4000.0, "Shape_Ar_1": 1000000.0 }, "geometry": { "type": "Polygon", "coordinates": [ [ [ 73.303069297061981, 22.669674186305627 ], [ 73.293339284279952, 22.669570785454155 ], [ 73.29322751892461, 22.678600574966858 ], [ 73.302958168155598, 22.678704021487373 ], [ 73.303069297061981, 22.669674186305627 ] ] ] } },
{ "type": "Feature", "properties": { "FeatureID": "25", "HA_Area": 100.0, "OBJECTID_1": 1815, "ORIG_FID": 1816, "railway_bu": 2501.0, "Shape_Leng": 4000.0, "Shape_Area": 1000000.0, "buffer2": 0.0, "OBJECTID_2": 0, "OBJECTID_3": 0, "COUNT": 0.0, "AREA": 0.0, "MIN": 0.0, "MAX": 0.0, "RANGE": 0.0, "MEAN": 0.0, "STD": 0.0, "SUM": 0.0, "MEDIAN": 0.0, "PCT90": 0.0, "Nor": 0.0, "Shape_Le_1": 4000.0, "Shape_Ar_1": 1000000.0 }, "geometry": { "type": "Polygon", "coordinates": [ [ [ 73.254534057157628, 22.660121661536969 ], [ 73.244804967584074, 22.660015354942221 ], [ 73.244690078637873, 22.66904492292425 ], [ 73.254419804253217, 22.669151276485859 ], [ 73.254534057157628, 22.660121661536969 ] ] ] } },
{ "type": "Feature", "properties": { "FeatureID": "26", "HA_Area": 100.0, "OBJECTID_1": 1164, "ORIG_FID": 1165, "railway_bu": 2340.49, "Shape_Leng": 4000.0, "Shape_Area": 1000000.0, "buffer2": 0.0, "OBJECTID_2": 0, "OBJECTID_3": 0, "COUNT": 0.0, "AREA": 0.0, "MIN": 0.0, "MAX": 0.0, "RANGE": 0.0, "MEAN": 0.0, "STD": 0.0, "SUM": 0.0, "MEDIAN": 0.0, "PCT90": 0.0, "Nor": 0.0, "Shape_Le_1": 4000.0, "Shape_Ar_1": 1000000.0 }, "geometry": { "type": "Polygon", "coordinates": [ [ [ 73.246293216971765, 22.542629996696771 ], [ 73.236572424740743, 22.542523713278282 ], [ 73.236457661650888, 22.55155337323124 ], [ 73.246179085714104, 22.551659703799722 ], [ 73.246293216971765, 22.542629996696771 ] ] ] } },
{ "type": "Feature", "properties": { "FeatureID": "27", "HA_Area": 100.0, "OBJECTID_1": 1810, "ORIG_FID": 1811, "railway_bu": 2501.0, "Shape_Leng": 4000.0, "Shape_Area": 1000000.0, "buffer2": 0.0, "OBJECTID_2": 0, "OBJECTID_3": 0, "COUNT": 0.0, "AREA": 0.0, "MIN": 0.0, "MAX": 0.0, "RANGE": 0.0, "MEAN": 0.0, "STD": 0.0, "SUM": 0.0, "MEDIAN": 0.0, "PCT90": 0.0, "Nor": 0.0, "Shape_Le_1": 4000.0, "Shape_Ar_1": 1000000.0 }, "geometry": { "type": "Polygon", "coordinates": [ [ [ 73.205889196378763, 22.65958422632438 ], [ 73.196160401964889, 22.659474968683245 ], [ 73.196042333067609, 22.668504297920656 ], [ 73.205771763436985, 22.668613603832075 ], [ 73.205889196378763, 22.65958422632438 ] ] ] } },
{ "type": "Feature", "properties": { "FeatureID": "28", "HA_Area": 100.0, "OBJECTID_1": 1466, "ORIG_FID": 1467, "railway_bu": 2240.87, "Shape_Leng": 4000.0, "Shape_Area": 1000000.0, "buffer2": 0.0, "OBJECTID_2": 0, "OBJECTID_3": 0, "COUNT": 0.0, "AREA": 0.0, "MIN": 0.0, "MAX": 0.0, "RANGE": 0.0, "MEAN": 0.0, "STD": 0.0, "SUM": 0.0, "MEDIAN": 0.0, "PCT90": 0.0, "Nor": 0.0, "Shape_Le_1": 4000.0, "Shape_Ar_1": 1000000.0 }, "geometry": { "type": "Polygon", "coordinates": [ [ [ 73.265056906946626, 22.59701944659146 ], [ 73.255332202680549, 22.596914057026972 ], [ 73.255218355859569, 22.605943746918513 ], [ 73.264943693924792, 22.606049183147775 ], [ 73.265056906946626, 22.59701944659146 ] ] ] } },
{ "type": "Feature", "properties": { "FeatureID": "29", "HA_Area": 100.0, "OBJECTID_1": 1518, "ORIG_FID": 1519, "railway_bu": 2339.95, "Shape_Leng": 4000.0, "Shape_Area": 1000000.0, "buffer2": 0.0, "OBJECTID_2": 0, "OBJECTID_3": 0, "COUNT": 0.0, "AREA": 0.0, "MIN": 0.0, "MAX": 0.0, "RANGE": 0.0, "MEAN": 0.0, "STD": 0.0, "SUM": 0.0, "MEDIAN": 0.0, "PCT90": 0.0, "Nor": 0.0, "Shape_Le_1": 4000.0, "Shape_Ar_1": 1000000.0 }, "geometry": { "type": "Polygon", "coordinates": [ [ [ 73.284394542648556, 22.60625828948146 ], [ 73.274669089628645, 22.60615403067349 ], [ 73.274556453106641, 22.615183802950181 ], [ 73.284282540281751, 22.61528810790778 ], [ 73.284394542648556, 22.60625828948146 ] ] ] } },
{ "type": "Feature", "properties": { "FeatureID": "30", "HA_Area": 100.0, "OBJECTID_1": 1020, "ORIG_FID": 1021, "railway_bu": 2501.0, "Shape_Leng": 4000.0, "Shape_Area": 1000000.0, "buffer2": 0.0, "OBJECTID_2": 0, "OBJECTID_3": 0, "COUNT": 0.0, "AREA": 0.0, "MIN": 0.0, "MAX": 0.0, "RANGE": 0.0, "MEAN": 0.0, "STD": 0.0, "SUM": 0.0, "MEDIAN": 0.0, "PCT90": 0.0, "Nor": 0.0, "Shape_Le_1": 4000.0, "Shape_Ar_1": 1000000.0 }, "geometry": { "type": "Polygon", "coordinates": [ [ [ 73.304949862957244, 22.516165355360439 ], [ 73.295230620430431, 22.516062729999124 ], [ 73.295119818203105, 22.525092700881551 ], [ 73.304839691696799, 22.525195371813886 ], [ 73.304949862957244, 22.516165355360439 ] ] ] } },
{ "type": "Feature", "properties": { "FeatureID": "31", "HA_Area": 100.0, "OBJECTID_1": 1214, "ORIG_FID": 1215, "railway_bu": 1848.61, "Shape_Leng": 4000.0, "Shape_Area": 1000000.0, "buffer2": 0.0, "OBJECTID_2": 0, "OBJECTID_3": 0, "COUNT": 0.0, "AREA": 0.0, "MIN": 0.0, "MAX": 0.0, "RANGE": 0.0, "MEAN": 0.0, "STD": 0.0, "SUM": 0.0, "MEDIAN": 0.0, "PCT90": 0.0, "Nor": 0.0, "Shape_Le_1": 4000.0, "Shape_Ar_1": 1000000.0 }, "geometry": { "type": "Polygon", "coordinates": [ [ [ 73.246179085714104, 22.551659703799722 ], [ 73.236457661650888, 22.55155337323124 ], [ 73.236342840057205, 22.560583022497507 ], [ 73.246064896274561, 22.560689400221928 ], [ 73.246179085714104, 22.551659703799722 ] ] ] } },
{ "type": "Feature", "properties": { "FeatureID": "32", "HA_Area": 100.0, "OBJECTID_1": 1155, "ORIG_FID": 1156, "railway_bu": 2501.0, "Shape_Leng": 4000.0, "Shape_Area": 1000000.0, "buffer2": 0.0, "OBJECTID_2": 0, "OBJECTID_3": 0, "COUNT": 0.0, "AREA": 0.0, "MIN": 0.0, "MAX": 0.0, "RANGE": 0.0, "MEAN": 0.0, "STD": 0.0, "SUM": 0.0, "MEDIAN": 0.0, "PCT90": 0.0, "Nor": 0.0, "Shape_Le_1": 4000.0, "Shape_Ar_1": 1000000.0 }, "geometry": { "type": "Polygon", "coordinates": [ [ [ 73.158808219450378, 22.541652320990323 ], [ 73.149087965185743, 22.541540756557975 ], [ 73.148967516383024, 22.550569980449982 ], [ 73.158688402323349, 22.550681594374435 ], [ 73.158808219450378, 22.541652320990323 ] ] ] } },
{ "type": "Feature", "properties": { "FeatureID": "33", "HA_Area": 100.0, "OBJECTID_1": 1419, "ORIG_FID": 1420, "railway_bu": 1401.95, "Shape_Leng": 4000.0, "Shape_Area": 1000000.0, "buffer2": 0.0, "OBJECTID_2": 0, "OBJECTID_3": 0, "COUNT": 0.0, "AREA": 0.0, "MIN": 0.0, "MAX": 0.0, "RANGE": 0.0, "MEAN": 0.0, "STD": 0.0, "SUM": 0.0, "MEDIAN": 0.0, "PCT90": 0.0, "Nor": 0.0, "Shape_Le_1": 4000.0, "Shape_Ar_1": 1000000.0 }, "geometry": { "type": "Polygon", "coordinates": [ [ [ 73.294342619055598, 22.588302198913336 ], [ 73.28461837641818, 22.588198620598039 ], [ 73.284506488021833, 22.59722846037706 ], [ 73.294231364186032, 22.59733208456986 ], [ 73.294342619055598, 22.588302198913336 ] ] ] } },
{ "type": "Feature", "properties": { "FeatureID": "34", "HA_Area": 100.0, "OBJECTID_1": 1571, "ORIG_FID": 1572, "railway_bu": 1122.33, "Shape_Leng": 4000.0, "Shape_Area": 1000000.0, "buffer2": 0.0, "OBJECTID_2": 0, "OBJECTID_3": 0, "COUNT": 0.0, "AREA": 0.0, "MIN": 0.0, "MAX": 0.0, "RANGE": 0.0, "MEAN": 0.0, "STD": 0.0, "SUM": 0.0, "MEDIAN": 0.0, "PCT90": 0.0, "Nor": 0.0, "Shape_Le_1": 4000.0, "Shape_Ar_1": 1000000.0 }, "geometry": { "type": "Polygon", "coordinates": [ [ [ 73.313461142577424, 22.615597488770081 ], [ 73.303734885339807, 22.615494950831746 ], [ 73.303624094968299, 22.624524850105768 ], [ 73.313350986733369, 22.624627433417864 ], [ 73.313461142577424, 22.615597488770081 ] ] ] } },
{ "type": "Feature", "properties": { "FeatureID": "35", "HA_Area": 100.0, "OBJECTID_1": 1114, "ORIG_FID": 1115, "railway_bu": 2138.04, "Shape_Leng": 4000.0, "Shape_Area": 1000000.0, "buffer2": 0.0, "OBJECTID_2": 0, "OBJECTID_3": 0, "COUNT": 0.0, "AREA": 0.0, "MIN": 0.0, "MAX": 0.0, "RANGE": 0.0, "MEAN": 0.0, "STD": 0.0, "SUM": 0.0, "MEDIAN": 0.0, "PCT90": 0.0, "Nor": 0.0, "Shape_Le_1": 4000.0, "Shape_Ar_1": 1000000.0 }, "geometry": { "type": "Polygon", "coordinates": [ [ [ 73.236572424740743, 22.542523713278282 ], [ 73.246293216971765, 22.542629996696771 ], [ 73.246407290064468, 22.533600278916555 ], [ 73.236687129343792, 22.533494042642122 ], [ 73.236572424740743, 22.542523713278282 ] ] ] } },
{ "type": "Feature", "properties": { "FeatureID": "36", "HA_Area": 100.0, "OBJECTID_1": 1207, "ORIG_FID": 1208, "railway_bu": 2501.0, "Shape_Leng": 4000.0, "Shape_Area": 1000000.0, "buffer2": 0.0, "OBJECTID_2": 0, "OBJECTID_3": 0, "COUNT": 0.0, "AREA": 0.0, "MIN": 0.0, "MAX": 0.0, "RANGE": 0.0, "MEAN": 0.0, "STD": 0.0, "SUM": 0.0, "MEDIAN": 0.0, "PCT90": 0.0, "Nor": 0.0, "Shape_Le_1": 4000.0, "Shape_Ar_1": 1000000.0 }, "geometry": { "type": "Polygon", "coordinates": [ [ [ 73.178130357118945, 22.550903061267778 ], [ 73.16840934934261, 22.550792621318703 ], [ 73.168290103151932, 22.559821933205487 ], [ 73.178011742961274, 22.55993242213242 ], [ 73.178130357118945, 22.550903061267778 ] ] ] } },
{ "type": "Feature", "properties": { "FeatureID": "37", "HA_Area": 100.0, "OBJECTID_1": 1705, "ORIG_FID": 1706, "railway_bu": 2501.0, "Shape_Leng": 4000.0, "Shape_Area": 1000000.0, "buffer2": 0.0, "OBJECTID_2": 0, "OBJECTID_3": 0, "COUNT": 0.0, "AREA": 0.0, "MIN": 0.0, "MAX": 0.0, "RANGE": 0.0, "MEAN": 0.0, "STD": 0.0, "SUM": 0.0, "MEDIAN": 0.0, "PCT90": 0.0, "Nor": 0.0, "Shape_Le_1": 4000.0, "Shape_Ar_1": 1000000.0 }, "geometry": { "type": "Polygon", "coordinates": [ [ [ 73.157486868774825, 22.64097373718748 ], [ 73.147759648361102, 22.640861627998216 ], [ 73.147638523165185, 22.649890733538601 ], [ 73.157366378799935, 22.650002892288793 ], [ 73.157486868774825, 22.64097373718748 ] ] ] } },
{ "type": "Feature", "properties": { "FeatureID": "38", "HA_Area": 100.0, "OBJECTID_1": 1723, "ORIG_FID": 1724, "railway_bu": 2257.15, "Shape_Leng": 4000.0, "Shape_Area": 1000000.0, "buffer2": 0.0, "OBJECTID_2": 0, "OBJECTID_3": 0, "COUNT": 0.0, "AREA": 0.0, "MIN": 0.0, "MAX": 0.0, "RANGE": 0.0, "MEAN": 0.0, "STD": 0.0, "SUM": 0.0, "MEDIAN": 0.0, "PCT90": 0.0, "Nor": 0.0, "Shape_Le_1": 4000.0, "Shape_Ar_1": 1000000.0 }, "geometry": { "type": "Polygon", "coordinates": [ [ [ 73.332586998380918, 22.642890869398315 ], [ 73.322858724732967, 22.642789374967652 ], [ 73.322749036176646, 22.651819332732366 ], [ 73.332477945353304, 22.651920872032658 ], [ 73.332586998380918, 22.642890869398315 ] ] ] } },
{ "type": "Feature", "properties": { "FeatureID": "39", "HA_Area": 100.0, "OBJECTID_1": 1767, "ORIG_FID": 1768, "railway_bu": 2501.0, "Shape_Leng": 4000.0, "Shape_Area": 1000000.0, "buffer2": 0.0, "OBJECTID_2": 0, "OBJECTID_3": 0, "COUNT": 0.0, "AREA": 0.0, "MIN": 0.0, "MAX": 0.0, "RANGE": 0.0, "MEAN": 0.0, "STD": 0.0, "SUM": 0.0, "MEDIAN": 0.0, "PCT90": 0.0, "Nor": 0.0, "Shape_Le_1": 4000.0, "Shape_Ar_1": 1000000.0 }, "geometry": { "type": "Polygon", "coordinates": [ [ [ 73.274105333523295, 22.651302785148538 ], [ 73.26437676389989, 22.651197705513287 ], [ 73.26426320479392, 22.660227377878904 ], [ 73.273992410169868, 22.660332503953704 ], [ 73.274105333523295, 22.651302785148538 ] ] ] } },
{ "type": "Feature", "properties": { "FeatureID": "40", "HA_Area": 100.0, "OBJECTID_1": 1370, "ORIG_FID": 1371, "railway_bu": 2128.18, "Shape_Leng": 4000.0, "Shape_Area": 1000000.0, "buffer2": 0.0, "OBJECTID_2": 0, "OBJECTID_3": 0, "COUNT": 0.0, "AREA": 0.0, "MIN": 0.0, "MAX": 0.0, "RANGE": 0.0, "MEAN": 0.0, "STD": 0.0, "SUM": 0.0, "MEDIAN": 0.0, "PCT90": 0.0, "Nor": 0.0, "Shape_Le_1": 4000.0, "Shape_Ar_1": 1000000.0 }, "geometry": { "type": "Polygon", "coordinates": [ [ [ 73.304177483341647, 22.579375247070558 ], [ 73.294453817287206, 22.579272302591455 ], [ 73.294342619055598, 22.588302198913336 ], [ 73.30406691833096, 22.588405189003716 ], [ 73.304177483341647, 22.579375247070558 ] ] ] } },
{ "type": "Feature", "properties": { "FeatureID": "41", "HA_Area": 100.0, "OBJECTID_1": 1267, "ORIG_FID": 1268, "railway_bu": 2264.01, "Shape_Leng": 4000.0, "Shape_Area": 1000000.0, "buffer2": 0.0, "OBJECTID_2": 0, "OBJECTID_3": 0, "COUNT": 0.0, "AREA": 0.0, "MIN": 0.0, "MAX": 0.0, "RANGE": 0.0, "MEAN": 0.0, "STD": 0.0, "SUM": 0.0, "MEDIAN": 0.0, "PCT90": 0.0, "Nor": 0.0, "Shape_Le_1": 4000.0, "Shape_Ar_1": 1000000.0 }, "geometry": { "type": "Polygon", "coordinates": [ [ [ 73.27523141283136, 22.561005009100665 ], [ 73.265509182983678, 22.560900393537789 ], [ 73.26539620034842, 22.56993017281853 ], [ 73.275119062722794, 22.570034834762254 ], [ 73.27523141283136, 22.561005009100665 ] ] ] } },
{ "type": "Feature", "properties": { "FeatureID": "42", "HA_Area": 100.0, "OBJECTID_1": 1758, "ORIG_FID": 1759, "railway_bu": 2501.0, "Shape_Leng": 4000.0, "Shape_Area": 1000000.0, "buffer2": 0.0, "OBJECTID_2": 0, "OBJECTID_3": 0, "COUNT": 0.0, "AREA": 0.0, "MIN": 0.0, "MAX": 0.0, "RANGE": 0.0, "MEAN": 0.0, "STD": 0.0, "SUM": 0.0, "MEDIAN": 0.0, "PCT90": 0.0, "Nor": 0.0, "Shape_Le_1": 4000.0, "Shape_Ar_1": 1000000.0 }, "geometry": { "type": "Polygon", "coordinates": [ [ [ 73.186550312063289, 22.650335829411574 ], [ 73.176822273571887, 22.650225440240355 ], [ 73.176702993463337, 22.659254682920295 ], [ 73.186431667552085, 22.65936512087692 ], [ 73.186550312063289, 22.650335829411574 ] ] ] } },
{ "type": "Feature", "properties": { "FeatureID": "43", "HA_Area": 100.0, "OBJECTID_1": 1563, "ORIG_FID": 1564, "railway_bu": 2501.0, "Shape_Leng": 4000.0, "Shape_Area": 1000000.0, "buffer2": 0.0, "OBJECTID_2": 0, "OBJECTID_3": 0, "COUNT": 0.0, "AREA": 0.0, "MIN": 0.0, "MAX": 0.0, "RANGE": 0.0, "MEAN": 0.0, "STD": 0.0, "SUM": 0.0, "MEDIAN": 0.0, "PCT90": 0.0, "Nor": 0.0, "Shape_Le_1": 4000.0, "Shape_Ar_1": 1000000.0 }, "geometry": { "type": "Polygon", "coordinates": [ [ [ 73.235652680960456, 22.614760693479539 ], [ 73.225926883675498, 22.61465344377347 ], [ 73.225811017684421, 22.623682970677216 ], [ 73.235537449362596, 22.623790267841475 ], [ 73.235652680960456, 22.614760693479539 ] ] ] } },
{ "type": "Feature", "properties": { "FeatureID": "44", "HA_Area": 100.0, "OBJECTID_1": 1521, "ORIG_FID": 1522, "railway_bu": 650.151, "Shape_Leng": 4000.0, "Shape_Area": 1000000.0, "buffer2": 0.0, "OBJECTID_2": 0, "OBJECTID_3": 0, "COUNT": 0.0, "AREA": 0.0, "MIN": 0.0, "MAX": 0.0, "RANGE": 0.0, "MEAN": 0.0, "STD": 0.0, "SUM": 0.0, "MEDIAN": 0.0, "PCT90": 0.0, "Nor": 0.0, "Shape_Le_1": 4000.0, "Shape_Ar_1": 1000000.0 }, "geometry": { "type": "Polygon", "coordinates": [ [ [ 73.313571242379282, 22.606567533458076 ], [ 73.303845619346447, 22.606465040887755 ], [ 73.303734885339807, 22.615494950831746 ], [ 73.313461142577424, 22.615597488770081 ], [ 73.313571242379282, 22.606567533458076 ] ] ] } },
{ "type": "Feature", "properties": { "FeatureID": "45", "HA_Area": 100.0, "OBJECTID_1": 1801, "ORIG_FID": 1802, "railway_bu": 2501.0, "Shape_Leng": 4000.0, "Shape_Area": 1000000.0, "buffer2": 0.0, "OBJECTID_2": 0, "OBJECTID_3": 0, "COUNT": 0.0, "AREA": 0.0, "MIN": 0.0, "MAX": 0.0, "RANGE": 0.0, "MEAN": 0.0, "STD": 0.0, "SUM": 0.0, "MEDIAN": 0.0, "PCT90": 0.0, "Nor": 0.0, "Shape_Le_1": 4000.0, "Shape_Ar_1": 1000000.0 }, "geometry": { "type": "Polygon", "coordinates": [ [ [ 73.118332233822898, 22.658579662867851 ], [ 73.108603991045769, 22.658465094282594 ], [ 73.108480199349444, 22.667493977358717 ], [ 73.118209077920838, 22.667608596559916 ], [ 73.118332233822898, 22.658579662867851 ] ] ] } },
{ "type": "Feature", "properties": { "FeatureID": "46", "HA_Area": 100.0, "OBJECTID_1": 1458, "ORIG_FID": 1459, "railway_bu": 2501.0, "Shape_Leng": 4000.0, "Shape_Area": 1000000.0, "buffer2": 0.0, "OBJECTID_2": 0, "OBJECTID_3": 0, "COUNT": 0.0, "AREA": 0.0, "MIN": 0.0, "MAX": 0.0, "RANGE": 0.0, "MEAN": 0.0, "STD": 0.0, "SUM": 0.0, "MEDIAN": 0.0, "PCT90": 0.0, "Nor": 0.0, "Shape_Le_1": 4000.0, "Shape_Ar_1": 1000000.0 }, "geometry": { "type": "Polygon", "coordinates": [ [ [ 73.177536681626364, 22.596049758290384 ], [ 73.177417765028494, 22.605079065487207 ], [ 73.187142630374851, 22.605189210824044 ], [ 73.187260913311391, 22.596159854878842 ], [ 73.177536681626364, 22.596049758290384 ] ] ] } },
{ "type": "Feature", "properties": { "FeatureID": "47", "HA_Area": 100.0, "OBJECTID_1": 1501, "ORIG_FID": 1502, "railway_bu": 2501.0, "Shape_Leng": 4000.0, "Shape_Area": 1000000.0, "buffer2": 0.0, "OBJECTID_2": 0, "OBJECTID_3": 0, "COUNT": 0.0, "AREA": 0.0, "MIN": 0.0, "MAX": 0.0, "RANGE": 0.0, "MEAN": 0.0, "STD": 0.0, "SUM": 0.0, "MEDIAN": 0.0, "PCT90": 0.0, "Nor": 0.0, "Shape_Le_1": 4000.0, "Shape_Ar_1": 1000000.0 }, "geometry": { "type": "Polygon", "coordinates": [ [ [ 73.119069855594134, 22.604405833978653 ], [ 73.109345420804701, 22.604291568954455 ], [ 73.109222006279197, 22.613320516833358 ], [ 73.118947074926822, 22.613434832435061 ], [ 73.119069855594134, 22.604405833978653 ] ] ] } },
{ "type": "Feature", "properties": { "FeatureID": "48", "HA_Area": 100.0, "OBJECTID_1": 1902, "ORIG_FID": 1903, "railway_bu": 1898.05, "Shape_Leng": 4000.0, "Shape_Area": 1000000.0, "buffer2": 0.0, "OBJECTID_2": 0, "OBJECTID_3": 0, "COUNT": 0.0, "AREA": 0.0, "MIN": 0.0, "MAX": 0.0, "RANGE": 0.0, "MEAN": 0.0, "STD": 0.0, "SUM": 0.0, "MEDIAN": 0.0, "PCT90": 0.0, "Nor": 0.0, "Shape_Le_1": 4000.0, "Shape_Ar_1": 1000000.0 }, "geometry": { "type": "Polygon", "coordinates": [ [ [ 73.127815436725754, 22.676751598704062 ], [ 73.1180858594157, 22.676637519445602 ], [ 73.11796257828918, 22.685666431521412 ], [ 73.127692792057928, 22.685780561147986 ], [ 73.127815436725754, 22.676751598704062 ] ] ] } },
{ "type": "Feature", "properties": { "FeatureID": "49", "HA_Area": 100.0, "OBJECTID_1": 1407, "ORIG_FID": 1408, "railway_bu": 2501.0, "Shape_Leng": 4000.0, "Shape_Area": 1000000.0, "buffer2": 0.0, "OBJECTID_2": 0, "OBJECTID_3": 0, "COUNT": 0.0, "AREA": 0.0, "MIN": 0.0, "MAX": 0.0, "RANGE": 0.0, "MEAN": 0.0, "STD": 0.0, "SUM": 0.0, "MEDIAN": 0.0, "PCT90": 0.0, "Nor": 0.0, "Shape_Le_1": 4000.0, "Shape_Ar_1": 1000000.0 }, "geometry": { "type": "Polygon", "coordinates": [ [ [ 73.177536681626364, 22.596049758290384 ], [ 73.177655537700943, 22.587020440352987 ], [ 73.167931999860556, 22.586909804455392 ], [ 73.167812510464614, 22.595939073390184 ], [ 73.177536681626364, 22.596049758290384 ] ] ] } },
{ "type": "Feature", "properties": { "FeatureID": "50", "HA_Area": 100.0, "OBJECTID_1": 1201, "ORIG_FID": 1202, "railway_bu": 2501.0, "Shape_Leng": 4000.0, "Shape_Area": 1000000.0, "buffer2": 0.0, "OBJECTID_2": 0, "OBJECTID_3": 0, "COUNT": 0.0, "AREA": 0.0, "MIN": 0.0, "MAX": 0.0, "RANGE": 0.0, "MEAN": 0.0, "STD": 0.0, "SUM": 0.0, "MEDIAN": 0.0, "PCT90": 0.0, "Nor": 0.0, "Shape_Le_1": 4000.0, "Shape_Ar_1": 1000000.0 }, "geometry": { "type": "Polygon", "coordinates": [ [ [ 73.119805228253938, 22.550231616947045 ], [ 73.110084589847588, 22.550117655253757 ], [ 73.109961551833592, 22.559146667808534 ], [ 73.119682822165444, 22.559260680041024 ], [ 73.119805228253938, 22.550231616947045 ] ] ] } },
{ "type": "Feature", "properties": { "FeatureID": "51", "HA_Area": 100.0, "OBJECTID_1": 1603, "ORIG_FID": 1604, "railway_bu": 2501.0, "Shape_Leng": 4000.0, "Shape_Area": 1000000.0, "buffer2": 0.0, "OBJECTID_2": 0, "OBJECTID_3": 0, "COUNT": 0.0, "AREA": 0.0, "MIN": 0.0, "MAX": 0.0, "RANGE": 0.0, "MEAN": 0.0, "STD": 0.0, "SUM": 0.0, "MEDIAN": 0.0, "PCT90": 0.0, "Nor": 0.0, "Shape_Le_1": 4000.0, "Shape_Ar_1": 1000000.0 }, "geometry": { "type": "Polygon", "coordinates": [ [ [ 73.138275824635173, 22.622690785456573 ], [ 73.128549997105992, 22.622577597290004 ], [ 73.128427725954879, 22.631606624502218 ], [ 73.13815418802362, 22.631719862738141 ], [ 73.138275824635173, 22.622690785456573 ] ] ] } },
{ "type": "Feature", "properties": { "FeatureID": "52", "HA_Area": 100.0, "OBJECTID_1": 1002, "ORIG_FID": 1003, "railway_bu": 2501.0, "Shape_Leng": 4000.0, "Shape_Area": 1000000.0, "buffer2": 0.0, "OBJECTID_2": 0, "OBJECTID_3": 0, "COUNT": 0.0, "AREA": 0.0, "MIN": 0.0, "MAX": 0.0, "RANGE": 0.0, "MEAN": 0.0, "STD": 0.0, "SUM": 0.0, "MEDIAN": 0.0, "PCT90": 0.0, "Nor": 0.0, "Shape_Le_1": 4000.0, "Shape_Ar_1": 1000000.0 }, "geometry": { "type": "Polygon", "coordinates": [ [ [ 73.130012405342214, 22.5142284307219 ], [ 73.120294229127154, 22.514115257000544 ], [ 73.120172072394723, 22.523144363115701 ], [ 73.129890879266782, 22.523257587090733 ], [ 73.130012405342214, 22.5142284307219 ] ] ] } },
{ "type": "Feature", "properties": { "FeatureID": "53", "HA_Area": 100.0, "OBJECTID_1": 1712, "ORIG_FID": 1713, "railway_bu": 2501.0, "Shape_Leng": 4000.0, "Shape_Area": 1000000.0, "buffer2": 0.0, "OBJECTID_2": 0, "OBJECTID_3": 0, "COUNT": 0.0, "AREA": 0.0, "MIN": 0.0, "MAX": 0.0, "RANGE": 0.0, "MEAN": 0.0, "STD": 0.0, "SUM": 0.0, "MEDIAN": 0.0, "PCT90": 0.0, "Nor": 0.0, "Shape_Le_1": 4000.0, "Shape_Ar_1": 1000000.0 }, "geometry": { "type": "Polygon", "coordinates": [ [ [ 73.225579108795912, 22.641741992319613 ], [ 73.215851466360618, 22.641634010532883 ], [ 73.215734788084461, 22.650663457527724 ], [ 73.225463065864076, 22.65077148705128 ], [ 73.225579108795912, 22.641741992319613 ] ] ] } },
{ "type": "Feature", "properties": { "FeatureID": "54", "HA_Area": 100.0, "OBJECTID_1": 1718, "ORIG_FID": 1719, "railway_bu": 2501.0, "Shape_Leng": 4000.0, "Shape_Area": 1000000.0, "buffer2": 0.0, "OBJECTID_2": 0, "OBJECTID_3": 0, "COUNT": 0.0, "AREA": 0.0, "MIN": 0.0, "MAX": 0.0, "RANGE": 0.0, "MEAN": 0.0, "STD": 0.0, "SUM": 0.0, "MEDIAN": 0.0, "PCT90": 0.0, "Nor": 0.0, "Shape_Le_1": 4000.0, "Shape_Ar_1": 1000000.0 }, "geometry": { "type": "Polygon", "coordinates": [ [ [ 73.274105333523295, 22.651302785148538 ], [ 73.283833960546488, 22.651407274763091 ], [ 73.283946191053801, 22.64237749908369 ], [ 73.27421819947692, 22.642273055642139 ], [ 73.274105333523295, 22.651302785148538 ] ] ] } },
{ "type": "Feature", "properties": { "FeatureID": "55", "HA_Area": 100.0, "OBJECTID_1": 1965, "ORIG_FID": 1966, "railway_bu": 2501.0, "Shape_Leng": 4000.0, "Shape_Area": 1000000.0, "buffer2": 0.0, "OBJECTID_2": 0, "OBJECTID_3": 0, "COUNT": 0.0, "AREA": 0.0, "MIN": 0.0, "MAX": 0.0, "RANGE": 0.0, "MEAN": 0.0, "STD": 0.0, "SUM": 0.0, "MEDIAN": 0.0, "PCT90": 0.0, "Nor": 0.0, "Shape_Le_1": 4000.0, "Shape_Ar_1": 1000000.0 }, "geometry": { "type": "Polygon", "coordinates": [ [ [ 73.254191124188239, 22.687210474220269 ], [ 73.244460125519694, 22.687104026707068 ], [ 73.244345061313524, 22.696133562500929 ], [ 73.254076696993678, 22.696240056998864 ], [ 73.254191124188239, 22.687210474220269 ] ] ] } },
{ "type": "Feature", "properties": { "FeatureID": "56", "HA_Area": 100.0, "OBJECTID_1": 1103, "ORIG_FID": 1104, "railway_bu": 2501.0, "Shape_Leng": 4000.0, "Shape_Area": 1000000.0, "buffer2": 0.0, "OBJECTID_2": 0, "OBJECTID_3": 0, "COUNT": 0.0, "AREA": 0.0, "MIN": 0.0, "MAX": 0.0, "RANGE": 0.0, "MEAN": 0.0, "STD": 0.0, "SUM": 0.0, "MEDIAN": 0.0, "PCT90": 0.0, "Nor": 0.0, "Shape_Le_1": 4000.0, "Shape_Ar_1": 1000000.0 }, "geometry": { "type": "Polygon", "coordinates": [ [ [ 73.139488791059946, 22.532399420536624 ], [ 73.129769291201029, 22.532286732715885 ], [ 73.129647641126951, 22.541315867593834 ], [ 73.139367772304027, 22.541428605420748 ], [ 73.139488791059946, 22.532399420536624 ] ] ] } },
{ "type": "Feature", "properties": { "FeatureID": "57", "HA_Area": 100.0, "OBJECTID_1": 1275, "ORIG_FID": 1276, "railway_bu": 2501.0, "Shape_Leng": 4000.0, "Shape_Area": 1000000.0, "buffer2": 0.0, "OBJECTID_2": 0, "OBJECTID_3": 0, "COUNT": 0.0, "AREA": 0.0, "MIN": 0.0, "MAX": 0.0, "RANGE": 0.0, "MEAN": 0.0, "STD": 0.0, "SUM": 0.0, "MEDIAN": 0.0, "PCT90": 0.0, "Nor": 0.0, "Shape_Le_1": 4000.0, "Shape_Ar_1": 1000000.0 }, "geometry": { "type": "Polygon", "coordinates": [ [ [ 73.35301128493218, 22.561820785468335 ], [ 73.343288606242098, 22.56172086962032 ], [ 73.34318068428199, 22.570751012657389 ], [ 73.352903995629489, 22.570850972803168 ], [ 73.35301128493218, 22.561820785468335 ] ] ] } },
{ "type": "Feature", "properties": { "FeatureID": "58", "HA_Area": 100.0, "OBJECTID_1": 1402, "ORIG_FID": 1403, "railway_bu": 2501.0, "Shape_Leng": 4000.0, "Shape_Area": 1000000.0, "buffer2": 0.0, "OBJECTID_2": 0, "OBJECTID_3": 0, "COUNT": 0.0, "AREA": 0.0, "MIN": 0.0, "MAX": 0.0, "RANGE": 0.0, "MEAN": 0.0, "STD": 0.0, "SUM": 0.0, "MEDIAN": 0.0, "PCT90": 0.0, "Nor": 0.0, "Shape_Le_1": 4000.0, "Shape_Ar_1": 1000000.0 }, "geometry": { "type": "Polygon", "coordinates": [ [ [ 73.12903846, 22.586461380652235 ], [ 73.119315229521106, 22.586347804724149 ], [ 73.119192573786151, 22.595376824740509 ], [ 73.128916437496812, 22.595490450972985 ], [ 73.12903846, 22.586461380652235 ] ] ] } },
{ "type": "Feature", "properties": { "FeatureID": "59", "HA_Area": 100.0, "OBJECTID_1": 1162, "ORIG_FID": 1163, "railway_bu": 1128.62, "Shape_Leng": 4000.0, "Shape_Area": 1000000.0, "buffer2": 0.0, "OBJECTID_2": 0, "OBJECTID_3": 0, "COUNT": 0.0, "AREA": 0.0, "MIN": 0.0, "MAX": 0.0, "RANGE": 0.0, "MEAN": 0.0, "STD": 0.0, "SUM": 0.0, "MEDIAN": 0.0, "PCT90": 0.0, "Nor": 0.0, "Shape_Le_1": 4000.0, "Shape_Ar_1": 1000000.0 }, "geometry": { "type": "Polygon", "coordinates": [ [ [ 73.226851690996511, 22.542416843021872 ], [ 73.217131016060947, 22.542309385942005 ], [ 73.217014989357835, 22.551338950814191 ], [ 73.226736296091474, 22.55144645556457 ], [ 73.226851690996511, 22.542416843021872 ] ] ] } },
{ "type": "Feature", "properties": { "FeatureID": "60", "HA_Area": 100.0, "OBJECTID_1": 1420, "ORIG_FID": 1421, "railway_bu": 2177.26, "Shape_Leng": 4000.0, "Shape_Area": 1000000.0, "buffer2": 0.0, "OBJECTID_2": 0, "OBJECTID_3": 0, "COUNT": 0.0, "AREA": 0.0, "MIN": 0.0, "MAX": 0.0, "RANGE": 0.0, "MEAN": 0.0, "STD": 0.0, "SUM": 0.0, "MEDIAN": 0.0, "PCT90": 0.0, "Nor": 0.0, "Shape_Le_1": 4000.0, "Shape_Ar_1": 1000000.0 }, "geometry": { "type": "Polygon", "coordinates": [ [ [ 73.30406691833096, 22.588405189003716 ], [ 73.294342619055598, 22.588302198913336 ], [ 73.294231364186032, 22.59733208456986 ], [ 73.303956297004689, 22.597435120277261 ], [ 73.30406691833096, 22.588405189003716 ] ] ] } },
{ "type": "Feature", "properties": { "FeatureID": "61", "HA_Area": 100.0, "OBJECTID_1": 1761, "ORIG_FID": 1762, "railway_bu": 2501.0, "Shape_Leng": 4000.0, "Shape_Area": 1000000.0, "buffer2": 0.0, "OBJECTID_2": 0, "OBJECTID_3": 0, "COUNT": 0.0, "AREA": 0.0, "MIN": 0.0, "MAX": 0.0, "RANGE": 0.0, "MEAN": 0.0, "STD": 0.0, "SUM": 0.0, "MEDIAN": 0.0, "PCT90": 0.0, "Nor": 0.0, "Shape_Le_1": 4000.0, "Shape_Ar_1": 1000000.0 }, "geometry": { "type": "Polygon", "coordinates": [ [ [ 73.215734788084461, 22.650663457527724 ], [ 73.206006569642511, 22.650554838070093 ], [ 73.205889196378763, 22.65958422632438 ], [ 73.215618050470638, 22.659692893785536 ], [ 73.215734788084461, 22.650663457527724 ] ] ] } },
{ "type": "Feature", "properties": { "FeatureID": "62", "HA_Area": 100.0, "OBJECTID_1": 1216, "ORIG_FID": 1217, "railway_bu": 2224.02, "Shape_Leng": 4000.0, "Shape_Area": 1000000.0, "buffer2": 0.0, "OBJECTID_2": 0, "OBJECTID_3": 0, "COUNT": 0.0, "AREA": 0.0, "MIN": 0.0, "MAX": 0.0, "RANGE": 0.0, "MEAN": 0.0, "STD": 0.0, "SUM": 0.0, "MEDIAN": 0.0, "PCT90": 0.0, "Nor": 0.0, "Shape_Le_1": 4000.0, "Shape_Ar_1": 1000000.0 }, "geometry": { "type": "Polygon", "coordinates": [ [ [ 73.26562210806425, 22.551870603584629 ], [ 73.255900567959216, 22.551765447255622 ], [ 73.255787010690739, 22.560795190573465 ], [ 73.265509182983678, 22.560900393537789 ], [ 73.26562210806425, 22.551870603584629 ] ] ] } },
{ "type": "Feature", "properties": { "FeatureID": "63", "HA_Area": 100.0, "OBJECTID_1": 1816, "ORIG_FID": 1817, "railway_bu": 2501.0, "Shape_Leng": 4000.0, "Shape_Area": 1000000.0, "buffer2": 0.0, "OBJECTID_2": 0, "OBJECTID_3": 0, "COUNT": 0.0, "AREA": 0.0, "MIN": 0.0, "MAX": 0.0, "RANGE": 0.0, "MEAN": 0.0, "STD": 0.0, "SUM": 0.0, "MEDIAN": 0.0, "PCT90": 0.0, "Nor": 0.0, "Shape_Le_1": 4000.0, "Shape_Ar_1": 1000000.0 }, "geometry": { "type": "Polygon", "coordinates": [ [ [ 73.26426320479392, 22.660227377878904 ], [ 73.254534057157628, 22.660121661536969 ], [ 73.254419804253217, 22.669151276485859 ], [ 73.264149587948282, 22.669257039533946 ], [ 73.26426320479392, 22.660227377878904 ] ] ] } },
{ "type": "Feature", "properties": { "FeatureID": "64", "HA_Area": 100.0, "OBJECTID_1": 1519, "ORIG_FID": 1520, "railway_bu": 2311.9, "Shape_Leng": 4000.0, "Shape_Area": 1000000.0, "buffer2": 0.0, "OBJECTID_2": 0, "OBJECTID_3": 0, "COUNT": 0.0, "AREA": 0.0, "MIN": 0.0, "MAX": 0.0, "RANGE": 0.0, "MEAN": 0.0, "STD": 0.0, "SUM": 0.0, "MEDIAN": 0.0, "PCT90": 0.0, "Nor": 0.0, "Shape_Le_1": 4000.0, "Shape_Ar_1": 1000000.0 }, "geometry": { "type": "Polygon", "coordinates": [ [ [ 73.294120052662009, 22.60636195955756 ], [ 73.284394542648556, 22.60625828948146 ], [ 73.284282540281751, 22.61528810790778 ], [ 73.29400868446703, 22.61539182387299 ], [ 73.294120052662009, 22.60636195955756 ] ] ] } },
{ "type": "Feature", "properties": { "FeatureID": "65", "HA_Area": 100.0, "OBJECTID_1": 1974, "ORIG_FID": 1975, "railway_bu": 2490.46, "Shape_Leng": 4000.0, "Shape_Area": 1000000.0, "buffer2": 0.0, "OBJECTID_2": 0, "OBJECTID_3": 0, "COUNT": 0.0, "AREA": 0.0, "MIN": 0.0, "MAX": 0.0, "RANGE": 0.0, "MEAN": 0.0, "STD": 0.0, "SUM": 0.0, "MEDIAN": 0.0, "PCT90": 0.0, "Nor": 0.0, "Shape_Le_1": 4000.0, "Shape_Ar_1": 1000000.0 }, "geometry": { "type": "Polygon", "coordinates": [ [ [ 73.341772688515093, 22.688141903557561 ], [ 73.332041178465474, 22.688040775869482 ], [ 73.33193184796805, 22.697070725136363 ], [ 73.341663995178919, 22.697171897461661 ], [ 73.341772688515093, 22.688141903557561 ] ] ] } },
{ "type": "Feature", "properties": { "FeatureID": "66", "HA_Area": 100.0, "OBJECTID_1": 1511, "ORIG_FID": 1512, "railway_bu": 2501.0, "Shape_Leng": 4000.0, "Shape_Area": 1000000.0, "buffer2": 0.0, "OBJECTID_2": 0, "OBJECTID_3": 0, "COUNT": 0.0, "AREA": 0.0, "MIN": 0.0, "MAX": 0.0, "RANGE": 0.0, "MEAN": 0.0, "STD": 0.0, "SUM": 0.0, "MEDIAN": 0.0, "PCT90": 0.0, "Nor": 0.0, "Shape_Le_1": 4000.0, "Shape_Ar_1": 1000000.0 }, "geometry": { "type": "Polygon", "coordinates": [ [ [ 73.216317586435125, 22.605516115252833 ], [ 73.206592541400624, 22.605407735721645 ], [ 73.206475466265729, 22.61443717765664 ], [ 73.216201145336413, 22.614545605160966 ], [ 73.216317586435125, 22.605516115252833 ] ] ] } },
{ "type": "Feature", "properties": { "FeatureID": "67", "HA_Area": 100.0, "OBJECTID_1": 1221, "ORIG_FID": 1222, "railway_bu": 2501.0, "Shape_Leng": 4000.0, "Shape_Area": 1000000.0, "buffer2": 0.0, "OBJECTID_2": 0, "OBJECTID_3": 0, "COUNT": 0.0, "AREA": 0.0, "MIN": 0.0, "MAX": 0.0, "RANGE": 0.0, "MEAN": 0.0, "STD": 0.0, "SUM": 0.0, "MEDIAN": 0.0, "PCT90": 0.0, "Nor": 0.0, "Shape_Le_1": 4000.0, "Shape_Ar_1": 1000000.0 }, "geometry": { "type": "Polygon", "coordinates": [ [ [ 73.304398444481933, 22.561315331239328 ], [ 73.314120901327684, 22.561417597055542 ], [ 73.314230665219355, 22.552387577830711 ], [ 73.304508840644317, 22.552285357348143 ], [ 73.304398444481933, 22.561315331239328 ] ] ] } },
{ "type": "Feature", "properties": { "FeatureID": "68", "HA_Area": 100.0, "OBJECTID_1": 1271, "ORIG_FID": 1272, "railway_bu": 2501.0, "Shape_Leng": 4000.0, "Shape_Area": 1000000.0, "buffer2": 0.0, "OBJECTID_2": 0, "OBJECTID_3": 0, "COUNT": 0.0, "AREA": 0.0, "MIN": 0.0, "MAX": 0.0, "RANGE": 0.0, "MEAN": 0.0, "STD": 0.0, "SUM": 0.0, "MEDIAN": 0.0, "PCT90": 0.0, "Nor": 0.0, "Shape_Le_1": 4000.0, "Shape_Ar_1": 1000000.0 }, "geometry": { "type": "Polygon", "coordinates": [ [ [ 73.314120901327684, 22.561417597055542 ], [ 73.304398444481933, 22.561315331239328 ], [ 73.304287992053176, 22.570345294481285 ], [ 73.314011081491756, 22.570447605636872 ], [ 73.314120901327684, 22.561417597055542 ] ] ] } },
{ "type": "Feature", "properties": { "FeatureID": "69", "HA_Area": 100.0, "OBJECTID_1": 1872, "ORIG_FID": 1873, "railway_bu": 2501.0, "Shape_Leng": 4000.0, "Shape_Area": 1000000.0, "buffer2": 0.0, "OBJECTID_2": 0, "OBJECTID_3": 0, "COUNT": 0.0, "AREA": 0.0, "MIN": 0.0, "MAX": 0.0, "RANGE": 0.0, "MEAN": 0.0, "STD": 0.0, "SUM": 0.0, "MEDIAN": 0.0, "PCT90": 0.0, "Nor": 0.0, "Shape_Le_1": 4000.0, "Shape_Ar_1": 1000000.0 }, "geometry": { "type": "Polygon", "coordinates": [ [ [ 73.322529491693899, 22.669879216241473 ], [ 73.312799366307701, 22.669776996572711 ], [ 73.31268887386679, 22.678806877162721 ], [ 73.322419635734875, 22.678909141978959 ], [ 73.322529491693899, 22.669879216241473 ] ] ] } },
{ "type": "Feature", "properties": { "FeatureID": "70", "HA_Area": 100.0, "OBJECTID_1": 1660, "ORIG_FID": 1661, "railway_bu": 2501.0, "Shape_Leng": 4000.0, "Shape_Area": 1000000.0, "buffer2": 0.0, "OBJECTID_2": 0, "OBJECTID_3": 0, "COUNT": 0.0, "AREA": 0.0, "MIN": 0.0, "MAX": 0.0, "RANGE": 0.0, "MEAN": 0.0, "STD": 0.0, "SUM": 0.0, "MEDIAN": 0.0, "PCT90": 0.0, "Nor": 0.0, "Shape_Le_1": 4000.0, "Shape_Ar_1": 1000000.0 }, "geometry": { "type": "Polygon", "coordinates": [ [ [ 73.206241137205637, 22.632496029335641 ], [ 73.196514248720575, 22.632386916468633 ], [ 73.196396359773857, 22.641416277953752 ], [ 73.206123883245667, 22.641525439072691 ], [ 73.206241137205637, 22.632496029335641 ] ] ] } },
{ "type": "Feature", "properties": { "FeatureID": "71", "HA_Area": 100.0, "OBJECTID_1": 1970, "ORIG_FID": 1971, "railway_bu": 2501.0, "Shape_Leng": 4000.0, "Shape_Area": 1000000.0, "buffer2": 0.0, "OBJECTID_2": 0, "OBJECTID_3": 0, "COUNT": 0.0, "AREA": 0.0, "MIN": 0.0, "MAX": 0.0, "RANGE": 0.0, "MEAN": 0.0, "STD": 0.0, "SUM": 0.0, "MEDIAN": 0.0, "PCT90": 0.0, "Nor": 0.0, "Shape_Le_1": 4000.0, "Shape_Ar_1": 1000000.0 }, "geometry": { "type": "Polygon", "coordinates": [ [ [ 73.302846982768983, 22.687733845974993 ], [ 73.293115696765724, 22.687630353779646 ], [ 73.293003817786683, 22.696660121889067 ], [ 73.302735740885637, 22.69676365976505 ], [ 73.302846982768983, 22.687733845974993 ] ] ] } },
{ "type": "Feature", "properties": { "FeatureID": "72", "HA_Area": 100.0, "OBJECTID_1": 1707, "ORIG_FID": 1708, "railway_bu": 2501.0, "Shape_Leng": 4000.0, "Shape_Area": 1000000.0, "buffer2": 0.0, "OBJECTID_2": 0, "OBJECTID_3": 0, "COUNT": 0.0, "AREA": 0.0, "MIN": 0.0, "MAX": 0.0, "RANGE": 0.0, "MEAN": 0.0, "STD": 0.0, "SUM": 0.0, "MEDIAN": 0.0, "PCT90": 0.0, "Nor": 0.0, "Shape_Le_1": 4000.0, "Shape_Ar_1": 1000000.0 }, "geometry": { "type": "Polygon", "coordinates": [ [ [ 73.176941493051075, 22.641196186798862 ], [ 73.167214150445744, 22.641085256792728 ], [ 73.167094295709802, 22.65011446119442 ], [ 73.176822273571887, 22.650225440240355 ], [ 73.176941493051075, 22.641196186798862 ] ] ] } },
{ "type": "Feature", "properties": { "FeatureID": "73", "HA_Area": 100.0, "OBJECTID_1": 1509, "ORIG_FID": 1510, "railway_bu": 2501.0, "Shape_Leng": 4000.0, "Shape_Area": 1000000.0, "buffer2": 0.0, "OBJECTID_2": 0, "OBJECTID_3": 0, "COUNT": 0.0, "AREA": 0.0, "MIN": 0.0, "MAX": 0.0, "RANGE": 0.0, "MEAN": 0.0, "STD": 0.0, "SUM": 0.0, "MEDIAN": 0.0, "PCT90": 0.0, "Nor": 0.0, "Shape_Le_1": 4000.0, "Shape_Ar_1": 1000000.0 }, "geometry": { "type": "Polygon", "coordinates": [ [ [ 73.196867555939718, 22.605298767573796 ], [ 73.187142630374851, 22.605189210824044 ], [ 73.187024287219828, 22.614218556031332 ], [ 73.19674984678602, 22.614328161275171 ], [ 73.196867555939718, 22.605298767573796 ] ] ] } },
{ "type": "Feature", "properties": { "FeatureID": "74", "HA_Area": 100.0, "OBJECTID_1": 1116, "ORIG_FID": 1117, "railway_bu": 2491.48, "Shape_Leng": 4000.0, "Shape_Area": 1000000.0, "buffer2": 0.0, "OBJECTID_2": 0, "OBJECTID_3": 0, "COUNT": 0.0, "AREA": 0.0, "MIN": 0.0, "MAX": 0.0, "RANGE": 0.0, "MEAN": 0.0, "STD": 0.0, "SUM": 0.0, "MEDIAN": 0.0, "PCT90": 0.0, "Nor": 0.0, "Shape_Le_1": 4000.0, "Shape_Ar_1": 1000000.0 }, "geometry": { "type": "Polygon", "coordinates": [ [ [ 73.265847785628182, 22.533810991674915 ], [ 73.256127508933176, 22.533705928598923 ], [ 73.256014067367744, 22.542735693262944 ], [ 73.265734975606833, 22.542840802962505 ], [ 73.265847785628182, 22.533810991674915 ] ] ] } },
{ "type": "Feature", "properties": { "FeatureID": "75", "HA_Area": 100.0, "OBJECTID_1": 1309, "ORIG_FID": 1310, "railway_bu": 2501.0, "Shape_Leng": 4000.0, "Shape_Area": 1000000.0, "buffer2": 0.0, "OBJECTID_2": 0, "OBJECTID_3": 0, "COUNT": 0.0, "AREA": 0.0, "MIN": 0.0, "MAX": 0.0, "RANGE": 0.0, "MEAN": 0.0, "STD": 0.0, "SUM": 0.0, "MEDIAN": 0.0, "PCT90": 0.0, "Nor": 0.0, "Shape_Le_1": 4000.0, "Shape_Ar_1": 1000000.0 }, "geometry": { "type": "Polygon", "coordinates": [ [ [ 73.197337793768511, 22.569181085485482 ], [ 73.187615400985464, 22.569071722650783 ], [ 73.187497298599169, 22.578101110788712 ], [ 73.197220324094317, 22.578210522092991 ], [ 73.197337793768511, 22.569181085485482 ] ] ] } },
{ "type": "Feature", "properties": { "FeatureID": "76", "HA_Area": 100.0, "OBJECTID_1": 1716, "ORIG_FID": 1717, "railway_bu": 2501.0, "Shape_Leng": 4000.0, "Shape_Area": 1000000.0, "buffer2": 0.0, "OBJECTID_2": 0, "OBJECTID_3": 0, "COUNT": 0.0, "AREA": 0.0, "MIN": 0.0, "MAX": 0.0, "RANGE": 0.0, "MEAN": 0.0, "STD": 0.0, "SUM": 0.0, "MEDIAN": 0.0, "PCT90": 0.0, "Nor": 0.0, "Shape_Le_1": 4000.0, "Shape_Ar_1": 1000000.0 }, "geometry": { "type": "Polygon", "coordinates": [ [ [ 73.264490265283058, 22.642168022440554 ], [ 73.254762388795143, 22.642062399493156 ], [ 73.254648251999271, 22.651092035871574 ], [ 73.26437676389989, 22.651197705513287 ], [ 73.264490265283058, 22.642168022440554 ] ] ] } },
{ "type": "Feature", "properties": { "FeatureID": "77", "HA_Area": 100.0, "OBJECTID_1": 1223, "ORIG_FID": 1224, "railway_bu": 2501.0, "Shape_Leng": 4000.0, "Shape_Area": 1000000.0, "buffer2": 0.0, "OBJECTID_2": 0, "OBJECTID_3": 0, "COUNT": 0.0, "AREA": 0.0, "MIN": 0.0, "MAX": 0.0, "RANGE": 0.0, "MEAN": 0.0, "STD": 0.0, "SUM": 0.0, "MEDIAN": 0.0, "PCT90": 0.0, "Nor": 0.0, "Shape_Le_1": 4000.0, "Shape_Ar_1": 1000000.0 }, "geometry": { "type": "Polygon", "coordinates": [ [ [ 73.333674481831395, 22.552590257148719 ], [ 73.323952545722392, 22.552489211102156 ], [ 73.323843414117718, 22.561519275400276 ], [ 73.33356598252989, 22.561620366259771 ], [ 73.333674481831395, 22.552590257148719 ] ] ] } },
{ "type": "Feature", "properties": { "FeatureID": "78", "HA_Area": 100.0, "OBJECTID_1": 1561, "ORIG_FID": 1562, "railway_bu": 2501.0, "Shape_Leng": 4000.0, "Shape_Area": 1000000.0, "buffer2": 0.0, "OBJECTID_2": 0, "OBJECTID_3": 0, "COUNT": 0.0, "AREA": 0.0, "MIN": 0.0, "MAX": 0.0, "RANGE": 0.0, "MEAN": 0.0, "STD": 0.0, "SUM": 0.0, "MEDIAN": 0.0, "PCT90": 0.0, "Nor": 0.0, "Shape_Le_1": 4000.0, "Shape_Ar_1": 1000000.0 }, "geometry": { "type": "Polygon", "coordinates": [ [ [ 73.216201145336413, 22.614545605160966 ], [ 73.206475466265729, 22.61443717765664 ], [ 73.20635833153986, 22.623466608862472 ], [ 73.216084644969285, 22.623575084346012 ], [ 73.216201145336413, 22.614545605160966 ] ] ] } },
{ "type": "Feature", "properties": { "FeatureID": "79", "HA_Area": 100.0, "OBJECTID_1": 1513, "ORIG_FID": 1514, "railway_bu": 2501.0, "Shape_Leng": 4000.0, "Shape_Area": 1000000.0, "buffer2": 0.0, "OBJECTID_2": 0, "OBJECTID_3": 0, "COUNT": 0.0, "AREA": 0.0, "MIN": 0.0, "MAX": 0.0, "RANGE": 0.0, "MEAN": 0.0, "STD": 0.0, "SUM": 0.0, "MEDIAN": 0.0, "PCT90": 0.0, "Nor": 0.0, "Shape_Le_1": 4000.0, "Shape_Ar_1": 1000000.0 }, "geometry": { "type": "Polygon", "coordinates": [ [ [ 73.235767853935059, 22.605731108406562 ], [ 73.226042690720746, 22.605623906152665 ], [ 73.225926883675498, 22.61465344377347 ], [ 73.235652680960456, 22.614760693479539 ], [ 73.235767853935059, 22.605731108406562 ] ] ] } },
{ "type": "Feature", "properties": { "FeatureID": "80", "HA_Area": 100.0, "OBJECTID_1": 1525, "ORIG_FID": 1526, "railway_bu": 2501.0, "Shape_Leng": 4000.0, "Shape_Area": 1000000.0, "buffer2": 0.0, "OBJECTID_2": 0, "OBJECTID_3": 0, "COUNT": 0.0, "AREA": 0.0, "MIN": 0.0, "MAX": 0.0, "RANGE": 0.0, "MEAN": 0.0, "STD": 0.0, "SUM": 0.0, "MEDIAN": 0.0, "PCT90": 0.0, "Nor": 0.0, "Shape_Le_1": 4000.0, "Shape_Ar_1": 1000000.0 }, "geometry": { "type": "Polygon", "coordinates": [ [ [ 73.352474291543004, 22.606971615864172 ], [ 73.342748446342441, 22.606871478471373 ], [ 73.342640249252582, 22.615901568324077 ], [ 73.352366728722757, 22.616001750042628 ], [ 73.352474291543004, 22.606971615864172 ] ] ] } },
{ "type": "Feature", "properties": { "FeatureID": "81", "HA_Area": 100.0, "OBJECTID_1": 1265, "ORIG_FID": 1266, "railway_bu": 1028.96, "Shape_Leng": 4000.0, "Shape_Area": 1000000.0, "buffer2": 0.0, "OBJECTID_2": 0, "OBJECTID_3": 0, "COUNT": 0.0, "AREA": 0.0, "MIN": 0.0, "MAX": 0.0, "RANGE": 0.0, "MEAN": 0.0, "STD": 0.0, "SUM": 0.0, "MEDIAN": 0.0, "PCT90": 0.0, "Nor": 0.0, "Shape_Le_1": 4000.0, "Shape_Ar_1": 1000000.0 }, "geometry": { "type": "Polygon", "coordinates": [ [ [ 73.255787010690739, 22.560795190573465 ], [ 73.246064896274561, 22.560689400221928 ], [ 73.24595064863621, 22.569719085959903 ], [ 73.2556733955455, 22.569824923212995 ], [ 73.255787010690739, 22.560795190573465 ] ] ] } },
{ "type": "Feature", "properties": { "FeatureID": "82", "HA_Area": 100.0, "OBJECTID_1": 1109, "ORIG_FID": 1110, "railway_bu": 2501.0, "Shape_Leng": 4000.0, "Shape_Area": 1000000.0, "buffer2": 0.0, "OBJECTID_2": 0, "OBJECTID_3": 0, "COUNT": 0.0, "AREA": 0.0, "MIN": 0.0, "MAX": 0.0, "RANGE": 0.0, "MEAN": 0.0, "STD": 0.0, "SUM": 0.0, "MEDIAN": 0.0, "PCT90": 0.0, "Nor": 0.0, "Shape_Le_1": 4000.0, "Shape_Ar_1": 1000000.0 }, "geometry": { "type": "Polygon", "coordinates": [ [ [ 73.197807074376499, 22.533063231912461 ], [ 73.188087209222147, 22.532954062894952 ], [ 73.187969347324284, 22.541983493907523 ], [ 73.197689843903021, 22.542092711370167 ], [ 73.197807074376499, 22.533063231912461 ] ] ] } },
{ "type": "Feature", "properties": { "FeatureID": "83", "HA_Area": 100.0, "OBJECTID_1": 1506, "ORIG_FID": 1507, "railway_bu": 2501.0, "Shape_Leng": 4000.0, "Shape_Area": 1000000.0, "buffer2": 0.0, "OBJECTID_2": 0, "OBJECTID_3": 0, "COUNT": 0.0, "AREA": 0.0, "MIN": 0.0, "MAX": 0.0, "RANGE": 0.0, "MEAN": 0.0, "STD": 0.0, "SUM": 0.0, "MEDIAN": 0.0, "PCT90": 0.0, "Nor": 0.0, "Shape_Le_1": 4000.0, "Shape_Ar_1": 1000000.0 }, "geometry": { "type": "Polygon", "coordinates": [ [ [ 73.167692960223064, 22.604968331578227 ], [ 73.157968216280977, 22.604857009112084 ], [ 73.15784797122771, 22.613886207274433 ], [ 73.167573349118157, 22.613997579016001 ], [ 73.167692960223064, 22.604968331578227 ] ] ] } },
{ "type": "Feature", "properties": { "FeatureID": "84", "HA_Area": 100.0, "OBJECTID_1": 1467, "ORIG_FID": 1468, "railway_bu": 1858.66, "Shape_Leng": 4000.0, "Shape_Area": 1000000.0, "buffer2": 0.0, "OBJECTID_2": 0, "OBJECTID_3": 0, "COUNT": 0.0, "AREA": 0.0, "MIN": 0.0, "MAX": 0.0, "RANGE": 0.0, "MEAN": 0.0, "STD": 0.0, "SUM": 0.0, "MEDIAN": 0.0, "PCT90": 0.0, "Nor": 0.0, "Shape_Le_1": 4000.0, "Shape_Ar_1": 1000000.0 }, "geometry": { "type": "Polygon", "coordinates": [ [ [ 73.274781668834535, 22.597124247712884 ], [ 73.265056906946626, 22.59701944659146 ], [ 73.264943693924792, 22.606049183147775 ], [ 73.274669089628645, 22.60615403067349 ], [ 73.274781668834535, 22.597124247712884 ] ] ] } },
{ "type": "Feature", "properties": { "FeatureID": "85", "HA_Area": 100.0, "OBJECTID_1": 1253, "ORIG_FID": 1254, "railway_bu": 2501.0, "Shape_Leng": 4000.0, "Shape_Area": 1000000.0, "buffer2": 0.0, "OBJECTID_2": 0, "OBJECTID_3": 0, "COUNT": 0.0, "AREA": 0.0, "MIN": 0.0, "MAX": 0.0, "RANGE": 0.0, "MEAN": 0.0, "STD": 0.0, "SUM": 0.0, "MEDIAN": 0.0, "PCT90": 0.0, "Nor": 0.0, "Shape_Le_1": 4000.0, "Shape_Ar_1": 1000000.0 }, "geometry": { "type": "Polygon", "coordinates": [ [ [ 73.139125549660292, 22.55948694295223 ], [ 73.129404154881641, 22.559374105094037 ], [ 73.129282318674299, 22.568403207709238 ], [ 73.139004345736581, 22.568516095592525 ], [ 73.139125549660292, 22.55948694295223 ] ] ] } },
{ "type": "Feature", "properties": { "FeatureID": "86", "HA_Area": 100.0, "OBJECTID_1": 1225, "ORIG_FID": 1226, "railway_bu": 2501.0, "Shape_Leng": 4000.0, "Shape_Area": 1000000.0, "buffer2": 0.0, "OBJECTID_2": 0, "OBJECTID_3": 0, "COUNT": 0.0, "AREA": 0.0, "MIN": 0.0, "MAX": 0.0, "RANGE": 0.0, "MEAN": 0.0, "STD": 0.0, "SUM": 0.0, "MEDIAN": 0.0, "PCT90": 0.0, "Nor": 0.0, "Shape_Le_1": 4000.0, "Shape_Ar_1": 1000000.0 }, "geometry": { "type": "Polygon", "coordinates": [ [ [ 73.353118519579141, 22.552790587512551 ], [ 73.343396473224331, 22.552690715956714 ], [ 73.343288606242098, 22.56172086962032 ], [ 73.35301128493218, 22.561820785468335 ], [ 73.353118519579141, 22.552790587512551 ] ] ] } },
{ "type": "Feature", "properties": { "FeatureID": "87", "HA_Area": 100.0, "OBJECTID_1": 1654, "ORIG_FID": 1655, "railway_bu": 2501.0, "Shape_Leng": 4000.0, "Shape_Area": 1000000.0, "buffer2": 0.0, "OBJECTID_2": 0, "OBJECTID_3": 0, "COUNT": 0.0, "AREA": 0.0, "MIN": 0.0, "MAX": 0.0, "RANGE": 0.0, "MEAN": 0.0, "STD": 0.0, "SUM": 0.0, "MEDIAN": 0.0, "PCT90": 0.0, "Nor": 0.0, "Shape_Le_1": 4000.0, "Shape_Ar_1": 1000000.0 }, "geometry": { "type": "Polygon", "coordinates": [ [ [ 73.147880711977052, 22.631832511681033 ], [ 73.13815418802362, 22.631719862738141 ], [ 73.13803248952739, 22.640748929240139 ], [ 73.147759648361102, 22.640861627998216 ], [ 73.147880711977052, 22.631832511681033 ] ] ] } },
{ "type": "Feature", "properties": { "FeatureID": "88", "HA_Area": 100.0, "OBJECTID_1": 1313, "ORIG_FID": 1314, "railway_bu": 1459.02, "Shape_Leng": 4000.0, "Shape_Area": 1000000.0, "buffer2": 0.0, "OBJECTID_2": 0, "OBJECTID_3": 0, "COUNT": 0.0, "AREA": 0.0, "MIN": 0.0, "MAX": 0.0, "RANGE": 0.0, "MEAN": 0.0, "STD": 0.0, "SUM": 0.0, "MEDIAN": 0.0, "PCT90": 0.0, "Nor": 0.0, "Shape_Le_1": 4000.0, "Shape_Ar_1": 1000000.0 }, "geometry": { "type": "Polygon", "coordinates": [ [ [ 73.236227959942667, 22.569612661073595 ], [ 73.226505329787003, 22.569505648568466 ], [ 73.226389758353321, 22.578535229022691 ], [ 73.236113021290237, 22.578642288956022 ], [ 73.236227959942667, 22.569612661073595 ] ] ] } },
{ "type": "Feature", "properties": { "FeatureID": "89", "HA_Area": 100.0, "OBJECTID_1": 1215, "ORIG_FID": 1216, "railway_bu": 1908.93, "Shape_Leng": 4000.0, "Shape_Area": 1000000.0, "buffer2": 0.0, "OBJECTID_2": 0, "OBJECTID_3": 0, "COUNT": 0.0, "AREA": 0.0, "MIN": 0.0, "MAX": 0.0, "RANGE": 0.0, "MEAN": 0.0, "STD": 0.0, "SUM": 0.0, "MEDIAN": 0.0, "PCT90": 0.0, "Nor": 0.0, "Shape_Le_1": 4000.0, "Shape_Ar_1": 1000000.0 }, "geometry": { "type": "Polygon", "coordinates": [ [ [ 73.255900567959216, 22.551765447255622 ], [ 73.246179085714104, 22.551659703799722 ], [ 73.246064896274561, 22.560689400221928 ], [ 73.255787010690739, 22.560795190573465 ], [ 73.255900567959216, 22.551765447255622 ] ] ] } },
{ "type": "Feature", "properties": { "FeatureID": "90", "HA_Area": 100.0, "OBJECTID_1": 1523, "ORIG_FID": 1524, "railway_bu": 1466.56, "Shape_Leng": 4000.0, "Shape_Area": 1000000.0, "buffer2": 0.0, "OBJECTID_2": 0, "OBJECTID_3": 0, "COUNT": 0.0, "AREA": 0.0, "MIN": 0.0, "MAX": 0.0, "RANGE": 0.0, "MEAN": 0.0, "STD": 0.0, "SUM": 0.0, "MEDIAN": 0.0, "PCT90": 0.0, "Nor": 0.0, "Shape_Le_1": 4000.0, "Shape_Ar_1": 1000000.0 }, "geometry": { "type": "Polygon", "coordinates": [ [ [ 73.333022656199873, 22.60677075226365 ], [ 73.323296921437958, 22.606669437254642 ], [ 73.323187455857209, 22.61569943767411 ], [ 73.332913824856504, 22.615800797530017 ], [ 73.333022656199873, 22.60677075226365 ] ] ] } },
{ "type": "Feature", "properties": { "FeatureID": "91", "HA_Area": 100.0, "OBJECTID_1": 1515, "ORIG_FID": 1516, "railway_bu": 2501.0, "Shape_Leng": 4000.0, "Shape_Area": 1000000.0, "buffer2": 0.0, "OBJECTID_2": 0, "OBJECTID_3": 0, "COUNT": 0.0, "AREA": 0.0, "MIN": 0.0, "MAX": 0.0, "RANGE": 0.0, "MEAN": 0.0, "STD": 0.0, "SUM": 0.0, "MEDIAN": 0.0, "PCT90": 0.0, "Nor": 0.0, "Shape_Le_1": 4000.0, "Shape_Ar_1": 1000000.0 }, "geometry": { "type": "Polygon", "coordinates": [ [ [ 73.255218355859569, 22.605943746918513 ], [ 73.245493075755476, 22.605837722 ], [ 73.245378536868628, 22.614867354264664 ], [ 73.255104451077457, 22.614973426114368 ], [ 73.255218355859569, 22.605943746918513 ] ] ] } },
{ "type": "Feature", "properties": { "FeatureID": "92", "HA_Area": 100.0, "OBJECTID_1": 1461, "ORIG_FID": 1462, "railway_bu": 2501.0, "Shape_Leng": 4000.0, "Shape_Area": 1000000.0, "buffer2": 0.0, "OBJECTID_2": 0, "OBJECTID_3": 0, "COUNT": 0.0, "AREA": 0.0, "MIN": 0.0, "MAX": 0.0, "RANGE": 0.0, "MEAN": 0.0, "STD": 0.0, "SUM": 0.0, "MEDIAN": 0.0, "PCT90": 0.0, "Nor": 0.0, "Shape_Le_1": 4000.0, "Shape_Ar_1": 1000000.0 }, "geometry": { "type": "Polygon", "coordinates": [ [ [ 73.216433968282715, 22.596486614625078 ], [ 73.206709556961926, 22.596378283060975 ], [ 73.206592541400624, 22.605407735721645 ], [ 73.216317586435125, 22.605516115252833 ], [ 73.216433968282715, 22.596486614625078 ] ] ] } },
{ "type": "Feature", "properties": { "FeatureID": "93", "HA_Area": 100.0, "OBJECTID_1": 1554, "ORIG_FID": 1555, "railway_bu": 2501.0, "Shape_Leng": 4000.0, "Shape_Area": 1000000.0, "buffer2": 0.0, "OBJECTID_2": 0, "OBJECTID_3": 0, "COUNT": 0.0, "AREA": 0.0, "MIN": 0.0, "MAX": 0.0, "RANGE": 0.0, "MEAN": 0.0, "STD": 0.0, "SUM": 0.0, "MEDIAN": 0.0, "PCT90": 0.0, "Nor": 0.0, "Shape_Le_1": 4000.0, "Shape_Ar_1": 1000000.0 }, "geometry": { "type": "Polygon", "coordinates": [ [ [ 73.148122654540856, 22.613774246730351 ], [ 73.138397399380111, 22.613661697398925 ], [ 73.138275824635173, 22.622690785456573 ], [ 73.148001714030983, 22.622803384590583 ], [ 73.148122654540856, 22.613774246730351 ] ] ] } },
{ "type": "Feature", "properties": { "FeatureID": "94", "HA_Area": 100.0, "OBJECTID_1": 1909, "ORIG_FID": 1910, "railway_bu": 2501.0, "Shape_Leng": 4000.0, "Shape_Area": 1000000.0, "buffer2": 0.0, "OBJECTID_2": 0, "OBJECTID_3": 0, "COUNT": 0.0, "AREA": 0.0, "MIN": 0.0, "MAX": 0.0, "RANGE": 0.0, "MEAN": 0.0, "STD": 0.0, "SUM": 0.0, "MEDIAN": 0.0, "PCT90": 0.0, "Nor": 0.0, "Shape_Le_1": 4000.0, "Shape_Ar_1": 1000000.0 }, "geometry": { "type": "Polygon", "coordinates": [ [ [ 73.195924204151737, 22.67753361640186 ], [ 73.186194197539876, 22.67742367152751 ], [ 73.1860753720036, 22.686452930705769 ], [ 73.195806015199736, 22.686562924123375 ], [ 73.195924204151737, 22.67753361640186 ] ] ] } },
{ "type": "Feature", "properties": { "FeatureID": "95", "HA_Area": 100.0, "OBJECTID_1": 1273, "ORIG_FID": 1274, "railway_bu": 2501.0, "Shape_Leng": 4000.0, "Shape_Area": 1000000.0, "buffer2": 0.0, "OBJECTID_2": 0, "OBJECTID_3": 0, "COUNT": 0.0, "AREA": 0.0, "MIN": 0.0, "MAX": 0.0, "RANGE": 0.0, "MEAN": 0.0, "STD": 0.0, "SUM": 0.0, "MEDIAN": 0.0, "PCT90": 0.0, "Nor": 0.0, "Shape_Le_1": 4000.0, "Shape_Ar_1": 1000000.0 }, "geometry": { "type": "Polygon", "coordinates": [ [ [ 73.33356598252989, 22.561620366259771 ], [ 73.323843414117718, 22.561519275400276 ], [ 73.323734226890892, 22.570549329060579 ], [ 73.33345742792838, 22.570650464738659 ], [ 73.33356598252989, 22.561620366259771 ] ] ] } },
{ "type": "Feature", "properties": { "FeatureID": "96", "HA_Area": 100.0, "OBJECTID_1": 1805, "ORIG_FID": 1806, "railway_bu": 2501.0, "Shape_Leng": 4000.0, "Shape_Area": 1000000.0, "buffer2": 0.0, "OBJECTID_2": 0, "OBJECTID_3": 0, "COUNT": 0.0, "AREA": 0.0, "MIN": 0.0, "MAX": 0.0, "RANGE": 0.0, "MEAN": 0.0, "STD": 0.0, "SUM": 0.0, "MEDIAN": 0.0, "PCT90": 0.0, "Nor": 0.0, "Shape_Le_1": 4000.0, "Shape_Ar_1": 1000000.0 }, "geometry": { "type": "Polygon", "coordinates": [ [ [ 73.157245827549943, 22.659032036616086 ], [ 73.14751733637128, 22.658919828298671 ], [ 73.147396087961411, 22.667948912274948 ], [ 73.157125215006943, 22.668061170165867 ], [ 73.157245827549943, 22.659032036616086 ] ] ] } },
{ "type": "Feature", "properties": { "FeatureID": "97", "HA_Area": 100.0, "OBJECTID_1": 1508, "ORIG_FID": 1509, "railway_bu": 2501.0, "Shape_Leng": 4000.0, "Shape_Area": 1000000.0, "buffer2": 0.0, "OBJECTID_2": 0, "OBJECTID_3": 0, "COUNT": 0.0, "AREA": 0.0, "MIN": 0.0, "MAX": 0.0, "RANGE": 0.0, "MEAN": 0.0, "STD": 0.0, "SUM": 0.0, "MEDIAN": 0.0, "PCT90": 0.0, "Nor": 0.0, "Shape_Le_1": 4000.0, "Shape_Ar_1": 1000000.0 }, "geometry": { "type": "Polygon", "coordinates": [ [ [ 73.187142630374851, 22.605189210824044 ], [ 73.177417765028494, 22.605079065487207 ], [ 73.177298787889697, 22.614108361939969 ], [ 73.187024287219828, 22.614218556031332 ], [ 73.187142630374851, 22.605189210824044 ] ] ] } },
{ "type": "Feature", "properties": { "FeatureID": "98", "HA_Area": 100.0, "OBJECTID_1": 1752, "ORIG_FID": 1753, "railway_bu": 2501.0, "Shape_Leng": 4000.0, "Shape_Area": 1000000.0, "buffer2": 0.0, "OBJECTID_2": 0, "OBJECTID_3": 0, "COUNT": 0.0, "AREA": 0.0, "MIN": 0.0, "MAX": 0.0, "RANGE": 0.0, "MEAN": 0.0, "STD": 0.0, "SUM": 0.0, "MEDIAN": 0.0, "PCT90": 0.0, "Nor": 0.0, "Shape_Le_1": 4000.0, "Shape_Ar_1": 1000000.0 }, "geometry": { "type": "Polygon", "coordinates": [ [ [ 73.118332233822898, 22.658579662867851 ], [ 73.128060539184816, 22.658693641409229 ], [ 73.128182997012445, 22.649664646565348 ], [ 73.118455327140168, 22.649550718372929 ], [ 73.118332233822898, 22.658579662867851 ] ] ] } },
{ "type": "Feature", "properties": { "FeatureID": "99", "HA_Area": 100.0, "OBJECTID_1": 1708, "ORIG_FID": 1709, "railway_bu": 2501.0, "Shape_Leng": 4000.0, "Shape_Area": 1000000.0, "buffer2": 0.0, "OBJECTID_2": 0, "OBJECTID_3": 0, "COUNT": 0.0, "AREA": 0.0, "MIN": 0.0, "MAX": 0.0, "RANGE": 0.0, "MEAN": 0.0, "STD": 0.0, "SUM": 0.0, "MEDIAN": 0.0, "PCT90": 0.0, "Nor": 0.0, "Shape_Le_1": 4000.0, "Shape_Ar_1": 1000000.0 }, "geometry": { "type": "Polygon", "coordinates": [ [ [ 73.18666889626806, 22.641306527190853 ], [ 73.176941493051075, 22.641196186798862 ], [ 73.176822273571887, 22.650225440240355 ], [ 73.186550312063289, 22.650335829411574 ], [ 73.18666889626806, 22.641306527190853 ] ] ] } },
{ "type": "Feature", "properties": { "FeatureID": "100", "HA_Area": 100.0, "OBJECTID_1": 1616, "ORIG_FID": 1617, "railway_bu": 2501.0, "Shape_Leng": 4000.0, "Shape_Area": 1000000.0, "buffer2": 0.0, "OBJECTID_2": 0, "OBJECTID_3": 0, "COUNT": 0.0, "AREA": 0.0, "MIN": 0.0, "MAX": 0.0, "RANGE": 0.0, "MEAN": 0.0, "STD": 0.0, "SUM": 0.0, "MEDIAN": 0.0, "PCT90": 0.0, "Nor": 0.0, "Shape_Le_1": 4000.0, "Shape_Ar_1": 1000000.0 }, "geometry": { "type": "Polygon", "coordinates": [ [ [ 73.264717094948452, 22.624108624187585 ], [ 73.254990488317304, 22.624003094611073 ], [ 73.25487646756217, 22.633032752405153 ], [ 73.264603708960294, 22.633138328664149 ], [ 73.264717094948452, 22.624108624187585 ] ] ] } },
{ "type": "Feature", "properties": { "FeatureID": "101", "HA_Area": 100.0, "OBJECTID_1": 1709, "ORIG_FID": 1710, "railway_bu": 2501.0, "Shape_Leng": 4000.0, "Shape_Area": 1000000.0, "buffer2": 0.0, "OBJECTID_2": 0, "OBJECTID_3": 0, "COUNT": 0.0, "AREA": 0.0, "MIN": 0.0, "MAX": 0.0, "RANGE": 0.0, "MEAN": 0.0, "STD": 0.0, "SUM": 0.0, "MEDIAN": 0.0, "PCT90": 0.0, "Nor": 0.0, "Shape_Le_1": 4000.0, "Shape_Ar_1": 1000000.0 }, "geometry": { "type": "Polygon", "coordinates": [ [ [ 73.18666889626806, 22.641306527190853 ], [ 73.186550312063289, 22.650335829411574 ], [ 73.19627841086114, 22.65044562869311 ], [ 73.196396359773857, 22.641416277953752 ], [ 73.18666889626806, 22.641306527190853 ] ] ] } },
{ "type": "Feature", "properties": { "FeatureID": "102", "HA_Area": 100.0, "OBJECTID_1": 1809, "ORIG_FID": 1810, "railway_bu": 2501.0, "Shape_Leng": 4000.0, "Shape_Area": 1000000.0, "buffer2": 0.0, "OBJECTID_2": 0, "OBJECTID_3": 0, "COUNT": 0.0, "AREA": 0.0, "MIN": 0.0, "MAX": 0.0, "RANGE": 0.0, "MEAN": 0.0, "STD": 0.0, "SUM": 0.0, "MEDIAN": 0.0, "PCT90": 0.0, "Nor": 0.0, "Shape_Le_1": 4000.0, "Shape_Ar_1": 1000000.0 }, "geometry": { "type": "Polygon", "coordinates": [ [ [ 73.196160401964889, 22.659474968683245 ], [ 73.186431667552085, 22.65936512087692 ], [ 73.186312962716826, 22.668394401583395 ], [ 73.196042333067609, 22.668504297920656 ], [ 73.196160401964889, 22.659474968683245 ] ] ] } },
{ "type": "Feature", "properties": { "FeatureID": "103", "HA_Area": 100.0, "OBJECTID_1": 1802, "ORIG_FID": 1803, "railway_bu": 2501.0, "Shape_Leng": 4000.0, "Shape_Area": 1000000.0, "buffer2": 0.0, "OBJECTID_2": 0, "OBJECTID_3": 0, "COUNT": 0.0, "AREA": 0.0, "MIN": 0.0, "MAX": 0.0, "RANGE": 0.0, "MEAN": 0.0, "STD": 0.0, "SUM": 0.0, "MEDIAN": 0.0, "PCT90": 0.0, "Nor": 0.0, "Shape_Le_1": 4000.0, "Shape_Ar_1": 1000000.0 }, "geometry": { "type": "Polygon", "coordinates": [ [ [ 73.128060539184816, 22.658693641409229 ], [ 73.118332233822898, 22.658579662867851 ], [ 73.118209077920838, 22.667608596559916 ], [ 73.127938019095325, 22.667722625456644 ], [ 73.128060539184816, 22.658693641409229 ] ] ] } },
{ "type": "Feature", "properties": { "FeatureID": "104", "HA_Area": 100.0, "OBJECTID_1": 1812, "ORIG_FID": 1813, "railway_bu": 2501.0, "Shape_Leng": 4000.0, "Shape_Area": 1000000.0, "buffer2": 0.0, "OBJECTID_2": 0, "OBJECTID_3": 0, "COUNT": 0.0, "AREA": 0.0, "MIN": 0.0, "MAX": 0.0, "RANGE": 0.0, "MEAN": 0.0, "STD": 0.0, "SUM": 0.0, "MEDIAN": 0.0, "PCT90": 0.0, "Nor": 0.0, "Shape_Le_1": 4000.0, "Shape_Ar_1": 1000000.0 }, "geometry": { "type": "Polygon", "coordinates": [ [ [ 73.225346963917502, 22.659800971051968 ], [ 73.215618050470638, 22.659692893785536 ], [ 73.215501253501827, 22.668722319302834 ], [ 73.225230802939009, 22.668830444318203 ], [ 73.225346963917502, 22.659800971051968 ] ] ] } },
{ "type": "Feature", "properties": { "FeatureID": "105", "HA_Area": 100.0, "OBJECTID_1": 1305, "ORIG_FID": 1306, "railway_bu": 2501.0, "Shape_Leng": 4000.0, "Shape_Area": 1000000.0, "buffer2": 0.0, "OBJECTID_2": 0, "OBJECTID_3": 0, "COUNT": 0.0, "AREA": 0.0, "MIN": 0.0, "MAX": 0.0, "RANGE": 0.0, "MEAN": 0.0, "STD": 0.0, "SUM": 0.0, "MEDIAN": 0.0, "PCT90": 0.0, "Nor": 0.0, "Shape_Le_1": 4000.0, "Shape_Ar_1": 1000000.0 }, "geometry": { "type": "Polygon", "coordinates": [ [ [ 73.158448584814693, 22.568740108932833 ], [ 73.148726434557389, 22.568628396005455 ], [ 73.148605801498718, 22.577657587661893 ], [ 73.158328584397523, 22.577769350100105 ], [ 73.158448584814693, 22.568740108932833 ] ] ] } },
{ "type": "Feature", "properties": { "FeatureID": "106", "HA_Area": 100.0, "OBJECTID_1": 1817, "ORIG_FID": 1818, "railway_bu": 2501.0, "Shape_Leng": 4000.0, "Shape_Area": 1000000.0, "buffer2": 0.0, "OBJECTID_2": 0, "OBJECTID_3": 0, "COUNT": 0.0, "AREA": 0.0, "MIN": 0.0, "MAX": 0.0, "RANGE": 0.0, "MEAN": 0.0, "STD": 0.0, "SUM": 0.0, "MEDIAN": 0.0, "PCT90": 0.0, "Nor": 0.0, "Shape_Le_1": 4000.0, "Shape_Ar_1": 1000000.0 }, "geometry": { "type": "Polygon", "coordinates": [ [ [ 73.273992410169868, 22.660332503953704 ], [ 73.26426320479392, 22.660227377878904 ], [ 73.264149587948282, 22.669257039533946 ], [ 73.273879429399884, 22.669362212054182 ], [ 73.273992410169868, 22.660332503953704 ] ] ] } },
{ "type": "Feature", "properties": { "FeatureID": "107", "HA_Area": 100.0, "OBJECTID_1": 1007, "ORIG_FID": 1008, "railway_bu": 2501.0, "Shape_Leng": 4000.0, "Shape_Area": 1000000.0, "buffer2": 0.0, "OBJECTID_2": 0, "OBJECTID_3": 0, "COUNT": 0.0, "AREA": 0.0, "MIN": 0.0, "MAX": 0.0, "RANGE": 0.0, "MEAN": 0.0, "STD": 0.0, "SUM": 0.0, "MEDIAN": 0.0, "PCT90": 0.0, "Nor": 0.0, "Shape_Le_1": 4000.0, "Shape_Ar_1": 1000000.0 }, "geometry": { "type": "Polygon", "coordinates": [ [ [ 73.178604209573095, 22.514785510613759 ], [ 73.168885726711025, 22.514675266514431 ], [ 73.168766723442744, 22.523704621297053 ], [ 73.178485837050914, 22.523814914349565 ], [ 73.178604209573095, 22.514785510613759 ] ] ] } },
{ "type": "Feature", "properties": { "FeatureID": "108", "HA_Area": 100.0, "OBJECTID_1": 1971, "ORIG_FID": 1972, "railway_bu": 2501.0, "Shape_Leng": 4000.0, "Shape_Area": 1000000.0, "buffer2": 0.0, "OBJECTID_2": 0, "OBJECTID_3": 0, "COUNT": 0.0, "AREA": 0.0, "MIN": 0.0, "MAX": 0.0, "RANGE": 0.0, "MEAN": 0.0, "STD": 0.0, "SUM": 0.0, "MEDIAN": 0.0, "PCT90": 0.0, "Nor": 0.0, "Shape_Le_1": 4000.0, "Shape_Ar_1": 1000000.0 }, "geometry": { "type": "Polygon", "coordinates": [ [ [ 73.312578325268987, 22.68783674706437 ], [ 73.302846982768983, 22.687733845974993 ], [ 73.302735740885637, 22.69676365976505 ], [ 73.312467720497864, 22.69686660627422 ], [ 73.312578325268987, 22.68783674706437 ] ] ] } },
{ "type": "Feature", "properties": { "FeatureID": "109", "HA_Area": 100.0, "OBJECTID_1": 1153, "ORIG_FID": 1154, "railway_bu": 2501.0, "Shape_Leng": 4000.0, "Shape_Area": 1000000.0, "buffer2": 0.0, "OBJECTID_2": 0, "OBJECTID_3": 0, "COUNT": 0.0, "AREA": 0.0, "MIN": 0.0, "MAX": 0.0, "RANGE": 0.0, "MEAN": 0.0, "STD": 0.0, "SUM": 0.0, "MEDIAN": 0.0, "PCT90": 0.0, "Nor": 0.0, "Shape_Le_1": 4000.0, "Shape_Ar_1": 1000000.0 }, "geometry": { "type": "Polygon", "coordinates": [ [ [ 73.139367772304027, 22.541428605420748 ], [ 73.129647641126951, 22.541315867593834 ], [ 73.129525929026499, 22.550344991721065 ], [ 73.139246691843468, 22.550457779560464 ], [ 73.139367772304027, 22.541428605420748 ] ] ] } },
{ "type": "Feature", "properties": { "FeatureID": "110", "HA_Area": 100.0, "OBJECTID_1": 1613, "ORIG_FID": 1614, "railway_bu": 2501.0, "Shape_Leng": 4000.0, "Shape_Area": 1000000.0, "buffer2": 0.0, "OBJECTID_2": 0, "OBJECTID_3": 0, "COUNT": 0.0, "AREA": 0.0, "MIN": 0.0, "MAX": 0.0, "RANGE": 0.0, "MEAN": 0.0, "STD": 0.0, "SUM": 0.0, "MEDIAN": 0.0, "PCT90": 0.0, "Nor": 0.0, "Shape_Le_1": 4000.0, "Shape_Ar_1": 1000000.0 }, "geometry": { "type": "Polygon", "coordinates": [ [ [ 73.235537449362596, 22.623790267841475 ], [ 73.225811017684421, 22.623682970677216 ], [ 73.225695092730291, 22.632712486860417 ], [ 73.235422159124383, 22.63281983148886 ], [ 73.235537449362596, 22.623790267841475 ] ] ] } },
{ "type": "Feature", "properties": { "FeatureID": "111", "HA_Area": 100.0, "OBJECTID_1": 1670, "ORIG_FID": 1671, "railway_bu": 2501.0, "Shape_Leng": 4000.0, "Shape_Area": 1000000.0, "buffer2": 0.0, "OBJECTID_2": 0, "OBJECTID_3": 0, "COUNT": 0.0, "AREA": 0.0, "MIN": 0.0, "MAX": 0.0, "RANGE": 0.0, "MEAN": 0.0, "STD": 0.0, "SUM": 0.0, "MEDIAN": 0.0, "PCT90": 0.0, "Nor": 0.0, "Shape_Le_1": 4000.0, "Shape_Ar_1": 1000000.0 }, "geometry": { "type": "Polygon", "coordinates": [ [ [ 73.303513248215495, 22.63355473870638 ], [ 73.293785777997954, 22.633451520473177 ], [ 73.293674239690787, 22.642481352751048 ], [ 73.303402345064939, 22.642584616630138 ], [ 73.303513248215495, 22.63355473870638 ] ] ] } },
{ "type": "Feature", "properties": { "FeatureID": "112", "HA_Area": 100.0, "OBJECTID_1": 1858, "ORIG_FID": 1859, "railway_bu": 2501.0, "Shape_Leng": 4000.0, "Shape_Area": 1000000.0, "buffer2": 0.0, "OBJECTID_2": 0, "OBJECTID_3": 0, "COUNT": 0.0, "AREA": 0.0, "MIN": 0.0, "MAX": 0.0, "RANGE": 0.0, "MEAN": 0.0, "STD": 0.0, "SUM": 0.0, "MEDIAN": 0.0, "PCT90": 0.0, "Nor": 0.0, "Shape_Le_1": 4000.0, "Shape_Ar_1": 1000000.0 }, "geometry": { "type": "Polygon", "coordinates": [ [ [ 73.186312962716826, 22.668394401583395 ], [ 73.17658365270772, 22.668283914835186 ], [ 73.176464251287342, 22.677313135981517 ], [ 73.186194197539876, 22.67742367152751 ], [ 73.186312962716826, 22.668394401583395 ] ] ] } },
{ "type": "Feature", "properties": { "FeatureID": "113", "HA_Area": 100.0, "OBJECTID_1": 1001, "ORIG_FID": 1002, "railway_bu": 2501.0, "Shape_Leng": 4000.0, "Shape_Area": 1000000.0, "buffer2": 0.0, "OBJECTID_2": 0, "OBJECTID_3": 0, "COUNT": 0.0, "AREA": 0.0, "MIN": 0.0, "MAX": 0.0, "RANGE": 0.0, "MEAN": 0.0, "STD": 0.0, "SUM": 0.0, "MEDIAN": 0.0, "PCT90": 0.0, "Nor": 0.0, "Shape_Le_1": 4000.0, "Shape_Ar_1": 1000000.0 }, "geometry": { "type": "Polygon", "coordinates": [ [ [ 73.120294229127154, 22.514115257000544 ], [ 73.110576115205845, 22.514001497400407 ], [ 73.110453327834506, 22.523030553001821 ], [ 73.120172072394723, 22.523144363115701 ], [ 73.120294229127154, 22.514115257000544 ] ] ] } },
{ "type": "Feature", "properties": { "FeatureID": "114", "HA_Area": 100.0, "OBJECTID_1": 1009, "ORIG_FID": 1010, "railway_bu": 2501.0, "Shape_Leng": 4000.0, "Shape_Area": 1000000.0, "buffer2": 0.0, "OBJECTID_2": 0, "OBJECTID_3": 0, "COUNT": 0.0, "AREA": 0.0, "MIN": 0.0, "MAX": 0.0, "RANGE": 0.0, "MEAN": 0.0, "STD": 0.0, "SUM": 0.0, "MEDIAN": 0.0, "PCT90": 0.0, "Nor": 0.0, "Shape_Le_1": 4000.0, "Shape_Ar_1": 1000000.0 }, "geometry": { "type": "Polygon", "coordinates": [ [ [ 73.198041356070704, 22.515004240889144 ], [ 73.188322752800147, 22.51489516874361 ], [ 73.188205011041632, 22.52392462117248 ], [ 73.197924245093276, 22.524033741750952 ], [ 73.198041356070704, 22.515004240889144 ] ] ] } },
{ "type": "Feature", "properties": { "FeatureID": "115", "HA_Area": 100.0, "OBJECTID_1": 1404, "ORIG_FID": 1405, "railway_bu": 2501.0, "Shape_Leng": 4000.0, "Shape_Area": 1000000.0, "buffer2": 0.0, "OBJECTID_2": 0, "OBJECTID_3": 0, "COUNT": 0.0, "AREA": 0.0, "MIN": 0.0, "MAX": 0.0, "RANGE": 0.0, "MEAN": 0.0, "STD": 0.0, "SUM": 0.0, "MEDIAN": 0.0, "PCT90": 0.0, "Nor": 0.0, "Shape_Le_1": 4000.0, "Shape_Ar_1": 1000000.0 }, "geometry": { "type": "Polygon", "coordinates": [ [ [ 73.148364351000268, 22.595715938714612 ], [ 73.148485106985646, 22.586686768566121 ], [ 73.138761752595556, 22.586574368604659 ], [ 73.138640363342276, 22.595603488969452 ], [ 73.148364351000268, 22.595715938714612 ] ] ] } },
{ "type": "Feature", "properties": { "FeatureID": "116", "HA_Area": 100.0, "OBJECTID_1": 1874, "ORIG_FID": 1875, "railway_bu": 1879.39, "Shape_Leng": 4000.0, "Shape_Area": 1000000.0, "buffer2": 0.0, "OBJECTID_2": 0, "OBJECTID_3": 0, "COUNT": 0.0, "AREA": 0.0, "MIN": 0.0, "MAX": 0.0, "RANGE": 0.0, "MEAN": 0.0, "STD": 0.0, "SUM": 0.0, "MEDIAN": 0.0, "PCT90": 0.0, "Nor": 0.0, "Shape_Le_1": 4000.0, "Shape_Ar_1": 1000000.0 }, "geometry": { "type": "Polygon", "coordinates": [ [ [ 73.341989909594659, 22.670081883728695 ], [ 73.332259672897308, 22.66998084529806 ], [ 73.332150453436483, 22.67901081592224 ], [ 73.341881326648291, 22.679111898978764 ], [ 73.341989909594659, 22.670081883728695 ] ] ] } },
{ "type": "Feature", "properties": { "FeatureID": "117", "HA_Area": 100.0, "OBJECTID_1": 1520, "ORIG_FID": 1521, "railway_bu": 1593.86, "Shape_Leng": 4000.0, "Shape_Area": 1000000.0, "buffer2": 0.0, "OBJECTID_2": 0, "OBJECTID_3": 0, "COUNT": 0.0, "AREA": 0.0, "MIN": 0.0, "MAX": 0.0, "RANGE": 0.0, "MEAN": 0.0, "STD": 0.0, "SUM": 0.0, "MEDIAN": 0.0, "PCT90": 0.0, "Nor": 0.0, "Shape_Le_1": 4000.0, "Shape_Ar_1": 1000000.0 }, "geometry": { "type": "Polygon", "coordinates": [ [ [ 73.303845619346447, 22.606465040887755 ], [ 73.294120052662009, 22.60636195955756 ], [ 73.29400868446703, 22.61539182387299 ], [ 73.303734885339807, 22.615494950831746 ], [ 73.303845619346447, 22.606465040887755 ] ] ] } },
{ "type": "Feature", "properties": { "FeatureID": "118", "HA_Area": 100.0, "OBJECTID_1": 1766, "ORIG_FID": 1767, "railway_bu": 2501.0, "Shape_Leng": 4000.0, "Shape_Area": 1000000.0, "buffer2": 0.0, "OBJECTID_2": 0, "OBJECTID_3": 0, "COUNT": 0.0, "AREA": 0.0, "MIN": 0.0, "MAX": 0.0, "RANGE": 0.0, "MEAN": 0.0, "STD": 0.0, "SUM": 0.0, "MEDIAN": 0.0, "PCT90": 0.0, "Nor": 0.0, "Shape_Le_1": 4000.0, "Shape_Ar_1": 1000000.0 }, "geometry": { "type": "Polygon", "coordinates": [ [ [ 73.26437676389989, 22.651197705513287 ], [ 73.254648251999271, 22.651092035871574 ], [ 73.254534057157628, 22.660121661536969 ], [ 73.26426320479392, 22.660227377878904 ], [ 73.26437676389989, 22.651197705513287 ] ] ] } },
{ "type": "Feature", "properties": { "FeatureID": "119", "HA_Area": 100.0, "OBJECTID_1": 1224, "ORIG_FID": 1225, "railway_bu": 2501.0, "Shape_Leng": 4000.0, "Shape_Area": 1000000.0, "buffer2": 0.0, "OBJECTID_2": 0, "OBJECTID_3": 0, "COUNT": 0.0, "AREA": 0.0, "MIN": 0.0, "MAX": 0.0, "RANGE": 0.0, "MEAN": 0.0, "STD": 0.0, "SUM": 0.0, "MEDIAN": 0.0, "PCT90": 0.0, "Nor": 0.0, "Shape_Le_1": 4000.0, "Shape_Ar_1": 1000000.0 }, "geometry": { "type": "Polygon", "coordinates": [ [ [ 73.343396473224331, 22.552690715956714 ], [ 73.333674481831395, 22.552590257148719 ], [ 73.33356598252989, 22.561620366259771 ], [ 73.343288606242098, 22.56172086962032 ], [ 73.343396473224331, 22.552690715956714 ] ] ] } },
{ "type": "Feature", "properties": { "FeatureID": "120", "HA_Area": 100.0, "OBJECTID_1": 1455, "ORIG_FID": 1456, "railway_bu": 2501.0, "Shape_Leng": 4000.0, "Shape_Area": 1000000.0, "buffer2": 0.0, "OBJECTID_2": 0, "OBJECTID_3": 0, "COUNT": 0.0, "AREA": 0.0, "MIN": 0.0, "MAX": 0.0, "RANGE": 0.0, "MEAN": 0.0, "STD": 0.0, "SUM": 0.0, "MEDIAN": 0.0, "PCT90": 0.0, "Nor": 0.0, "Shape_Le_1": 4000.0, "Shape_Ar_1": 1000000.0 }, "geometry": { "type": "Polygon", "coordinates": [ [ [ 73.148364351000268, 22.595715938714612 ], [ 73.148243533524649, 22.604745098103859 ], [ 73.157968216280977, 22.604857009112084 ], [ 73.158088400148472, 22.595827800193245 ], [ 73.148364351000268, 22.595715938714612 ] ] ] } },
{ "type": "Feature", "properties": { "FeatureID": "121", "HA_Area": 100.0, "OBJECTID_1": 1502, "ORIG_FID": 1503, "railway_bu": 2501.0, "Shape_Leng": 4000.0, "Shape_Area": 1000000.0, "buffer2": 0.0, "OBJECTID_2": 0, "OBJECTID_3": 0, "COUNT": 0.0, "AREA": 0.0, "MIN": 0.0, "MAX": 0.0, "RANGE": 0.0, "MEAN": 0.0, "STD": 0.0, "SUM": 0.0, "MEDIAN": 0.0, "PCT90": 0.0, "Nor": 0.0, "Shape_Le_1": 4000.0, "Shape_Ar_1": 1000000.0 }, "geometry": { "type": "Polygon", "coordinates": [ [ [ 73.128794352858833, 22.604519510521872 ], [ 73.119069855594134, 22.604405833978653 ], [ 73.118947074926822, 22.613434832435061 ], [ 73.128672206067947, 22.613548559295388 ], [ 73.128794352858833, 22.604519510521872 ] ] ] } },
{ "type": "Feature", "properties": { "FeatureID": "122", "HA_Area": 100.0, "OBJECTID_1": 1517, "ORIG_FID": 1518, "railway_bu": 2380.96, "Shape_Leng": 4000.0, "Shape_Area": 1000000.0, "buffer2": 0.0, "OBJECTID_2": 0, "OBJECTID_3": 0, "COUNT": 0.0, "AREA": 0.0, "MIN": 0.0, "MAX": 0.0, "RANGE": 0.0, "MEAN": 0.0, "STD": 0.0, "SUM": 0.0, "MEDIAN": 0.0, "PCT90": 0.0, "Nor": 0.0, "Shape_Le_1": 4000.0, "Shape_Ar_1": 1000000.0 }, "geometry": { "type": "Polygon", "coordinates": [ [ [ 73.274669089628645, 22.60615403067349 ], [ 73.264943693924792, 22.606049183147775 ], [ 73.264830423264343, 22.615078909014304 ], [ 73.274556453106641, 22.615183802950181 ], [ 73.274669089628645, 22.60615403067349 ] ] ] } },
{ "type": "Feature", "properties": { "FeatureID": "123", "HA_Area": 100.0, "OBJECTID_1": 1212, "ORIG_FID": 1213, "railway_bu": 551.439, "Shape_Leng": 4000.0, "Shape_Area": 1000000.0, "buffer2": 0.0, "OBJECTID_2": 0, "OBJECTID_3": 0, "COUNT": 0.0, "AREA": 0.0, "MIN": 0.0, "MAX": 0.0, "RANGE": 0.0, "MEAN": 0.0, "STD": 0.0, "SUM": 0.0, "MEDIAN": 0.0, "PCT90": 0.0, "Nor": 0.0, "Shape_Le_1": 4000.0, "Shape_Ar_1": 1000000.0 }, "geometry": { "type": "Polygon", "coordinates": [ [ [ 73.226736296091474, 22.55144645556457 ], [ 73.217014989357835, 22.551338950814191 ], [ 73.216898903507044, 22.560368504987693 ], [ 73.226620842360674, 22.560476057414601 ], [ 73.226736296091474, 22.55144645556457 ] ] ] } },
{ "type": "Feature", "properties": { "FeatureID": "124", "HA_Area": 100.0, "OBJECTID_1": 1904, "ORIG_FID": 1905, "railway_bu": 2501.0, "Shape_Leng": 4000.0, "Shape_Area": 1000000.0, "buffer2": 0.0, "OBJECTID_2": 0, "OBJECTID_3": 0, "COUNT": 0.0, "AREA": 0.0, "MIN": 0.0, "MAX": 0.0, "RANGE": 0.0, "MEAN": 0.0, "STD": 0.0, "SUM": 0.0, "MEDIAN": 0.0, "PCT90": 0.0, "Nor": 0.0, "Shape_Le_1": 4000.0, "Shape_Ar_1": 1000000.0 }, "geometry": { "type": "Polygon", "coordinates": [ [ [ 73.147274777917545, 22.676977985463907 ], [ 73.137545076334078, 22.676865087381952 ], [ 73.137423068143164, 22.685894099933321 ], [ 73.147153406221676, 22.686007047862045 ], [ 73.147274777917545, 22.676977985463907 ] ] ] } },
{ "type": "Feature", "properties": { "FeatureID": "125", "HA_Area": 100.0, "OBJECTID_1": 1820, "ORIG_FID": 1821, "railway_bu": 2501.0, "Shape_Leng": 4000.0, "Shape_Area": 1000000.0, "buffer2": 0.0, "OBJECTID_2": 0, "OBJECTID_3": 0, "COUNT": 0.0, "AREA": 0.0, "MIN": 0.0, "MAX": 0.0, "RANGE": 0.0, "MEAN": 0.0, "STD": 0.0, "SUM": 0.0, "MEDIAN": 0.0, "PCT90": 0.0, "Nor": 0.0, "Shape_Le_1": 4000.0, "Shape_Ar_1": 1000000.0 }, "geometry": { "type": "Polygon", "coordinates": [ [ [ 73.303180369504673, 22.660644340433201 ], [ 73.293450992848378, 22.660540985244975 ], [ 73.293339284279952, 22.669570785454155 ], [ 73.303069297061981, 22.669674186305627 ], [ 73.303180369504673, 22.660644340433201 ] ] ] } },
{ "type": "Feature", "properties": { "FeatureID": "126", "HA_Area": 100.0, "OBJECTID_1": 1365, "ORIG_FID": 1366, "railway_bu": 1370.75, "Shape_Leng": 4000.0, "Shape_Area": 1000000.0, "buffer2": 0.0, "OBJECTID_2": 0, "OBJECTID_3": 0, "COUNT": 0.0, "AREA": 0.0, "MIN": 0.0, "MAX": 0.0, "RANGE": 0.0, "MEAN": 0.0, "STD": 0.0, "SUM": 0.0, "MEDIAN": 0.0, "PCT90": 0.0, "Nor": 0.0, "Shape_Le_1": 4000.0, "Shape_Ar_1": 1000000.0 }, "geometry": { "type": "Polygon", "coordinates": [ [ [ 73.255559722506618, 22.578854645170733 ], [ 73.24583634278207, 22.578748761010175 ], [ 73.245721978695229, 22.587778425369272 ], [ 73.255445991557266, 22.587884356443226 ], [ 73.255559722506618, 22.578854645170733 ] ] ] } },
{ "type": "Feature", "properties": { "FeatureID": "127", "HA_Area": 100.0, "OBJECTID_1": 1859, "ORIG_FID": 1860, "railway_bu": 2501.0, "Shape_Leng": 4000.0, "Shape_Area": 1000000.0, "buffer2": 0.0, "OBJECTID_2": 0, "OBJECTID_3": 0, "COUNT": 0.0, "AREA": 0.0, "MIN": 0.0, "MAX": 0.0, "RANGE": 0.0, "MEAN": 0.0, "STD": 0.0, "SUM": 0.0, "MEDIAN": 0.0, "PCT90": 0.0, "Nor": 0.0, "Shape_Le_1": 4000.0, "Shape_Ar_1": 1000000.0 }, "geometry": { "type": "Polygon", "coordinates": [ [ [ 73.196042333067609, 22.668504297920656 ], [ 73.186312962716826, 22.668394401583395 ], [ 73.186194197539876, 22.67742367152751 ], [ 73.195924204151737, 22.67753361640186 ], [ 73.196042333067609, 22.668504297920656 ] ] ] } },
{ "type": "Feature", "properties": { "FeatureID": "128", "HA_Area": 100.0, "OBJECTID_1": 1011, "ORIG_FID": 1012, "railway_bu": 2380.08, "Shape_Leng": 4000.0, "Shape_Area": 1000000.0, "buffer2": 0.0, "OBJECTID_2": 0, "OBJECTID_3": 0, "COUNT": 0.0, "AREA": 0.0, "MIN": 0.0, "MAX": 0.0, "RANGE": 0.0, "MEAN": 0.0, "STD": 0.0, "SUM": 0.0, "MEDIAN": 0.0, "PCT90": 0.0, "Nor": 0.0, "Shape_Le_1": 4000.0, "Shape_Ar_1": 1000000.0 }, "geometry": { "type": "Polygon", "coordinates": [ [ [ 73.217478741456233, 22.515220627168311 ], [ 73.207760019063244, 22.515112727035604 ], [ 73.207643538884255, 22.524142276070215 ], [ 73.217362892092964, 22.524250224115573 ], [ 73.217478741456233, 22.515220627168311 ] ] ] } },
{ "type": "Feature", "properties": { "FeatureID": "129", "HA_Area": 100.0, "OBJECTID_1": 1008, "ORIG_FID": 1009, "railway_bu": 2501.0, "Shape_Leng": 4000.0, "Shape_Area": 1000000.0, "buffer2": 0.0, "OBJECTID_2": 0, "OBJECTID_3": 0, "COUNT": 0.0, "AREA": 0.0, "MIN": 0.0, "MAX": 0.0, "RANGE": 0.0, "MEAN": 0.0, "STD": 0.0, "SUM": 0.0, "MEDIAN": 0.0, "PCT90": 0.0, "Nor": 0.0, "Shape_Le_1": 4000.0, "Shape_Ar_1": 1000000.0 }, "geometry": { "type": "Polygon", "coordinates": [ [ [ 73.188322752800147, 22.51489516874361 ], [ 73.178604209573095, 22.514785510613759 ], [ 73.178485837050914, 22.523814914349565 ], [ 73.188205011041632, 22.52392462117248 ], [ 73.188322752800147, 22.51489516874361 ] ] ] } },
{ "type": "Feature", "properties": { "FeatureID": "130", "HA_Area": 100.0, "OBJECTID_1": 1412, "ORIG_FID": 1413, "railway_bu": 2501.0, "Shape_Leng": 4000.0, "Shape_Area": 1000000.0, "buffer2": 0.0, "OBJECTID_2": 0, "OBJECTID_3": 0, "COUNT": 0.0, "AREA": 0.0, "MIN": 0.0, "MAX": 0.0, "RANGE": 0.0, "MEAN": 0.0, "STD": 0.0, "SUM": 0.0, "MEDIAN": 0.0, "PCT90": 0.0, "Nor": 0.0, "Shape_Le_1": 4000.0, "Shape_Ar_1": 1000000.0 }, "geometry": { "type": "Polygon", "coordinates": [ [ [ 73.22627412804249, 22.587564798773794 ], [ 73.216550290896436, 22.587457103281199 ], [ 73.216433968282715, 22.596486614625078 ], [ 73.226158438837359, 22.596594357818283 ], [ 73.22627412804249, 22.587564798773794 ] ] ] } },
{ "type": "Feature", "properties": { "FeatureID": "131", "HA_Area": 100.0, "OBJECTID_1": 1725, "ORIG_FID": 1726, "railway_bu": 1026.92, "Shape_Leng": 4000.0, "Shape_Area": 1000000.0, "buffer2": 0.0, "OBJECTID_2": 0, "OBJECTID_3": 0, "COUNT": 0.0, "AREA": 0.0, "MIN": 0.0, "MAX": 0.0, "RANGE": 0.0, "MEAN": 0.0, "STD": 0.0, "SUM": 0.0, "MEDIAN": 0.0, "PCT90": 0.0, "Nor": 0.0, "Shape_Le_1": 4000.0, "Shape_Ar_1": 1000000.0 }, "geometry": { "type": "Polygon", "coordinates": [ [ [ 73.352043711689802, 22.643092088714727 ], [ 73.342315327474196, 22.642991773985237 ], [ 73.342206909991503, 22.652021821228491 ], [ 73.351935929768132, 22.652122180306197 ], [ 73.352043711689802, 22.643092088714727 ] ] ] } },
{ "type": "Feature", "properties": { "FeatureID": "132", "HA_Area": 100.0, "OBJECTID_1": 1358, "ORIG_FID": 1359, "railway_bu": 2501.0, "Shape_Leng": 4000.0, "Shape_Area": 1000000.0, "buffer2": 0.0, "OBJECTID_2": 0, "OBJECTID_3": 0, "COUNT": 0.0, "AREA": 0.0, "MIN": 0.0, "MAX": 0.0, "RANGE": 0.0, "MEAN": 0.0, "STD": 0.0, "SUM": 0.0, "MEDIAN": 0.0, "PCT90": 0.0, "Nor": 0.0, "Shape_Le_1": 4000.0, "Shape_Ar_1": 1000000.0 }, "geometry": { "type": "Polygon", "coordinates": [ [ [ 73.187497298599169, 22.578101110788712 ], [ 73.177774333269866, 22.577991111678521 ], [ 73.177655537700943, 22.587020440352987 ], [ 73.187379136046971, 22.587130488199229 ], [ 73.187497298599169, 22.578101110788712 ] ] ] } },
{ "type": "Feature", "properties": { "FeatureID": "133", "HA_Area": 100.0, "OBJECTID_1": 1610, "ORIG_FID": 1611, "railway_bu": 2501.0, "Shape_Leng": 4000.0, "Shape_Area": 1000000.0, "buffer2": 0.0, "OBJECTID_2": 0, "OBJECTID_3": 0, "COUNT": 0.0, "AREA": 0.0, "MIN": 0.0, "MAX": 0.0, "RANGE": 0.0, "MEAN": 0.0, "STD": 0.0, "SUM": 0.0, "MEDIAN": 0.0, "PCT90": 0.0, "Nor": 0.0, "Shape_Le_1": 4000.0, "Shape_Ar_1": 1000000.0 }, "geometry": { "type": "Polygon", "coordinates": [ [ [ 73.20635833153986, 22.623466608862472 ], [ 73.196632077718803, 22.623357544241284 ], [ 73.196514248720575, 22.632386916468633 ], [ 73.206241137205637, 22.632496029335641 ], [ 73.20635833153986, 22.623466608862472 ] ] ] } },
{ "type": "Feature", "properties": { "FeatureID": "134", "HA_Area": 100.0, "OBJECTID_1": 1715, "ORIG_FID": 1716, "railway_bu": 2501.0, "Shape_Leng": 4000.0, "Shape_Area": 1000000.0, "buffer2": 0.0, "OBJECTID_2": 0, "OBJECTID_3": 0, "COUNT": 0.0, "AREA": 0.0, "MIN": 0.0, "MAX": 0.0, "RANGE": 0.0, "MEAN": 0.0, "STD": 0.0, "SUM": 0.0, "MEDIAN": 0.0, "PCT90": 0.0, "Nor": 0.0, "Shape_Le_1": 4000.0, "Shape_Ar_1": 1000000.0 }, "geometry": { "type": "Polygon", "coordinates": [ [ [ 73.254762388795143, 22.642062399493156 ], [ 73.24503457033606, 22.641956186814262 ], [ 73.244919798144437, 22.650985776237725 ], [ 73.254648251999271, 22.651092035871574 ], [ 73.254762388795143, 22.642062399493156 ] ] ] } },
{ "type": "Feature", "properties": { "FeatureID": "135", "HA_Area": 100.0, "OBJECTID_1": 1975, "ORIG_FID": 1976, "railway_bu": 2369.59, "Shape_Leng": 4000.0, "Shape_Area": 1000000.0, "buffer2": 0.0, "OBJECTID_2": 0, "OBJECTID_3": 0, "COUNT": 0.0, "AREA": 0.0, "MIN": 0.0, "MAX": 0.0, "RANGE": 0.0, "MEAN": 0.0, "STD": 0.0, "SUM": 0.0, "MEDIAN": 0.0, "PCT90": 0.0, "Nor": 0.0, "Shape_Le_1": 4000.0, "Shape_Ar_1": 1000000.0 }, "geometry": { "type": "Polygon", "coordinates": [ [ [ 73.351504253767658, 22.688242440084348 ], [ 73.341772688515093, 22.688141903557561 ], [ 73.341663995178919, 22.697171897461661 ], [ 73.351396197608921, 22.697272478364802 ], [ 73.351504253767658, 22.688242440084348 ] ] ] } },
{ "type": "Feature", "properties": { "FeatureID": "136", "HA_Area": 100.0, "OBJECTID_1": 1701, "ORIG_FID": 1702, "railway_bu": 2501.0, "Shape_Leng": 4000.0, "Shape_Area": 1000000.0, "buffer2": 0.0, "OBJECTID_2": 0, "OBJECTID_3": 0, "COUNT": 0.0, "AREA": 0.0, "MIN": 0.0, "MAX": 0.0, "RANGE": 0.0, "MEAN": 0.0, "STD": 0.0, "SUM": 0.0, "MEDIAN": 0.0, "PCT90": 0.0, "Nor": 0.0, "Shape_Le_1": 4000.0, "Shape_Ar_1": 1000000.0 }, "geometry": { "type": "Polygon", "coordinates": [ [ [ 73.118578357890925, 22.640521763078674 ], [ 73.108851385733701, 22.640407295706062 ], [ 73.108727719834391, 22.649436200397197 ], [ 73.118455327140168, 22.649550718372929 ], [ 73.118578357890925, 22.640521763078674 ] ] ] } },
{ "type": "Feature", "properties": { "FeatureID": "137", "HA_Area": 100.0, "OBJECTID_1": 1823, "ORIG_FID": 1824, "railway_bu": 2390.38, "Shape_Leng": 4000.0, "Shape_Area": 1000000.0, "buffer2": 0.0, "OBJECTID_2": 0, "OBJECTID_3": 0, "COUNT": 0.0, "AREA": 0.0, "MIN": 0.0, "MAX": 0.0, "RANGE": 0.0, "MEAN": 0.0, "STD": 0.0, "SUM": 0.0, "MEDIAN": 0.0, "PCT90": 0.0, "Nor": 0.0, "Shape_Le_1": 4000.0, "Shape_Ar_1": 1000000.0 }, "geometry": { "type": "Polygon", "coordinates": [ [ [ 73.332368836864177, 22.660950864000384 ], [ 73.322639291835728, 22.660849279824792 ], [ 73.322529491693899, 22.669879216241473 ], [ 73.332259672897308, 22.66998084529806 ], [ 73.332368836864177, 22.660950864000384 ] ] ] } },
{ "type": "Feature", "properties": { "FeatureID": "138", "HA_Area": 100.0, "OBJECTID_1": 1351, "ORIG_FID": 1352, "railway_bu": 2501.0, "Shape_Leng": 4000.0, "Shape_Area": 1000000.0, "buffer2": 0.0, "OBJECTID_2": 0, "OBJECTID_3": 0, "COUNT": 0.0, "AREA": 0.0, "MIN": 0.0, "MAX": 0.0, "RANGE": 0.0, "MEAN": 0.0, "STD": 0.0, "SUM": 0.0, "MEDIAN": 0.0, "PCT90": 0.0, "Nor": 0.0, "Shape_Le_1": 4000.0, "Shape_Ar_1": 1000000.0 }, "geometry": { "type": "Polygon", "coordinates": [ [ [ 73.11943782281719, 22.577318773933097 ], [ 73.109715287668607, 22.577204660603069 ], [ 73.109592061481109, 22.586233640835783 ], [ 73.119315229521106, 22.586347804724149 ], [ 73.11943782281719, 22.577318773933097 ] ] ] } },
{ "type": "Feature", "properties": { "FeatureID": "139", "HA_Area": 100.0, "OBJECTID_1": 1473, "ORIG_FID": 1474, "railway_bu": 1816.16, "Shape_Leng": 4000.0, "Shape_Area": 1000000.0, "buffer2": 0.0, "OBJECTID_2": 0, "OBJECTID_3": 0, "COUNT": 0.0, "AREA": 0.0, "MIN": 0.0, "MAX": 0.0, "RANGE": 0.0, "MEAN": 0.0, "STD": 0.0, "SUM": 0.0, "MEDIAN": 0.0, "PCT90": 0.0, "Nor": 0.0, "Shape_Le_1": 4000.0, "Shape_Ar_1": 1000000.0 }, "geometry": { "type": "Polygon", "coordinates": [ [ [ 73.323406331315482, 22.597639426180105 ], [ 73.323296921437958, 22.606669437254642 ], [ 73.333022656199873, 22.60677075226365 ], [ 73.333131432162617, 22.597740696347881 ], [ 73.323406331315482, 22.597639426180105 ] ] ] } },
{ "type": "Feature", "properties": { "FeatureID": "140", "HA_Area": 100.0, "OBJECTID_1": 1112, "ORIG_FID": 1113, "railway_bu": 2047.28, "Shape_Leng": 4000.0, "Shape_Area": 1000000.0, "buffer2": 0.0, "OBJECTID_2": 0, "OBJECTID_3": 0, "COUNT": 0.0, "AREA": 0.0, "MIN": 0.0, "MAX": 0.0, "RANGE": 0.0, "MEAN": 0.0, "STD": 0.0, "SUM": 0.0, "MEDIAN": 0.0, "PCT90": 0.0, "Nor": 0.0, "Shape_Le_1": 4000.0, "Shape_Ar_1": 1000000.0 }, "geometry": { "type": "Polygon", "coordinates": [ [ [ 73.226967027092911, 22.533387219789997 ], [ 73.217246983633586, 22.533279810374637 ], [ 73.217131016060947, 22.542309385942005 ], [ 73.226851690996511, 22.542416843021872 ], [ 73.226967027092911, 22.533387219789997 ] ] ] } },
{ "type": "Feature", "properties": { "FeatureID": "141", "HA_Area": 100.0, "OBJECTID_1": 1107, "ORIG_FID": 1108, "railway_bu": 2501.0, "Shape_Leng": 4000.0, "Shape_Area": 1000000.0, "buffer2": 0.0, "OBJECTID_2": 0, "OBJECTID_3": 0, "COUNT": 0.0, "AREA": 0.0, "MIN": 0.0, "MAX": 0.0, "RANGE": 0.0, "MEAN": 0.0, "STD": 0.0, "SUM": 0.0, "MEDIAN": 0.0, "PCT90": 0.0, "Nor": 0.0, "Shape_Le_1": 4000.0, "Shape_Ar_1": 1000000.0 }, "geometry": { "type": "Polygon", "coordinates": [ [ [ 73.178367404146215, 22.532844307372844 ], [ 73.168647659470338, 22.532733965360979 ], [ 73.168528534776186, 22.541763298702698 ], [ 73.178248910841404, 22.541873689680077 ], [ 73.178367404146215, 22.532844307372844 ] ] ] } },
{ "type": "Feature", "properties": { "FeatureID": "142", "HA_Area": 100.0, "OBJECTID_1": 1655, "ORIG_FID": 1656, "railway_bu": 2501.0, "Shape_Leng": 4000.0, "Shape_Area": 1000000.0, "buffer2": 0.0, "OBJECTID_2": 0, "OBJECTID_3": 0, "COUNT": 0.0, "AREA": 0.0, "MIN": 0.0, "MAX": 0.0, "RANGE": 0.0, "MEAN": 0.0, "STD": 0.0, "SUM": 0.0, "MEDIAN": 0.0, "PCT90": 0.0, "Nor": 0.0, "Shape_Le_1": 4000.0, "Shape_Ar_1": 1000000.0 }, "geometry": { "type": "Polygon", "coordinates": [ [ [ 73.15760729749249, 22.631944571315628 ], [ 73.147880711977052, 22.631832511681033 ], [ 73.147759648361102, 22.640861627998216 ], [ 73.157486868774825, 22.64097373718748 ], [ 73.15760729749249, 22.631944571315628 ] ] ] } },
{ "type": "Feature", "properties": { "FeatureID": "143", "HA_Area": 100.0, "OBJECTID_1": 1123, "ORIG_FID": 1124, "railway_bu": 2489.91, "Shape_Leng": 4000.0, "Shape_Area": 1000000.0, "buffer2": 0.0, "OBJECTID_2": 0, "OBJECTID_3": 0, "COUNT": 0.0, "AREA": 0.0, "MIN": 0.0, "MAX": 0.0, "RANGE": 0.0, "MEAN": 0.0, "STD": 0.0, "SUM": 0.0, "MEDIAN": 0.0, "PCT90": 0.0, "Nor": 0.0, "Shape_Le_1": 4000.0, "Shape_Ar_1": 1000000.0 }, "geometry": { "type": "Polygon", "coordinates": [ [ [ 73.333891314598688, 22.534530007043944 ], [ 73.324170642130014, 22.534429050606285 ], [ 73.3240616217211, 22.543459136169673 ], [ 73.333782925848965, 22.543560137408956 ], [ 73.333891314598688, 22.534530007043944 ] ] ] } },
{ "type": "Feature", "properties": { "FeatureID": "144", "HA_Area": 100.0, "OBJECTID_1": 1862, "ORIG_FID": 1863, "railway_bu": 2501.0, "Shape_Leng": 4000.0, "Shape_Area": 1000000.0, "buffer2": 0.0, "OBJECTID_2": 0, "OBJECTID_3": 0, "COUNT": 0.0, "AREA": 0.0, "MIN": 0.0, "MAX": 0.0, "RANGE": 0.0, "MEAN": 0.0, "STD": 0.0, "SUM": 0.0, "MEDIAN": 0.0, "PCT90": 0.0, "Nor": 0.0, "Shape_Le_1": 4000.0, "Shape_Ar_1": 1000000.0 }, "geometry": { "type": "Polygon", "coordinates": [ [ [ 73.225230802939009, 22.668830444318203 ], [ 73.215501253501827, 22.668722319302834 ], [ 73.215384397160662, 22.677751734076136 ], [ 73.225114582911303, 22.677859906846493 ], [ 73.225230802939009, 22.668830444318203 ] ] ] } },
{ "type": "Feature", "properties": { "FeatureID": "145", "HA_Area": 100.0, "OBJECTID_1": 1264, "ORIG_FID": 1265, "railway_bu": 943.717, "Shape_Leng": 4000.0, "Shape_Area": 1000000.0, "buffer2": 0.0, "OBJECTID_2": 0, "OBJECTID_3": 0, "COUNT": 0.0, "AREA": 0.0, "MIN": 0.0, "MAX": 0.0, "RANGE": 0.0, "MEAN": 0.0, "STD": 0.0, "SUM": 0.0, "MEDIAN": 0.0, "PCT90": 0.0, "Nor": 0.0, "Shape_Le_1": 4000.0, "Shape_Ar_1": 1000000.0 }, "geometry": { "type": "Polygon", "coordinates": [ [ [ 73.246064896274561, 22.560689400221928 ], [ 73.236342840057205, 22.560583022497507 ], [ 73.236227959942667, 22.569612661073595 ], [ 73.24595064863621, 22.569719085959903 ], [ 73.246064896274561, 22.560689400221928 ] ] ] } },
{ "type": "Feature", "properties": { "FeatureID": "146", "HA_Area": 100.0, "OBJECTID_1": 1522, "ORIG_FID": 1523, "railway_bu": 548.466, "Shape_Leng": 4000.0, "Shape_Area": 1000000.0, "buffer2": 0.0, "OBJECTID_2": 0, "OBJECTID_3": 0, "COUNT": 0.0, "AREA": 0.0, "MIN": 0.0, "MAX": 0.0, "RANGE": 0.0, "MEAN": 0.0, "STD": 0.0, "SUM": 0.0, "MEDIAN": 0.0, "PCT90": 0.0, "Nor": 0.0, "Shape_Le_1": 4000.0, "Shape_Ar_1": 1000000.0 }, "geometry": { "type": "Polygon", "coordinates": [ [ [ 73.323296921437958, 22.606669437254642 ], [ 73.313571242379282, 22.606567533458076 ], [ 73.313461142577424, 22.615597488770081 ], [ 73.323187455857209, 22.61569943767411 ], [ 73.323296921437958, 22.606669437254642 ] ] ] } },
{ "type": "Feature", "properties": { "FeatureID": "147", "HA_Area": 100.0, "OBJECTID_1": 1312, "ORIG_FID": 1313, "railway_bu": 2021.33, "Shape_Leng": 4000.0, "Shape_Area": 1000000.0, "buffer2": 0.0, "OBJECTID_2": 0, "OBJECTID_3": 0, "COUNT": 0.0, "AREA": 0.0, "MIN": 0.0, "MAX": 0.0, "RANGE": 0.0, "MEAN": 0.0, "STD": 0.0, "SUM": 0.0, "MEDIAN": 0.0, "PCT90": 0.0, "Nor": 0.0, "Shape_Le_1": 4000.0, "Shape_Ar_1": 1000000.0 }, "geometry": { "type": "Polygon", "coordinates": [ [ [ 73.226505329787003, 22.569505648568466 ], [ 73.216782758491362, 22.569398048459011 ], [ 73.216666554293582, 22.57842758122468 ], [ 73.226389758353321, 22.578535229022691 ], [ 73.226505329787003, 22.569505648568466 ] ] ] } },
{ "type": "Feature", "properties": { "FeatureID": "148", "HA_Area": 100.0, "OBJECTID_1": 1973, "ORIG_FID": 1974, "railway_bu": 2501.0, "Shape_Leng": 4000.0, "Shape_Area": 1000000.0, "buffer2": 0.0, "OBJECTID_2": 0, "OBJECTID_3": 0, "COUNT": 0.0, "AREA": 0.0, "MIN": 0.0, "MAX": 0.0, "RANGE": 0.0, "MEAN": 0.0, "STD": 0.0, "SUM": 0.0, "MEDIAN": 0.0, "PCT90": 0.0, "Nor": 0.0, "Shape_Le_1": 4000.0, "Shape_Ar_1": 1000000.0 }, "geometry": { "type": "Polygon", "coordinates": [ [ [ 73.332041178465474, 22.688040775869482 ], [ 73.322309723942297, 22.68793905703382 ], [ 73.322199756299852, 22.696968961402614 ], [ 73.33193184796805, 22.697070725136363 ], [ 73.332041178465474, 22.688040775869482 ] ] ] } },
{ "type": "Feature", "properties": { "FeatureID": "149", "HA_Area": 100.0, "OBJECTID_1": 1015, "ORIG_FID": 1016, "railway_bu": 1319.74, "Shape_Leng": 4000.0, "Shape_Area": 1000000.0, "buffer2": 0.0, "OBJECTID_2": 0, "OBJECTID_3": 0, "COUNT": 0.0, "AREA": 0.0, "MIN": 0.0, "MAX": 0.0, "RANGE": 0.0, "MEAN": 0.0, "STD": 0.0, "SUM": 0.0, "MEDIAN": 0.0, "PCT90": 0.0, "Nor": 0.0, "Shape_Le_1": 4000.0, "Shape_Ar_1": 1000000.0 }, "geometry": { "type": "Polygon", "coordinates": [ [ [ 73.256354218601984, 22.515646367270715 ], [ 73.246635261822604, 22.515540811338262 ], [ 73.246521305009111, 22.52457055046256 ], [ 73.256240892672324, 22.524676153267013 ], [ 73.256354218601984, 22.515646367270715 ] ] ] } },
{ "type": "Feature", "properties": { "FeatureID": "150", "HA_Area": 100.0, "OBJECTID_1": 1814, "ORIG_FID": 1815, "railway_bu": 2501.0, "Shape_Leng": 4000.0, "Shape_Area": 1000000.0, "buffer2": 0.0, "OBJECTID_2": 0, "OBJECTID_3": 0, "COUNT": 0.0, "AREA": 0.0, "MIN": 0.0, "MAX": 0.0, "RANGE": 0.0, "MEAN": 0.0, "STD": 0.0, "SUM": 0.0, "MEDIAN": 0.0, "PCT90": 0.0, "Nor": 0.0, "Shape_Le_1": 4000.0, "Shape_Ar_1": 1000000.0 }, "geometry": { "type": "Polygon", "coordinates": [ [ [ 73.244804967584074, 22.660015354942221 ], [ 73.235075936396356, 22.659908458109054 ], [ 73.234960411425433, 22.668937978863536 ], [ 73.244690078637873, 22.66904492292425 ], [ 73.244804967584074, 22.660015354942221 ] ] ] } },
{ "type": "Feature", "properties": { "FeatureID": "151", "HA_Area": 100.0, "OBJECTID_1": 1916, "ORIG_FID": 1917, "railway_bu": 2501.0, "Shape_Leng": 4000.0, "Shape_Area": 1000000.0, "buffer2": 0.0, "OBJECTID_2": 0, "OBJECTID_3": 0, "COUNT": 0.0, "AREA": 0.0, "MIN": 0.0, "MAX": 0.0, "RANGE": 0.0, "MEAN": 0.0, "STD": 0.0, "SUM": 0.0, "MEDIAN": 0.0, "PCT90": 0.0, "Nor": 0.0, "Shape_Le_1": 4000.0, "Shape_Ar_1": 1000000.0 }, "geometry": { "type": "Polygon", "coordinates": [ [ [ 73.264035913346106, 22.678286690474945 ], [ 73.254305493269086, 22.678180880714777 ], [ 73.254191124188239, 22.687210474220269 ], [ 73.263922180970496, 22.687316330698437 ], [ 73.264035913346106, 22.678286690474945 ] ] ] } },
{ "type": "Feature", "properties": { "FeatureID": "152", "HA_Area": 100.0, "OBJECTID_1": 1614, "ORIG_FID": 1615, "railway_bu": 2501.0, "Shape_Leng": 4000.0, "Shape_Area": 1000000.0, "buffer2": 0.0, "OBJECTID_2": 0, "OBJECTID_3": 0, "COUNT": 0.0, "AREA": 0.0, "MIN": 0.0, "MAX": 0.0, "RANGE": 0.0, "MEAN": 0.0, "STD": 0.0, "SUM": 0.0, "MEDIAN": 0.0, "PCT90": 0.0, "Nor": 0.0, "Shape_Le_1": 4000.0, "Shape_Ar_1": 1000000.0 }, "geometry": { "type": "Polygon", "coordinates": [ [ [ 73.245263939681109, 22.623896975824241 ], [ 73.235537449362596, 22.623790267841475 ], [ 73.235422159124383, 22.63281983148886 ], [ 73.245149284175923, 22.632926586675261 ], [ 73.245263939681109, 22.623896975824241 ] ] ] } },
{ "type": "Feature", "properties": { "FeatureID": "153", "HA_Area": 100.0, "OBJECTID_1": 1154, "ORIG_FID": 1155, "railway_bu": 2501.0, "Shape_Leng": 4000.0, "Shape_Area": 1000000.0, "buffer2": 0.0, "OBJECTID_2": 0, "OBJECTID_3": 0, "COUNT": 0.0, "AREA": 0.0, "MIN": 0.0, "MAX": 0.0, "RANGE": 0.0, "MEAN": 0.0, "STD": 0.0, "SUM": 0.0, "MEDIAN": 0.0, "PCT90": 0.0, "Nor": 0.0, "Shape_Le_1": 4000.0, "Shape_Ar_1": 1000000.0 }, "geometry": { "type": "Polygon", "coordinates": [ [ [ 73.149087965185743, 22.541540756557975 ], [ 73.139367772304027, 22.541428605420748 ], [ 73.139246691843468, 22.550457779560464 ], [ 73.148967516383024, 22.550569980449982 ], [ 73.149087965185743, 22.541540756557975 ] ] ] } },
{ "type": "Feature", "properties": { "FeatureID": "154", "HA_Area": 100.0, "OBJECTID_1": 1472, "ORIG_FID": 1473, "railway_bu": 1196.05, "Shape_Leng": 4000.0, "Shape_Area": 1000000.0, "buffer2": 0.0, "OBJECTID_2": 0, "OBJECTID_3": 0, "COUNT": 0.0, "AREA": 0.0, "MIN": 0.0, "MAX": 0.0, "RANGE": 0.0, "MEAN": 0.0, "STD": 0.0, "SUM": 0.0, "MEDIAN": 0.0, "PCT90": 0.0, "Nor": 0.0, "Shape_Le_1": 4000.0, "Shape_Ar_1": 1000000.0 }, "geometry": { "type": "Polygon", "coordinates": [ [ [ 73.323406331315482, 22.597639426180105 ], [ 73.313681286155344, 22.597537567485301 ], [ 73.313571242379282, 22.606567533458076 ], [ 73.323296921437958, 22.606669437254642 ], [ 73.323406331315482, 22.597639426180105 ] ] ] } },
{ "type": "Feature", "properties": { "FeatureID": "155", "HA_Area": 100.0, "OBJECTID_1": 1255, "ORIG_FID": 1256, "railway_bu": 2501.0, "Shape_Leng": 4000.0, "Shape_Area": 1000000.0, "buffer2": 0.0, "OBJECTID_2": 0, "OBJECTID_3": 0, "COUNT": 0.0, "AREA": 0.0, "MIN": 0.0, "MAX": 0.0, "RANGE": 0.0, "MEAN": 0.0, "STD": 0.0, "SUM": 0.0, "MEDIAN": 0.0, "PCT90": 0.0, "Nor": 0.0, "Shape_Le_1": 4000.0, "Shape_Ar_1": 1000000.0 }, "geometry": { "type": "Polygon", "coordinates": [ [ [ 73.158568524117371, 22.559710857023106 ], [ 73.148847006179523, 22.559599193600313 ], [ 73.148726434557389, 22.568628396005455 ], [ 73.158448584814693, 22.568740108932833 ], [ 73.158568524117371, 22.559710857023106 ] ] ] } },
{ "type": "Feature", "properties": { "FeatureID": "156", "HA_Area": 100.0, "OBJECTID_1": 1075, "ORIG_FID": 1076, "railway_bu": 2180.0, "Shape_Leng": 4000.0, "Shape_Area": 1000000.0, "buffer2": 0.0, "OBJECTID_2": 177, "OBJECTID_3": 1075, "COUNT": 9927.0, "AREA": 992700.0, "MIN": 1460.0, "MAX": 2500.0, "RANGE": 1040.0, "MEAN": 1985.40833088, "STD": 283.70095749699999, "SUM": 19709148.500599999, "MEDIAN": 1985.79956055, "PCT90": 2376.9477050800001, "Nor": 0.20583666764899999, "Shape_Le_1": 4000.0, "Shape_Ar_1": 1000000.0 }, "geometry": { "type": "Polygon", "coordinates": [ [ [ 73.353439895744685, 22.525699929953948 ], [ 73.343719744463684, 22.525600191241143 ], [ 73.343612042319137, 22.534630376763683 ], [ 73.353332824969499, 22.534730159751913 ], [ 73.353439895744685, 22.525699929953948 ] ] ] } },
{ "type": "Feature", "properties": { "FeatureID": "157", "HA_Area": 100.0, "OBJECTID_1": 1570, "ORIG_FID": 1571, "railway_bu": 1840.77, "Shape_Leng": 4000.0, "Shape_Area": 1000000.0, "buffer2": 0.0, "OBJECTID_2": 0, "OBJECTID_3": 0, "COUNT": 0.0, "AREA": 0.0, "MIN": 0.0, "MAX": 0.0, "RANGE": 0.0, "MEAN": 0.0, "STD": 0.0, "SUM": 0.0, "MEDIAN": 0.0, "PCT90": 0.0, "Nor": 0.0, "Shape_Le_1": 4000.0, "Shape_Ar_1": 1000000.0 }, "geometry": { "type": "Polygon", "coordinates": [ [ [ 73.303734885339807, 22.615494950831746 ], [ 73.29400868446703, 22.61539182387299 ], [ 73.293897259584512, 22.624421677512679 ], [ 73.303624094968299, 22.624524850105768 ], [ 73.303734885339807, 22.615494950831746 ] ] ] } },
{ "type": "Feature", "properties": { "FeatureID": "158", "HA_Area": 100.0, "OBJECTID_1": 1272, "ORIG_FID": 1273, "railway_bu": 2501.0, "Shape_Leng": 4000.0, "Shape_Area": 1000000.0, "buffer2": 0.0, "OBJECTID_2": 0, "OBJECTID_3": 0, "COUNT": 0.0, "AREA": 0.0, "MIN": 0.0, "MAX": 0.0, "RANGE": 0.0, "MEAN": 0.0, "STD": 0.0, "SUM": 0.0, "MEDIAN": 0.0, "PCT90": 0.0, "Nor": 0.0, "Shape_Le_1": 4000.0, "Shape_Ar_1": 1000000.0 }, "geometry": { "type": "Polygon", "coordinates": [ [ [ 73.323843414117718, 22.561519275400276 ], [ 73.314120901327684, 22.561417597055542 ], [ 73.314011081491756, 22.570447605636872 ], [ 73.323734226890892, 22.570549329060579 ], [ 73.323843414117718, 22.561519275400276 ] ] ] } },
{ "type": "Feature", "properties": { "FeatureID": "159", "HA_Area": 100.0, "OBJECTID_1": 1167, "ORIG_FID": 1168, "railway_bu": 2501.0, "Shape_Leng": 4000.0, "Shape_Area": 1000000.0, "buffer2": 0.0, "OBJECTID_2": 0, "OBJECTID_3": 0, "COUNT": 0.0, "AREA": 0.0, "MIN": 0.0, "MAX": 0.0, "RANGE": 0.0, "MEAN": 0.0, "STD": 0.0, "SUM": 0.0, "MEDIAN": 0.0, "PCT90": 0.0, "Nor": 0.0, "Shape_Le_1": 4000.0, "Shape_Ar_1": 1000000.0 }, "geometry": { "type": "Polygon", "coordinates": [ [ [ 73.275455941367156, 22.542945325781226 ], [ 73.265734975606833, 22.542840802962505 ], [ 73.26562210806425, 22.551870603584629 ], [ 73.275343705707257, 22.551975172772497 ], [ 73.275455941367156, 22.542945325781226 ] ] ] } },
{ "type": "Feature", "properties": { "FeatureID": "160", "HA_Area": 100.0, "OBJECTID_1": 1172, "ORIG_FID": 1173, "railway_bu": 2501.0, "Shape_Leng": 4000.0, "Shape_Area": 1000000.0, "buffer2": 0.0, "OBJECTID_2": 0, "OBJECTID_3": 0, "COUNT": 0.0, "AREA": 0.0, "MIN": 0.0, "MAX": 0.0, "RANGE": 0.0, "MEAN": 0.0, "STD": 0.0, "SUM": 0.0, "MEDIAN": 0.0, "PCT90": 0.0, "Nor": 0.0, "Shape_Le_1": 4000.0, "Shape_Ar_1": 1000000.0 }, "geometry": { "type": "Polygon", "coordinates": [ [ [ 73.3240616217211, 22.543459136169673 ], [ 73.314340373183029, 22.543357547965833 ], [ 73.314230665219355, 22.552387577830711 ], [ 73.323952545722392, 22.552489211102156 ], [ 73.3240616217211, 22.543459136169673 ] ] ] } },
{ "type": "Feature", "properties": { "FeatureID": "161", "HA_Area": 100.0, "OBJECTID_1": 1119, "ORIG_FID": 1120, "railway_bu": 2501.0, "Shape_Leng": 4000.0, "Shape_Area": 1000000.0, "buffer2": 0.0, "OBJECTID_2": 0, "OBJECTID_3": 0, "COUNT": 0.0, "AREA": 0.0, "MIN": 0.0, "MAX": 0.0, "RANGE": 0.0, "MEAN": 0.0, "STD": 0.0, "SUM": 0.0, "MEDIAN": 0.0, "PCT90": 0.0, "Nor": 0.0, "Shape_Le_1": 4000.0, "Shape_Ar_1": 1000000.0 }, "geometry": { "type": "Polygon", "coordinates": [ [ [ 73.295008959453099, 22.534122661122865 ], [ 73.285288511209927, 22.534019357950992 ], [ 73.285176964326837, 22.54304926170494 ], [ 73.294898044163972, 22.543152610719602 ], [ 73.295008959453099, 22.534122661122865 ] ] ] } },
{ "type": "Feature", "properties": { "FeatureID": "162", "HA_Area": 100.0, "OBJECTID_1": 1612, "ORIG_FID": 1613, "railway_bu": 2501.0, "Shape_Leng": 4000.0, "Shape_Area": 1000000.0, "buffer2": 0.0, "OBJECTID_2": 0, "OBJECTID_3": 0, "COUNT": 0.0, "AREA": 0.0, "MIN": 0.0, "MAX": 0.0, "RANGE": 0.0, "MEAN": 0.0, "STD": 0.0, "SUM": 0.0, "MEDIAN": 0.0, "PCT90": 0.0, "Nor": 0.0, "Shape_Le_1": 4000.0, "Shape_Ar_1": 1000000.0 }, "geometry": { "type": "Polygon", "coordinates": [ [ [ 73.225811017684421, 22.623682970677216 ], [ 73.216084644969285, 22.623575084346012 ], [ 73.215968085316462, 22.632604552804469 ], [ 73.225695092730291, 22.632712486860417 ], [ 73.225811017684421, 22.623682970677216 ] ] ] } },
{ "type": "Feature", "properties": { "FeatureID": "163", "HA_Area": 100.0, "OBJECTID_1": 1760, "ORIG_FID": 1761, "railway_bu": 2501.0, "Shape_Leng": 4000.0, "Shape_Area": 1000000.0, "buffer2": 0.0, "OBJECTID_2": 0, "OBJECTID_3": 0, "COUNT": 0.0, "AREA": 0.0, "MIN": 0.0, "MAX": 0.0, "RANGE": 0.0, "MEAN": 0.0, "STD": 0.0, "SUM": 0.0, "MEDIAN": 0.0, "PCT90": 0.0, "Nor": 0.0, "Shape_Le_1": 4000.0, "Shape_Ar_1": 1000000.0 }, "geometry": { "type": "Polygon", "coordinates": [ [ [ 73.206006569642511, 22.650554838070093 ], [ 73.19627841086114, 22.65044562869311 ], [ 73.196160401964889, 22.659474968683245 ], [ 73.205889196378763, 22.65958422632438 ], [ 73.206006569642511, 22.650554838070093 ] ] ] } },
{ "type": "Feature", "properties": { "FeatureID": "164", "HA_Area": 100.0, "OBJECTID_1": 1063, "ORIG_FID": 1064, "railway_bu": 1466.15, "Shape_Leng": 4000.0, "Shape_Area": 1000000.0, "buffer2": 0.0, "OBJECTID_2": 0, "OBJECTID_3": 0, "COUNT": 0.0, "AREA": 0.0, "MIN": 0.0, "MAX": 0.0, "RANGE": 0.0, "MEAN": 0.0, "STD": 0.0, "SUM": 0.0, "MEDIAN": 0.0, "PCT90": 0.0, "Nor": 0.0, "Shape_Le_1": 4000.0, "Shape_Ar_1": 1000000.0 }, "geometry": { "type": "Polygon", "coordinates": [ [ [ 73.227082304397754, 22.524357585872426 ], [ 73.226967027092911, 22.533387219789997 ], [ 73.236687129343792, 22.533494042642122 ], [ 73.236801775477034, 22.524464361326238 ], [ 73.227082304397754, 22.524357585872426 ] ] ] } },
{ "type": "Feature", "properties": { "FeatureID": "165", "HA_Area": 100.0, "OBJECTID_1": 1617, "ORIG_FID": 1618, "railway_bu": 2501.0, "Shape_Leng": 4000.0, "Shape_Area": 1000000.0, "buffer2": 0.0, "OBJECTID_2": 0, "OBJECTID_3": 0, "COUNT": 0.0, "AREA": 0.0, "MIN": 0.0, "MAX": 0.0, "RANGE": 0.0, "MEAN": 0.0, "STD": 0.0, "SUM": 0.0, "MEDIAN": 0.0, "PCT90": 0.0, "Nor": 0.0, "Shape_Le_1": 4000.0, "Shape_Ar_1": 1000000.0 }, "geometry": { "type": "Polygon", "coordinates": [ [ [ 73.274443759251838, 22.624213564539495 ], [ 73.264717094948452, 22.624108624187585 ], [ 73.264603708960294, 22.633138328664149 ], [ 73.274331008047525, 22.633243315437959 ], [ 73.274443759251838, 22.624213564539495 ] ] ] } },
{ "type": "Feature", "properties": { "FeatureID": "166", "HA_Area": 100.0, "OBJECTID_1": 1175, "ORIG_FID": 1176, "railway_bu": 2501.0, "Shape_Leng": 4000.0, "Shape_Area": 1000000.0, "buffer2": 0.0, "OBJECTID_2": 0, "OBJECTID_3": 0, "COUNT": 0.0, "AREA": 0.0, "MIN": 0.0, "MAX": 0.0, "RANGE": 0.0, "MEAN": 0.0, "STD": 0.0, "SUM": 0.0, "MEDIAN": 0.0, "PCT90": 0.0, "Nor": 0.0, "Shape_Le_1": 4000.0, "Shape_Ar_1": 1000000.0 }, "geometry": { "type": "Polygon", "coordinates": [ [ [ 73.353225699586289, 22.543760378939261 ], [ 73.343504285244677, 22.543660551670012 ], [ 73.343396473224331, 22.552690715956714 ], [ 73.353118519579141, 22.552790587512551 ], [ 73.353225699586289, 22.543760378939261 ] ] ] } },
{ "type": "Feature", "properties": { "FeatureID": "167", "HA_Area": 100.0, "OBJECTID_1": 1804, "ORIG_FID": 1805, "railway_bu": 2501.0, "Shape_Leng": 4000.0, "Shape_Area": 1000000.0, "buffer2": 0.0, "OBJECTID_2": 0, "OBJECTID_3": 0, "COUNT": 0.0, "AREA": 0.0, "MIN": 0.0, "MAX": 0.0, "RANGE": 0.0, "MEAN": 0.0, "STD": 0.0, "SUM": 0.0, "MEDIAN": 0.0, "PCT90": 0.0, "Nor": 0.0, "Shape_Le_1": 4000.0, "Shape_Ar_1": 1000000.0 }, "geometry": { "type": "Polygon", "coordinates": [ [ [ 73.14751733637128, 22.658919828298671 ], [ 73.137788906808581, 22.658807029891296 ], [ 73.137667022549849, 22.667836064033445 ], [ 73.147396087961411, 22.667948912274948 ], [ 73.14751733637128, 22.658919828298671 ] ] ] } },
{ "type": "Feature", "properties": { "FeatureID": "168", "HA_Area": 100.0, "OBJECTID_1": 1062, "ORIG_FID": 1063, "railway_bu": 2087.1, "Shape_Leng": 4000.0, "Shape_Area": 1000000.0, "buffer2": 0.0, "OBJECTID_2": 0, "OBJECTID_3": 0, "COUNT": 0.0, "AREA": 0.0, "MIN": 0.0, "MAX": 0.0, "RANGE": 0.0, "MEAN": 0.0, "STD": 0.0, "SUM": 0.0, "MEDIAN": 0.0, "PCT90": 0.0, "Nor": 0.0, "Shape_Le_1": 4000.0, "Shape_Ar_1": 1000000.0 }, "geometry": { "type": "Polygon", "coordinates": [ [ [ 73.227082304397754, 22.524357585872426 ], [ 73.217362892092964, 22.524250224115573 ], [ 73.217246983633586, 22.533279810374637 ], [ 73.226967027092911, 22.533387219789997 ], [ 73.227082304397754, 22.524357585872426 ] ] ] } },
{ "type": "Feature", "properties": { "FeatureID": "169", "HA_Area": 100.0, "OBJECTID_1": 1423, "ORIG_FID": 1424, "railway_bu": 2271.57, "Shape_Leng": 4000.0, "Shape_Area": 1000000.0, "buffer2": 0.0, "OBJECTID_2": 0, "OBJECTID_3": 0, "COUNT": 0.0, "AREA": 0.0, "MIN": 0.0, "MAX": 0.0, "RANGE": 0.0, "MEAN": 0.0, "STD": 0.0, "SUM": 0.0, "MEDIAN": 0.0, "PCT90": 0.0, "Nor": 0.0, "Shape_Le_1": 4000.0, "Shape_Ar_1": 1000000.0 }, "geometry": { "type": "Polygon", "coordinates": [ [ [ 73.333240152760851, 22.58871062978616 ], [ 73.323515685505981, 22.588609404453948 ], [ 73.323406331315482, 22.597639426180105 ], [ 73.333131432162617, 22.597740696347881 ], [ 73.333240152760851, 22.58871062978616 ] ] ] } },
{ "type": "Feature", "properties": { "FeatureID": "170", "HA_Area": 100.0, "OBJECTID_1": 1058, "ORIG_FID": 1059, "railway_bu": 2501.0, "Shape_Leng": 4000.0, "Shape_Area": 1000000.0, "buffer2": 0.0, "OBJECTID_2": 0, "OBJECTID_3": 0, "COUNT": 0.0, "AREA": 0.0, "MIN": 0.0, "MAX": 0.0, "RANGE": 0.0, "MEAN": 0.0, "STD": 0.0, "SUM": 0.0, "MEDIAN": 0.0, "PCT90": 0.0, "Nor": 0.0, "Shape_Le_1": 4000.0, "Shape_Ar_1": 1000000.0 }, "geometry": { "type": "Polygon", "coordinates": [ [ [ 73.188205011041632, 22.52392462117248 ], [ 73.178485837050914, 22.523814914349565 ], [ 73.178367404146215, 22.532844307372844 ], [ 73.188087209222147, 22.532954062894952 ], [ 73.188205011041632, 22.52392462117248 ] ] ] } },
{ "type": "Feature", "properties": { "FeatureID": "171", "HA_Area": 100.0, "OBJECTID_1": 1268, "ORIG_FID": 1269, "railway_bu": 2187.57, "Shape_Leng": 4000.0, "Shape_Area": 1000000.0, "buffer2": 0.0, "OBJECTID_2": 0, "OBJECTID_3": 0, "COUNT": 0.0, "AREA": 0.0, "MIN": 0.0, "MAX": 0.0, "RANGE": 0.0, "MEAN": 0.0, "STD": 0.0, "SUM": 0.0, "MEDIAN": 0.0, "PCT90": 0.0, "Nor": 0.0, "Shape_Le_1": 4000.0, "Shape_Ar_1": 1000000.0 }, "geometry": { "type": "Polygon", "coordinates": [ [ [ 73.284953699911668, 22.561109037247924 ], [ 73.27523141283136, 22.561005009100665 ], [ 73.275119062722794, 22.570034834762254 ], [ 73.284841982346521, 22.570138909030007 ], [ 73.284953699911668, 22.561109037247924 ] ] ] } },
{ "type": "Feature", "properties": { "FeatureID": "172", "HA_Area": 100.0, "OBJECTID_1": 1624, "ORIG_FID": 1625, "railway_bu": 1709.04, "Shape_Leng": 4000.0, "Shape_Area": 1000000.0, "buffer2": 0.0, "OBJECTID_2": 0, "OBJECTID_3": 0, "COUNT": 0.0, "AREA": 0.0, "MIN": 0.0, "MAX": 0.0, "RANGE": 0.0, "MEAN": 0.0, "STD": 0.0, "SUM": 0.0, "MEDIAN": 0.0, "PCT90": 0.0, "Nor": 0.0, "Shape_Le_1": 4000.0, "Shape_Ar_1": 1000000.0 }, "geometry": { "type": "Polygon", "coordinates": [ [ [ 73.342531997088642, 22.624931647529575 ], [ 73.332804938116325, 22.624830832143545 ], [ 73.332695995963192, 22.633860856100789 ], [ 73.342423689834547, 22.633961716084436 ], [ 73.342531997088642, 22.624931647529575 ] ] ] } },
{ "type": "Feature", "properties": { "FeatureID": "173", "HA_Area": 100.0, "OBJECTID_1": 1853, "ORIG_FID": 1854, "railway_bu": 2501.0, "Shape_Leng": 4000.0, "Shape_Area": 1000000.0, "buffer2": 0.0, "OBJECTID_2": 0, "OBJECTID_3": 0, "COUNT": 0.0, "AREA": 0.0, "MIN": 0.0, "MAX": 0.0, "RANGE": 0.0, "MEAN": 0.0, "STD": 0.0, "SUM": 0.0, "MEDIAN": 0.0, "PCT90": 0.0, "Nor": 0.0, "Shape_Le_1": 4000.0, "Shape_Ar_1": 1000000.0 }, "geometry": { "type": "Polygon", "coordinates": [ [ [ 73.137667022549849, 22.667836064033445 ], [ 73.127938019095325, 22.667722625456644 ], [ 73.127815436725754, 22.676751598704062 ], [ 73.137545076334078, 22.676865087381952 ], [ 73.137667022549849, 22.667836064033445 ] ] ] } },
{ "type": "Feature", "properties": { "FeatureID": "174", "HA_Area": 100.0, "OBJECTID_1": 1456, "ORIG_FID": 1457, "railway_bu": 2501.0, "Shape_Leng": 4000.0, "Shape_Area": 1000000.0, "buffer2": 0.0, "OBJECTID_2": 0, "OBJECTID_3": 0, "COUNT": 0.0, "AREA": 0.0, "MIN": 0.0, "MAX": 0.0, "RANGE": 0.0, "MEAN": 0.0, "STD": 0.0, "SUM": 0.0, "MEDIAN": 0.0, "PCT90": 0.0, "Nor": 0.0, "Shape_Le_1": 4000.0, "Shape_Ar_1": 1000000.0 }, "geometry": { "type": "Polygon", "coordinates": [ [ [ 73.167692960223064, 22.604968331578227 ], [ 73.167812510464614, 22.595939073390184 ], [ 73.158088400148472, 22.595827800193245 ], [ 73.157968216280977, 22.604857009112084 ], [ 73.167692960223064, 22.604968331578227 ] ] ] } },
{ "type": "Feature", "properties": { "FeatureID": "175", "HA_Area": 100.0, "OBJECTID_1": 1507, "ORIG_FID": 1508, "railway_bu": 2501.0, "Shape_Leng": 4000.0, "Shape_Area": 1000000.0, "buffer2": 0.0, "OBJECTID_2": 0, "OBJECTID_3": 0, "COUNT": 0.0, "AREA": 0.0, "MIN": 0.0, "MAX": 0.0, "RANGE": 0.0, "MEAN": 0.0, "STD": 0.0, "SUM": 0.0, "MEDIAN": 0.0, "PCT90": 0.0, "Nor": 0.0, "Shape_Le_1": 4000.0, "Shape_Ar_1": 1000000.0 }, "geometry": { "type": "Polygon", "coordinates": [ [ [ 73.167692960223064, 22.604968331578227 ], [ 73.167573349118157, 22.613997579016001 ], [ 73.177298787889697, 22.614108361939969 ], [ 73.177417765028494, 22.605079065487207 ], [ 73.167692960223064, 22.604968331578227 ] ] ] } },
{ "type": "Feature", "properties": { "FeatureID": "176", "HA_Area": 100.0, "OBJECTID_1": 1024, "ORIG_FID": 1025, "railway_bu": 1025.03, "Shape_Leng": 4000.0, "Shape_Area": 1000000.0, "buffer2": 0.0, "OBJECTID_2": 167, "OBJECTID_3": 1024, "COUNT": 10000.0, "AREA": 1000000.0, "MIN": 538.51647949200003, "MAX": 1927.53723145, "RANGE": 1389.02075195, "MEAN": 1263.5257174599999, "STD": 287.75468940899998, "SUM": 12635257.1746, "MEDIAN": 1285.4959716799999, "PCT90": 1632.1795776399999, "Nor": 0.49458971301499999, "Shape_Le_1": 4000.0, "Shape_Ar_1": 1000000.0 }, "geometry": { "type": "Polygon", "coordinates": [ [ [ 73.343827391694276, 22.516569995105868 ], [ 73.334107926358854, 22.516469714451947 ], [ 73.333999648096636, 22.525499866057121 ], [ 73.343719744463684, 22.525600191241143 ], [ 73.343827391694276, 22.516569995105868 ] ] ] } },
{ "type": "Feature", "properties": { "FeatureID": "177", "HA_Area": 100.0, "OBJECTID_1": 1952, "ORIG_FID": 1953, "railway_bu": 1404.83, "Shape_Leng": 4000.0, "Shape_Area": 1000000.0, "buffer2": 0.0, "OBJECTID_2": 0, "OBJECTID_3": 0, "COUNT": 0.0, "AREA": 0.0, "MIN": 0.0, "MAX": 0.0, "RANGE": 0.0, "MEAN": 0.0, "STD": 0.0, "SUM": 0.0, "MEDIAN": 0.0, "PCT90": 0.0, "Nor": 0.0, "Shape_Le_1": 4000.0, "Shape_Ar_1": 1000000.0 }, "geometry": { "type": "Polygon", "coordinates": [ [ [ 73.127692792057928, 22.685780561147986 ], [ 73.11796257828918, 22.685666431521412 ], [ 73.117839234522961, 22.694695332783816 ], [ 73.1275700850736, 22.694809512784904 ], [ 73.127692792057928, 22.685780561147986 ] ] ] } },
{ "type": "Feature", "properties": { "FeatureID": "178", "HA_Area": 100.0, "OBJECTID_1": 1968, "ORIG_FID": 1969, "railway_bu": 2501.0, "Shape_Leng": 4000.0, "Shape_Area": 1000000.0, "buffer2": 0.0, "OBJECTID_2": 0, "OBJECTID_3": 0, "COUNT": 0.0, "AREA": 0.0, "MIN": 0.0, "MAX": 0.0, "RANGE": 0.0, "MEAN": 0.0, "STD": 0.0, "SUM": 0.0, "MEDIAN": 0.0, "PCT90": 0.0, "Nor": 0.0, "Shape_Le_1": 4000.0, "Shape_Ar_1": 1000000.0 }, "geometry": { "type": "Polygon", "coordinates": [ [ [ 73.283384467582621, 22.687526270492349 ], [ 73.273653295543085, 22.687421596127216 ], [ 73.273540142422647, 22.696451272092869 ], [ 73.283271951524526, 22.696555992660304 ], [ 73.283384467582621, 22.687526270492349 ] ] ] } },
{ "type": "Feature", "properties": { "FeatureID": "179", "HA_Area": 100.0, "OBJECTID_1": 1622, "ORIG_FID": 1623, "railway_bu": 1986.15, "Shape_Leng": 4000.0, "Shape_Area": 1000000.0, "buffer2": 0.0, "OBJECTID_2": 0, "OBJECTID_3": 0, "COUNT": 0.0, "AREA": 0.0, "MIN": 0.0, "MAX": 0.0, "RANGE": 0.0, "MEAN": 0.0, "STD": 0.0, "SUM": 0.0, "MEDIAN": 0.0, "PCT90": 0.0, "Nor": 0.0, "Shape_Le_1": 4000.0, "Shape_Ar_1": 1000000.0 }, "geometry": { "type": "Polygon", "coordinates": [ [ [ 73.323077934556977, 22.62472942743506 ], [ 73.313350986733369, 22.624627433417864 ], [ 73.313240774830803, 22.633657367397973 ], [ 73.322968357520992, 22.633759406534047 ], [ 73.323077934556977, 22.62472942743506 ] ] ] } },
{ "type": "Feature", "properties": { "FeatureID": "180", "HA_Area": 100.0, "OBJECTID_1": 1453, "ORIG_FID": 1454, "railway_bu": 2501.0, "Shape_Leng": 4000.0, "Shape_Area": 1000000.0, "buffer2": 0.0, "OBJECTID_2": 0, "OBJECTID_3": 0, "COUNT": 0.0, "AREA": 0.0, "MIN": 0.0, "MAX": 0.0, "RANGE": 0.0, "MEAN": 0.0, "STD": 0.0, "SUM": 0.0, "MEDIAN": 0.0, "PCT90": 0.0, "Nor": 0.0, "Shape_Le_1": 4000.0, "Shape_Ar_1": 1000000.0 }, "geometry": { "type": "Polygon", "coordinates": [ [ [ 73.138640363342276, 22.595603488969452 ], [ 73.128916437496812, 22.595490450972985 ], [ 73.128794352858833, 22.604519510521872 ], [ 73.138518912276467, 22.604632598568713 ], [ 73.138640363342276, 22.595603488969452 ] ] ] } },
{ "type": "Feature", "properties": { "FeatureID": "181", "HA_Area": 100.0, "OBJECTID_1": 1972, "ORIG_FID": 1973, "railway_bu": 2501.0, "Shape_Leng": 4000.0, "Shape_Area": 1000000.0, "buffer2": 0.0, "OBJECTID_2": 0, "OBJECTID_3": 0, "COUNT": 0.0, "AREA": 0.0, "MIN": 0.0, "MAX": 0.0, "RANGE": 0.0, "MEAN": 0.0, "STD": 0.0, "SUM": 0.0, "MEDIAN": 0.0, "PCT90": 0.0, "Nor": 0.0, "Shape_Le_1": 4000.0, "Shape_Ar_1": 1000000.0 }, "geometry": { "type": "Polygon", "coordinates": [ [ [ 73.322309723942297, 22.68793905703382 ], [ 73.312578325268987, 22.68783674706437 ], [ 73.312467720497864, 22.69686660627422 ], [ 73.322199756299852, 22.696968961402614 ], [ 73.322309723942297, 22.68793905703382 ] ] ] } },
{ "type": "Feature", "properties": { "FeatureID": "182", "HA_Area": 100.0, "OBJECTID_1": 1204, "ORIG_FID": 1205, "railway_bu": 2501.0, "Shape_Leng": 4000.0, "Shape_Area": 1000000.0, "buffer2": 0.0, "OBJECTID_2": 0, "OBJECTID_3": 0, "COUNT": 0.0, "AREA": 0.0, "MIN": 0.0, "MAX": 0.0, "RANGE": 0.0, "MEAN": 0.0, "STD": 0.0, "SUM": 0.0, "MEDIAN": 0.0, "PCT90": 0.0, "Nor": 0.0, "Shape_Le_1": 4000.0, "Shape_Ar_1": 1000000.0 }, "geometry": { "type": "Polygon", "coordinates": [ [ [ 73.148967516383024, 22.550569980449982 ], [ 73.139246691843468, 22.550457779560464 ], [ 73.139125549660292, 22.55948694295223 ], [ 73.148847006179523, 22.559599193600313 ], [ 73.148967516383024, 22.550569980449982 ] ] ] } },
{ "type": "Feature", "properties": { "FeatureID": "183", "HA_Area": 100.0, "OBJECTID_1": 1869, "ORIG_FID": 1870, "railway_bu": 2501.0, "Shape_Leng": 4000.0, "Shape_Area": 1000000.0, "buffer2": 0.0, "OBJECTID_2": 0, "OBJECTID_3": 0, "COUNT": 0.0, "AREA": 0.0, "MIN": 0.0, "MAX": 0.0, "RANGE": 0.0, "MEAN": 0.0, "STD": 0.0, "SUM": 0.0, "MEDIAN": 0.0, "PCT90": 0.0, "Nor": 0.0, "Shape_Le_1": 4000.0, "Shape_Ar_1": 1000000.0 }, "geometry": { "type": "Polygon", "coordinates": [ [ [ 73.293339284279952, 22.669570785454155 ], [ 73.283609328284854, 22.669466794032303 ], [ 73.283496926497165, 22.678496537615199 ], [ 73.29322751892461, 22.678600574966858 ], [ 73.293339284279952, 22.669570785454155 ] ] ] } },
{ "type": "Feature", "properties": { "FeatureID": "184", "HA_Area": 100.0, "OBJECTID_1": 1516, "ORIG_FID": 1517, "railway_bu": 2501.0, "Shape_Leng": 4000.0, "Shape_Area": 1000000.0, "buffer2": 0.0, "OBJECTID_2": 0, "OBJECTID_3": 0, "COUNT": 0.0, "AREA": 0.0, "MIN": 0.0, "MAX": 0.0, "RANGE": 0.0, "MEAN": 0.0, "STD": 0.0, "SUM": 0.0, "MEDIAN": 0.0, "PCT90": 0.0, "Nor": 0.0, "Shape_Le_1": 4000.0, "Shape_Ar_1": 1000000.0 }, "geometry": { "type": "Polygon", "coordinates": [ [ [ 73.264943693924792, 22.606049183147775 ], [ 73.255218355859569, 22.605943746918513 ], [ 73.255104451077457, 22.614973426114368 ], [ 73.264830423264343, 22.615078909014304 ], [ 73.264943693924792, 22.606049183147775 ] ] ] } },
{ "type": "Feature", "properties": { "FeatureID": "185", "HA_Area": 100.0, "OBJECTID_1": 1113, "ORIG_FID": 1114, "railway_bu": 2179.34, "Shape_Leng": 4000.0, "Shape_Area": 1000000.0, "buffer2": 0.0, "OBJECTID_2": 0, "OBJECTID_3": 0, "COUNT": 0.0, "AREA": 0.0, "MIN": 0.0, "MAX": 0.0, "RANGE": 0.0, "MEAN": 0.0, "STD": 0.0, "SUM": 0.0, "MEDIAN": 0.0, "PCT90": 0.0, "Nor": 0.0, "Shape_Le_1": 4000.0, "Shape_Ar_1": 1000000.0 }, "geometry": { "type": "Polygon", "coordinates": [ [ [ 73.236687129343792, 22.533494042642122 ], [ 73.226967027092911, 22.533387219789997 ], [ 73.226851690996511, 22.542416843021872 ], [ 73.236572424740743, 22.542523713278282 ], [ 73.236687129343792, 22.533494042642122 ] ] ] } },
{ "type": "Feature", "properties": { "FeatureID": "186", "HA_Area": 100.0, "OBJECTID_1": 1017, "ORIG_FID": 1018, "railway_bu": 2501.0, "Shape_Leng": 4000.0, "Shape_Area": 1000000.0, "buffer2": 0.0, "OBJECTID_2": 0, "OBJECTID_3": 0, "COUNT": 0.0, "AREA": 0.0, "MIN": 0.0, "MAX": 0.0, "RANGE": 0.0, "MEAN": 0.0, "STD": 0.0, "SUM": 0.0, "MEDIAN": 0.0, "PCT90": 0.0, "Nor": 0.0, "Shape_Le_1": 4000.0, "Shape_Ar_1": 1000000.0 }, "geometry": { "type": "Polygon", "coordinates": [ [ [ 73.275792305217223, 22.515855720863495 ], [ 73.266073233174069, 22.515751337117191 ], [ 73.265960538145023, 22.524781169725319 ], [ 73.275680241105505, 22.52488559982325 ], [ 73.275792305217223, 22.515855720863495 ] ] ] } },
{ "type": "Feature", "properties": { "FeatureID": "187", "HA_Area": 100.0, "OBJECTID_1": 1575, "ORIG_FID": 1576, "railway_bu": 2056.78, "Shape_Leng": 4000.0, "Shape_Area": 1000000.0, "buffer2": 0.0, "OBJECTID_2": 0, "OBJECTID_3": 0, "COUNT": 0.0, "AREA": 0.0, "MIN": 0.0, "MAX": 0.0, "RANGE": 0.0, "MEAN": 0.0, "STD": 0.0, "SUM": 0.0, "MEDIAN": 0.0, "PCT90": 0.0, "Nor": 0.0, "Shape_Le_1": 4000.0, "Shape_Ar_1": 1000000.0 }, "geometry": { "type": "Polygon", "coordinates": [ [ [ 73.352366728722757, 22.616001750042628 ], [ 73.342640249252582, 22.615901568324077 ], [ 73.342531997088642, 22.624931647529575 ], [ 73.352259111151113, 22.625031873579502 ], [ 73.352366728722757, 22.616001750042628 ] ] ] } },
{ "type": "Feature", "properties": { "FeatureID": "188", "HA_Area": 100.0, "OBJECTID_1": 1362, "ORIG_FID": 1363, "railway_bu": 2340.27, "Shape_Leng": 4000.0, "Shape_Area": 1000000.0, "buffer2": 0.0, "OBJECTID_2": 0, "OBJECTID_3": 0, "COUNT": 0.0, "AREA": 0.0, "MIN": 0.0, "MAX": 0.0, "RANGE": 0.0, "MEAN": 0.0, "STD": 0.0, "SUM": 0.0, "MEDIAN": 0.0, "PCT90": 0.0, "Nor": 0.0, "Shape_Le_1": 4000.0, "Shape_Ar_1": 1000000.0 }, "geometry": { "type": "Polygon", "coordinates": [ [ [ 73.226389758353321, 22.578535229022691 ], [ 73.216666554293582, 22.57842758122468 ], [ 73.216550290896436, 22.587457103281199 ], [ 73.22627412804249, 22.587564798773794 ], [ 73.226389758353321, 22.578535229022691 ] ] ] } },
{ "type": "Feature", "properties": { "FeatureID": "189", "HA_Area": 100.0, "OBJECTID_1": 1410, "ORIG_FID": 1411, "railway_bu": 2501.0, "Shape_Leng": 4000.0, "Shape_Area": 1000000.0, "buffer2": 0.0, "OBJECTID_2": 0, "OBJECTID_3": 0, "COUNT": 0.0, "AREA": 0.0, "MIN": 0.0, "MAX": 0.0, "RANGE": 0.0, "MEAN": 0.0, "STD": 0.0, "SUM": 0.0, "MEDIAN": 0.0, "PCT90": 0.0, "Nor": 0.0, "Shape_Le_1": 4000.0, "Shape_Ar_1": 1000000.0 }, "geometry": { "type": "Polygon", "coordinates": [ [ [ 73.206826512966984, 22.587348819678116 ], [ 73.197102794576423, 22.587239947979217 ], [ 73.196985205197365, 22.596269363140646 ], [ 73.206709556961926, 22.596378283060975 ], [ 73.206826512966984, 22.587348819678116 ] ] ] } },
{ "type": "Feature", "properties": { "FeatureID": "190", "HA_Area": 100.0, "OBJECTID_1": 1704, "ORIG_FID": 1705, "railway_bu": 2501.0, "Shape_Leng": 4000.0, "Shape_Area": 1000000.0, "buffer2": 0.0, "OBJECTID_2": 0, "OBJECTID_3": 0, "COUNT": 0.0, "AREA": 0.0, "MIN": 0.0, "MAX": 0.0, "RANGE": 0.0, "MEAN": 0.0, "STD": 0.0, "SUM": 0.0, "MEDIAN": 0.0, "PCT90": 0.0, "Nor": 0.0, "Shape_Le_1": 4000.0, "Shape_Ar_1": 1000000.0 }, "geometry": { "type": "Polygon", "coordinates": [ [ [ 73.147759648361102, 22.640861627998216 ], [ 73.13803248952739, 22.640748929240139 ], [ 73.137910729128407, 22.649777984959023 ], [ 73.147638523165185, 22.649890733538601 ], [ 73.147759648361102, 22.640861627998216 ] ] ] } },
{ "type": "Feature", "properties": { "FeatureID": "191", "HA_Area": 100.0, "OBJECTID_1": 1556, "ORIG_FID": 1557, "railway_bu": 2501.0, "Shape_Leng": 4000.0, "Shape_Area": 1000000.0, "buffer2": 0.0, "OBJECTID_2": 0, "OBJECTID_3": 0, "COUNT": 0.0, "AREA": 0.0, "MIN": 0.0, "MAX": 0.0, "RANGE": 0.0, "MEAN": 0.0, "STD": 0.0, "SUM": 0.0, "MEDIAN": 0.0, "PCT90": 0.0, "Nor": 0.0, "Shape_Le_1": 4000.0, "Shape_Ar_1": 1000000.0 }, "geometry": { "type": "Polygon", "coordinates": [ [ [ 73.167573349118157, 22.613997579016001 ], [ 73.15784797122771, 22.613886207274433 ], [ 73.157727664970835, 22.622915394676781 ], [ 73.16745367713213, 22.623026815700012 ], [ 73.167573349118157, 22.613997579016001 ] ] ] } },
{ "type": "Feature", "properties": { "FeatureID": "192", "HA_Area": 100.0, "OBJECTID_1": 1454, "ORIG_FID": 1455, "railway_bu": 2501.0, "Shape_Leng": 4000.0, "Shape_Area": 1000000.0, "buffer2": 0.0, "OBJECTID_2": 0, "OBJECTID_3": 0, "COUNT": 0.0, "AREA": 0.0, "MIN": 0.0, "MAX": 0.0, "RANGE": 0.0, "MEAN": 0.0, "STD": 0.0, "SUM": 0.0, "MEDIAN": 0.0, "PCT90": 0.0, "Nor": 0.0, "Shape_Le_1": 4000.0, "Shape_Ar_1": 1000000.0 }, "geometry": { "type": "Polygon", "coordinates": [ [ [ 73.138518912276467, 22.604632598568713 ], [ 73.148243533524649, 22.604745098103859 ], [ 73.148364351000268, 22.595715938714612 ], [ 73.138640363342276, 22.595603488969452 ], [ 73.138518912276467, 22.604632598568713 ] ] ] } },
{ "type": "Feature", "properties": { "FeatureID": "193", "HA_Area": 100.0, "OBJECTID_1": 1854, "ORIG_FID": 1855, "railway_bu": 2501.0, "Shape_Leng": 4000.0, "Shape_Area": 1000000.0, "buffer2": 0.0, "OBJECTID_2": 0, "OBJECTID_3": 0, "COUNT": 0.0, "AREA": 0.0, "MIN": 0.0, "MAX": 0.0, "RANGE": 0.0, "MEAN": 0.0, "STD": 0.0, "SUM": 0.0, "MEDIAN": 0.0, "PCT90": 0.0, "Nor": 0.0, "Shape_Le_1": 4000.0, "Shape_Ar_1": 1000000.0 }, "geometry": { "type": "Polygon", "coordinates": [ [ [ 73.147396087961411, 22.667948912274948 ], [ 73.137667022549849, 22.667836064033445 ], [ 73.137545076334078, 22.676865087381952 ], [ 73.147274777917545, 22.676977985463907 ], [ 73.147396087961411, 22.667948912274948 ] ] ] } },
{ "type": "Feature", "properties": { "FeatureID": "194", "HA_Area": 100.0, "OBJECTID_1": 1756, "ORIG_FID": 1757, "railway_bu": 2501.0, "Shape_Leng": 4000.0, "Shape_Area": 1000000.0, "buffer2": 0.0, "OBJECTID_2": 0, "OBJECTID_3": 0, "COUNT": 0.0, "AREA": 0.0, "MIN": 0.0, "MAX": 0.0, "RANGE": 0.0, "MEAN": 0.0, "STD": 0.0, "SUM": 0.0, "MEDIAN": 0.0, "PCT90": 0.0, "Nor": 0.0, "Shape_Le_1": 4000.0, "Shape_Ar_1": 1000000.0 }, "geometry": { "type": "Polygon", "coordinates": [ [ [ 73.167094295709802, 22.65011446119442 ], [ 73.157366378799935, 22.650002892288793 ], [ 73.157245827549943, 22.659032036616086 ], [ 73.166974380021614, 22.659143654828341 ], [ 73.167094295709802, 22.65011446119442 ] ] ] } },
{ "type": "Feature", "properties": { "FeatureID": "195", "HA_Area": 100.0, "OBJECTID_1": 1855, "ORIG_FID": 1856, "railway_bu": 2501.0, "Shape_Leng": 4000.0, "Shape_Area": 1000000.0, "buffer2": 0.0, "OBJECTID_2": 0, "OBJECTID_3": 0, "COUNT": 0.0, "AREA": 0.0, "MIN": 0.0, "MAX": 0.0, "RANGE": 0.0, "MEAN": 0.0, "STD": 0.0, "SUM": 0.0, "MEDIAN": 0.0, "PCT90": 0.0, "Nor": 0.0, "Shape_Le_1": 4000.0, "Shape_Ar_1": 1000000.0 }, "geometry": { "type": "Polygon", "coordinates": [ [ [ 73.147396087961411, 22.667948912274948 ], [ 73.147274777917545, 22.676977985463907 ], [ 73.157004541153015, 22.677090292934615 ], [ 73.157125215006943, 22.668061170165867 ], [ 73.147396087961411, 22.667948912274948 ] ] ] } },
{ "type": "Feature", "properties": { "FeatureID": "196", "HA_Area": 100.0, "OBJECTID_1": 1803, "ORIG_FID": 1804, "railway_bu": 2501.0, "Shape_Leng": 4000.0, "Shape_Area": 1000000.0, "buffer2": 0.0, "OBJECTID_2": 0, "OBJECTID_3": 0, "COUNT": 0.0, "AREA": 0.0, "MIN": 0.0, "MAX": 0.0, "RANGE": 0.0, "MEAN": 0.0, "STD": 0.0, "SUM": 0.0, "MEDIAN": 0.0, "PCT90": 0.0, "Nor": 0.0, "Shape_Le_1": 4000.0, "Shape_Ar_1": 1000000.0 }, "geometry": { "type": "Polygon", "coordinates": [ [ [ 73.137667022549849, 22.667836064033445 ], [ 73.137788906808581, 22.658807029891296 ], [ 73.128060539184816, 22.658693641409229 ], [ 73.127938019095325, 22.667722625456644 ], [ 73.137667022549849, 22.667836064033445 ] ] ] } },
{ "type": "Feature", "properties": { "FeatureID": "197", "HA_Area": 100.0, "OBJECTID_1": 1706, "ORIG_FID": 1707, "railway_bu": 2501.0, "Shape_Leng": 4000.0, "Shape_Area": 1000000.0, "buffer2": 0.0, "OBJECTID_2": 0, "OBJECTID_3": 0, "COUNT": 0.0, "AREA": 0.0, "MIN": 0.0, "MAX": 0.0, "RANGE": 0.0, "MEAN": 0.0, "STD": 0.0, "SUM": 0.0, "MEDIAN": 0.0, "PCT90": 0.0, "Nor": 0.0, "Shape_Le_1": 4000.0, "Shape_Ar_1": 1000000.0 }, "geometry": { "type": "Polygon", "coordinates": [ [ [ 73.157366378799935, 22.650002892288793 ], [ 73.167094295709802, 22.65011446119442 ], [ 73.167214150445744, 22.641085256792728 ], [ 73.157486868774825, 22.64097373718748 ], [ 73.157366378799935, 22.650002892288793 ] ] ] } },
{ "type": "Feature", "properties": { "FeatureID": "198", "HA_Area": 100.0, "OBJECTID_1": 1070, "ORIG_FID": 1071, "railway_bu": 2501.0, "Shape_Leng": 4000.0, "Shape_Area": 1000000.0, "buffer2": 0.0, "OBJECTID_2": 0, "OBJECTID_3": 0, "COUNT": 0.0, "AREA": 0.0, "MIN": 0.0, "MAX": 0.0, "RANGE": 0.0, "MEAN": 0.0, "STD": 0.0, "SUM": 0.0, "MEDIAN": 0.0, "PCT90": 0.0, "Nor": 0.0, "Shape_Le_1": 4000.0, "Shape_Ar_1": 1000000.0 }, "geometry": { "type": "Polygon", "coordinates": [ [ [ 73.304839691696799, 22.525195371813886 ], [ 73.295119818203105, 22.525092700881551 ], [ 73.295008959453099, 22.534122661122865 ], [ 73.304729464235379, 22.534225377631966 ], [ 73.304839691696799, 22.525195371813886 ] ] ] } },
{ "type": "Feature", "properties": { "FeatureID": "199", "HA_Area": 100.0, "OBJECTID_1": 1811, "ORIG_FID": 1812, "railway_bu": 2501.0, "Shape_Leng": 4000.0, "Shape_Area": 1000000.0, "buffer2": 0.0, "OBJECTID_2": 0, "OBJECTID_3": 0, "COUNT": 0.0, "AREA": 0.0, "MIN": 0.0, "MAX": 0.0, "RANGE": 0.0, "MEAN": 0.0, "STD": 0.0, "SUM": 0.0, "MEDIAN": 0.0, "PCT90": 0.0, "Nor": 0.0, "Shape_Le_1": 4000.0, "Shape_Ar_1": 1000000.0 }, "geometry": { "type": "Polygon", "coordinates": [ [ [ 73.215618050470638, 22.659692893785536 ], [ 73.205889196378763, 22.65958422632438 ], [ 73.205771763436985, 22.668613603832075 ], [ 73.215501253501827, 22.668722319302834 ], [ 73.215618050470638, 22.659692893785536 ] ] ] } },
{ "type": "Feature", "properties": { "FeatureID": "200", "HA_Area": 100.0, "OBJECTID_1": 1317, "ORIG_FID": 1318, "railway_bu": 1588.55, "Shape_Leng": 4000.0, "Shape_Area": 1000000.0, "buffer2": 0.0, "OBJECTID_2": 0, "OBJECTID_3": 0, "COUNT": 0.0, "AREA": 0.0, "MIN": 0.0, "MAX": 0.0, "RANGE": 0.0, "MEAN": 0.0, "STD": 0.0, "SUM": 0.0, "MEDIAN": 0.0, "PCT90": 0.0, "Nor": 0.0, "Shape_Le_1": 4000.0, "Shape_Ar_1": 1000000.0 }, "geometry": { "type": "Polygon", "coordinates": [ [ [ 73.275119062722794, 22.570034834762254 ], [ 73.26539620034842, 22.56993017281853 ], [ 73.265283160141664, 22.578959941423363 ], [ 73.275006655364948, 22.579064649753796 ], [ 73.275119062722794, 22.570034834762254 ] ] ] } },
{ "type": "Feature", "properties": { "FeatureID": "201", "HA_Area": 100.0, "OBJECTID_1": 1822, "ORIG_FID": 1823, "railway_bu": 2501.0, "Shape_Leng": 4000.0, "Shape_Area": 1000000.0, "buffer2": 0.0, "OBJECTID_2": 0, "OBJECTID_3": 0, "COUNT": 0.0, "AREA": 0.0, "MIN": 0.0, "MAX": 0.0, "RANGE": 0.0, "MEAN": 0.0, "STD": 0.0, "SUM": 0.0, "MEDIAN": 0.0, "PCT90": 0.0, "Nor": 0.0, "Shape_Le_1": 4000.0, "Shape_Ar_1": 1000000.0 }, "geometry": { "type": "Polygon", "coordinates": [ [ [ 73.322639291835728, 22.660849279824792 ], [ 73.312909802608175, 22.660747105297784 ], [ 73.312799366307701, 22.669776996572711 ], [ 73.322529491693899, 22.669879216241473 ], [ 73.322639291835728, 22.660849279824792 ] ] ] } },
{ "type": "Feature", "properties": { "FeatureID": "202", "HA_Area": 100.0, "OBJECTID_1": 1504, "ORIG_FID": 1505, "railway_bu": 2501.0, "Shape_Leng": 4000.0, "Shape_Area": 1000000.0, "buffer2": 0.0, "OBJECTID_2": 0, "OBJECTID_3": 0, "COUNT": 0.0, "AREA": 0.0, "MIN": 0.0, "MAX": 0.0, "RANGE": 0.0, "MEAN": 0.0, "STD": 0.0, "SUM": 0.0, "MEDIAN": 0.0, "PCT90": 0.0, "Nor": 0.0, "Shape_Le_1": 4000.0, "Shape_Ar_1": 1000000.0 }, "geometry": { "type": "Polygon", "coordinates": [ [ [ 73.148243533524649, 22.604745098103859 ], [ 73.138518912276467, 22.604632598568713 ], [ 73.138397399380111, 22.613661697398925 ], [ 73.148122654540856, 22.613774246730351 ], [ 73.148243533524649, 22.604745098103859 ] ] ] } },
{ "type": "Feature", "properties": { "FeatureID": "203", "HA_Area": 100.0, "OBJECTID_1": 1105, "ORIG_FID": 1106, "railway_bu": 2501.0, "Shape_Leng": 4000.0, "Shape_Area": 1000000.0, "buffer2": 0.0, "OBJECTID_2": 0, "OBJECTID_3": 0, "COUNT": 0.0, "AREA": 0.0, "MIN": 0.0, "MAX": 0.0, "RANGE": 0.0, "MEAN": 0.0, "STD": 0.0, "SUM": 0.0, "MEDIAN": 0.0, "PCT90": 0.0, "Nor": 0.0, "Shape_Le_1": 4000.0, "Shape_Ar_1": 1000000.0 }, "geometry": { "type": "Polygon", "coordinates": [ [ [ 73.158927975516249, 22.532623036874298 ], [ 73.149208352605555, 22.53251152192782 ], [ 73.149087965185743, 22.541540756557975 ], [ 73.158808219450378, 22.541652320990323 ], [ 73.158927975516249, 22.532623036874298 ] ] ] } },
{ "type": "Feature", "properties": { "FeatureID": "204", "HA_Area": 100.0, "OBJECTID_1": 1868, "ORIG_FID": 1869, "railway_bu": 2501.0, "Shape_Leng": 4000.0, "Shape_Area": 1000000.0, "buffer2": 0.0, "OBJECTID_2": 0, "OBJECTID_3": 0, "COUNT": 0.0, "AREA": 0.0, "MIN": 0.0, "MAX": 0.0, "RANGE": 0.0, "MEAN": 0.0, "STD": 0.0, "SUM": 0.0, "MEDIAN": 0.0, "PCT90": 0.0, "Nor": 0.0, "Shape_Le_1": 4000.0, "Shape_Ar_1": 1000000.0 }, "geometry": { "type": "Polygon", "coordinates": [ [ [ 73.283609328284854, 22.669466794032303 ], [ 73.273879429399884, 22.669362212054182 ], [ 73.27376639119656, 22.678391909446507 ], [ 73.283496926497165, 22.678496537615199 ], [ 73.283609328284854, 22.669466794032303 ] ] ] } },
{ "type": "Feature", "properties": { "FeatureID": "205", "HA_Area": 100.0, "OBJECTID_1": 1772, "ORIG_FID": 1773, "railway_bu": 2501.0, "Shape_Leng": 4000.0, "Shape_Area": 1000000.0, "buffer2": 0.0, "OBJECTID_2": 0, "OBJECTID_3": 0, "COUNT": 0.0, "AREA": 0.0, "MIN": 0.0, "MAX": 0.0, "RANGE": 0.0, "MEAN": 0.0, "STD": 0.0, "SUM": 0.0, "MEDIAN": 0.0, "PCT90": 0.0, "Nor": 0.0, "Shape_Le_1": 4000.0, "Shape_Ar_1": 1000000.0 }, "geometry": { "type": "Polygon", "coordinates": [ [ [ 73.312909802608175, 22.660747105297784 ], [ 73.322639291835728, 22.660849279824792 ], [ 73.322749036176646, 22.651819332732366 ], [ 73.31302018278457, 22.651717203341391 ], [ 73.312909802608175, 22.660747105297784 ] ] ] } },
{ "type": "Feature", "properties": { "FeatureID": "206", "HA_Area": 100.0, "OBJECTID_1": 1118, "ORIG_FID": 1119, "railway_bu": 2501.0, "Shape_Leng": 4000.0, "Shape_Area": 1000000.0, "buffer2": 0.0, "OBJECTID_2": 0, "OBJECTID_3": 0, "COUNT": 0.0, "AREA": 0.0, "MIN": 0.0, "MAX": 0.0, "RANGE": 0.0, "MEAN": 0.0, "STD": 0.0, "SUM": 0.0, "MEDIAN": 0.0, "PCT90": 0.0, "Nor": 0.0, "Shape_Le_1": 4000.0, "Shape_Ar_1": 1000000.0 }, "geometry": { "type": "Polygon", "coordinates": [ [ [ 73.285288511209927, 22.534019357950992 ], [ 73.275568119827696, 22.533915468130321 ], [ 73.275455941367156, 22.542945325781226 ], [ 73.285176964326837, 22.54304926170494 ], [ 73.285288511209927, 22.534019357950992 ] ] ] } },
{ "type": "Feature", "properties": { "FeatureID": "207", "HA_Area": 100.0, "OBJECTID_1": 1261, "ORIG_FID": 1262, "railway_bu": 1184.45, "Shape_Leng": 4000.0, "Shape_Area": 1000000.0, "buffer2": 0.0, "OBJECTID_2": 0, "OBJECTID_3": 0, "COUNT": 0.0, "AREA": 0.0, "MIN": 0.0, "MAX": 0.0, "RANGE": 0.0, "MEAN": 0.0, "STD": 0.0, "SUM": 0.0, "MEDIAN": 0.0, "PCT90": 0.0, "Nor": 0.0, "Shape_Le_1": 4000.0, "Shape_Ar_1": 1000000.0 }, "geometry": { "type": "Polygon", "coordinates": [ [ [ 73.216898903507044, 22.560368504987693 ], [ 73.207177023818289, 22.560260365231333 ], [ 73.207060246377836, 22.569289860759802 ], [ 73.216782758491362, 22.569398048459011 ], [ 73.216898903507044, 22.560368504987693 ] ] ] } },
{ "type": "Feature", "properties": { "FeatureID": "208", "HA_Area": 100.0, "OBJECTID_1": 1325, "ORIG_FID": 1326, "railway_bu": 2501.0, "Shape_Leng": 4000.0, "Shape_Area": 1000000.0, "buffer2": 0.0, "OBJECTID_2": 0, "OBJECTID_3": 0, "COUNT": 0.0, "AREA": 0.0, "MIN": 0.0, "MAX": 0.0, "RANGE": 0.0, "MEAN": 0.0, "STD": 0.0, "SUM": 0.0, "MEDIAN": 0.0, "PCT90": 0.0, "Nor": 0.0, "Shape_Le_1": 4000.0, "Shape_Ar_1": 1000000.0 }, "geometry": { "type": "Polygon", "coordinates": [ [ [ 73.352903995629489, 22.570850972803168 ], [ 73.34318068428199, 22.570751012657389 ], [ 73.343072707327991, 22.579781145064473 ], [ 73.352796651655154, 22.579881149513607 ], [ 73.352903995629489, 22.570850972803168 ] ] ] } },
{ "type": "Feature", "properties": { "FeatureID": "209", "HA_Area": 100.0, "OBJECTID_1": 1367, "ORIG_FID": 1368, "railway_bu": 915.706, "Shape_Leng": 4000.0, "Shape_Area": 1000000.0, "buffer2": 0.0, "OBJECTID_2": 0, "OBJECTID_3": 0, "COUNT": 0.0, "AREA": 0.0, "MIN": 0.0, "MAX": 0.0, "RANGE": 0.0, "MEAN": 0.0, "STD": 0.0, "SUM": 0.0, "MEDIAN": 0.0, "PCT90": 0.0, "Nor": 0.0, "Shape_Le_1": 4000.0, "Shape_Ar_1": 1000000.0 }, "geometry": { "type": "Polygon", "coordinates": [ [ [ 73.265170062346655, 22.587989699348835 ], [ 73.27489419074108, 22.588094454071832 ], [ 73.275006655364948, 22.579064649753796 ], [ 73.265283160141664, 22.578959941423363 ], [ 73.265170062346655, 22.587989699348835 ] ] ] } },
{ "type": "Feature", "properties": { "FeatureID": "210", "HA_Area": 100.0, "OBJECTID_1": 1416, "ORIG_FID": 1417, "railway_bu": 1925.82, "Shape_Leng": 4000.0, "Shape_Area": 1000000.0, "buffer2": 0.0, "OBJECTID_2": 0, "OBJECTID_3": 0, "COUNT": 0.0, "AREA": 0.0, "MIN": 0.0, "MAX": 0.0, "RANGE": 0.0, "MEAN": 0.0, "STD": 0.0, "SUM": 0.0, "MEDIAN": 0.0, "PCT90": 0.0, "Nor": 0.0, "Shape_Le_1": 4000.0, "Shape_Ar_1": 1000000.0 }, "geometry": { "type": "Polygon", "coordinates": [ [ [ 73.265170062346655, 22.587989699348835 ], [ 73.255445991557266, 22.587884356443226 ], [ 73.255332202680549, 22.596914057026972 ], [ 73.265056906946626, 22.59701944659146 ], [ 73.265170062346655, 22.587989699348835 ] ] ] } },
{ "type": "Feature", "properties": { "FeatureID": "211", "HA_Area": 100.0, "OBJECTID_1": 1072, "ORIG_FID": 1073, "railway_bu": 2308.97, "Shape_Leng": 4000.0, "Shape_Area": 1000000.0, "buffer2": 0.0, "OBJECTID_2": 0, "OBJECTID_3": 0, "COUNT": 0.0, "AREA": 0.0, "MIN": 0.0, "MAX": 0.0, "RANGE": 0.0, "MEAN": 0.0, "STD": 0.0, "SUM": 0.0, "MEDIAN": 0.0, "PCT90": 0.0, "Nor": 0.0, "Shape_Le_1": 4000.0, "Shape_Ar_1": 1000000.0 }, "geometry": { "type": "Polygon", "coordinates": [ [ [ 73.324279606965291, 22.525398954415451 ], [ 73.314559621391439, 22.525297456329799 ], [ 73.314450025234962, 22.534327507464379 ], [ 73.324170642130014, 22.534429050606285 ], [ 73.324279606965291, 22.525398954415451 ] ] ] } },
{ "type": "Feature", "properties": { "FeatureID": "212", "HA_Area": 100.0, "OBJECTID_1": 1054, "ORIG_FID": 1055, "railway_bu": 2501.0, "Shape_Leng": 4000.0, "Shape_Area": 1000000.0, "buffer2": 0.0, "OBJECTID_2": 0, "OBJECTID_3": 0, "COUNT": 0.0, "AREA": 0.0, "MIN": 0.0, "MAX": 0.0, "RANGE": 0.0, "MEAN": 0.0, "STD": 0.0, "SUM": 0.0, "MEDIAN": 0.0, "PCT90": 0.0, "Nor": 0.0, "Shape_Le_1": 4000.0, "Shape_Ar_1": 1000000.0 }, "geometry": { "type": "Polygon", "coordinates": [ [ [ 73.149328678660297, 22.523482276563012 ], [ 73.13960974812916, 22.523370224911581 ], [ 73.139488791059946, 22.532399420536624 ], [ 73.149208352605555, 22.53251152192782 ], [ 73.149328678660297, 22.523482276563012 ] ] ] } },
{ "type": "Feature", "properties": { "FeatureID": "213", "HA_Area": 100.0, "OBJECTID_1": 1158, "ORIG_FID": 1159, "railway_bu": 2501.0, "Shape_Leng": 4000.0, "Shape_Area": 1000000.0, "buffer2": 0.0, "OBJECTID_2": 0, "OBJECTID_3": 0, "COUNT": 0.0, "AREA": 0.0, "MIN": 0.0, "MAX": 0.0, "RANGE": 0.0, "MEAN": 0.0, "STD": 0.0, "SUM": 0.0, "MEDIAN": 0.0, "PCT90": 0.0, "Nor": 0.0, "Shape_Le_1": 4000.0, "Shape_Ar_1": 1000000.0 }, "geometry": { "type": "Polygon", "coordinates": [ [ [ 73.187969347324284, 22.541983493907523 ], [ 73.178248910841404, 22.541873689680077 ], [ 73.178130357118945, 22.550903061267778 ], [ 73.187851425330535, 22.551012914206687 ], [ 73.187969347324284, 22.541983493907523 ] ] ] } },
{ "type": "Feature", "properties": { "FeatureID": "214", "HA_Area": 100.0, "OBJECTID_1": 1907, "ORIG_FID": 1908, "railway_bu": 2501.0, "Shape_Leng": 4000.0, "Shape_Area": 1000000.0, "buffer2": 0.0, "OBJECTID_2": 0, "OBJECTID_3": 0, "COUNT": 0.0, "AREA": 0.0, "MIN": 0.0, "MAX": 0.0, "RANGE": 0.0, "MEAN": 0.0, "STD": 0.0, "SUM": 0.0, "MEDIAN": 0.0, "PCT90": 0.0, "Nor": 0.0, "Shape_Le_1": 4000.0, "Shape_Ar_1": 1000000.0 }, "geometry": { "type": "Polygon", "coordinates": [ [ [ 73.176464251287342, 22.677313135981517 ], [ 73.166734365717332, 22.677202009778863 ], [ 73.166614267065569, 22.686231171088473 ], [ 73.176344789184441, 22.686342346355808 ], [ 73.176464251287342, 22.677313135981517 ] ] ] } },
{ "type": "Feature", "properties": { "FeatureID": "215", "HA_Area": 100.0, "OBJECTID_1": 1925, "ORIG_FID": 1926, "railway_bu": 1820.0, "Shape_Leng": 4000.0, "Shape_Area": 1000000.0, "buffer2": 0.0, "OBJECTID_2": 0, "OBJECTID_3": 0, "COUNT": 0.0, "AREA": 0.0, "MIN": 0.0, "MAX": 0.0, "RANGE": 0.0, "MEAN": 0.0, "STD": 0.0, "SUM": 0.0, "MEDIAN": 0.0, "PCT90": 0.0, "Nor": 0.0, "Shape_Le_1": 4000.0, "Shape_Ar_1": 1000000.0 }, "geometry": { "type": "Polygon", "coordinates": [ [ [ 73.351612255046916, 22.679212391134836 ], [ 73.341881326648291, 22.679111898978764 ], [ 73.341772688515093, 22.688141903557561 ], [ 73.351504253767658, 22.688242440084348 ], [ 73.351612255046916, 22.679212391134836 ] ] ] } },
{ "type": "Feature", "properties": { "FeatureID": "216", "HA_Area": 100.0, "OBJECTID_1": 1302, "ORIG_FID": 1303, "railway_bu": 2501.0, "Shape_Leng": 4000.0, "Shape_Area": 1000000.0, "buffer2": 0.0, "OBJECTID_2": 0, "OBJECTID_3": 0, "COUNT": 0.0, "AREA": 0.0, "MIN": 0.0, "MAX": 0.0, "RANGE": 0.0, "MEAN": 0.0, "STD": 0.0, "SUM": 0.0, "MEDIAN": 0.0, "PCT90": 0.0, "Nor": 0.0, "Shape_Le_1": 4000.0, "Shape_Ar_1": 1000000.0 }, "geometry": { "type": "Polygon", "coordinates": [ [ [ 73.129282318674299, 22.568403207709238 ], [ 73.119560353692577, 22.568289732370879 ], [ 73.11943782281719, 22.577318773933097 ], [ 73.129160420386455, 22.577432299563139 ], [ 73.129282318674299, 22.568403207709238 ] ] ] } },
{ "type": "Feature", "properties": { "FeatureID": "217", "HA_Area": 100.0, "OBJECTID_1": 1052, "ORIG_FID": 1053, "railway_bu": 2501.0, "Shape_Leng": 4000.0, "Shape_Area": 1000000.0, "buffer2": 0.0, "OBJECTID_2": 0, "OBJECTID_3": 0, "COUNT": 0.0, "AREA": 0.0, "MIN": 0.0, "MAX": 0.0, "RANGE": 0.0, "MEAN": 0.0, "STD": 0.0, "SUM": 0.0, "MEDIAN": 0.0, "PCT90": 0.0, "Nor": 0.0, "Shape_Le_1": 4000.0, "Shape_Ar_1": 1000000.0 }, "geometry": { "type": "Polygon", "coordinates": [ [ [ 73.129890879266782, 22.523257587090733 ], [ 73.120172072394723, 22.523144363115701 ], [ 73.120049853350451, 22.532173458480859 ], [ 73.129769291201029, 22.532286732715885 ], [ 73.129890879266782, 22.523257587090733 ] ] ] } },
{ "type": "Feature", "properties": { "FeatureID": "218", "HA_Area": 100.0, "OBJECTID_1": 1016, "ORIG_FID": 1017, "railway_bu": 2149.81, "Shape_Leng": 4000.0, "Shape_Area": 1000000.0, "buffer2": 0.0, "OBJECTID_2": 0, "OBJECTID_3": 0, "COUNT": 0.0, "AREA": 0.0, "MIN": 0.0, "MAX": 0.0, "RANGE": 0.0, "MEAN": 0.0, "STD": 0.0, "SUM": 0.0, "MEDIAN": 0.0, "PCT90": 0.0, "Nor": 0.0, "Shape_Le_1": 4000.0, "Shape_Ar_1": 1000000.0 }, "geometry": { "type": "Polygon", "coordinates": [ [ [ 73.266073233174069, 22.515751337117191 ], [ 73.256354218601984, 22.515646367270715 ], [ 73.256240892672324, 22.524676153267013 ], [ 73.265960538145023, 22.524781169725319 ], [ 73.266073233174069, 22.515751337117191 ] ] ] } },
{ "type": "Feature", "properties": { "FeatureID": "219", "HA_Area": 100.0, "OBJECTID_1": 1359, "ORIG_FID": 1360, "railway_bu": 2501.0, "Shape_Leng": 4000.0, "Shape_Area": 1000000.0, "buffer2": 0.0, "OBJECTID_2": 0, "OBJECTID_3": 0, "COUNT": 0.0, "AREA": 0.0, "MIN": 0.0, "MAX": 0.0, "RANGE": 0.0, "MEAN": 0.0, "STD": 0.0, "SUM": 0.0, "MEDIAN": 0.0, "PCT90": 0.0, "Nor": 0.0, "Shape_Le_1": 4000.0, "Shape_Ar_1": 1000000.0 }, "geometry": { "type": "Polygon", "coordinates": [ [ [ 73.197220324094317, 22.578210522092991 ], [ 73.187497298599169, 22.578101110788712 ], [ 73.187379136046971, 22.587130488199229 ], [ 73.197102794576423, 22.587239947979217 ], [ 73.197220324094317, 22.578210522092991 ] ] ] } },
{ "type": "Feature", "properties": { "FeatureID": "220", "HA_Area": 100.0, "OBJECTID_1": 1115, "ORIG_FID": 1116, "railway_bu": 2290.87, "Shape_Leng": 4000.0, "Shape_Area": 1000000.0, "buffer2": 0.0, "OBJECTID_2": 0, "OBJECTID_3": 0, "COUNT": 0.0, "AREA": 0.0, "MIN": 0.0, "MAX": 0.0, "RANGE": 0.0, "MEAN": 0.0, "STD": 0.0, "SUM": 0.0, "MEDIAN": 0.0, "PCT90": 0.0, "Nor": 0.0, "Shape_Le_1": 4000.0, "Shape_Ar_1": 1000000.0 }, "geometry": { "type": "Polygon", "coordinates": [ [ [ 73.256127508933176, 22.533705928598923 ], [ 73.246407290064468, 22.533600278916555 ], [ 73.246293216971765, 22.542629996696771 ], [ 73.256014067367744, 22.542735693262944 ], [ 73.256127508933176, 22.533705928598923 ] ] ] } },
{ "type": "Feature", "properties": { "FeatureID": "221", "HA_Area": 100.0, "OBJECTID_1": 1568, "ORIG_FID": 1569, "railway_bu": 2501.0, "Shape_Leng": 4000.0, "Shape_Area": 1000000.0, "buffer2": 0.0, "OBJECTID_2": 0, "OBJECTID_3": 0, "COUNT": 0.0, "AREA": 0.0, "MIN": 0.0, "MAX": 0.0, "RANGE": 0.0, "MEAN": 0.0, "STD": 0.0, "SUM": 0.0, "MEDIAN": 0.0, "PCT90": 0.0, "Nor": 0.0, "Shape_Le_1": 4000.0, "Shape_Ar_1": 1000000.0 }, "geometry": { "type": "Polygon", "coordinates": [ [ [ 73.274443759251838, 22.624213564539495 ], [ 73.284170480904791, 22.624317915652565 ], [ 73.284282540281751, 22.61528810790778 ], [ 73.274556453106641, 22.615183802950181 ], [ 73.274443759251838, 22.624213564539495 ] ] ] } },
{ "type": "Feature", "properties": { "FeatureID": "222", "HA_Area": 100.0, "OBJECTID_1": 1303, "ORIG_FID": 1304, "railway_bu": 2501.0, "Shape_Leng": 4000.0, "Shape_Area": 1000000.0, "buffer2": 0.0, "OBJECTID_2": 0, "OBJECTID_3": 0, "COUNT": 0.0, "AREA": 0.0, "MIN": 0.0, "MAX": 0.0, "RANGE": 0.0, "MEAN": 0.0, "STD": 0.0, "SUM": 0.0, "MEDIAN": 0.0, "PCT90": 0.0, "Nor": 0.0, "Shape_Le_1": 4000.0, "Shape_Ar_1": 1000000.0 }, "geometry": { "type": "Polygon", "coordinates": [ [ [ 73.129282318674299, 22.568403207709238 ], [ 73.129160420386455, 22.577432299563139 ], [ 73.138883080054342, 22.577545237477835 ], [ 73.139004345736581, 22.568516095592525 ], [ 73.129282318674299, 22.568403207709238 ] ] ] } },
{ "type": "Feature", "properties": { "FeatureID": "223", "HA_Area": 100.0, "OBJECTID_1": 1807, "ORIG_FID": 1808, "railway_bu": 2501.0, "Shape_Leng": 4000.0, "Shape_Area": 1000000.0, "buffer2": 0.0, "OBJECTID_2": 0, "OBJECTID_3": 0, "COUNT": 0.0, "AREA": 0.0, "MIN": 0.0, "MAX": 0.0, "RANGE": 0.0, "MEAN": 0.0, "STD": 0.0, "SUM": 0.0, "MEDIAN": 0.0, "PCT90": 0.0, "Nor": 0.0, "Shape_Le_1": 4000.0, "Shape_Ar_1": 1000000.0 }, "geometry": { "type": "Polygon", "coordinates": [ [ [ 73.176702993463337, 22.659254682920295 ], [ 73.166974380021614, 22.659143654828341 ], [ 73.166854403363402, 22.668172837690992 ], [ 73.17658365270772, 22.668283914835186 ], [ 73.176702993463337, 22.659254682920295 ] ] ] } },
{ "type": "Feature", "properties": { "FeatureID": "224", "HA_Area": 100.0, "OBJECTID_1": 1618, "ORIG_FID": 1619, "railway_bu": 2501.0, "Shape_Leng": 4000.0, "Shape_Area": 1000000.0, "buffer2": 0.0, "OBJECTID_2": 0, "OBJECTID_3": 0, "COUNT": 0.0, "AREA": 0.0, "MIN": 0.0, "MAX": 0.0, "RANGE": 0.0, "MEAN": 0.0, "STD": 0.0, "SUM": 0.0, "MEDIAN": 0.0, "PCT90": 0.0, "Nor": 0.0, "Shape_Le_1": 4000.0, "Shape_Ar_1": 1000000.0 }, "geometry": { "type": "Polygon", "coordinates": [ [ [ 73.284170480904791, 22.624317915652565 ], [ 73.274443759251838, 22.624213564539495 ], [ 73.274331008047525, 22.633243315437959 ], [ 73.284058364501021, 22.63334771271235 ], [ 73.284170480904791, 22.624317915652565 ] ] ] } },
{ "type": "Feature", "properties": { "FeatureID": "225", "HA_Area": 100.0, "OBJECTID_1": 1068, "ORIG_FID": 1069, "railway_bu": 2501.0, "Shape_Leng": 4000.0, "Shape_Area": 1000000.0, "buffer2": 0.0, "OBJECTID_2": 0, "OBJECTID_3": 0, "COUNT": 0.0, "AREA": 0.0, "MIN": 0.0, "MAX": 0.0, "RANGE": 0.0, "MEAN": 0.0, "STD": 0.0, "SUM": 0.0, "MEDIAN": 0.0, "PCT90": 0.0, "Nor": 0.0, "Shape_Le_1": 4000.0, "Shape_Ar_1": 1000000.0 }, "geometry": { "type": "Polygon", "coordinates": [ [ [ 73.285400001232105, 22.52498944354668 ], [ 73.275680241105505, 22.52488559982325 ], [ 73.275568119827696, 22.533915468130321 ], [ 73.285288511209927, 22.534019357950992 ], [ 73.285400001232105, 22.52498944354668 ] ] ] } },
{ "type": "Feature", "properties": { "FeatureID": "226", "HA_Area": 100.0, "OBJECTID_1": 1919, "ORIG_FID": 1920, "railway_bu": 2501.0, "Shape_Leng": 4000.0, "Shape_Area": 1000000.0, "buffer2": 0.0, "OBJECTID_2": 0, "OBJECTID_3": 0, "COUNT": 0.0, "AREA": 0.0, "MIN": 0.0, "MAX": 0.0, "RANGE": 0.0, "MEAN": 0.0, "STD": 0.0, "SUM": 0.0, "MEDIAN": 0.0, "PCT90": 0.0, "Nor": 0.0, "Shape_Le_1": 4000.0, "Shape_Ar_1": 1000000.0 }, "geometry": { "type": "Polygon", "coordinates": [ [ [ 73.29322751892461, 22.678600574966858 ], [ 73.283496926497165, 22.678496537615199 ], [ 73.283384467582621, 22.687526270492349 ], [ 73.293115696765724, 22.687630353779646 ], [ 73.29322751892461, 22.678600574966858 ] ] ] } },
{ "type": "Feature", "properties": { "FeatureID": "227", "HA_Area": 100.0, "OBJECTID_1": 1770, "ORIG_FID": 1771, "railway_bu": 2501.0, "Shape_Leng": 4000.0, "Shape_Area": 1000000.0, "buffer2": 0.0, "OBJECTID_2": 0, "OBJECTID_3": 0, "COUNT": 0.0, "AREA": 0.0, "MIN": 0.0, "MAX": 0.0, "RANGE": 0.0, "MEAN": 0.0, "STD": 0.0, "SUM": 0.0, "MEDIAN": 0.0, "PCT90": 0.0, "Nor": 0.0, "Shape_Le_1": 4000.0, "Shape_Ar_1": 1000000.0 }, "geometry": { "type": "Polygon", "coordinates": [ [ [ 73.30329138550016, 22.651614483873558 ], [ 73.293562644646443, 22.651511174342787 ], [ 73.293450992848378, 22.660540985244975 ], [ 73.303180369504673, 22.660644340433201 ], [ 73.30329138550016, 22.651614483873558 ] ] ] } },
{ "type": "Feature", "properties": { "FeatureID": "228", "HA_Area": 100.0, "OBJECTID_1": 1963, "ORIG_FID": 1964, "railway_bu": 2501.0, "Shape_Leng": 4000.0, "Shape_Area": 1000000.0, "buffer2": 0.0, "OBJECTID_2": 0, "OBJECTID_3": 0, "COUNT": 0.0, "AREA": 0.0, "MIN": 0.0, "MAX": 0.0, "RANGE": 0.0, "MEAN": 0.0, "STD": 0.0, "SUM": 0.0, "MEDIAN": 0.0, "PCT90": 0.0, "Nor": 0.0, "Shape_Le_1": 4000.0, "Shape_Ar_1": 1000000.0 }, "geometry": { "type": "Polygon", "coordinates": [ [ [ 73.224998303817102, 22.686889358633369 ], [ 73.22488196563917, 22.695918799675361 ], [ 73.234613484087561, 22.696026476721592 ], [ 73.234729185288202, 22.68699698817327 ], [ 73.224998303817102, 22.686889358633369 ] ] ] } },
{ "type": "Feature", "properties": { "FeatureID": "229", "HA_Area": 100.0, "OBJECTID_1": 1852, "ORIG_FID": 1853, "railway_bu": 2330.31, "Shape_Leng": 4000.0, "Shape_Area": 1000000.0, "buffer2": 0.0, "OBJECTID_2": 0, "OBJECTID_3": 0, "COUNT": 0.0, "AREA": 0.0, "MIN": 0.0, "MAX": 0.0, "RANGE": 0.0, "MEAN": 0.0, "STD": 0.0, "SUM": 0.0, "MEDIAN": 0.0, "PCT90": 0.0, "Nor": 0.0, "Shape_Le_1": 4000.0, "Shape_Ar_1": 1000000.0 }, "geometry": { "type": "Polygon", "coordinates": [ [ [ 73.127938019095325, 22.667722625456644 ], [ 73.118209077920838, 22.667608596559916 ], [ 73.1180858594157, 22.676637519445602 ], [ 73.127815436725754, 22.676751598704062 ], [ 73.127938019095325, 22.667722625456644 ] ] ] } },
{ "type": "Feature", "properties": { "FeatureID": "230", "HA_Area": 100.0, "OBJECTID_1": 1669, "ORIG_FID": 1670, "railway_bu": 2501.0, "Shape_Leng": 4000.0, "Shape_Area": 1000000.0, "buffer2": 0.0, "OBJECTID_2": 0, "OBJECTID_3": 0, "COUNT": 0.0, "AREA": 0.0, "MIN": 0.0, "MAX": 0.0, "RANGE": 0.0, "MEAN": 0.0, "STD": 0.0, "SUM": 0.0, "MEDIAN": 0.0, "PCT90": 0.0, "Nor": 0.0, "Shape_Le_1": 4000.0, "Shape_Ar_1": 1000000.0 }, "geometry": { "type": "Polygon", "coordinates": [ [ [ 73.293785777997954, 22.633451520473177 ], [ 73.284058364501021, 22.63334771271235 ], [ 73.283946191053801, 22.64237749908369 ], [ 73.293674239690787, 22.642481352751048 ], [ 73.293785777997954, 22.633451520473177 ] ] ] } },
{ "type": "Feature", "properties": { "FeatureID": "231", "HA_Area": 100.0, "OBJECTID_1": 1422, "ORIG_FID": 1423, "railway_bu": 2074.41, "Shape_Leng": 4000.0, "Shape_Area": 1000000.0, "buffer2": 0.0, "OBJECTID_2": 0, "OBJECTID_3": 0, "COUNT": 0.0, "AREA": 0.0, "MIN": 0.0, "MAX": 0.0, "RANGE": 0.0, "MEAN": 0.0, "STD": 0.0, "SUM": 0.0, "MEDIAN": 0.0, "PCT90": 0.0, "Nor": 0.0, "Shape_Le_1": 4000.0, "Shape_Ar_1": 1000000.0 }, "geometry": { "type": "Polygon", "coordinates": [ [ [ 73.323515685505981, 22.588609404453948 ], [ 73.313791273921879, 22.588507590855201 ], [ 73.313681286155344, 22.597537567485301 ], [ 73.323406331315482, 22.597639426180105 ], [ 73.323515685505981, 22.588609404453948 ] ] ] } },
{ "type": "Feature", "properties": { "FeatureID": "232", "HA_Area": 100.0, "OBJECTID_1": 1061, "ORIG_FID": 1062, "railway_bu": 2449.56, "Shape_Leng": 4000.0, "Shape_Area": 1000000.0, "buffer2": 0.0, "OBJECTID_2": 0, "OBJECTID_3": 0, "COUNT": 0.0, "AREA": 0.0, "MIN": 0.0, "MAX": 0.0, "RANGE": 0.0, "MEAN": 0.0, "STD": 0.0, "SUM": 0.0, "MEDIAN": 0.0, "PCT90": 0.0, "Nor": 0.0, "Shape_Le_1": 4000.0, "Shape_Ar_1": 1000000.0 }, "geometry": { "type": "Polygon", "coordinates": [ [ [ 73.207643538884255, 22.524142276070215 ], [ 73.207526999287552, 22.533171814410586 ], [ 73.217246983633586, 22.533279810374637 ], [ 73.217362892092964, 22.524250224115573 ], [ 73.207643538884255, 22.524142276070215 ] ] ] } },
{ "type": "Feature", "properties": { "FeatureID": "233", "HA_Area": 100.0, "OBJECTID_1": 1163, "ORIG_FID": 1164, "railway_bu": 1778.13, "Shape_Leng": 4000.0, "Shape_Area": 1000000.0, "buffer2": 0.0, "OBJECTID_2": 0, "OBJECTID_3": 0, "COUNT": 0.0, "AREA": 0.0, "MIN": 0.0, "MAX": 0.0, "RANGE": 0.0, "MEAN": 0.0, "STD": 0.0, "SUM": 0.0, "MEDIAN": 0.0, "PCT90": 0.0, "Nor": 0.0, "Shape_Le_1": 4000.0, "Shape_Ar_1": 1000000.0 }, "geometry": { "type": "Polygon", "coordinates": [ [ [ 73.236572424740743, 22.542523713278282 ], [ 73.226851690996511, 22.542416843021872 ], [ 73.226736296091474, 22.55144645556457 ], [ 73.236457661650888, 22.55155337323124 ], [ 73.236572424740743, 22.542523713278282 ] ] ] } },
{ "type": "Feature", "properties": { "FeatureID": "234", "HA_Area": 100.0, "OBJECTID_1": 1503, "ORIG_FID": 1504, "railway_bu": 2501.0, "Shape_Leng": 4000.0, "Shape_Area": 1000000.0, "buffer2": 0.0, "OBJECTID_2": 0, "OBJECTID_3": 0, "COUNT": 0.0, "AREA": 0.0, "MIN": 0.0, "MAX": 0.0, "RANGE": 0.0, "MEAN": 0.0, "STD": 0.0, "SUM": 0.0, "MEDIAN": 0.0, "PCT90": 0.0, "Nor": 0.0, "Shape_Le_1": 4000.0, "Shape_Ar_1": 1000000.0 }, "geometry": { "type": "Polygon", "coordinates": [ [ [ 73.138518912276467, 22.604632598568713 ], [ 73.128794352858833, 22.604519510521872 ], [ 73.128672206067947, 22.613548559295388 ], [ 73.138397399380111, 22.613661697398925 ], [ 73.138518912276467, 22.604632598568713 ] ] ] } },
{ "type": "Feature", "properties": { "FeatureID": "235", "HA_Area": 100.0, "OBJECTID_1": 1962, "ORIG_FID": 1963, "railway_bu": 2501.0, "Shape_Leng": 4000.0, "Shape_Area": 1000000.0, "buffer2": 0.0, "OBJECTID_2": 0, "OBJECTID_3": 0, "COUNT": 0.0, "AREA": 0.0, "MIN": 0.0, "MAX": 0.0, "RANGE": 0.0, "MEAN": 0.0, "STD": 0.0, "SUM": 0.0, "MEDIAN": 0.0, "PCT90": 0.0, "Nor": 0.0, "Shape_Le_1": 4000.0, "Shape_Ar_1": 1000000.0 }, "geometry": { "type": "Polygon", "coordinates": [ [ [ 73.224998303817102, 22.686889358633369 ], [ 73.215267481429805, 22.68678113810196 ], [ 73.215150506291863, 22.695810531376839 ], [ 73.22488196563917, 22.695918799675361 ], [ 73.224998303817102, 22.686889358633369 ] ] ] } },
{ "type": "Feature", "properties": { "FeatureID": "236", "HA_Area": 100.0, "OBJECTID_1": 1320, "ORIG_FID": 1321, "railway_bu": 2294.72, "Shape_Leng": 4000.0, "Shape_Area": 1000000.0, "buffer2": 0.0, "OBJECTID_2": 0, "OBJECTID_3": 0, "COUNT": 0.0, "AREA": 0.0, "MIN": 0.0, "MAX": 0.0, "RANGE": 0.0, "MEAN": 0.0, "STD": 0.0, "SUM": 0.0, "MEDIAN": 0.0, "PCT90": 0.0, "Nor": 0.0, "Shape_Le_1": 4000.0, "Shape_Ar_1": 1000000.0 }, "geometry": { "type": "Polygon", "coordinates": [ [ [ 73.304287992053176, 22.570345294481285 ], [ 73.294564958897368, 22.570242395607686 ], [ 73.294453817287206, 22.579272302591455 ], [ 73.304177483341647, 22.579375247070558 ], [ 73.304287992053176, 22.570345294481285 ] ] ] } },
{ "type": "Feature", "properties": { "FeatureID": "237", "HA_Area": 100.0, "OBJECTID_1": 1060, "ORIG_FID": 1061, "railway_bu": 2501.0, "Shape_Leng": 4000.0, "Shape_Area": 1000000.0, "buffer2": 0.0, "OBJECTID_2": 0, "OBJECTID_3": 0, "COUNT": 0.0, "AREA": 0.0, "MIN": 0.0, "MAX": 0.0, "RANGE": 0.0, "MEAN": 0.0, "STD": 0.0, "SUM": 0.0, "MEDIAN": 0.0, "PCT90": 0.0, "Nor": 0.0, "Shape_Le_1": 4000.0, "Shape_Ar_1": 1000000.0 }, "geometry": { "type": "Polygon", "coordinates": [ [ [ 73.207643538884255, 22.524142276070215 ], [ 73.197924245093276, 22.524033741750952 ], [ 73.197807074376499, 22.533063231912461 ], [ 73.207526999287552, 22.533171814410586 ], [ 73.207643538884255, 22.524142276070215 ] ] ] } },
{ "type": "Feature", "properties": { "FeatureID": "238", "HA_Area": 100.0, "OBJECTID_1": 1573, "ORIG_FID": 1574, "railway_bu": 1731.66, "Shape_Leng": 4000.0, "Shape_Area": 1000000.0, "buffer2": 0.0, "OBJECTID_2": 0, "OBJECTID_3": 0, "COUNT": 0.0, "AREA": 0.0, "MIN": 0.0, "MAX": 0.0, "RANGE": 0.0, "MEAN": 0.0, "STD": 0.0, "SUM": 0.0, "MEDIAN": 0.0, "PCT90": 0.0, "Nor": 0.0, "Shape_Le_1": 4000.0, "Shape_Ar_1": 1000000.0 }, "geometry": { "type": "Polygon", "coordinates": [ [ [ 73.332913824856504, 22.615800797530017 ], [ 73.323187455857209, 22.61569943767411 ], [ 73.323077934556977, 22.62472942743506 ], [ 73.332804938116325, 22.624830832143545 ], [ 73.332913824856504, 22.615800797530017 ] ] ] } },
{ "type": "Feature", "properties": { "FeatureID": "239", "HA_Area": 100.0, "OBJECTID_1": 1373, "ORIG_FID": 1374, "railway_bu": 2501.0, "Shape_Leng": 4000.0, "Shape_Area": 1000000.0, "buffer2": 0.0, "OBJECTID_2": 0, "OBJECTID_3": 0, "COUNT": 0.0, "AREA": 0.0, "MIN": 0.0, "MAX": 0.0, "RANGE": 0.0, "MEAN": 0.0, "STD": 0.0, "SUM": 0.0, "MEDIAN": 0.0, "PCT90": 0.0, "Nor": 0.0, "Shape_Le_1": 4000.0, "Shape_Ar_1": 1000000.0 }, "geometry": { "type": "Polygon", "coordinates": [ [ [ 73.323515685505981, 22.588609404453948 ], [ 73.333240152760851, 22.58871062978616 ], [ 73.333348818010734, 22.579680552581937 ], [ 73.323624984025713, 22.579579372079621 ], [ 73.323515685505981, 22.588609404453948 ] ] ] } },
{ "type": "Feature", "properties": { "FeatureID": "240", "HA_Area": 100.0, "OBJECTID_1": 1605, "ORIG_FID": 1606, "railway_bu": 2501.0, "Shape_Leng": 4000.0, "Shape_Area": 1000000.0, "buffer2": 0.0, "OBJECTID_2": 0, "OBJECTID_3": 0, "COUNT": 0.0, "AREA": 0.0, "MIN": 0.0, "MAX": 0.0, "RANGE": 0.0, "MEAN": 0.0, "STD": 0.0, "SUM": 0.0, "MEDIAN": 0.0, "PCT90": 0.0, "Nor": 0.0, "Shape_Le_1": 4000.0, "Shape_Ar_1": 1000000.0 }, "geometry": { "type": "Polygon", "coordinates": [ [ [ 73.157727664970835, 22.622915394676781 ], [ 73.148001714030983, 22.622803384590583 ], [ 73.147880711977052, 22.631832511681033 ], [ 73.15760729749249, 22.631944571315628 ], [ 73.157727664970835, 22.622915394676781 ] ] ] } },
{ "type": "Feature", "properties": { "FeatureID": "241", "HA_Area": 100.0, "OBJECTID_1": 1368, "ORIG_FID": 1369, "railway_bu": 519.047, "Shape_Leng": 4000.0, "Shape_Area": 1000000.0, "buffer2": 0.0, "OBJECTID_2": 0, "OBJECTID_3": 0, "COUNT": 0.0, "AREA": 0.0, "MIN": 0.0, "MAX": 0.0, "RANGE": 0.0, "MEAN": 0.0, "STD": 0.0, "SUM": 0.0, "MEDIAN": 0.0, "PCT90": 0.0, "Nor": 0.0, "Shape_Le_1": 4000.0, "Shape_Ar_1": 1000000.0 }, "geometry": { "type": "Polygon", "coordinates": [ [ [ 73.28473020785421, 22.579168770147863 ], [ 73.275006655364948, 22.579064649753796 ], [ 73.27489419074108, 22.588094454071832 ], [ 73.28461837641818, 22.588198620598039 ], [ 73.28473020785421, 22.579168770147863 ] ] ] } },
{ "type": "Feature", "properties": { "FeatureID": "242", "HA_Area": 100.0, "OBJECTID_1": 1717, "ORIG_FID": 1718, "railway_bu": 2501.0, "Shape_Leng": 4000.0, "Shape_Area": 1000000.0, "buffer2": 0.0, "OBJECTID_2": 0, "OBJECTID_3": 0, "COUNT": 0.0, "AREA": 0.0, "MIN": 0.0, "MAX": 0.0, "RANGE": 0.0, "MEAN": 0.0, "STD": 0.0, "SUM": 0.0, "MEDIAN": 0.0, "PCT90": 0.0, "Nor": 0.0, "Shape_Le_1": 4000.0, "Shape_Ar_1": 1000000.0 }, "geometry": { "type": "Polygon", "coordinates": [ [ [ 73.27421819947692, 22.642273055642139 ], [ 73.264490265283058, 22.642168022440554 ], [ 73.26437676389989, 22.651197705513287 ], [ 73.274105333523295, 22.651302785148538 ], [ 73.27421819947692, 22.642273055642139 ] ] ] } },
{ "type": "Feature", "properties": { "FeatureID": "243", "HA_Area": 100.0, "OBJECTID_1": 1004, "ORIG_FID": 1005, "railway_bu": 2501.0, "Shape_Leng": 4000.0, "Shape_Area": 1000000.0, "buffer2": 0.0, "OBJECTID_2": 0, "OBJECTID_3": 0, "COUNT": 0.0, "AREA": 0.0, "MIN": 0.0, "MAX": 0.0, "RANGE": 0.0, "MEAN": 0.0, "STD": 0.0, "SUM": 0.0, "MEDIAN": 0.0, "PCT90": 0.0, "Nor": 0.0, "Shape_Le_1": 4000.0, "Shape_Ar_1": 1000000.0 }, "geometry": { "type": "Polygon", "coordinates": [ [ [ 73.149448943367801, 22.514453020467094 ], [ 73.139730643529575, 22.514341018549164 ], [ 73.13960974812916, 22.523370224911581 ], [ 73.149328678660297, 22.523482276563012 ], [ 73.149448943367801, 22.514453020467094 ] ] ] } },
{ "type": "Feature", "properties": { "FeatureID": "244", "HA_Area": 100.0, "OBJECTID_1": 1371, "ORIG_FID": 1372, "railway_bu": 2501.0, "Shape_Leng": 4000.0, "Shape_Area": 1000000.0, "buffer2": 0.0, "OBJECTID_2": 0, "OBJECTID_3": 0, "COUNT": 0.0, "AREA": 0.0, "MIN": 0.0, "MAX": 0.0, "RANGE": 0.0, "MEAN": 0.0, "STD": 0.0, "SUM": 0.0, "MEDIAN": 0.0, "PCT90": 0.0, "Nor": 0.0, "Shape_Le_1": 4000.0, "Shape_Ar_1": 1000000.0 }, "geometry": { "type": "Polygon", "coordinates": [ [ [ 73.313901205695245, 22.579477603571238 ], [ 73.304177483341647, 22.579375247070558 ], [ 73.30406691833096, 22.588405189003716 ], [ 73.313791273921879, 22.588507590855201 ], [ 73.313901205695245, 22.579477603571238 ] ] ] } },
{ "type": "Feature", "properties": { "FeatureID": "245", "HA_Area": 100.0, "OBJECTID_1": 1668, "ORIG_FID": 1669, "railway_bu": 2501.0, "Shape_Leng": 4000.0, "Shape_Area": 1000000.0, "buffer2": 0.0, "OBJECTID_2": 0, "OBJECTID_3": 0, "COUNT": 0.0, "AREA": 0.0, "MIN": 0.0, "MAX": 0.0, "RANGE": 0.0, "MEAN": 0.0, "STD": 0.0, "SUM": 0.0, "MEDIAN": 0.0, "PCT90": 0.0, "Nor": 0.0, "Shape_Le_1": 4000.0, "Shape_Ar_1": 1000000.0 }, "geometry": { "type": "Polygon", "coordinates": [ [ [ 73.284058364501021, 22.63334771271235 ], [ 73.274331008047525, 22.633243315437959 ], [ 73.27421819947692, 22.642273055642139 ], [ 73.283946191053801, 22.64237749908369 ], [ 73.284058364501021, 22.63334771271235 ] ] ] } },
{ "type": "Feature", "properties": { "FeatureID": "246", "HA_Area": 100.0, "OBJECTID_1": 1505, "ORIG_FID": 1506, "railway_bu": 2501.0, "Shape_Leng": 4000.0, "Shape_Area": 1000000.0, "buffer2": 0.0, "OBJECTID_2": 0, "OBJECTID_3": 0, "COUNT": 0.0, "AREA": 0.0, "MIN": 0.0, "MAX": 0.0, "RANGE": 0.0, "MEAN": 0.0, "STD": 0.0, "SUM": 0.0, "MEDIAN": 0.0, "PCT90": 0.0, "Nor": 0.0, "Shape_Le_1": 4000.0, "Shape_Ar_1": 1000000.0 }, "geometry": { "type": "Polygon", "coordinates": [ [ [ 73.157968216280977, 22.604857009112084 ], [ 73.148243533524649, 22.604745098103859 ], [ 73.148122654540856, 22.613774246730351 ], [ 73.15784797122771, 22.613886207274433 ], [ 73.157968216280977, 22.604857009112084 ] ] ] } },
{ "type": "Feature", "properties": { "FeatureID": "247", "HA_Area": 100.0, "OBJECTID_1": 1621, "ORIG_FID": 1622, "railway_bu": 2009.11, "Shape_Leng": 4000.0, "Shape_Area": 1000000.0, "buffer2": 0.0, "OBJECTID_2": 0, "OBJECTID_3": 0, "COUNT": 0.0, "AREA": 0.0, "MIN": 0.0, "MAX": 0.0, "RANGE": 0.0, "MEAN": 0.0, "STD": 0.0, "SUM": 0.0, "MEDIAN": 0.0, "PCT90": 0.0, "Nor": 0.0, "Shape_Le_1": 4000.0, "Shape_Ar_1": 1000000.0 }, "geometry": { "type": "Polygon", "coordinates": [ [ [ 73.313350986733369, 22.624627433417864 ], [ 73.303624094968299, 22.624524850105768 ], [ 73.303513248215495, 22.63355473870638 ], [ 73.313240774830803, 22.633657367397973 ], [ 73.313350986733369, 22.624627433417864 ] ] ] } },
{ "type": "Feature", "properties": { "FeatureID": "248", "HA_Area": 100.0, "OBJECTID_1": 1663, "ORIG_FID": 1664, "railway_bu": 2501.0, "Shape_Leng": 4000.0, "Shape_Area": 1000000.0, "buffer2": 0.0, "OBJECTID_2": 0, "OBJECTID_3": 0, "COUNT": 0.0, "AREA": 0.0, "MIN": 0.0, "MAX": 0.0, "RANGE": 0.0, "MEAN": 0.0, "STD": 0.0, "SUM": 0.0, "MEDIAN": 0.0, "PCT90": 0.0, "Nor": 0.0, "Shape_Le_1": 4000.0, "Shape_Ar_1": 1000000.0 }, "geometry": { "type": "Polygon", "coordinates": [ [ [ 73.225695092730291, 22.632712486860417 ], [ 73.225579108795912, 22.641741992319613 ], [ 73.235306810228678, 22.641849384418258 ], [ 73.235422159124383, 22.63281983148886 ], [ 73.225695092730291, 22.632712486860417 ] ] ] } },
{ "type": "Feature", "properties": { "FeatureID": "249", "HA_Area": 100.0, "OBJECTID_1": 1865, "ORIG_FID": 1866, "railway_bu": 2501.0, "Shape_Leng": 4000.0, "Shape_Area": 1000000.0, "buffer2": 0.0, "OBJECTID_2": 0, "OBJECTID_3": 0, "COUNT": 0.0, "AREA": 0.0, "MIN": 0.0, "MAX": 0.0, "RANGE": 0.0, "MEAN": 0.0, "STD": 0.0, "SUM": 0.0, "MEDIAN": 0.0, "PCT90": 0.0, "Nor": 0.0, "Shape_Le_1": 4000.0, "Shape_Ar_1": 1000000.0 }, "geometry": { "type": "Polygon", "coordinates": [ [ [ 73.254419804253217, 22.669151276485859 ], [ 73.244690078637873, 22.66904492292425 ], [ 73.244575131288769, 22.678074480180356 ], [ 73.254305493269086, 22.678180880714777 ], [ 73.254419804253217, 22.669151276485859 ] ] ] } },
{ "type": "Feature", "properties": { "FeatureID": "250", "HA_Area": 100.0, "OBJECTID_1": 1720, "ORIG_FID": 1721, "railway_bu": 2501.0, "Shape_Leng": 4000.0, "Shape_Area": 1000000.0, "buffer2": 0.0, "OBJECTID_2": 0, "OBJECTID_3": 0, "COUNT": 0.0, "AREA": 0.0, "MIN": 0.0, "MAX": 0.0, "RANGE": 0.0, "MEAN": 0.0, "STD": 0.0, "SUM": 0.0, "MEDIAN": 0.0, "PCT90": 0.0, "Nor": 0.0, "Shape_Le_1": 4000.0, "Shape_Ar_1": 1000000.0 }, "geometry": { "type": "Polygon", "coordinates": [ [ [ 73.303402345064939, 22.642584616630138 ], [ 73.293674239690787, 22.642481352751048 ], [ 73.293562644646443, 22.651511174342787 ], [ 73.30329138550016, 22.651614483873558 ], [ 73.303402345064939, 22.642584616630138 ] ] ] } },
{ "type": "Feature", "properties": { "FeatureID": "251", "HA_Area": 100.0, "OBJECTID_1": 1166, "ORIG_FID": 1167, "railway_bu": 2501.0, "Shape_Leng": 4000.0, "Shape_Area": 1000000.0, "buffer2": 0.0, "OBJECTID_2": 0, "OBJECTID_3": 0, "COUNT": 0.0, "AREA": 0.0, "MIN": 0.0, "MAX": 0.0, "RANGE": 0.0, "MEAN": 0.0, "STD": 0.0, "SUM": 0.0, "MEDIAN": 0.0, "PCT90": 0.0, "Nor": 0.0, "Shape_Le_1": 4000.0, "Shape_Ar_1": 1000000.0 }, "geometry": { "type": "Polygon", "coordinates": [ [ [ 73.265734975606833, 22.542840802962505 ], [ 73.256014067367744, 22.542735693262944 ], [ 73.255900567959216, 22.551765447255622 ], [ 73.26562210806425, 22.551870603584629 ], [ 73.265734975606833, 22.542840802962505 ] ] ] } },
{ "type": "Feature", "properties": { "FeatureID": "252", "HA_Area": 100.0, "OBJECTID_1": 1566, "ORIG_FID": 1567, "railway_bu": 2501.0, "Shape_Leng": 4000.0, "Shape_Area": 1000000.0, "buffer2": 0.0, "OBJECTID_2": 0, "OBJECTID_3": 0, "COUNT": 0.0, "AREA": 0.0, "MIN": 0.0, "MAX": 0.0, "RANGE": 0.0, "MEAN": 0.0, "STD": 0.0, "SUM": 0.0, "MEDIAN": 0.0, "PCT90": 0.0, "Nor": 0.0, "Shape_Le_1": 4000.0, "Shape_Ar_1": 1000000.0 }, "geometry": { "type": "Polygon", "coordinates": [ [ [ 73.264830423264343, 22.615078909014304 ], [ 73.255104451077457, 22.614973426114368 ], [ 73.254990488317304, 22.624003094611073 ], [ 73.264717094948452, 22.624108624187585 ], [ 73.264830423264343, 22.615078909014304 ] ] ] } },
{ "type": "Feature", "properties": { "FeatureID": "253", "HA_Area": 100.0, "OBJECTID_1": 1662, "ORIG_FID": 1663, "railway_bu": 2501.0, "Shape_Leng": 4000.0, "Shape_Area": 1000000.0, "buffer2": 0.0, "OBJECTID_2": 0, "OBJECTID_3": 0, "COUNT": 0.0, "AREA": 0.0, "MIN": 0.0, "MAX": 0.0, "RANGE": 0.0, "MEAN": 0.0, "STD": 0.0, "SUM": 0.0, "MEDIAN": 0.0, "PCT90": 0.0, "Nor": 0.0, "Shape_Le_1": 4000.0, "Shape_Ar_1": 1000000.0 }, "geometry": { "type": "Polygon", "coordinates": [ [ [ 73.225695092730291, 22.632712486860417 ], [ 73.215968085316462, 22.632604552804469 ], [ 73.215851466360618, 22.641634010532883 ], [ 73.225579108795912, 22.641741992319613 ], [ 73.225695092730291, 22.632712486860417 ] ] ] } },
{ "type": "Feature", "properties": { "FeatureID": "254", "HA_Area": 100.0, "OBJECTID_1": 1510, "ORIG_FID": 1511, "railway_bu": 2501.0, "Shape_Leng": 4000.0, "Shape_Area": 1000000.0, "buffer2": 0.0, "OBJECTID_2": 0, "OBJECTID_3": 0, "COUNT": 0.0, "AREA": 0.0, "MIN": 0.0, "MAX": 0.0, "RANGE": 0.0, "MEAN": 0.0, "STD": 0.0, "SUM": 0.0, "MEDIAN": 0.0, "PCT90": 0.0, "Nor": 0.0, "Shape_Le_1": 4000.0, "Shape_Ar_1": 1000000.0 }, "geometry": { "type": "Polygon", "coordinates": [ [ [ 73.196867555939718, 22.605298767573796 ], [ 73.19674984678602, 22.614328161275171 ], [ 73.206475466265729, 22.61443717765664 ], [ 73.206592541400624, 22.605407735721645 ], [ 73.196867555939718, 22.605298767573796 ] ] ] } },
{ "type": "Feature", "properties": { "FeatureID": "255", "HA_Area": 100.0, "OBJECTID_1": 1753, "ORIG_FID": 1754, "railway_bu": 2501.0, "Shape_Leng": 4000.0, "Shape_Area": 1000000.0, "buffer2": 0.0, "OBJECTID_2": 0, "OBJECTID_3": 0, "COUNT": 0.0, "AREA": 0.0, "MIN": 0.0, "MAX": 0.0, "RANGE": 0.0, "MEAN": 0.0, "STD": 0.0, "SUM": 0.0, "MEDIAN": 0.0, "PCT90": 0.0, "Nor": 0.0, "Shape_Le_1": 4000.0, "Shape_Ar_1": 1000000.0 }, "geometry": { "type": "Polygon", "coordinates": [ [ [ 73.137910729128407, 22.649777984959023 ], [ 73.128182997012445, 22.649664646565348 ], [ 73.128060539184816, 22.658693641409229 ], [ 73.137788906808581, 22.658807029891296 ], [ 73.137910729128407, 22.649777984959023 ] ] ] } },
{ "type": "Feature", "properties": { "FeatureID": "256", "HA_Area": 100.0, "OBJECTID_1": 1357, "ORIG_FID": 1358, "railway_bu": 2501.0, "Shape_Leng": 4000.0, "Shape_Area": 1000000.0, "buffer2": 0.0, "OBJECTID_2": 0, "OBJECTID_3": 0, "COUNT": 0.0, "AREA": 0.0, "MIN": 0.0, "MAX": 0.0, "RANGE": 0.0, "MEAN": 0.0, "STD": 0.0, "SUM": 0.0, "MEDIAN": 0.0, "PCT90": 0.0, "Nor": 0.0, "Shape_Le_1": 4000.0, "Shape_Ar_1": 1000000.0 }, "geometry": { "type": "Polygon", "coordinates": [ [ [ 73.177774333269866, 22.577991111678521 ], [ 73.168051428428612, 22.577880524777331 ], [ 73.167931999860556, 22.586909804455392 ], [ 73.177655537700943, 22.587020440352987 ], [ 73.177774333269866, 22.577991111678521 ] ] ] } },
{ "type": "Feature", "properties": { "FeatureID": "257", "HA_Area": 100.0, "OBJECTID_1": 1202, "ORIG_FID": 1203, "railway_bu": 2501.0, "Shape_Leng": 4000.0, "Shape_Area": 1000000.0, "buffer2": 0.0, "OBJECTID_2": 0, "OBJECTID_3": 0, "COUNT": 0.0, "AREA": 0.0, "MIN": 0.0, "MAX": 0.0, "RANGE": 0.0, "MEAN": 0.0, "STD": 0.0, "SUM": 0.0, "MEDIAN": 0.0, "PCT90": 0.0, "Nor": 0.0, "Shape_Le_1": 4000.0, "Shape_Ar_1": 1000000.0 }, "geometry": { "type": "Polygon", "coordinates": [ [ [ 73.129525929026499, 22.550344991721065 ], [ 73.119805228253938, 22.550231616947045 ], [ 73.119682822165444, 22.559260680041024 ], [ 73.129404154881641, 22.559374105094037 ], [ 73.129525929026499, 22.550344991721065 ] ] ] } },
{ "type": "Feature", "properties": { "FeatureID": "258", "HA_Area": 100.0, "OBJECTID_1": 1459, "ORIG_FID": 1460, "railway_bu": 2501.0, "Shape_Leng": 4000.0, "Shape_Area": 1000000.0, "buffer2": 0.0, "OBJECTID_2": 0, "OBJECTID_3": 0, "COUNT": 0.0, "AREA": 0.0, "MIN": 0.0, "MAX": 0.0, "RANGE": 0.0, "MEAN": 0.0, "STD": 0.0, "SUM": 0.0, "MEDIAN": 0.0, "PCT90": 0.0, "Nor": 0.0, "Shape_Le_1": 4000.0, "Shape_Ar_1": 1000000.0 }, "geometry": { "type": "Polygon", "coordinates": [ [ [ 73.196867555939718, 22.605298767573796 ], [ 73.196985205197365, 22.596269363140646 ], [ 73.187260913311391, 22.596159854878842 ], [ 73.187142630374851, 22.605189210824044 ], [ 73.196867555939718, 22.605298767573796 ] ] ] } },
{ "type": "Feature", "properties": { "FeatureID": "259", "HA_Area": 100.0, "OBJECTID_1": 1415, "ORIG_FID": 1416, "railway_bu": 2161.0, "Shape_Leng": 4000.0, "Shape_Area": 1000000.0, "buffer2": 0.0, "OBJECTID_2": 0, "OBJECTID_3": 0, "COUNT": 0.0, "AREA": 0.0, "MIN": 0.0, "MAX": 0.0, "RANGE": 0.0, "MEAN": 0.0, "STD": 0.0, "SUM": 0.0, "MEDIAN": 0.0, "PCT90": 0.0, "Nor": 0.0, "Shape_Le_1": 4000.0, "Shape_Ar_1": 1000000.0 }, "geometry": { "type": "Polygon", "coordinates": [ [ [ 73.255445991557266, 22.587884356443226 ], [ 73.245721978695229, 22.587778425369272 ], [ 73.245607556358692, 22.596808079033696 ], [ 73.255332202680549, 22.596914057026972 ], [ 73.255445991557266, 22.587884356443226 ] ] ] } },
{ "type": "Feature", "properties": { "FeatureID": "260", "HA_Area": 100.0, "OBJECTID_1": 1768, "ORIG_FID": 1769, "railway_bu": 2501.0, "Shape_Leng": 4000.0, "Shape_Area": 1000000.0, "buffer2": 0.0, "OBJECTID_2": 0, "OBJECTID_3": 0, "COUNT": 0.0, "AREA": 0.0, "MIN": 0.0, "MAX": 0.0, "RANGE": 0.0, "MEAN": 0.0, "STD": 0.0, "SUM": 0.0, "MEDIAN": 0.0, "PCT90": 0.0, "Nor": 0.0, "Shape_Le_1": 4000.0, "Shape_Ar_1": 1000000.0 }, "geometry": { "type": "Polygon", "coordinates": [ [ [ 73.283833960546488, 22.651407274763091 ], [ 73.274105333523295, 22.651302785148538 ], [ 73.273992410169868, 22.660332503953704 ], [ 73.2837216729624, 22.660437039747112 ], [ 73.283833960546488, 22.651407274763091 ] ] ] } },
{ "type": "Feature", "properties": { "FeatureID": "261", "HA_Area": 100.0, "OBJECTID_1": 1316, "ORIG_FID": 1317, "railway_bu": 1593.81, "Shape_Leng": 4000.0, "Shape_Area": 1000000.0, "buffer2": 0.0, "OBJECTID_2": 0, "OBJECTID_3": 0, "COUNT": 0.0, "AREA": 0.0, "MIN": 0.0, "MAX": 0.0, "RANGE": 0.0, "MEAN": 0.0, "STD": 0.0, "SUM": 0.0, "MEDIAN": 0.0, "PCT90": 0.0, "Nor": 0.0, "Shape_Le_1": 4000.0, "Shape_Ar_1": 1000000.0 }, "geometry": { "type": "Polygon", "coordinates": [ [ [ 73.26539620034842, 22.56993017281853 ], [ 73.2556733955455, 22.569824923212995 ], [ 73.255559722506618, 22.578854645170733 ], [ 73.265283160141664, 22.578959941423363 ], [ 73.26539620034842, 22.56993017281853 ] ] ] } },
{ "type": "Feature", "properties": { "FeatureID": "262", "HA_Area": 100.0, "OBJECTID_1": 1355, "ORIG_FID": 1356, "railway_bu": 2501.0, "Shape_Leng": 4000.0, "Shape_Area": 1000000.0, "buffer2": 0.0, "OBJECTID_2": 0, "OBJECTID_3": 0, "COUNT": 0.0, "AREA": 0.0, "MIN": 0.0, "MAX": 0.0, "RANGE": 0.0, "MEAN": 0.0, "STD": 0.0, "SUM": 0.0, "MEDIAN": 0.0, "PCT90": 0.0, "Nor": 0.0, "Shape_Le_1": 4000.0, "Shape_Ar_1": 1000000.0 }, "geometry": { "type": "Polygon", "coordinates": [ [ [ 73.158328584397523, 22.577769350100105 ], [ 73.148605801498718, 22.577657587661893 ], [ 73.148485106985646, 22.586686768566121 ], [ 73.158208522848057, 22.586798580521414 ], [ 73.158328584397523, 22.577769350100105 ] ] ] } },
{ "type": "Feature", "properties": { "FeatureID": "263", "HA_Area": 100.0, "OBJECTID_1": 1065, "ORIG_FID": 1066, "railway_bu": 1791.35, "Shape_Leng": 4000.0, "Shape_Area": 1000000.0, "buffer2": 0.0, "OBJECTID_2": 0, "OBJECTID_3": 0, "COUNT": 0.0, "AREA": 0.0, "MIN": 0.0, "MAX": 0.0, "RANGE": 0.0, "MEAN": 0.0, "STD": 0.0, "SUM": 0.0, "MEDIAN": 0.0, "PCT90": 0.0, "Nor": 0.0, "Shape_Le_1": 4000.0, "Shape_Ar_1": 1000000.0 }, "geometry": { "type": "Polygon", "coordinates": [ [ [ 73.256240892672324, 22.524676153267013 ], [ 73.246521305009111, 22.52457055046256 ], [ 73.246407290064468, 22.533600278916555 ], [ 73.256127508933176, 22.533705928598923 ], [ 73.256240892672324, 22.524676153267013 ] ] ] } },
{ "type": "Feature", "properties": { "FeatureID": "264", "HA_Area": 100.0, "OBJECTID_1": 1905, "ORIG_FID": 1906, "railway_bu": 2501.0, "Shape_Leng": 4000.0, "Shape_Area": 1000000.0, "buffer2": 0.0, "OBJECTID_2": 0, "OBJECTID_3": 0, "COUNT": 0.0, "AREA": 0.0, "MIN": 0.0, "MAX": 0.0, "RANGE": 0.0, "MEAN": 0.0, "STD": 0.0, "SUM": 0.0, "MEDIAN": 0.0, "PCT90": 0.0, "Nor": 0.0, "Shape_Le_1": 4000.0, "Shape_Ar_1": 1000000.0 }, "geometry": { "type": "Polygon", "coordinates": [ [ [ 73.157004541153015, 22.677090292934615 ], [ 73.147274777917545, 22.676977985463907 ], [ 73.147153406221676, 22.686007047862045 ], [ 73.156883805970224, 22.686119404918834 ], [ 73.157004541153015, 22.677090292934615 ] ] ] } },
{ "type": "Feature", "properties": { "FeatureID": "265", "HA_Area": 100.0, "OBJECTID_1": 1308, "ORIG_FID": 1309, "railway_bu": 2501.0, "Shape_Leng": 4000.0, "Shape_Area": 1000000.0, "buffer2": 0.0, "OBJECTID_2": 0, "OBJECTID_3": 0, "COUNT": 0.0, "AREA": 0.0, "MIN": 0.0, "MAX": 0.0, "RANGE": 0.0, "MEAN": 0.0, "STD": 0.0, "SUM": 0.0, "MEDIAN": 0.0, "PCT90": 0.0, "Nor": 0.0, "Shape_Le_1": 4000.0, "Shape_Ar_1": 1000000.0 }, "geometry": { "type": "Polygon", "coordinates": [ [ [ 73.187615400985464, 22.569071722650783 ], [ 73.177893068350784, 22.568961772270505 ], [ 73.177774333269866, 22.577991111678521 ], [ 73.187497298599169, 22.578101110788712 ], [ 73.187615400985464, 22.569071722650783 ] ] ] } },
{ "type": "Feature", "properties": { "FeatureID": "266", "HA_Area": 100.0, "OBJECTID_1": 1475, "ORIG_FID": 1476, "railway_bu": 2501.0, "Shape_Leng": 4000.0, "Shape_Area": 1000000.0, "buffer2": 0.0, "OBJECTID_2": 0, "OBJECTID_3": 0, "COUNT": 0.0, "AREA": 0.0, "MIN": 0.0, "MAX": 0.0, "RANGE": 0.0, "MEAN": 0.0, "STD": 0.0, "SUM": 0.0, "MEDIAN": 0.0, "PCT90": 0.0, "Nor": 0.0, "Shape_Le_1": 4000.0, "Shape_Ar_1": 1000000.0 }, "geometry": { "type": "Polygon", "coordinates": [ [ [ 73.35258179962787, 22.597941471047548 ], [ 73.342856588374246, 22.597841377974913 ], [ 73.342748446342441, 22.606871478471373 ], [ 73.352474291543004, 22.606971615864172 ], [ 73.35258179962787, 22.597941471047548 ] ] ] } },
{ "type": "Feature", "properties": { "FeatureID": "267", "HA_Area": 100.0, "OBJECTID_1": 1615, "ORIG_FID": 1616, "railway_bu": 2501.0, "Shape_Leng": 4000.0, "Shape_Area": 1000000.0, "buffer2": 0.0, "OBJECTID_2": 0, "OBJECTID_3": 0, "COUNT": 0.0, "AREA": 0.0, "MIN": 0.0, "MAX": 0.0, "RANGE": 0.0, "MEAN": 0.0, "STD": 0.0, "SUM": 0.0, "MEDIAN": 0.0, "PCT90": 0.0, "Nor": 0.0, "Shape_Le_1": 4000.0, "Shape_Ar_1": 1000000.0 }, "geometry": { "type": "Polygon", "coordinates": [ [ [ 73.254990488317304, 22.624003094611073 ], [ 73.245263939681109, 22.623896975824241 ], [ 73.245149284175923, 22.632926586675261 ], [ 73.25487646756217, 22.633032752405153 ], [ 73.254990488317304, 22.624003094611073 ] ] ] } },
{ "type": "Feature", "properties": { "FeatureID": "268", "HA_Area": 100.0, "OBJECTID_1": 1918, "ORIG_FID": 1919, "railway_bu": 2501.0, "Shape_Leng": 4000.0, "Shape_Area": 1000000.0, "buffer2": 0.0, "OBJECTID_2": 0, "OBJECTID_3": 0, "COUNT": 0.0, "AREA": 0.0, "MIN": 0.0, "MAX": 0.0, "RANGE": 0.0, "MEAN": 0.0, "STD": 0.0, "SUM": 0.0, "MEDIAN": 0.0, "PCT90": 0.0, "Nor": 0.0, "Shape_Le_1": 4000.0, "Shape_Ar_1": 1000000.0 }, "geometry": { "type": "Polygon", "coordinates": [ [ [ 73.283496926497165, 22.678496537615199 ], [ 73.27376639119656, 22.678391909446507 ], [ 73.273653295543085, 22.687421596127216 ], [ 73.283384467582621, 22.687526270492349 ], [ 73.283496926497165, 22.678496537615199 ] ] ] } },
{ "type": "Feature", "properties": { "FeatureID": "269", "HA_Area": 100.0, "OBJECTID_1": 1915, "ORIG_FID": 1916, "railway_bu": 2501.0, "Shape_Leng": 4000.0, "Shape_Area": 1000000.0, "buffer2": 0.0, "OBJECTID_2": 0, "OBJECTID_3": 0, "COUNT": 0.0, "AREA": 0.0, "MIN": 0.0, "MAX": 0.0, "RANGE": 0.0, "MEAN": 0.0, "STD": 0.0, "SUM": 0.0, "MEDIAN": 0.0, "PCT90": 0.0, "Nor": 0.0, "Shape_Le_1": 4000.0, "Shape_Ar_1": 1000000.0 }, "geometry": { "type": "Polygon", "coordinates": [ [ [ 73.254305493269086, 22.678180880714777 ], [ 73.244575131288769, 22.678074480180356 ], [ 73.244460125519694, 22.687104026707068 ], [ 73.254191124188239, 22.687210474220269 ], [ 73.254305493269086, 22.678180880714777 ] ] ] } },
{ "type": "Feature", "properties": { "FeatureID": "270", "HA_Area": 100.0, "OBJECTID_1": 1764, "ORIG_FID": 1765, "railway_bu": 2501.0, "Shape_Leng": 4000.0, "Shape_Area": 1000000.0, "buffer2": 0.0, "OBJECTID_2": 0, "OBJECTID_3": 0, "COUNT": 0.0, "AREA": 0.0, "MIN": 0.0, "MAX": 0.0, "RANGE": 0.0, "MEAN": 0.0, "STD": 0.0, "SUM": 0.0, "MEDIAN": 0.0, "PCT90": 0.0, "Nor": 0.0, "Shape_Le_1": 4000.0, "Shape_Ar_1": 1000000.0 }, "geometry": { "type": "Polygon", "coordinates": [ [ [ 73.244919798144437, 22.650985776237725 ], [ 73.235191402658387, 22.650878926626135 ], [ 73.235075936396356, 22.659908458109054 ], [ 73.244804967584074, 22.660015354942221 ], [ 73.244919798144437, 22.650985776237725 ] ] ] } },
{ "type": "Feature", "properties": { "FeatureID": "271", "HA_Area": 100.0, "OBJECTID_1": 1469, "ORIG_FID": 1470, "railway_bu": 2045.21, "Shape_Leng": 4000.0, "Shape_Area": 1000000.0, "buffer2": 0.0, "OBJECTID_2": 0, "OBJECTID_3": 0, "COUNT": 0.0, "AREA": 0.0, "MIN": 0.0, "MAX": 0.0, "RANGE": 0.0, "MEAN": 0.0, "STD": 0.0, "SUM": 0.0, "MEDIAN": 0.0, "PCT90": 0.0, "Nor": 0.0, "Shape_Le_1": 4000.0, "Shape_Ar_1": 1000000.0 }, "geometry": { "type": "Polygon", "coordinates": [ [ [ 73.294231364186032, 22.59733208456986 ], [ 73.284506488021833, 22.59722846037706 ], [ 73.284394542648556, 22.60625828948146 ], [ 73.294120052662009, 22.60636195955756 ], [ 73.294231364186032, 22.59733208456986 ] ] ] } },
{ "type": "Feature", "properties": { "FeatureID": "272", "HA_Area": 100.0, "OBJECTID_1": 1558, "ORIG_FID": 1559, "railway_bu": 2501.0, "Shape_Leng": 4000.0, "Shape_Area": 1000000.0, "buffer2": 0.0, "OBJECTID_2": 0, "OBJECTID_3": 0, "COUNT": 0.0, "AREA": 0.0, "MIN": 0.0, "MAX": 0.0, "RANGE": 0.0, "MEAN": 0.0, "STD": 0.0, "SUM": 0.0, "MEDIAN": 0.0, "PCT90": 0.0, "Nor": 0.0, "Shape_Le_1": 4000.0, "Shape_Ar_1": 1000000.0 }, "geometry": { "type": "Polygon", "coordinates": [ [ [ 73.187024287219828, 22.614218556031332 ], [ 73.177298787889697, 22.614108361939969 ], [ 73.177179750192309, 22.623137647645159 ], [ 73.186905883828729, 22.623247890497233 ], [ 73.187024287219828, 22.614218556031332 ] ] ] } },
{ "type": "Feature", "properties": { "FeatureID": "273", "HA_Area": 100.0, "OBJECTID_1": 1957, "ORIG_FID": 1958, "railway_bu": 2501.0, "Shape_Leng": 4000.0, "Shape_Area": 1000000.0, "buffer2": 0.0, "OBJECTID_2": 0, "OBJECTID_3": 0, "COUNT": 0.0, "AREA": 0.0, "MIN": 0.0, "MAX": 0.0, "RANGE": 0.0, "MEAN": 0.0, "STD": 0.0, "SUM": 0.0, "MEDIAN": 0.0, "PCT90": 0.0, "Nor": 0.0, "Shape_Le_1": 4000.0, "Shape_Ar_1": 1000000.0 }, "geometry": { "type": "Polygon", "coordinates": [ [ [ 73.176344789184441, 22.686342346355808 ], [ 73.166614267065569, 22.686231171088473 ], [ 73.166494107390264, 22.69526032161632 ], [ 73.17622526638128, 22.695371545954561 ], [ 73.176344789184441, 22.686342346355808 ] ] ] } },
{ "type": "Feature", "properties": { "FeatureID": "274", "HA_Area": 100.0, "OBJECTID_1": 1169, "ORIG_FID": 1170, "railway_bu": 2501.0, "Shape_Leng": 4000.0, "Shape_Area": 1000000.0, "buffer2": 0.0, "OBJECTID_2": 0, "OBJECTID_3": 0, "COUNT": 0.0, "AREA": 0.0, "MIN": 0.0, "MAX": 0.0, "RANGE": 0.0, "MEAN": 0.0, "STD": 0.0, "SUM": 0.0, "MEDIAN": 0.0, "PCT90": 0.0, "Nor": 0.0, "Shape_Le_1": 4000.0, "Shape_Ar_1": 1000000.0 }, "geometry": { "type": "Polygon", "coordinates": [ [ [ 73.294898044163972, 22.543152610719602 ], [ 73.285176964326837, 22.54304926170494 ], [ 73.285065360566264, 22.552079154805078 ], [ 73.294787072319281, 22.552182549668295 ], [ 73.294898044163972, 22.543152610719602 ] ] ] } },
{ "type": "Feature", "properties": { "FeatureID": "275", "HA_Area": 100.0, "OBJECTID_1": 1860, "ORIG_FID": 1861, "railway_bu": 2501.0, "Shape_Leng": 4000.0, "Shape_Area": 1000000.0, "buffer2": 0.0, "OBJECTID_2": 0, "OBJECTID_3": 0, "COUNT": 0.0, "AREA": 0.0, "MIN": 0.0, "MAX": 0.0, "RANGE": 0.0, "MEAN": 0.0, "STD": 0.0, "SUM": 0.0, "MEDIAN": 0.0, "PCT90": 0.0, "Nor": 0.0, "Shape_Le_1": 4000.0, "Shape_Ar_1": 1000000.0 }, "geometry": { "type": "Polygon", "coordinates": [ [ [ 73.205771763436985, 22.668613603832075 ], [ 73.196042333067609, 22.668504297920656 ], [ 73.195924204151737, 22.67753361640186 ], [ 73.205654270799741, 22.677642970589677 ], [ 73.205771763436985, 22.668613603832075 ] ] ] } },
{ "type": "Feature", "properties": { "FeatureID": "276", "HA_Area": 100.0, "OBJECTID_1": 1152, "ORIG_FID": 1153, "railway_bu": 2501.0, "Shape_Leng": 4000.0, "Shape_Area": 1000000.0, "buffer2": 0.0, "OBJECTID_2": 0, "OBJECTID_3": 0, "COUNT": 0.0, "AREA": 0.0, "MIN": 0.0, "MAX": 0.0, "RANGE": 0.0, "MEAN": 0.0, "STD": 0.0, "SUM": 0.0, "MEDIAN": 0.0, "PCT90": 0.0, "Nor": 0.0, "Shape_Le_1": 4000.0, "Shape_Ar_1": 1000000.0 }, "geometry": { "type": "Polygon", "coordinates": [ [ [ 73.129647641126951, 22.541315867593834 ], [ 73.119927571976234, 22.541202543092481 ], [ 73.119805228253938, 22.550231616947045 ], [ 73.129525929026499, 22.550344991721065 ], [ 73.129647641126951, 22.541315867593834 ] ] ] } },
{ "type": "Feature", "properties": { "FeatureID": "277", "HA_Area": 100.0, "OBJECTID_1": 1375, "ORIG_FID": 1376, "railway_bu": 2501.0, "Shape_Leng": 4000.0, "Shape_Area": 1000000.0, "buffer2": 0.0, "OBJECTID_2": 0, "OBJECTID_3": 0, "COUNT": 0.0, "AREA": 0.0, "MIN": 0.0, "MAX": 0.0, "RANGE": 0.0, "MEAN": 0.0, "STD": 0.0, "SUM": 0.0, "MEDIAN": 0.0, "PCT90": 0.0, "Nor": 0.0, "Shape_Le_1": 4000.0, "Shape_Ar_1": 1000000.0 }, "geometry": { "type": "Polygon", "coordinates": [ [ [ 73.352796651655154, 22.579881149513607 ], [ 73.343072707327991, 22.579781145064473 ], [ 73.342964675364087, 22.588811266838125 ], [ 73.352689252993258, 22.588911315596221 ], [ 73.352796651655154, 22.579881149513607 ] ] ] } },
{ "type": "Feature", "properties": { "FeatureID": "278", "HA_Area": 100.0, "OBJECTID_1": 1923, "ORIG_FID": 1924, "railway_bu": 2501.0, "Shape_Leng": 4000.0, "Shape_Area": 1000000.0, "buffer2": 0.0, "OBJECTID_2": 0, "OBJECTID_3": 0, "COUNT": 0.0, "AREA": 0.0, "MIN": 0.0, "MAX": 0.0, "RANGE": 0.0, "MEAN": 0.0, "STD": 0.0, "SUM": 0.0, "MEDIAN": 0.0, "PCT90": 0.0, "Nor": 0.0, "Shape_Le_1": 4000.0, "Shape_Ar_1": 1000000.0 }, "geometry": { "type": "Polygon", "coordinates": [ [ [ 73.332150453436483, 22.67901081592224 ], [ 73.322419635734875, 22.678909141978959 ], [ 73.322309723942297, 22.68793905703382 ], [ 73.332041178465474, 22.688040775869482 ], [ 73.332150453436483, 22.67901081592224 ] ] ] } },
{ "type": "Feature", "properties": { "FeatureID": "279", "HA_Area": 100.0, "OBJECTID_1": 1018, "ORIG_FID": 1019, "railway_bu": 2501.0, "Shape_Leng": 4000.0, "Shape_Area": 1000000.0, "buffer2": 0.0, "OBJECTID_2": 0, "OBJECTID_3": 0, "COUNT": 0.0, "AREA": 0.0, "MIN": 0.0, "MAX": 0.0, "RANGE": 0.0, "MEAN": 0.0, "STD": 0.0, "SUM": 0.0, "MEDIAN": 0.0, "PCT90": 0.0, "Nor": 0.0, "Shape_Le_1": 4000.0, "Shape_Ar_1": 1000000.0 }, "geometry": { "type": "Polygon", "coordinates": [ [ [ 73.285511434409884, 22.515959518495485 ], [ 73.275792305217223, 22.515855720863495 ], [ 73.275680241105505, 22.52488559982325 ], [ 73.285400001232105, 22.52498944354668 ], [ 73.285511434409884, 22.515959518495485 ] ] ] } },
{ "type": "Feature", "properties": { "FeatureID": "280", "HA_Area": 100.0, "OBJECTID_1": 1108, "ORIG_FID": 1109, "railway_bu": 2501.0, "Shape_Leng": 4000.0, "Shape_Area": 1000000.0, "buffer2": 0.0, "OBJECTID_2": 0, "OBJECTID_3": 0, "COUNT": 0.0, "AREA": 0.0, "MIN": 0.0, "MAX": 0.0, "RANGE": 0.0, "MEAN": 0.0, "STD": 0.0, "SUM": 0.0, "MEDIAN": 0.0, "PCT90": 0.0, "Nor": 0.0, "Shape_Le_1": 4000.0, "Shape_Ar_1": 1000000.0 }, "geometry": { "type": "Polygon", "coordinates": [ [ [ 73.188087209222147, 22.532954062894952 ], [ 73.178367404146215, 22.532844307372844 ], [ 73.178248910841404, 22.541873689680077 ], [ 73.187969347324284, 22.541983493907523 ], [ 73.188087209222147, 22.532954062894952 ] ] ] } },
{ "type": "Feature", "properties": { "FeatureID": "281", "HA_Area": 100.0, "OBJECTID_1": 1125, "ORIG_FID": 1126, "railway_bu": 2501.0, "Shape_Leng": 4000.0, "Shape_Area": 1000000.0, "buffer2": 0.0, "OBJECTID_2": 186, "OBJECTID_3": 1125, "COUNT": 243.0, "AREA": 24300.0, "MIN": 2460.0, "MAX": 2500.0, "RANGE": 40.0, "MEAN": 2480.5327691000002, "STD": 11.441112413900001, "SUM": 602769.46289099997, "MEDIAN": 2480.9877929700001, "PCT90": 2495.0430664099999, "Nor": 0.0077868923611099997, "Shape_Le_1": 4000.0, "Shape_Ar_1": 1000000.0 }, "geometry": { "type": "Polygon", "coordinates": [ [ [ 73.353332824969499, 22.534730159751913 ], [ 73.343612042319137, 22.534630376763683 ], [ 73.343504285244677, 22.543660551670012 ], [ 73.353225699586289, 22.543760378939261 ], [ 73.353332824969499, 22.534730159751913 ] ] ] } },
{ "type": "Feature", "properties": { "FeatureID": "282", "HA_Area": 100.0, "OBJECTID_1": 1659, "ORIG_FID": 1660, "railway_bu": 2501.0, "Shape_Leng": 4000.0, "Shape_Area": 1000000.0, "buffer2": 0.0, "OBJECTID_2": 0, "OBJECTID_3": 0, "COUNT": 0.0, "AREA": 0.0, "MIN": 0.0, "MAX": 0.0, "RANGE": 0.0, "MEAN": 0.0, "STD": 0.0, "SUM": 0.0, "MEDIAN": 0.0, "PCT90": 0.0, "Nor": 0.0, "Shape_Le_1": 4000.0, "Shape_Ar_1": 1000000.0 }, "geometry": { "type": "Polygon", "coordinates": [ [ [ 73.196514248720575, 22.632386916468633 ], [ 73.186787420184018, 22.632277214218227 ], [ 73.18666889626806, 22.641306527190853 ], [ 73.196396359773857, 22.641416277953752 ], [ 73.196514248720575, 22.632386916468633 ] ] ] } },
{ "type": "Feature", "properties": { "FeatureID": "283", "HA_Area": 100.0, "OBJECTID_1": 1363, "ORIG_FID": 1364, "railway_bu": 1878.25, "Shape_Leng": 4000.0, "Shape_Area": 1000000.0, "buffer2": 0.0, "OBJECTID_2": 0, "OBJECTID_3": 0, "COUNT": 0.0, "AREA": 0.0, "MIN": 0.0, "MAX": 0.0, "RANGE": 0.0, "MEAN": 0.0, "STD": 0.0, "SUM": 0.0, "MEDIAN": 0.0, "PCT90": 0.0, "Nor": 0.0, "Shape_Le_1": 4000.0, "Shape_Ar_1": 1000000.0 }, "geometry": { "type": "Polygon", "coordinates": [ [ [ 73.236113021290237, 22.578642288956022 ], [ 73.226389758353321, 22.578535229022691 ], [ 73.22627412804249, 22.587564798773794 ], [ 73.235998024082875, 22.587671906141324 ], [ 73.236113021290237, 22.578642288956022 ] ] ] } },
{ "type": "Feature", "properties": { "FeatureID": "284", "HA_Area": 100.0, "OBJECTID_1": 1625, "ORIG_FID": 1626, "railway_bu": 1146.28, "Shape_Leng": 4000.0, "Shape_Area": 1000000.0, "buffer2": 0.0, "OBJECTID_2": 0, "OBJECTID_3": 0, "COUNT": 0.0, "AREA": 0.0, "MIN": 0.0, "MAX": 0.0, "RANGE": 0.0, "MEAN": 0.0, "STD": 0.0, "SUM": 0.0, "MEDIAN": 0.0, "PCT90": 0.0, "Nor": 0.0, "Shape_Le_1": 4000.0, "Shape_Ar_1": 1000000.0 }, "geometry": { "type": "Polygon", "coordinates": [ [ [ 73.342531997088642, 22.624931647529575 ], [ 73.342423689834547, 22.633961716084436 ], [ 73.352151438812129, 22.634061986471341 ], [ 73.352259111151113, 22.625031873579502 ], [ 73.342531997088642, 22.624931647529575 ] ] ] } },
{ "type": "Feature", "properties": { "FeatureID": "285", "HA_Area": 100.0, "OBJECTID_1": 1403, "ORIG_FID": 1404, "railway_bu": 2501.0, "Shape_Leng": 4000.0, "Shape_Area": 1000000.0, "buffer2": 0.0, "OBJECTID_2": 0, "OBJECTID_3": 0, "COUNT": 0.0, "AREA": 0.0, "MIN": 0.0, "MAX": 0.0, "RANGE": 0.0, "MEAN": 0.0, "STD": 0.0, "SUM": 0.0, "MEDIAN": 0.0, "PCT90": 0.0, "Nor": 0.0, "Shape_Le_1": 4000.0, "Shape_Ar_1": 1000000.0 }, "geometry": { "type": "Polygon", "coordinates": [ [ [ 73.138761752595556, 22.586574368604659 ], [ 73.12903846, 22.586461380652235 ], [ 73.128916437496812, 22.595490450972985 ], [ 73.138640363342276, 22.595603488969452 ], [ 73.138761752595556, 22.586574368604659 ] ] ] } },
{ "type": "Feature", "properties": { "FeatureID": "286", "HA_Area": 100.0, "OBJECTID_1": 1122, "ORIG_FID": 1123, "railway_bu": 2501.0, "Shape_Leng": 4000.0, "Shape_Area": 1000000.0, "buffer2": 0.0, "OBJECTID_2": 0, "OBJECTID_3": 0, "COUNT": 0.0, "AREA": 0.0, "MIN": 0.0, "MAX": 0.0, "RANGE": 0.0, "MEAN": 0.0, "STD": 0.0, "SUM": 0.0, "MEDIAN": 0.0, "PCT90": 0.0, "Nor": 0.0, "Shape_Le_1": 4000.0, "Shape_Ar_1": 1000000.0 }, "geometry": { "type": "Polygon", "coordinates": [ [ [ 73.324170642130014, 22.534429050606285 ], [ 73.314450025234962, 22.534327507464379 ], [ 73.314340373183029, 22.543357547965833 ], [ 73.3240616217211, 22.543459136169673 ], [ 73.324170642130014, 22.534429050606285 ] ] ] } },
{ "type": "Feature", "properties": { "FeatureID": "287", "HA_Area": 100.0, "OBJECTID_1": 1056, "ORIG_FID": 1057, "railway_bu": 2501.0, "Shape_Leng": 4000.0, "Shape_Area": 1000000.0, "buffer2": 0.0, "OBJECTID_2": 0, "OBJECTID_3": 0, "COUNT": 0.0, "AREA": 0.0, "MIN": 0.0, "MAX": 0.0, "RANGE": 0.0, "MEAN": 0.0, "STD": 0.0, "SUM": 0.0, "MEDIAN": 0.0, "PCT90": 0.0, "Nor": 0.0, "Shape_Le_1": 4000.0, "Shape_Ar_1": 1000000.0 }, "geometry": { "type": "Polygon", "coordinates": [ [ [ 73.168766723442744, 22.523704621297053 ], [ 73.159047670538683, 22.523593742029867 ], [ 73.158927975516249, 22.532623036874298 ], [ 73.168647659470338, 22.532733965360979 ], [ 73.168766723442744, 22.523704621297053 ] ] ] } },
{ "type": "Feature", "properties": { "FeatureID": "288", "HA_Area": 100.0, "OBJECTID_1": 1401, "ORIG_FID": 1402, "railway_bu": 2501.0, "Shape_Leng": 4000.0, "Shape_Area": 1000000.0, "buffer2": 0.0, "OBJECTID_2": 0, "OBJECTID_3": 0, "COUNT": 0.0, "AREA": 0.0, "MIN": 0.0, "MAX": 0.0, "RANGE": 0.0, "MEAN": 0.0, "STD": 0.0, "SUM": 0.0, "MEDIAN": 0.0, "PCT90": 0.0, "Nor": 0.0, "Shape_Le_1": 4000.0, "Shape_Ar_1": 1000000.0 }, "geometry": { "type": "Polygon", "coordinates": [ [ [ 73.119315229521106, 22.586347804724149 ], [ 73.109592061481109, 22.586233640835783 ], [ 73.10946877253258, 22.595262610287424 ], [ 73.119192573786151, 22.595376824740509 ], [ 73.119315229521106, 22.586347804724149 ] ] ] } },
{ "type": "Feature", "properties": { "FeatureID": "289", "HA_Area": 100.0, "OBJECTID_1": 1170, "ORIG_FID": 1171, "railway_bu": 2501.0, "Shape_Leng": 4000.0, "Shape_Area": 1000000.0, "buffer2": 0.0, "OBJECTID_2": 0, "OBJECTID_3": 0, "COUNT": 0.0, "AREA": 0.0, "MIN": 0.0, "MAX": 0.0, "RANGE": 0.0, "MEAN": 0.0, "STD": 0.0, "SUM": 0.0, "MEDIAN": 0.0, "PCT90": 0.0, "Nor": 0.0, "Shape_Le_1": 4000.0, "Shape_Ar_1": 1000000.0 }, "geometry": { "type": "Polygon", "coordinates": [ [ [ 73.304619180556671, 22.543255372811199 ], [ 73.294898044163972, 22.543152610719602 ], [ 73.294787072319281, 22.552182549668295 ], [ 73.304508840644317, 22.552285357348143 ], [ 73.304619180556671, 22.543255372811199 ] ] ] } },
{ "type": "Feature", "properties": { "FeatureID": "290", "HA_Area": 100.0, "OBJECTID_1": 1156, "ORIG_FID": 1157, "railway_bu": 2501.0, "Shape_Leng": 4000.0, "Shape_Area": 1000000.0, "buffer2": 0.0, "OBJECTID_2": 0, "OBJECTID_3": 0, "COUNT": 0.0, "AREA": 0.0, "MIN": 0.0, "MAX": 0.0, "RANGE": 0.0, "MEAN": 0.0, "STD": 0.0, "SUM": 0.0, "MEDIAN": 0.0, "PCT90": 0.0, "Nor": 0.0, "Shape_Le_1": 4000.0, "Shape_Ar_1": 1000000.0 }, "geometry": { "type": "Polygon", "coordinates": [ [ [ 73.168528534776186, 22.541763298702698 ], [ 73.158808219450378, 22.541652320990323 ], [ 73.158688402323349, 22.550681594374435 ], [ 73.16840934934261, 22.550792621318703 ], [ 73.168528534776186, 22.541763298702698 ] ] ] } },
{ "type": "Feature", "properties": { "FeatureID": "291", "HA_Area": 100.0, "OBJECTID_1": 1656, "ORIG_FID": 1657, "railway_bu": 2501.0, "Shape_Leng": 4000.0, "Shape_Area": 1000000.0, "buffer2": 0.0, "OBJECTID_2": 0, "OBJECTID_3": 0, "COUNT": 0.0, "AREA": 0.0, "MIN": 0.0, "MAX": 0.0, "RANGE": 0.0, "MEAN": 0.0, "STD": 0.0, "SUM": 0.0, "MEDIAN": 0.0, "PCT90": 0.0, "Nor": 0.0, "Shape_Le_1": 4000.0, "Shape_Ar_1": 1000000.0 }, "geometry": { "type": "Polygon", "coordinates": [ [ [ 73.167333944247261, 22.632056041626743 ], [ 73.15760729749249, 22.631944571315628 ], [ 73.157486868774825, 22.64097373718748 ], [ 73.167214150445744, 22.641085256792728 ], [ 73.167333944247261, 22.632056041626743 ] ] ] } },
{ "type": "Feature", "properties": { "FeatureID": "292", "HA_Area": 100.0, "OBJECTID_1": 1310, "ORIG_FID": 1311, "railway_bu": 2274.99, "Shape_Leng": 4000.0, "Shape_Area": 1000000.0, "buffer2": 0.0, "OBJECTID_2": 0, "OBJECTID_3": 0, "COUNT": 0.0, "AREA": 0.0, "MIN": 0.0, "MAX": 0.0, "RANGE": 0.0, "MEAN": 0.0, "STD": 0.0, "SUM": 0.0, "MEDIAN": 0.0, "PCT90": 0.0, "Nor": 0.0, "Shape_Le_1": 4000.0, "Shape_Ar_1": 1000000.0 }, "geometry": { "type": "Polygon", "coordinates": [ [ [ 73.207060246377836, 22.569289860759802 ], [ 73.197337793768511, 22.569181085485482 ], [ 73.197220324094317, 22.578210522092991 ], [ 73.20694340943318, 22.57831934557656 ], [ 73.207060246377836, 22.569289860759802 ] ] ] } },
{ "type": "Feature", "properties": { "FeatureID": "293", "HA_Area": 100.0, "OBJECTID_1": 1574, "ORIG_FID": 1575, "railway_bu": 2252.1, "Shape_Leng": 4000.0, "Shape_Area": 1000000.0, "buffer2": 0.0, "OBJECTID_2": 0, "OBJECTID_3": 0, "COUNT": 0.0, "AREA": 0.0, "MIN": 0.0, "MAX": 0.0, "RANGE": 0.0, "MEAN": 0.0, "STD": 0.0, "SUM": 0.0, "MEDIAN": 0.0, "PCT90": 0.0, "Nor": 0.0, "Shape_Le_1": 4000.0, "Shape_Ar_1": 1000000.0 }, "geometry": { "type": "Polygon", "coordinates": [ [ [ 73.342531997088642, 22.624931647529575 ], [ 73.342640249252582, 22.615901568324077 ], [ 73.332913824856504, 22.615800797530017 ], [ 73.332804938116325, 22.624830832143545 ], [ 73.342531997088642, 22.624931647529575 ] ] ] } },
{ "type": "Feature", "properties": { "FeatureID": "294", "HA_Area": 100.0, "OBJECTID_1": 1765, "ORIG_FID": 1766, "railway_bu": 2501.0, "Shape_Leng": 4000.0, "Shape_Area": 1000000.0, "buffer2": 0.0, "OBJECTID_2": 0, "OBJECTID_3": 0, "COUNT": 0.0, "AREA": 0.0, "MIN": 0.0, "MAX": 0.0, "RANGE": 0.0, "MEAN": 0.0, "STD": 0.0, "SUM": 0.0, "MEDIAN": 0.0, "PCT90": 0.0, "Nor": 0.0, "Shape_Le_1": 4000.0, "Shape_Ar_1": 1000000.0 }, "geometry": { "type": "Polygon", "coordinates": [ [ [ 73.244919798144437, 22.650985776237725 ], [ 73.244804967584074, 22.660015354942221 ], [ 73.254534057157628, 22.660121661536969 ], [ 73.254648251999271, 22.651092035871574 ], [ 73.244919798144437, 22.650985776237725 ] ] ] } },
{ "type": "Feature", "properties": { "FeatureID": "295", "HA_Area": 100.0, "OBJECTID_1": 1675, "ORIG_FID": 1676, "railway_bu": 466.906, "Shape_Leng": 4000.0, "Shape_Area": 1000000.0, "buffer2": 0.0, "OBJECTID_2": 0, "OBJECTID_3": 0, "COUNT": 0.0, "AREA": 0.0, "MIN": 0.0, "MAX": 0.0, "RANGE": 0.0, "MEAN": 0.0, "STD": 0.0, "SUM": 0.0, "MEDIAN": 0.0, "PCT90": 0.0, "Nor": 0.0, "Shape_Le_1": 4000.0, "Shape_Ar_1": 1000000.0 }, "geometry": { "type": "Polygon", "coordinates": [ [ [ 73.352151438812129, 22.634061986471341 ], [ 73.342423689834547, 22.633961716084436 ], [ 73.342315327474196, 22.642991773985237 ], [ 73.352043711689802, 22.643092088714727 ], [ 73.352151438812129, 22.634061986471341 ] ] ] } },
{ "type": "Feature", "properties": { "FeatureID": "296", "HA_Area": 100.0, "OBJECTID_1": 1421, "ORIG_FID": 1422, "railway_bu": 2091.38, "Shape_Leng": 4000.0, "Shape_Area": 1000000.0, "buffer2": 0.0, "OBJECTID_2": 0, "OBJECTID_3": 0, "COUNT": 0.0, "AREA": 0.0, "MIN": 0.0, "MAX": 0.0, "RANGE": 0.0, "MEAN": 0.0, "STD": 0.0, "SUM": 0.0, "MEDIAN": 0.0, "PCT90": 0.0, "Nor": 0.0, "Shape_Le_1": 4000.0, "Shape_Ar_1": 1000000.0 }, "geometry": { "type": "Polygon", "coordinates": [ [ [ 73.313791273921879, 22.588507590855201 ], [ 73.30406691833096, 22.588405189003716 ], [ 73.303956297004689, 22.597435120277261 ], [ 73.313681286155344, 22.597537567485301 ], [ 73.313791273921879, 22.588507590855201 ] ] ] } },
{ "type": "Feature", "properties": { "FeatureID": "297", "HA_Area": 100.0, "OBJECTID_1": 1601, "ORIG_FID": 1602, "railway_bu": 2501.0, "Shape_Leng": 4000.0, "Shape_Area": 1000000.0, "buffer2": 0.0, "OBJECTID_2": 0, "OBJECTID_3": 0, "COUNT": 0.0, "AREA": 0.0, "MIN": 0.0, "MAX": 0.0, "RANGE": 0.0, "MEAN": 0.0, "STD": 0.0, "SUM": 0.0, "MEDIAN": 0.0, "PCT90": 0.0, "Nor": 0.0, "Shape_Le_1": 4000.0, "Shape_Ar_1": 1000000.0 }, "geometry": { "type": "Polygon", "coordinates": [ [ [ 73.118824231766013, 22.622463820106212 ], [ 73.10909852893775, 22.622349453920609 ], [ 73.108974988762029, 22.631378380212677 ], [ 73.118701326093472, 22.631492796988585 ], [ 73.118824231766013, 22.622463820106212 ] ] ] } },
{ "type": "Feature", "properties": { "FeatureID": "298", "HA_Area": 100.0, "OBJECTID_1": 1168, "ORIG_FID": 1169, "railway_bu": 2501.0, "Shape_Leng": 4000.0, "Shape_Area": 1000000.0, "buffer2": 0.0, "OBJECTID_2": 0, "OBJECTID_3": 0, "COUNT": 0.0, "AREA": 0.0, "MIN": 0.0, "MAX": 0.0, "RANGE": 0.0, "MEAN": 0.0, "STD": 0.0, "SUM": 0.0, "MEDIAN": 0.0, "PCT90": 0.0, "Nor": 0.0, "Shape_Le_1": 4000.0, "Shape_Ar_1": 1000000.0 }, "geometry": { "type": "Polygon", "coordinates": [ [ [ 73.285176964326837, 22.54304926170494 ], [ 73.275455941367156, 22.542945325781226 ], [ 73.275343705707257, 22.551975172772497 ], [ 73.285065360566264, 22.552079154805078 ], [ 73.285176964326837, 22.54304926170494 ] ] ] } },
{ "type": "Feature", "properties": { "FeatureID": "299", "HA_Area": 100.0, "OBJECTID_1": 1954, "ORIG_FID": 1955, "railway_bu": 2501.0, "Shape_Leng": 4000.0, "Shape_Area": 1000000.0, "buffer2": 0.0, "OBJECTID_2": 0, "OBJECTID_3": 0, "COUNT": 0.0, "AREA": 0.0, "MIN": 0.0, "MAX": 0.0, "RANGE": 0.0, "MEAN": 0.0, "STD": 0.0, "SUM": 0.0, "MEDIAN": 0.0, "PCT90": 0.0, "Nor": 0.0, "Shape_Le_1": 4000.0, "Shape_Ar_1": 1000000.0 }, "geometry": { "type": "Polygon", "coordinates": [ [ [ 73.147153406221676, 22.686007047862045 ], [ 73.137423068143164, 22.685894099933321 ], [ 73.137300997958988, 22.694923101684051 ], [ 73.147031972855771, 22.695036099465867 ], [ 73.147153406221676, 22.686007047862045 ] ] ] } },
{ "type": "Feature", "properties": { "FeatureID": "300", "HA_Area": 100.0, "OBJECTID_1": 1460, "ORIG_FID": 1461, "railway_bu": 2501.0, "Shape_Leng": 4000.0, "Shape_Area": 1000000.0, "buffer2": 0.0, "OBJECTID_2": 0, "OBJECTID_3": 0, "COUNT": 0.0, "AREA": 0.0, "MIN": 0.0, "MAX": 0.0, "RANGE": 0.0, "MEAN": 0.0, "STD": 0.0, "SUM": 0.0, "MEDIAN": 0.0, "PCT90": 0.0, "Nor": 0.0, "Shape_Le_1": 4000.0, "Shape_Ar_1": 1000000.0 }, "geometry": { "type": "Polygon", "coordinates": [ [ [ 73.206709556961926, 22.596378283060975 ], [ 73.196985205197365, 22.596269363140646 ], [ 73.196867555939718, 22.605298767573796 ], [ 73.206592541400624, 22.605407735721645 ], [ 73.206709556961926, 22.596378283060975 ] ] ] } },
{ "type": "Feature", "properties": { "FeatureID": "301", "HA_Area": 100.0, "OBJECTID_1": 1418, "ORIG_FID": 1419, "railway_bu": 750.397, "Shape_Leng": 4000.0, "Shape_Area": 1000000.0, "buffer2": 0.0, "OBJECTID_2": 0, "OBJECTID_3": 0, "COUNT": 0.0, "AREA": 0.0, "MIN": 0.0, "MAX": 0.0, "RANGE": 0.0, "MEAN": 0.0, "STD": 0.0, "SUM": 0.0, "MEDIAN": 0.0, "PCT90": 0.0, "Nor": 0.0, "Shape_Le_1": 4000.0, "Shape_Ar_1": 1000000.0 }, "geometry": { "type": "Polygon", "coordinates": [ [ [ 73.28461837641818, 22.588198620598039 ], [ 73.27489419074108, 22.588094454071832 ], [ 73.274781668834535, 22.597124247712884 ], [ 73.284506488021833, 22.59722846037706 ], [ 73.28461837641818, 22.588198620598039 ] ] ] } },
{ "type": "Feature", "properties": { "FeatureID": "302", "HA_Area": 100.0, "OBJECTID_1": 1222, "ORIG_FID": 1223, "railway_bu": 2501.0, "Shape_Leng": 4000.0, "Shape_Area": 1000000.0, "buffer2": 0.0, "OBJECTID_2": 0, "OBJECTID_3": 0, "COUNT": 0.0, "AREA": 0.0, "MIN": 0.0, "MAX": 0.0, "RANGE": 0.0, "MEAN": 0.0, "STD": 0.0, "SUM": 0.0, "MEDIAN": 0.0, "PCT90": 0.0, "Nor": 0.0, "Shape_Le_1": 4000.0, "Shape_Ar_1": 1000000.0 }, "geometry": { "type": "Polygon", "coordinates": [ [ [ 73.323952545722392, 22.552489211102156 ], [ 73.314230665219355, 22.552387577830711 ], [ 73.314120901327684, 22.561417597055542 ], [ 73.323843414117718, 22.561519275400276 ], [ 73.323952545722392, 22.552489211102156 ] ] ] } },
{ "type": "Feature", "properties": { "FeatureID": "303", "HA_Area": 100.0, "OBJECTID_1": 1120, "ORIG_FID": 1121, "railway_bu": 2501.0, "Shape_Leng": 4000.0, "Shape_Area": 1000000.0, "buffer2": 0.0, "OBJECTID_2": 0, "OBJECTID_3": 0, "COUNT": 0.0, "AREA": 0.0, "MIN": 0.0, "MAX": 0.0, "RANGE": 0.0, "MEAN": 0.0, "STD": 0.0, "SUM": 0.0, "MEDIAN": 0.0, "PCT90": 0.0, "Nor": 0.0, "Shape_Le_1": 4000.0, "Shape_Ar_1": 1000000.0 }, "geometry": { "type": "Polygon", "coordinates": [ [ [ 73.304729464235379, 22.534225377631966 ], [ 73.295008959453099, 22.534122661122865 ], [ 73.294898044163972, 22.543152610719602 ], [ 73.304619180556671, 22.543255372811199 ], [ 73.304729464235379, 22.534225377631966 ] ] ] } },
{ "type": "Feature", "properties": { "FeatureID": "304", "HA_Area": 100.0, "OBJECTID_1": 1714, "ORIG_FID": 1715, "railway_bu": 2501.0, "Shape_Leng": 4000.0, "Shape_Area": 1000000.0, "buffer2": 0.0, "OBJECTID_2": 0, "OBJECTID_3": 0, "COUNT": 0.0, "AREA": 0.0, "MIN": 0.0, "MAX": 0.0, "RANGE": 0.0, "MEAN": 0.0, "STD": 0.0, "SUM": 0.0, "MEDIAN": 0.0, "PCT90": 0.0, "Nor": 0.0, "Shape_Le_1": 4000.0, "Shape_Ar_1": 1000000.0 }, "geometry": { "type": "Polygon", "coordinates": [ [ [ 73.244919798144437, 22.650985776237725 ], [ 73.24503457033606, 22.641956186814262 ], [ 73.235306810228678, 22.641849384418258 ], [ 73.235191402658387, 22.650878926626135 ], [ 73.244919798144437, 22.650985776237725 ] ] ] } },
{ "type": "Feature", "properties": { "FeatureID": "305", "HA_Area": 100.0, "OBJECTID_1": 1567, "ORIG_FID": 1568, "railway_bu": 2501.0, "Shape_Leng": 4000.0, "Shape_Area": 1000000.0, "buffer2": 0.0, "OBJECTID_2": 0, "OBJECTID_3": 0, "COUNT": 0.0, "AREA": 0.0, "MIN": 0.0, "MAX": 0.0, "RANGE": 0.0, "MEAN": 0.0, "STD": 0.0, "SUM": 0.0, "MEDIAN": 0.0, "PCT90": 0.0, "Nor": 0.0, "Shape_Le_1": 4000.0, "Shape_Ar_1": 1000000.0 }, "geometry": { "type": "Polygon", "coordinates": [ [ [ 73.274556453106641, 22.615183802950181 ], [ 73.264830423264343, 22.615078909014304 ], [ 73.264717094948452, 22.624108624187585 ], [ 73.274443759251838, 22.624213564539495 ], [ 73.274556453106641, 22.615183802950181 ] ] ] } },
{ "type": "Feature", "properties": { "FeatureID": "306", "HA_Area": 100.0, "OBJECTID_1": 1721, "ORIG_FID": 1722, "railway_bu": 2501.0, "Shape_Leng": 4000.0, "Shape_Area": 1000000.0, "buffer2": 0.0, "OBJECTID_2": 0, "OBJECTID_3": 0, "COUNT": 0.0, "AREA": 0.0, "MIN": 0.0, "MAX": 0.0, "RANGE": 0.0, "MEAN": 0.0, "STD": 0.0, "SUM": 0.0, "MEDIAN": 0.0, "PCT90": 0.0, "Nor": 0.0, "Shape_Le_1": 4000.0, "Shape_Ar_1": 1000000.0 }, "geometry": { "type": "Polygon", "coordinates": [ [ [ 73.313130506853312, 22.642687290706974 ], [ 73.303402345064939, 22.642584616630138 ], [ 73.30329138550016, 22.651614483873558 ], [ 73.31302018278457, 22.651717203341391 ], [ 73.313130506853312, 22.642687290706974 ] ] ] } },
{ "type": "Feature", "properties": { "FeatureID": "307", "HA_Area": 100.0, "OBJECTID_1": 1451, "ORIG_FID": 1452, "railway_bu": 2501.0, "Shape_Leng": 4000.0, "Shape_Area": 1000000.0, "buffer2": 0.0, "OBJECTID_2": 0, "OBJECTID_3": 0, "COUNT": 0.0, "AREA": 0.0, "MIN": 0.0, "MAX": 0.0, "RANGE": 0.0, "MEAN": 0.0, "STD": 0.0, "SUM": 0.0, "MEDIAN": 0.0, "PCT90": 0.0, "Nor": 0.0, "Shape_Le_1": 4000.0, "Shape_Ar_1": 1000000.0 }, "geometry": { "type": "Polygon", "coordinates": [ [ [ 73.119192573786151, 22.595376824740509 ], [ 73.10946877253258, 22.595262610287424 ], [ 73.109345420804701, 22.604291568954455 ], [ 73.119069855594134, 22.604405833978653 ], [ 73.119192573786151, 22.595376824740509 ] ] ] } },
{ "type": "Feature", "properties": { "FeatureID": "308", "HA_Area": 100.0, "OBJECTID_1": 1023, "ORIG_FID": 1024, "railway_bu": 1263.53, "Shape_Leng": 4000.0, "Shape_Area": 1000000.0, "buffer2": 0.0, "OBJECTID_2": 166, "OBJECTID_3": 1023, "COUNT": 9531.0, "AREA": 953100.0, "MIN": 1360.1470947299999, "MAX": 2499.9599609400002, "RANGE": 1139.81286621, "MEAN": 2010.23706627, "STD": 268.95115522100002, "SUM": 19159569.478599999, "MEDIAN": 2022.3748779299999, "PCT90": 2362.0541992200001, "Nor": 0.19590517349100001, "Shape_Le_1": 4000.0, "Shape_Ar_1": 1000000.0 }, "geometry": { "type": "Polygon", "coordinates": [ [ [ 73.334107926358854, 22.516469714451947 ], [ 73.324388516243104, 22.516368847600621 ], [ 73.324279606965291, 22.525398954415451 ], [ 73.333999648096636, 22.525499866057121 ], [ 73.334107926358854, 22.516469714451947 ] ] ] } },
{ "type": "Feature", "properties": { "FeatureID": "309", "HA_Area": 100.0, "OBJECTID_1": 1322, "ORIG_FID": 1323, "railway_bu": 2501.0, "Shape_Leng": 4000.0, "Shape_Area": 1000000.0, "buffer2": 0.0, "OBJECTID_2": 0, "OBJECTID_3": 0, "COUNT": 0.0, "AREA": 0.0, "MIN": 0.0, "MAX": 0.0, "RANGE": 0.0, "MEAN": 0.0, "STD": 0.0, "SUM": 0.0, "MEDIAN": 0.0, "PCT90": 0.0, "Nor": 0.0, "Shape_Le_1": 4000.0, "Shape_Ar_1": 1000000.0 }, "geometry": { "type": "Polygon", "coordinates": [ [ [ 73.323734226890892, 22.570549329060579 ], [ 73.314011081491756, 22.570447605636872 ], [ 73.313901205695245, 22.579477603571238 ], [ 73.323624984025713, 22.579579372079621 ], [ 73.323734226890892, 22.570549329060579 ] ] ] } },
{ "type": "Feature", "properties": { "FeatureID": "310", "HA_Area": 100.0, "OBJECTID_1": 1908, "ORIG_FID": 1909, "railway_bu": 2501.0, "Shape_Leng": 4000.0, "Shape_Area": 1000000.0, "buffer2": 0.0, "OBJECTID_2": 0, "OBJECTID_3": 0, "COUNT": 0.0, "AREA": 0.0, "MIN": 0.0, "MAX": 0.0, "RANGE": 0.0, "MEAN": 0.0, "STD": 0.0, "SUM": 0.0, "MEDIAN": 0.0, "PCT90": 0.0, "Nor": 0.0, "Shape_Le_1": 4000.0, "Shape_Ar_1": 1000000.0 }, "geometry": { "type": "Polygon", "coordinates": [ [ [ 73.186194197539876, 22.67742367152751 ], [ 73.176464251287342, 22.677313135981517 ], [ 73.176344789184441, 22.686342346355808 ], [ 73.1860753720036, 22.686452930705769 ], [ 73.186194197539876, 22.67742367152751 ] ] ] } },
{ "type": "Feature", "properties": { "FeatureID": "311", "HA_Area": 100.0, "OBJECTID_1": 1953, "ORIG_FID": 1954, "railway_bu": 2189.88, "Shape_Leng": 4000.0, "Shape_Area": 1000000.0, "buffer2": 0.0, "OBJECTID_2": 0, "OBJECTID_3": 0, "COUNT": 0.0, "AREA": 0.0, "MIN": 0.0, "MAX": 0.0, "RANGE": 0.0, "MEAN": 0.0, "STD": 0.0, "SUM": 0.0, "MEDIAN": 0.0, "PCT90": 0.0, "Nor": 0.0, "Shape_Le_1": 4000.0, "Shape_Ar_1": 1000000.0 }, "geometry": { "type": "Polygon", "coordinates": [ [ [ 73.137423068143164, 22.685894099933321 ], [ 73.127692792057928, 22.685780561147986 ], [ 73.1275700850736, 22.694809512784904 ], [ 73.137300997958988, 22.694923101684051 ], [ 73.137423068143164, 22.685894099933321 ] ] ] } },
{ "type": "Feature", "properties": { "FeatureID": "312", "HA_Area": 100.0, "OBJECTID_1": 1474, "ORIG_FID": 1475, "railway_bu": 2330.43, "Shape_Leng": 4000.0, "Shape_Area": 1000000.0, "buffer2": 0.0, "OBJECTID_2": 0, "OBJECTID_3": 0, "COUNT": 0.0, "AREA": 0.0, "MIN": 0.0, "MAX": 0.0, "RANGE": 0.0, "MEAN": 0.0, "STD": 0.0, "SUM": 0.0, "MEDIAN": 0.0, "PCT90": 0.0, "Nor": 0.0, "Shape_Le_1": 4000.0, "Shape_Ar_1": 1000000.0 }, "geometry": { "type": "Polygon", "coordinates": [ [ [ 73.342856588374246, 22.597841377974913 ], [ 73.333131432162617, 22.597740696347881 ], [ 73.333022656199873, 22.60677075226365 ], [ 73.342748446342441, 22.606871478471373 ], [ 73.342856588374246, 22.597841377974913 ] ] ] } },
{ "type": "Feature", "properties": { "FeatureID": "313", "HA_Area": 100.0, "OBJECTID_1": 1604, "ORIG_FID": 1605, "railway_bu": 2501.0, "Shape_Leng": 4000.0, "Shape_Area": 1000000.0, "buffer2": 0.0, "OBJECTID_2": 0, "OBJECTID_3": 0, "COUNT": 0.0, "AREA": 0.0, "MIN": 0.0, "MAX": 0.0, "RANGE": 0.0, "MEAN": 0.0, "STD": 0.0, "SUM": 0.0, "MEDIAN": 0.0, "PCT90": 0.0, "Nor": 0.0, "Shape_Le_1": 4000.0, "Shape_Ar_1": 1000000.0 }, "geometry": { "type": "Polygon", "coordinates": [ [ [ 73.148001714030983, 22.622803384590583 ], [ 73.138275824635173, 22.622690785456573 ], [ 73.13815418802362, 22.631719862738141 ], [ 73.147880711977052, 22.631832511681033 ], [ 73.148001714030983, 22.622803384590583 ] ] ] } },
{ "type": "Feature", "properties": { "FeatureID": "314", "HA_Area": 100.0, "OBJECTID_1": 1220, "ORIG_FID": 1221, "railway_bu": 2501.0, "Shape_Leng": 4000.0, "Shape_Area": 1000000.0, "buffer2": 0.0, "OBJECTID_2": 0, "OBJECTID_3": 0, "COUNT": 0.0, "AREA": 0.0, "MIN": 0.0, "MAX": 0.0, "RANGE": 0.0, "MEAN": 0.0, "STD": 0.0, "SUM": 0.0, "MEDIAN": 0.0, "PCT90": 0.0, "Nor": 0.0, "Shape_Le_1": 4000.0, "Shape_Ar_1": 1000000.0 }, "geometry": { "type": "Polygon", "coordinates": [ [ [ 73.304508840644317, 22.552285357348143 ], [ 73.294787072319281, 22.552182549668295 ], [ 73.294676043902555, 22.561212477965476 ], [ 73.304398444481933, 22.561315331239328 ], [ 73.304508840644317, 22.552285357348143 ] ] ] } },
{ "type": "Feature", "properties": { "FeatureID": "315", "HA_Area": 100.0, "OBJECTID_1": 1254, "ORIG_FID": 1255, "railway_bu": 2501.0, "Shape_Leng": 4000.0, "Shape_Area": 1000000.0, "buffer2": 0.0, "OBJECTID_2": 0, "OBJECTID_3": 0, "COUNT": 0.0, "AREA": 0.0, "MIN": 0.0, "MAX": 0.0, "RANGE": 0.0, "MEAN": 0.0, "STD": 0.0, "SUM": 0.0, "MEDIAN": 0.0, "PCT90": 0.0, "Nor": 0.0, "Shape_Le_1": 4000.0, "Shape_Ar_1": 1000000.0 }, "geometry": { "type": "Polygon", "coordinates": [ [ [ 73.148847006179523, 22.559599193600313 ], [ 73.139125549660292, 22.55948694295223 ], [ 73.139004345736581, 22.568516095592525 ], [ 73.148726434557389, 22.568628396005455 ], [ 73.148847006179523, 22.559599193600313 ] ] ] } },
{ "type": "Feature", "properties": { "FeatureID": "316", "HA_Area": 100.0, "OBJECTID_1": 1206, "ORIG_FID": 1207, "railway_bu": 2501.0, "Shape_Leng": 4000.0, "Shape_Area": 1000000.0, "buffer2": 0.0, "OBJECTID_2": 0, "OBJECTID_3": 0, "COUNT": 0.0, "AREA": 0.0, "MIN": 0.0, "MAX": 0.0, "RANGE": 0.0, "MEAN": 0.0, "STD": 0.0, "SUM": 0.0, "MEDIAN": 0.0, "PCT90": 0.0, "Nor": 0.0, "Shape_Le_1": 4000.0, "Shape_Ar_1": 1000000.0 }, "geometry": { "type": "Polygon", "coordinates": [ [ [ 73.168290103151932, 22.559821933205487 ], [ 73.16840934934261, 22.550792621318703 ], [ 73.158688402323349, 22.550681594374435 ], [ 73.158568524117371, 22.559710857023106 ], [ 73.168290103151932, 22.559821933205487 ] ] ] } },
{ "type": "Feature", "properties": { "FeatureID": "317", "HA_Area": 100.0, "OBJECTID_1": 1964, "ORIG_FID": 1965, "railway_bu": 2501.0, "Shape_Leng": 4000.0, "Shape_Area": 1000000.0, "buffer2": 0.0, "OBJECTID_2": 0, "OBJECTID_3": 0, "COUNT": 0.0, "AREA": 0.0, "MIN": 0.0, "MAX": 0.0, "RANGE": 0.0, "MEAN": 0.0, "STD": 0.0, "SUM": 0.0, "MEDIAN": 0.0, "PCT90": 0.0, "Nor": 0.0, "Shape_Le_1": 4000.0, "Shape_Ar_1": 1000000.0 }, "geometry": { "type": "Polygon", "coordinates": [ [ [ 73.244460125519694, 22.687104026707068 ], [ 73.234729185288202, 22.68699698817327 ], [ 73.234613484087561, 22.696026476721592 ], [ 73.244345061313524, 22.696133562500929 ], [ 73.244460125519694, 22.687104026707068 ] ] ] } },
{ "type": "Feature", "properties": { "FeatureID": "318", "HA_Area": 100.0, "OBJECTID_1": 1470, "ORIG_FID": 1471, "railway_bu": 1906.91, "Shape_Leng": 4000.0, "Shape_Area": 1000000.0, "buffer2": 0.0, "OBJECTID_2": 0, "OBJECTID_3": 0, "COUNT": 0.0, "AREA": 0.0, "MIN": 0.0, "MAX": 0.0, "RANGE": 0.0, "MEAN": 0.0, "STD": 0.0, "SUM": 0.0, "MEDIAN": 0.0, "PCT90": 0.0, "Nor": 0.0, "Shape_Le_1": 4000.0, "Shape_Ar_1": 1000000.0 }, "geometry": { "type": "Polygon", "coordinates": [ [ [ 73.303956297004689, 22.597435120277261 ], [ 73.294231364186032, 22.59733208456986 ], [ 73.294120052662009, 22.60636195955756 ], [ 73.303845619346447, 22.606465040887755 ], [ 73.303956297004689, 22.597435120277261 ] ] ] } },
{ "type": "Feature", "properties": { "FeatureID": "319", "HA_Area": 100.0, "OBJECTID_1": 1257, "ORIG_FID": 1258, "railway_bu": 2501.0, "Shape_Leng": 4000.0, "Shape_Area": 1000000.0, "buffer2": 0.0, "OBJECTID_2": 0, "OBJECTID_3": 0, "COUNT": 0.0, "AREA": 0.0, "MIN": 0.0, "MAX": 0.0, "RANGE": 0.0, "MEAN": 0.0, "STD": 0.0, "SUM": 0.0, "MEDIAN": 0.0, "PCT90": 0.0, "Nor": 0.0, "Shape_Le_1": 4000.0, "Shape_Ar_1": 1000000.0 }, "geometry": { "type": "Polygon", "coordinates": [ [ [ 73.168290103151932, 22.559821933205487 ], [ 73.168170796186516, 22.568851234359528 ], [ 73.177893068350784, 22.568961772270505 ], [ 73.178011742961274, 22.55993242213242 ], [ 73.168290103151932, 22.559821933205487 ] ] ] } },
{ "type": "Feature", "properties": { "FeatureID": "320", "HA_Area": 100.0, "OBJECTID_1": 1457, "ORIG_FID": 1458, "railway_bu": 2501.0, "Shape_Leng": 4000.0, "Shape_Area": 1000000.0, "buffer2": 0.0, "OBJECTID_2": 0, "OBJECTID_3": 0, "COUNT": 0.0, "AREA": 0.0, "MIN": 0.0, "MAX": 0.0, "RANGE": 0.0, "MEAN": 0.0, "STD": 0.0, "SUM": 0.0, "MEDIAN": 0.0, "PCT90": 0.0, "Nor": 0.0, "Shape_Le_1": 4000.0, "Shape_Ar_1": 1000000.0 }, "geometry": { "type": "Polygon", "coordinates": [ [ [ 73.177536681626364, 22.596049758290384 ], [ 73.167812510464614, 22.595939073390184 ], [ 73.167692960223064, 22.604968331578227 ], [ 73.177417765028494, 22.605079065487207 ], [ 73.177536681626364, 22.596049758290384 ] ] ] } },
{ "type": "Feature", "properties": { "FeatureID": "321", "HA_Area": 100.0, "OBJECTID_1": 1409, "ORIG_FID": 1410, "railway_bu": 2501.0, "Shape_Leng": 4000.0, "Shape_Area": 1000000.0, "buffer2": 0.0, "OBJECTID_2": 0, "OBJECTID_3": 0, "COUNT": 0.0, "AREA": 0.0, "MIN": 0.0, "MAX": 0.0, "RANGE": 0.0, "MEAN": 0.0, "STD": 0.0, "SUM": 0.0, "MEDIAN": 0.0, "PCT90": 0.0, "Nor": 0.0, "Shape_Le_1": 4000.0, "Shape_Ar_1": 1000000.0 }, "geometry": { "type": "Polygon", "coordinates": [ [ [ 73.197102794576423, 22.587239947979217 ], [ 73.187379136046971, 22.587130488199229 ], [ 73.187260913311391, 22.596159854878842 ], [ 73.196985205197365, 22.596269363140646 ], [ 73.197102794576423, 22.587239947979217 ] ] ] } },
{ "type": "Feature", "properties": { "FeatureID": "322", "HA_Area": 100.0, "OBJECTID_1": 1956, "ORIG_FID": 1957, "railway_bu": 2501.0, "Shape_Leng": 4000.0, "Shape_Area": 1000000.0, "buffer2": 0.0, "OBJECTID_2": 0, "OBJECTID_3": 0, "COUNT": 0.0, "AREA": 0.0, "MIN": 0.0, "MAX": 0.0, "RANGE": 0.0, "MEAN": 0.0, "STD": 0.0, "SUM": 0.0, "MEDIAN": 0.0, "PCT90": 0.0, "Nor": 0.0, "Shape_Le_1": 4000.0, "Shape_Ar_1": 1000000.0 }, "geometry": { "type": "Polygon", "coordinates": [ [ [ 73.166614267065569, 22.686231171088473 ], [ 73.156883805970224, 22.686119404918834 ], [ 73.156763009440638, 22.695148506115036 ], [ 73.166494107390264, 22.69526032161632 ], [ 73.166614267065569, 22.686231171088473 ] ] ] } },
{ "type": "Feature", "properties": { "FeatureID": "323", "HA_Area": 100.0, "OBJECTID_1": 1608, "ORIG_FID": 1609, "railway_bu": 2501.0, "Shape_Leng": 4000.0, "Shape_Area": 1000000.0, "buffer2": 0.0, "OBJECTID_2": 0, "OBJECTID_3": 0, "COUNT": 0.0, "AREA": 0.0, "MIN": 0.0, "MAX": 0.0, "RANGE": 0.0, "MEAN": 0.0, "STD": 0.0, "SUM": 0.0, "MEDIAN": 0.0, "PCT90": 0.0, "Nor": 0.0, "Shape_Le_1": 4000.0, "Shape_Ar_1": 1000000.0 }, "geometry": { "type": "Polygon", "coordinates": [ [ [ 73.186905883828729, 22.623247890497233 ], [ 73.177179750192309, 22.623137647645159 ], [ 73.177060651918666, 22.632166922599286 ], [ 73.186787420184018, 22.632277214218227 ], [ 73.186905883828729, 22.623247890497233 ] ] ] } },
{ "type": "Feature", "properties": { "FeatureID": "324", "HA_Area": 100.0, "OBJECTID_1": 1102, "ORIG_FID": 1103, "railway_bu": 2501.0, "Shape_Leng": 4000.0, "Shape_Area": 1000000.0, "buffer2": 0.0, "OBJECTID_2": 0, "OBJECTID_3": 0, "COUNT": 0.0, "AREA": 0.0, "MIN": 0.0, "MAX": 0.0, "RANGE": 0.0, "MEAN": 0.0, "STD": 0.0, "SUM": 0.0, "MEDIAN": 0.0, "PCT90": 0.0, "Nor": 0.0, "Shape_Le_1": 4000.0, "Shape_Ar_1": 1000000.0 }, "geometry": { "type": "Polygon", "coordinates": [ [ [ 73.129769291201029, 22.532286732715885 ], [ 73.120049853350451, 22.532173458480859 ], [ 73.119927571976234, 22.541202543092481 ], [ 73.129647641126951, 22.541315867593834 ], [ 73.129769291201029, 22.532286732715885 ] ] ] } },
{ "type": "Feature", "properties": { "FeatureID": "325", "HA_Area": 100.0, "OBJECTID_1": 1003, "ORIG_FID": 1004, "railway_bu": 2501.0, "Shape_Leng": 4000.0, "Shape_Area": 1000000.0, "buffer2": 0.0, "OBJECTID_2": 0, "OBJECTID_3": 0, "COUNT": 0.0, "AREA": 0.0, "MIN": 0.0, "MAX": 0.0, "RANGE": 0.0, "MEAN": 0.0, "STD": 0.0, "SUM": 0.0, "MEDIAN": 0.0, "PCT90": 0.0, "Nor": 0.0, "Shape_Le_1": 4000.0, "Shape_Ar_1": 1000000.0 }, "geometry": { "type": "Polygon", "coordinates": [ [ [ 73.139730643529575, 22.514341018549164 ], [ 73.130012405342214, 22.5142284307219 ], [ 73.129890879266782, 22.523257587090733 ], [ 73.13960974812916, 22.523370224911581 ], [ 73.139730643529575, 22.514341018549164 ] ] ] } },
{ "type": "Feature", "properties": { "FeatureID": "326", "HA_Area": 100.0, "OBJECTID_1": 1266, "ORIG_FID": 1267, "railway_bu": 1796.75, "Shape_Leng": 4000.0, "Shape_Area": 1000000.0, "buffer2": 0.0, "OBJECTID_2": 0, "OBJECTID_3": 0, "COUNT": 0.0, "AREA": 0.0, "MIN": 0.0, "MAX": 0.0, "RANGE": 0.0, "MEAN": 0.0, "STD": 0.0, "SUM": 0.0, "MEDIAN": 0.0, "PCT90": 0.0, "Nor": 0.0, "Shape_Le_1": 4000.0, "Shape_Ar_1": 1000000.0 }, "geometry": { "type": "Polygon", "coordinates": [ [ [ 73.265509182983678, 22.560900393537789 ], [ 73.255787010690739, 22.560795190573465 ], [ 73.2556733955455, 22.569824923212995 ], [ 73.26539620034842, 22.56993017281853 ], [ 73.265509182983678, 22.560900393537789 ] ] ] } },
{ "type": "Feature", "properties": { "FeatureID": "327", "HA_Area": 100.0, "OBJECTID_1": 1005, "ORIG_FID": 1006, "railway_bu": 2501.0, "Shape_Leng": 4000.0, "Shape_Area": 1000000.0, "buffer2": 0.0, "OBJECTID_2": 0, "OBJECTID_3": 0, "COUNT": 0.0, "AREA": 0.0, "MIN": 0.0, "MAX": 0.0, "RANGE": 0.0, "MEAN": 0.0, "STD": 0.0, "SUM": 0.0, "MEDIAN": 0.0, "PCT90": 0.0, "Nor": 0.0, "Shape_Le_1": 4000.0, "Shape_Ar_1": 1000000.0 }, "geometry": { "type": "Polygon", "coordinates": [ [ [ 73.159167304535444, 22.514564436460542 ], [ 73.149448943367801, 22.514453020467094 ], [ 73.149328678660297, 22.523482276563012 ], [ 73.159047670538683, 22.523593742029867 ], [ 73.159167304535444, 22.514564436460542 ] ] ] } },
{ "type": "Feature", "properties": { "FeatureID": "328", "HA_Area": 100.0, "OBJECTID_1": 1713, "ORIG_FID": 1714, "railway_bu": 2501.0, "Shape_Leng": 4000.0, "Shape_Area": 1000000.0, "buffer2": 0.0, "OBJECTID_2": 0, "OBJECTID_3": 0, "COUNT": 0.0, "AREA": 0.0, "MIN": 0.0, "MAX": 0.0, "RANGE": 0.0, "MEAN": 0.0, "STD": 0.0, "SUM": 0.0, "MEDIAN": 0.0, "PCT90": 0.0, "Nor": 0.0, "Shape_Le_1": 4000.0, "Shape_Ar_1": 1000000.0 }, "geometry": { "type": "Polygon", "coordinates": [ [ [ 73.235306810228678, 22.641849384418258 ], [ 73.225579108795912, 22.641741992319613 ], [ 73.225463065864076, 22.65077148705128 ], [ 73.235191402658387, 22.650878926626135 ], [ 73.235306810228678, 22.641849384418258 ] ] ] } },
{ "type": "Feature", "properties": { "FeatureID": "329", "HA_Area": 100.0, "OBJECTID_1": 1657, "ORIG_FID": 1658, "railway_bu": 2501.0, "Shape_Leng": 4000.0, "Shape_Area": 1000000.0, "buffer2": 0.0, "OBJECTID_2": 0, "OBJECTID_3": 0, "COUNT": 0.0, "AREA": 0.0, "MIN": 0.0, "MAX": 0.0, "RANGE": 0.0, "MEAN": 0.0, "STD": 0.0, "SUM": 0.0, "MEDIAN": 0.0, "PCT90": 0.0, "Nor": 0.0, "Shape_Le_1": 4000.0, "Shape_Ar_1": 1000000.0 }, "geometry": { "type": "Polygon", "coordinates": [ [ [ 73.177060651918666, 22.632166922599286 ], [ 73.167333944247261, 22.632056041626743 ], [ 73.167214150445744, 22.641085256792728 ], [ 73.176941493051075, 22.641196186798862 ], [ 73.177060651918666, 22.632166922599286 ] ] ] } },
{ "type": "Feature", "properties": { "FeatureID": "330", "HA_Area": 100.0, "OBJECTID_1": 1468, "ORIG_FID": 1469, "railway_bu": 1693.0, "Shape_Leng": 4000.0, "Shape_Area": 1000000.0, "buffer2": 0.0, "OBJECTID_2": 0, "OBJECTID_3": 0, "COUNT": 0.0, "AREA": 0.0, "MIN": 0.0, "MAX": 0.0, "RANGE": 0.0, "MEAN": 0.0, "STD": 0.0, "SUM": 0.0, "MEDIAN": 0.0, "PCT90": 0.0, "Nor": 0.0, "Shape_Le_1": 4000.0, "Shape_Ar_1": 1000000.0 }, "geometry": { "type": "Polygon", "coordinates": [ [ [ 73.284506488021833, 22.59722846037706 ], [ 73.274781668834535, 22.597124247712884 ], [ 73.274669089628645, 22.60615403067349 ], [ 73.284394542648556, 22.60625828948146 ], [ 73.284506488021833, 22.59722846037706 ] ] ] } },
{ "type": "Feature", "properties": { "FeatureID": "331", "HA_Area": 100.0, "OBJECTID_1": 1762, "ORIG_FID": 1763, "railway_bu": 2501.0, "Shape_Leng": 4000.0, "Shape_Area": 1000000.0, "buffer2": 0.0, "OBJECTID_2": 0, "OBJECTID_3": 0, "COUNT": 0.0, "AREA": 0.0, "MIN": 0.0, "MAX": 0.0, "RANGE": 0.0, "MEAN": 0.0, "STD": 0.0, "SUM": 0.0, "MEDIAN": 0.0, "PCT90": 0.0, "Nor": 0.0, "Shape_Le_1": 4000.0, "Shape_Ar_1": 1000000.0 }, "geometry": { "type": "Polygon", "coordinates": [ [ [ 73.225463065864076, 22.65077148705128 ], [ 73.215734788084461, 22.650663457527724 ], [ 73.215618050470638, 22.659692893785536 ], [ 73.225346963917502, 22.659800971051968 ], [ 73.225463065864076, 22.65077148705128 ] ] ] } },
{ "type": "Feature", "properties": { "FeatureID": "332", "HA_Area": 100.0, "OBJECTID_1": 1861, "ORIG_FID": 1862, "railway_bu": 2501.0, "Shape_Leng": 4000.0, "Shape_Area": 1000000.0, "buffer2": 0.0, "OBJECTID_2": 0, "OBJECTID_3": 0, "COUNT": 0.0, "AREA": 0.0, "MIN": 0.0, "MAX": 0.0, "RANGE": 0.0, "MEAN": 0.0, "STD": 0.0, "SUM": 0.0, "MEDIAN": 0.0, "PCT90": 0.0, "Nor": 0.0, "Shape_Le_1": 4000.0, "Shape_Ar_1": 1000000.0 }, "geometry": { "type": "Polygon", "coordinates": [ [ [ 73.215501253501827, 22.668722319302834 ], [ 73.205771763436985, 22.668613603832075 ], [ 73.205654270799741, 22.677642970589677 ], [ 73.215384397160662, 22.677751734076136 ], [ 73.215501253501827, 22.668722319302834 ] ] ] } },
{ "type": "Feature", "properties": { "FeatureID": "333", "HA_Area": 100.0, "OBJECTID_1": 1906, "ORIG_FID": 1907, "railway_bu": 2501.0, "Shape_Leng": 4000.0, "Shape_Area": 1000000.0, "buffer2": 0.0, "OBJECTID_2": 0, "OBJECTID_3": 0, "COUNT": 0.0, "AREA": 0.0, "MIN": 0.0, "MAX": 0.0, "RANGE": 0.0, "MEAN": 0.0, "STD": 0.0, "SUM": 0.0, "MEDIAN": 0.0, "PCT90": 0.0, "Nor": 0.0, "Shape_Le_1": 4000.0, "Shape_Ar_1": 1000000.0 }, "geometry": { "type": "Polygon", "coordinates": [ [ [ 73.166734365717332, 22.677202009778863 ], [ 73.157004541153015, 22.677090292934615 ], [ 73.156883805970224, 22.686119404918834 ], [ 73.166614267065569, 22.686231171088473 ], [ 73.166734365717332, 22.677202009778863 ] ] ] } },
{ "type": "Feature", "properties": { "FeatureID": "334", "HA_Area": 100.0, "OBJECTID_1": 1405, "ORIG_FID": 1406, "railway_bu": 2501.0, "Shape_Leng": 4000.0, "Shape_Area": 1000000.0, "buffer2": 0.0, "OBJECTID_2": 0, "OBJECTID_3": 0, "COUNT": 0.0, "AREA": 0.0, "MIN": 0.0, "MAX": 0.0, "RANGE": 0.0, "MEAN": 0.0, "STD": 0.0, "SUM": 0.0, "MEDIAN": 0.0, "PCT90": 0.0, "Nor": 0.0, "Shape_Le_1": 4000.0, "Shape_Ar_1": 1000000.0 }, "geometry": { "type": "Polygon", "coordinates": [ [ [ 73.158208522848057, 22.586798580521414 ], [ 73.148485106985646, 22.586686768566121 ], [ 73.148364351000268, 22.595715938714612 ], [ 73.158088400148472, 22.595827800193245 ], [ 73.158208522848057, 22.586798580521414 ] ] ] } },
{ "type": "Feature", "properties": { "FeatureID": "335", "HA_Area": 100.0, "OBJECTID_1": 1315, "ORIG_FID": 1316, "railway_bu": 691.305, "Shape_Leng": 4000.0, "Shape_Area": 1000000.0, "buffer2": 0.0, "OBJECTID_2": 0, "OBJECTID_3": 0, "COUNT": 0.0, "AREA": 0.0, "MIN": 0.0, "MAX": 0.0, "RANGE": 0.0, "MEAN": 0.0, "STD": 0.0, "SUM": 0.0, "MEDIAN": 0.0, "PCT90": 0.0, "Nor": 0.0, "Shape_Le_1": 4000.0, "Shape_Ar_1": 1000000.0 }, "geometry": { "type": "Polygon", "coordinates": [ [ [ 73.24595064863621, 22.569719085959903 ], [ 73.24583634278207, 22.578748761010175 ], [ 73.255559722506618, 22.578854645170733 ], [ 73.2556733955455, 22.569824923212995 ], [ 73.24595064863621, 22.569719085959903 ] ] ] } },
{ "type": "Feature", "properties": { "FeatureID": "336", "HA_Area": 100.0, "OBJECTID_1": 1914, "ORIG_FID": 1915, "railway_bu": 2501.0, "Shape_Leng": 4000.0, "Shape_Area": 1000000.0, "buffer2": 0.0, "OBJECTID_2": 0, "OBJECTID_3": 0, "COUNT": 0.0, "AREA": 0.0, "MIN": 0.0, "MAX": 0.0, "RANGE": 0.0, "MEAN": 0.0, "STD": 0.0, "SUM": 0.0, "MEDIAN": 0.0, "PCT90": 0.0, "Nor": 0.0, "Shape_Le_1": 4000.0, "Shape_Ar_1": 1000000.0 }, "geometry": { "type": "Polygon", "coordinates": [ [ [ 73.244575131288769, 22.678074480180356 ], [ 73.234844827728438, 22.677967488886097 ], [ 73.234729185288202, 22.68699698817327 ], [ 73.244460125519694, 22.687104026707068 ], [ 73.244575131288769, 22.678074480180356 ] ] ] } },
{ "type": "Feature", "properties": { "FeatureID": "337", "HA_Area": 100.0, "OBJECTID_1": 1165, "ORIG_FID": 1166, "railway_bu": 2421.73, "Shape_Leng": 4000.0, "Shape_Area": 1000000.0, "buffer2": 0.0, "OBJECTID_2": 0, "OBJECTID_3": 0, "COUNT": 0.0, "AREA": 0.0, "MIN": 0.0, "MAX": 0.0, "RANGE": 0.0, "MEAN": 0.0, "STD": 0.0, "SUM": 0.0, "MEDIAN": 0.0, "PCT90": 0.0, "Nor": 0.0, "Shape_Le_1": 4000.0, "Shape_Ar_1": 1000000.0 }, "geometry": { "type": "Polygon", "coordinates": [ [ [ 73.256014067367744, 22.542735693262944 ], [ 73.246293216971765, 22.542629996696771 ], [ 73.246179085714104, 22.551659703799722 ], [ 73.255900567959216, 22.551765447255622 ], [ 73.256014067367744, 22.542735693262944 ] ] ] } },
{ "type": "Feature", "properties": { "FeatureID": "338", "HA_Area": 100.0, "OBJECTID_1": 1314, "ORIG_FID": 1315, "railway_bu": 562.228, "Shape_Leng": 4000.0, "Shape_Area": 1000000.0, "buffer2": 0.0, "OBJECTID_2": 0, "OBJECTID_3": 0, "COUNT": 0.0, "AREA": 0.0, "MIN": 0.0, "MAX": 0.0, "RANGE": 0.0, "MEAN": 0.0, "STD": 0.0, "SUM": 0.0, "MEDIAN": 0.0, "PCT90": 0.0, "Nor": 0.0, "Shape_Le_1": 4000.0, "Shape_Ar_1": 1000000.0 }, "geometry": { "type": "Polygon", "coordinates": [ [ [ 73.24595064863621, 22.569719085959903 ], [ 73.236227959942667, 22.569612661073595 ], [ 73.236113021290237, 22.578642288956022 ], [ 73.24583634278207, 22.578748761010175 ], [ 73.24595064863621, 22.569719085959903 ] ] ] } },
{ "type": "Feature", "properties": { "FeatureID": "339", "HA_Area": 100.0, "OBJECTID_1": 1857, "ORIG_FID": 1858, "railway_bu": 2501.0, "Shape_Leng": 4000.0, "Shape_Area": 1000000.0, "buffer2": 0.0, "OBJECTID_2": 0, "OBJECTID_3": 0, "COUNT": 0.0, "AREA": 0.0, "MIN": 0.0, "MAX": 0.0, "RANGE": 0.0, "MEAN": 0.0, "STD": 0.0, "SUM": 0.0, "MEDIAN": 0.0, "PCT90": 0.0, "Nor": 0.0, "Shape_Le_1": 4000.0, "Shape_Ar_1": 1000000.0 }, "geometry": { "type": "Polygon", "coordinates": [ [ [ 73.166854403363402, 22.668172837690992 ], [ 73.166734365717332, 22.677202009778863 ], [ 73.176464251287342, 22.677313135981517 ], [ 73.17658365270772, 22.668283914835186 ], [ 73.166854403363402, 22.668172837690992 ] ] ] } },
{ "type": "Feature", "properties": { "FeatureID": "340", "HA_Area": 100.0, "OBJECTID_1": 1208, "ORIG_FID": 1209, "railway_bu": 2501.0, "Shape_Leng": 4000.0, "Shape_Area": 1000000.0, "buffer2": 0.0, "OBJECTID_2": 0, "OBJECTID_3": 0, "COUNT": 0.0, "AREA": 0.0, "MIN": 0.0, "MAX": 0.0, "RANGE": 0.0, "MEAN": 0.0, "STD": 0.0, "SUM": 0.0, "MEDIAN": 0.0, "PCT90": 0.0, "Nor": 0.0, "Shape_Le_1": 4000.0, "Shape_Ar_1": 1000000.0 }, "geometry": { "type": "Polygon", "coordinates": [ [ [ 73.187851425330535, 22.551012914206687 ], [ 73.178130357118945, 22.550903061267778 ], [ 73.178011742961274, 22.55993242213242 ], [ 73.187733443223422, 22.560042323788942 ], [ 73.187851425330535, 22.551012914206687 ] ] ] } },
{ "type": "Feature", "properties": { "FeatureID": "341", "HA_Area": 100.0, "OBJECTID_1": 1465, "ORIG_FID": 1466, "railway_bu": 2501.0, "Shape_Leng": 4000.0, "Shape_Area": 1000000.0, "buffer2": 0.0, "OBJECTID_2": 0, "OBJECTID_3": 0, "COUNT": 0.0, "AREA": 0.0, "MIN": 0.0, "MAX": 0.0, "RANGE": 0.0, "MEAN": 0.0, "STD": 0.0, "SUM": 0.0, "MEDIAN": 0.0, "PCT90": 0.0, "Nor": 0.0, "Shape_Le_1": 4000.0, "Shape_Ar_1": 1000000.0 }, "geometry": { "type": "Polygon", "coordinates": [ [ [ 73.245493075755476, 22.605837722 ], [ 73.255218355859569, 22.605943746918513 ], [ 73.255332202680549, 22.596914057026972 ], [ 73.245607556358692, 22.596808079033696 ], [ 73.245493075755476, 22.605837722 ] ] ] } },
{ "type": "Feature", "properties": { "FeatureID": "342", "HA_Area": 100.0, "OBJECTID_1": 1856, "ORIG_FID": 1857, "railway_bu": 2501.0, "Shape_Leng": 4000.0, "Shape_Area": 1000000.0, "buffer2": 0.0, "OBJECTID_2": 0, "OBJECTID_3": 0, "COUNT": 0.0, "AREA": 0.0, "MIN": 0.0, "MAX": 0.0, "RANGE": 0.0, "MEAN": 0.0, "STD": 0.0, "SUM": 0.0, "MEDIAN": 0.0, "PCT90": 0.0, "Nor": 0.0, "Shape_Le_1": 4000.0, "Shape_Ar_1": 1000000.0 }, "geometry": { "type": "Polygon", "coordinates": [ [ [ 73.166854403363402, 22.668172837690992 ], [ 73.157125215006943, 22.668061170165867 ], [ 73.157004541153015, 22.677090292934615 ], [ 73.166734365717332, 22.677202009778863 ], [ 73.166854403363402, 22.668172837690992 ] ] ] } },
{ "type": "Feature", "properties": { "FeatureID": "343", "HA_Area": 100.0, "OBJECTID_1": 1256, "ORIG_FID": 1257, "railway_bu": 2501.0, "Shape_Leng": 4000.0, "Shape_Area": 1000000.0, "buffer2": 0.0, "OBJECTID_2": 0, "OBJECTID_3": 0, "COUNT": 0.0, "AREA": 0.0, "MIN": 0.0, "MAX": 0.0, "RANGE": 0.0, "MEAN": 0.0, "STD": 0.0, "SUM": 0.0, "MEDIAN": 0.0, "PCT90": 0.0, "Nor": 0.0, "Shape_Le_1": 4000.0, "Shape_Ar_1": 1000000.0 }, "geometry": { "type": "Polygon", "coordinates": [ [ [ 73.168290103151932, 22.559821933205487 ], [ 73.158568524117371, 22.559710857023106 ], [ 73.158448584814693, 22.568740108932833 ], [ 73.168170796186516, 22.568851234359528 ], [ 73.168290103151932, 22.559821933205487 ] ] ] } },
{ "type": "Feature", "properties": { "FeatureID": "344", "HA_Area": 100.0, "OBJECTID_1": 1514, "ORIG_FID": 1515, "railway_bu": 2501.0, "Shape_Leng": 4000.0, "Shape_Area": 1000000.0, "buffer2": 0.0, "OBJECTID_2": 0, "OBJECTID_3": 0, "COUNT": 0.0, "AREA": 0.0, "MIN": 0.0, "MAX": 0.0, "RANGE": 0.0, "MEAN": 0.0, "STD": 0.0, "SUM": 0.0, "MEDIAN": 0.0, "PCT90": 0.0, "Nor": 0.0, "Shape_Le_1": 4000.0, "Shape_Ar_1": 1000000.0 }, "geometry": { "type": "Polygon", "coordinates": [ [ [ 73.245493075755476, 22.605837722 ], [ 73.235767853935059, 22.605731108406562 ], [ 73.235652680960456, 22.614760693479539 ], [ 73.245378536868628, 22.614867354264664 ], [ 73.245493075755476, 22.605837722 ] ] ] } },
{ "type": "Feature", "properties": { "FeatureID": "345", "HA_Area": 100.0, "OBJECTID_1": 1323, "ORIG_FID": 1324, "railway_bu": 2501.0, "Shape_Leng": 4000.0, "Shape_Area": 1000000.0, "buffer2": 0.0, "OBJECTID_2": 0, "OBJECTID_3": 0, "COUNT": 0.0, "AREA": 0.0, "MIN": 0.0, "MAX": 0.0, "RANGE": 0.0, "MEAN": 0.0, "STD": 0.0, "SUM": 0.0, "MEDIAN": 0.0, "PCT90": 0.0, "Nor": 0.0, "Shape_Le_1": 4000.0, "Shape_Ar_1": 1000000.0 }, "geometry": { "type": "Polygon", "coordinates": [ [ [ 73.33345742792838, 22.570650464738659 ], [ 73.323734226890892, 22.570549329060579 ], [ 73.323624984025713, 22.579579372079621 ], [ 73.333348818010734, 22.579680552581937 ], [ 73.33345742792838, 22.570650464738659 ] ] ] } },
{ "type": "Feature", "properties": { "FeatureID": "346", "HA_Area": 100.0, "OBJECTID_1": 1408, "ORIG_FID": 1409, "railway_bu": 2501.0, "Shape_Leng": 4000.0, "Shape_Area": 1000000.0, "buffer2": 0.0, "OBJECTID_2": 0, "OBJECTID_3": 0, "COUNT": 0.0, "AREA": 0.0, "MIN": 0.0, "MAX": 0.0, "RANGE": 0.0, "MEAN": 0.0, "STD": 0.0, "SUM": 0.0, "MEDIAN": 0.0, "PCT90": 0.0, "Nor": 0.0, "Shape_Le_1": 4000.0, "Shape_Ar_1": 1000000.0 }, "geometry": { "type": "Polygon", "coordinates": [ [ [ 73.187379136046971, 22.587130488199229 ], [ 73.177655537700943, 22.587020440352987 ], [ 73.177536681626364, 22.596049758290384 ], [ 73.187260913311391, 22.596159854878842 ], [ 73.187379136046971, 22.587130488199229 ] ] ] } },
{ "type": "Feature", "properties": { "FeatureID": "347", "HA_Area": 100.0, "OBJECTID_1": 1664, "ORIG_FID": 1665, "railway_bu": 2501.0, "Shape_Leng": 4000.0, "Shape_Area": 1000000.0, "buffer2": 0.0, "OBJECTID_2": 0, "OBJECTID_3": 0, "COUNT": 0.0, "AREA": 0.0, "MIN": 0.0, "MAX": 0.0, "RANGE": 0.0, "MEAN": 0.0, "STD": 0.0, "SUM": 0.0, "MEDIAN": 0.0, "PCT90": 0.0, "Nor": 0.0, "Shape_Le_1": 4000.0, "Shape_Ar_1": 1000000.0 }, "geometry": { "type": "Polygon", "coordinates": [ [ [ 73.245149284175923, 22.632926586675261 ], [ 73.235422159124383, 22.63281983148886 ], [ 73.235306810228678, 22.641849384418258 ], [ 73.24503457033606, 22.641956186814262 ], [ 73.245149284175923, 22.632926586675261 ] ] ] } },
{ "type": "Feature", "properties": { "FeatureID": "348", "HA_Area": 100.0, "OBJECTID_1": 1012, "ORIG_FID": 1013, "railway_bu": 1774.95, "Shape_Leng": 4000.0, "Shape_Area": 1000000.0, "buffer2": 0.0, "OBJECTID_2": 0, "OBJECTID_3": 0, "COUNT": 0.0, "AREA": 0.0, "MIN": 0.0, "MAX": 0.0, "RANGE": 0.0, "MEAN": 0.0, "STD": 0.0, "SUM": 0.0, "MEDIAN": 0.0, "PCT90": 0.0, "Nor": 0.0, "Shape_Le_1": 4000.0, "Shape_Ar_1": 1000000.0 }, "geometry": { "type": "Polygon", "coordinates": [ [ [ 73.227197522928151, 22.515327941272652 ], [ 73.217478741456233, 22.515220627168311 ], [ 73.217362892092964, 22.524250224115573 ], [ 73.227082304397754, 22.524357585872426 ], [ 73.227197522928151, 22.515327941272652 ] ] ] } },
{ "type": "Feature", "properties": { "FeatureID": "349", "HA_Area": 100.0, "OBJECTID_1": 1969, "ORIG_FID": 1970, "railway_bu": 2501.0, "Shape_Leng": 4000.0, "Shape_Area": 1000000.0, "buffer2": 0.0, "OBJECTID_2": 0, "OBJECTID_3": 0, "COUNT": 0.0, "AREA": 0.0, "MIN": 0.0, "MAX": 0.0, "RANGE": 0.0, "MEAN": 0.0, "STD": 0.0, "SUM": 0.0, "MEDIAN": 0.0, "PCT90": 0.0, "Nor": 0.0, "Shape_Le_1": 4000.0, "Shape_Ar_1": 1000000.0 }, "geometry": { "type": "Polygon", "coordinates": [ [ [ 73.293115696765724, 22.687630353779646 ], [ 73.283384467582621, 22.687526270492349 ], [ 73.283271951524526, 22.696555992660304 ], [ 73.293003817786683, 22.696660121889067 ], [ 73.293115696765724, 22.687630353779646 ] ] ] } },
{ "type": "Feature", "properties": { "FeatureID": "350", "HA_Area": 100.0, "OBJECTID_1": 1073, "ORIG_FID": 1074, "railway_bu": 2071.06, "Shape_Leng": 4000.0, "Shape_Area": 1000000.0, "buffer2": 0.0, "OBJECTID_2": 175, "OBJECTID_3": 1073, "COUNT": 3005.0, "AREA": 300500.0, "MIN": 1941.64880371, "MAX": 2500.0, "RANGE": 558.35119628899997, "MEAN": 2308.9700208700001, "STD": 134.20710735500001, "SUM": 6938454.9127200004, "MEDIAN": 2331.7375488299999, "PCT90": 2470.05673828, "Nor": 0.076411991651299999, "Shape_Le_1": 4000.0, "Shape_Ar_1": 1000000.0 }, "geometry": { "type": "Polygon", "coordinates": [ [ [ 73.333999648096636, 22.525499866057121 ], [ 73.324279606965291, 22.525398954415451 ], [ 73.324170642130014, 22.534429050606285 ], [ 73.333891314598688, 22.534530007043944 ], [ 73.333999648096636, 22.525499866057121 ] ] ] } },
{ "type": "Feature", "properties": { "FeatureID": "351", "HA_Area": 100.0, "OBJECTID_1": 1666, "ORIG_FID": 1667, "railway_bu": 2501.0, "Shape_Leng": 4000.0, "Shape_Area": 1000000.0, "buffer2": 0.0, "OBJECTID_2": 0, "OBJECTID_3": 0, "COUNT": 0.0, "AREA": 0.0, "MIN": 0.0, "MAX": 0.0, "RANGE": 0.0, "MEAN": 0.0, "STD": 0.0, "SUM": 0.0, "MEDIAN": 0.0, "PCT90": 0.0, "Nor": 0.0, "Shape_Le_1": 4000.0, "Shape_Ar_1": 1000000.0 }, "geometry": { "type": "Polygon", "coordinates": [ [ [ 73.264603708960294, 22.633138328664149 ], [ 73.25487646756217, 22.633032752405153 ], [ 73.254762388795143, 22.642062399493156 ], [ 73.264490265283058, 22.642168022440554 ], [ 73.264603708960294, 22.633138328664149 ] ] ] } },
{ "type": "Feature", "properties": { "FeatureID": "352", "HA_Area": 100.0, "OBJECTID_1": 1413, "ORIG_FID": 1414, "railway_bu": 2306.53, "Shape_Leng": 4000.0, "Shape_Area": 1000000.0, "buffer2": 0.0, "OBJECTID_2": 0, "OBJECTID_3": 0, "COUNT": 0.0, "AREA": 0.0, "MIN": 0.0, "MAX": 0.0, "RANGE": 0.0, "MEAN": 0.0, "STD": 0.0, "SUM": 0.0, "MEDIAN": 0.0, "PCT90": 0.0, "Nor": 0.0, "Shape_Le_1": 4000.0, "Shape_Ar_1": 1000000.0 }, "geometry": { "type": "Polygon", "coordinates": [ [ [ 73.235998024082875, 22.587671906141324 ], [ 73.22627412804249, 22.587564798773794 ], [ 73.226158438837359, 22.596594357818283 ], [ 73.2358829683035, 22.596701512625994 ], [ 73.235998024082875, 22.587671906141324 ] ] ] } },
{ "type": "Feature", "properties": { "FeatureID": "353", "HA_Area": 100.0, "OBJECTID_1": 1774, "ORIG_FID": 1775, "railway_bu": 2088.51, "Shape_Leng": 4000.0, "Shape_Area": 1000000.0, "buffer2": 0.0, "OBJECTID_2": 0, "OBJECTID_3": 0, "COUNT": 0.0, "AREA": 0.0, "MIN": 0.0, "MAX": 0.0, "RANGE": 0.0, "MEAN": 0.0, "STD": 0.0, "SUM": 0.0, "MEDIAN": 0.0, "PCT90": 0.0, "Nor": 0.0, "Shape_Le_1": 4000.0, "Shape_Ar_1": 1000000.0 }, "geometry": { "type": "Polygon", "coordinates": [ [ [ 73.342206909991503, 22.652021821228491 ], [ 73.332477945353304, 22.651920872032658 ], [ 73.332368836864177, 22.660950864000384 ], [ 73.342098437370367, 22.66105185781079 ], [ 73.342206909991503, 22.652021821228491 ] ] ] } },
{ "type": "Feature", "properties": { "FeatureID": "354", "HA_Area": 100.0, "OBJECTID_1": 1555, "ORIG_FID": 1556, "railway_bu": 2501.0, "Shape_Leng": 4000.0, "Shape_Area": 1000000.0, "buffer2": 0.0, "OBJECTID_2": 0, "OBJECTID_3": 0, "COUNT": 0.0, "AREA": 0.0, "MIN": 0.0, "MAX": 0.0, "RANGE": 0.0, "MEAN": 0.0, "STD": 0.0, "SUM": 0.0, "MEDIAN": 0.0, "PCT90": 0.0, "Nor": 0.0, "Shape_Le_1": 4000.0, "Shape_Ar_1": 1000000.0 }, "geometry": { "type": "Polygon", "coordinates": [ [ [ 73.15784797122771, 22.613886207274433 ], [ 73.148122654540856, 22.613774246730351 ], [ 73.148001714030983, 22.622803384590583 ], [ 73.157727664970835, 22.622915394676781 ], [ 73.15784797122771, 22.613886207274433 ] ] ] } },
{ "type": "Feature", "properties": { "FeatureID": "355", "HA_Area": 100.0, "OBJECTID_1": 1270, "ORIG_FID": 1271, "railway_bu": 2501.0, "Shape_Leng": 4000.0, "Shape_Area": 1000000.0, "buffer2": 0.0, "OBJECTID_2": 0, "OBJECTID_3": 0, "COUNT": 0.0, "AREA": 0.0, "MIN": 0.0, "MAX": 0.0, "RANGE": 0.0, "MEAN": 0.0, "STD": 0.0, "SUM": 0.0, "MEDIAN": 0.0, "PCT90": 0.0, "Nor": 0.0, "Shape_Le_1": 4000.0, "Shape_Ar_1": 1000000.0 }, "geometry": { "type": "Polygon", "coordinates": [ [ [ 73.304398444481933, 22.561315331239328 ], [ 73.294676043902555, 22.561212477965476 ], [ 73.294564958897368, 22.570242395607686 ], [ 73.304287992053176, 22.570345294481285 ], [ 73.304398444481933, 22.561315331239328 ] ] ] } },
{ "type": "Feature", "properties": { "FeatureID": "356", "HA_Area": 100.0, "OBJECTID_1": 1161, "ORIG_FID": 1162, "railway_bu": 1175.98, "Shape_Leng": 4000.0, "Shape_Area": 1000000.0, "buffer2": 0.0, "OBJECTID_2": 0, "OBJECTID_3": 0, "COUNT": 0.0, "AREA": 0.0, "MIN": 0.0, "MAX": 0.0, "RANGE": 0.0, "MEAN": 0.0, "STD": 0.0, "SUM": 0.0, "MEDIAN": 0.0, "PCT90": 0.0, "Nor": 0.0, "Shape_Le_1": 4000.0, "Shape_Ar_1": 1000000.0 }, "geometry": { "type": "Polygon", "coordinates": [ [ [ 73.217131016060947, 22.542309385942005 ], [ 73.207410400255839, 22.542201342053229 ], [ 73.207293741771849, 22.551230858994646 ], [ 73.217014989357835, 22.551338950814191 ], [ 73.217131016060947, 22.542309385942005 ] ] ] } },
{ "type": "Feature", "properties": { "FeatureID": "357", "HA_Area": 100.0, "OBJECTID_1": 1722, "ORIG_FID": 1723, "railway_bu": 2501.0, "Shape_Leng": 4000.0, "Shape_Area": 1000000.0, "buffer2": 0.0, "OBJECTID_2": 0, "OBJECTID_3": 0, "COUNT": 0.0, "AREA": 0.0, "MIN": 0.0, "MAX": 0.0, "RANGE": 0.0, "MEAN": 0.0, "STD": 0.0, "SUM": 0.0, "MEDIAN": 0.0, "PCT90": 0.0, "Nor": 0.0, "Shape_Le_1": 4000.0, "Shape_Ar_1": 1000000.0 }, "geometry": { "type": "Polygon", "coordinates": [ [ [ 73.322858724732967, 22.642789374967652 ], [ 73.313130506853312, 22.642687290706974 ], [ 73.31302018278457, 22.651717203341391 ], [ 73.322749036176646, 22.651819332732366 ], [ 73.322858724732967, 22.642789374967652 ] ] ] } },
{ "type": "Feature", "properties": { "FeatureID": "358", "HA_Area": 100.0, "OBJECTID_1": 1159, "ORIG_FID": 1160, "railway_bu": 2362.71, "Shape_Leng": 4000.0, "Shape_Area": 1000000.0, "buffer2": 0.0, "OBJECTID_2": 0, "OBJECTID_3": 0, "COUNT": 0.0, "AREA": 0.0, "MIN": 0.0, "MAX": 0.0, "RANGE": 0.0, "MEAN": 0.0, "STD": 0.0, "SUM": 0.0, "MEDIAN": 0.0, "PCT90": 0.0, "Nor": 0.0, "Shape_Le_1": 4000.0, "Shape_Ar_1": 1000000.0 }, "geometry": { "type": "Polygon", "coordinates": [ [ [ 73.197689843903021, 22.542092711370167 ], [ 73.187969347324284, 22.541983493907523 ], [ 73.187851425330535, 22.551012914206687 ], [ 73.197572553655462, 22.551122180120576 ], [ 73.197689843903021, 22.542092711370167 ] ] ] } },
{ "type": "Feature", "properties": { "FeatureID": "359", "HA_Area": 100.0, "OBJECTID_1": 1252, "ORIG_FID": 1253, "railway_bu": 2501.0, "Shape_Leng": 4000.0, "Shape_Area": 1000000.0, "buffer2": 0.0, "OBJECTID_2": 0, "OBJECTID_3": 0, "COUNT": 0.0, "AREA": 0.0, "MIN": 0.0, "MAX": 0.0, "RANGE": 0.0, "MEAN": 0.0, "STD": 0.0, "SUM": 0.0, "MEDIAN": 0.0, "PCT90": 0.0, "Nor": 0.0, "Shape_Le_1": 4000.0, "Shape_Ar_1": 1000000.0 }, "geometry": { "type": "Polygon", "coordinates": [ [ [ 73.129404154881641, 22.559374105094037 ], [ 73.119682822165444, 22.559260680041024 ], [ 73.119560353692577, 22.568289732370879 ], [ 73.129282318674299, 22.568403207709238 ], [ 73.129404154881641, 22.559374105094037 ] ] ] } },
{ "type": "Feature", "properties": { "FeatureID": "360", "HA_Area": 100.0, "OBJECTID_1": 1572, "ORIG_FID": 1573, "railway_bu": 1063.38, "Shape_Leng": 4000.0, "Shape_Area": 1000000.0, "buffer2": 0.0, "OBJECTID_2": 0, "OBJECTID_3": 0, "COUNT": 0.0, "AREA": 0.0, "MIN": 0.0, "MAX": 0.0, "RANGE": 0.0, "MEAN": 0.0, "STD": 0.0, "SUM": 0.0, "MEDIAN": 0.0, "PCT90": 0.0, "Nor": 0.0, "Shape_Le_1": 4000.0, "Shape_Ar_1": 1000000.0 }, "geometry": { "type": "Polygon", "coordinates": [ [ [ 73.323187455857209, 22.61569943767411 ], [ 73.313461142577424, 22.615597488770081 ], [ 73.313350986733369, 22.624627433417864 ], [ 73.323077934556977, 22.62472942743506 ], [ 73.323187455857209, 22.61569943767411 ] ] ] } },
{ "type": "Feature", "properties": { "FeatureID": "361", "HA_Area": 100.0, "OBJECTID_1": 1609, "ORIG_FID": 1610, "railway_bu": 2501.0, "Shape_Leng": 4000.0, "Shape_Area": 1000000.0, "buffer2": 0.0, "OBJECTID_2": 0, "OBJECTID_3": 0, "COUNT": 0.0, "AREA": 0.0, "MIN": 0.0, "MAX": 0.0, "RANGE": 0.0, "MEAN": 0.0, "STD": 0.0, "SUM": 0.0, "MEDIAN": 0.0, "PCT90": 0.0, "Nor": 0.0, "Shape_Le_1": 4000.0, "Shape_Ar_1": 1000000.0 }, "geometry": { "type": "Polygon", "coordinates": [ [ [ 73.196632077718803, 22.623357544241284 ], [ 73.186905883828729, 22.623247890497233 ], [ 73.186787420184018, 22.632277214218227 ], [ 73.196514248720575, 22.632386916468633 ], [ 73.196632077718803, 22.623357544241284 ] ] ] } },
{ "type": "Feature", "properties": { "FeatureID": "362", "HA_Area": 100.0, "OBJECTID_1": 1424, "ORIG_FID": 1425, "railway_bu": 2501.0, "Shape_Leng": 4000.0, "Shape_Area": 1000000.0, "buffer2": 0.0, "OBJECTID_2": 0, "OBJECTID_3": 0, "COUNT": 0.0, "AREA": 0.0, "MIN": 0.0, "MAX": 0.0, "RANGE": 0.0, "MEAN": 0.0, "STD": 0.0, "SUM": 0.0, "MEDIAN": 0.0, "PCT90": 0.0, "Nor": 0.0, "Shape_Le_1": 4000.0, "Shape_Ar_1": 1000000.0 }, "geometry": { "type": "Polygon", "coordinates": [ [ [ 73.342964675364087, 22.588811266838125 ], [ 73.333240152760851, 22.58871062978616 ], [ 73.333131432162617, 22.597740696347881 ], [ 73.342856588374246, 22.597841377974913 ], [ 73.342964675364087, 22.588811266838125 ] ] ] } },
{ "type": "Feature", "properties": { "FeatureID": "363", "HA_Area": 100.0, "OBJECTID_1": 1425, "ORIG_FID": 1426, "railway_bu": 2501.0, "Shape_Leng": 4000.0, "Shape_Area": 1000000.0, "buffer2": 0.0, "OBJECTID_2": 0, "OBJECTID_3": 0, "COUNT": 0.0, "AREA": 0.0, "MIN": 0.0, "MAX": 0.0, "RANGE": 0.0, "MEAN": 0.0, "STD": 0.0, "SUM": 0.0, "MEDIAN": 0.0, "PCT90": 0.0, "Nor": 0.0, "Shape_Le_1": 4000.0, "Shape_Ar_1": 1000000.0 }, "geometry": { "type": "Polygon", "coordinates": [ [ [ 73.342964675364087, 22.588811266838125 ], [ 73.342856588374246, 22.597841377974913 ], [ 73.35258179962787, 22.597941471047548 ], [ 73.352689252993258, 22.588911315596221 ], [ 73.342964675364087, 22.588811266838125 ] ] ] } },
{ "type": "Feature", "properties": { "FeatureID": "364", "HA_Area": 100.0, "OBJECTID_1": 1360, "ORIG_FID": 1361, "railway_bu": 2501.0, "Shape_Leng": 4000.0, "Shape_Area": 1000000.0, "buffer2": 0.0, "OBJECTID_2": 0, "OBJECTID_3": 0, "COUNT": 0.0, "AREA": 0.0, "MIN": 0.0, "MAX": 0.0, "RANGE": 0.0, "MEAN": 0.0, "STD": 0.0, "SUM": 0.0, "MEDIAN": 0.0, "PCT90": 0.0, "Nor": 0.0, "Shape_Le_1": 4000.0, "Shape_Ar_1": 1000000.0 }, "geometry": { "type": "Polygon", "coordinates": [ [ [ 73.20694340943318, 22.57831934557656 ], [ 73.197220324094317, 22.578210522092991 ], [ 73.197102794576423, 22.587239947979217 ], [ 73.206826512966984, 22.587348819678116 ], [ 73.20694340943318, 22.57831934557656 ] ] ] } },
{ "type": "Feature", "properties": { "FeatureID": "365", "HA_Area": 100.0, "OBJECTID_1": 1763, "ORIG_FID": 1764, "railway_bu": 2501.0, "Shape_Leng": 4000.0, "Shape_Area": 1000000.0, "buffer2": 0.0, "OBJECTID_2": 0, "OBJECTID_3": 0, "COUNT": 0.0, "AREA": 0.0, "MIN": 0.0, "MAX": 0.0, "RANGE": 0.0, "MEAN": 0.0, "STD": 0.0, "SUM": 0.0, "MEDIAN": 0.0, "PCT90": 0.0, "Nor": 0.0, "Shape_Le_1": 4000.0, "Shape_Ar_1": 1000000.0 }, "geometry": { "type": "Polygon", "coordinates": [ [ [ 73.225346963917502, 22.659800971051968 ], [ 73.235075936396356, 22.659908458109054 ], [ 73.235191402658387, 22.650878926626135 ], [ 73.225463065864076, 22.65077148705128 ], [ 73.225346963917502, 22.659800971051968 ] ] ] } },
{ "type": "Feature", "properties": { "FeatureID": "366", "HA_Area": 100.0, "OBJECTID_1": 1910, "ORIG_FID": 1911, "railway_bu": 2501.0, "Shape_Leng": 4000.0, "Shape_Area": 1000000.0, "buffer2": 0.0, "OBJECTID_2": 0, "OBJECTID_3": 0, "COUNT": 0.0, "AREA": 0.0, "MIN": 0.0, "MAX": 0.0, "RANGE": 0.0, "MEAN": 0.0, "STD": 0.0, "SUM": 0.0, "MEDIAN": 0.0, "PCT90": 0.0, "Nor": 0.0, "Shape_Le_1": 4000.0, "Shape_Ar_1": 1000000.0 }, "geometry": { "type": "Polygon", "coordinates": [ [ [ 73.205654270799741, 22.677642970589677 ], [ 73.195924204151737, 22.67753361640186 ], [ 73.195806015199736, 22.686562924123375 ], [ 73.205536718449579, 22.686672326593712 ], [ 73.205654270799741, 22.677642970589677 ] ] ] } },
{ "type": "Feature", "properties": { "FeatureID": "367", "HA_Area": 100.0, "OBJECTID_1": 1173, "ORIG_FID": 1174, "railway_bu": 2501.0, "Shape_Leng": 4000.0, "Shape_Area": 1000000.0, "buffer2": 0.0, "OBJECTID_2": 0, "OBJECTID_3": 0, "COUNT": 0.0, "AREA": 0.0, "MIN": 0.0, "MAX": 0.0, "RANGE": 0.0, "MEAN": 0.0, "STD": 0.0, "SUM": 0.0, "MEDIAN": 0.0, "PCT90": 0.0, "Nor": 0.0, "Shape_Le_1": 4000.0, "Shape_Ar_1": 1000000.0 }, "geometry": { "type": "Polygon", "coordinates": [ [ [ 73.333782925848965, 22.543560137408956 ], [ 73.3240616217211, 22.543459136169673 ], [ 73.323952545722392, 22.552489211102156 ], [ 73.333674481831395, 22.552590257148719 ], [ 73.333782925848965, 22.543560137408956 ] ] ] } },
{ "type": "Feature", "properties": { "FeatureID": "368", "HA_Area": 100.0, "OBJECTID_1": 1014, "ORIG_FID": 1015, "railway_bu": 489.493, "Shape_Leng": 4000.0, "Shape_Area": 1000000.0, "buffer2": 0.0, "OBJECTID_2": 0, "OBJECTID_3": 0, "COUNT": 0.0, "AREA": 0.0, "MIN": 0.0, "MAX": 0.0, "RANGE": 0.0, "MEAN": 0.0, "STD": 0.0, "SUM": 0.0, "MEDIAN": 0.0, "PCT90": 0.0, "Nor": 0.0, "Shape_Le_1": 4000.0, "Shape_Ar_1": 1000000.0 }, "geometry": { "type": "Polygon", "coordinates": [ [ [ 73.246635261822604, 22.515540811338262 ], [ 73.236916363157462, 22.51543466933412 ], [ 73.236801775477034, 22.524464361326238 ], [ 73.246521305009111, 22.52457055046256 ], [ 73.246635261822604, 22.515540811338262 ] ] ] } },
{ "type": "Feature", "properties": { "FeatureID": "369", "HA_Area": 100.0, "OBJECTID_1": 1157, "ORIG_FID": 1158, "railway_bu": 2501.0, "Shape_Leng": 4000.0, "Shape_Area": 1000000.0, "buffer2": 0.0, "OBJECTID_2": 0, "OBJECTID_3": 0, "COUNT": 0.0, "AREA": 0.0, "MIN": 0.0, "MAX": 0.0, "RANGE": 0.0, "MEAN": 0.0, "STD": 0.0, "SUM": 0.0, "MEDIAN": 0.0, "PCT90": 0.0, "Nor": 0.0, "Shape_Le_1": 4000.0, "Shape_Ar_1": 1000000.0 }, "geometry": { "type": "Polygon", "coordinates": [ [ [ 73.178248910841404, 22.541873689680077 ], [ 73.168528534776186, 22.541763298702698 ], [ 73.16840934934261, 22.550792621318703 ], [ 73.178130357118945, 22.550903061267778 ], [ 73.178248910841404, 22.541873689680077 ] ] ] } },
{ "type": "Feature", "properties": { "FeatureID": "370", "HA_Area": 100.0, "OBJECTID_1": 1671, "ORIG_FID": 1672, "railway_bu": 2471.34, "Shape_Leng": 4000.0, "Shape_Area": 1000000.0, "buffer2": 0.0, "OBJECTID_2": 0, "OBJECTID_3": 0, "COUNT": 0.0, "AREA": 0.0, "MIN": 0.0, "MAX": 0.0, "RANGE": 0.0, "MEAN": 0.0, "STD": 0.0, "SUM": 0.0, "MEDIAN": 0.0, "PCT90": 0.0, "Nor": 0.0, "Shape_Le_1": 4000.0, "Shape_Ar_1": 1000000.0 }, "geometry": { "type": "Polygon", "coordinates": [ [ [ 73.313240774830803, 22.633657367397973 ], [ 73.303513248215495, 22.63355473870638 ], [ 73.303402345064939, 22.642584616630138 ], [ 73.313130506853312, 22.642687290706974 ], [ 73.313240774830803, 22.633657367397973 ] ] ] } },
{ "type": "Feature", "properties": { "FeatureID": "371", "HA_Area": 100.0, "OBJECTID_1": 1966, "ORIG_FID": 1967, "railway_bu": 2501.0, "Shape_Leng": 4000.0, "Shape_Area": 1000000.0, "buffer2": 0.0, "OBJECTID_2": 0, "OBJECTID_3": 0, "COUNT": 0.0, "AREA": 0.0, "MIN": 0.0, "MAX": 0.0, "RANGE": 0.0, "MEAN": 0.0, "STD": 0.0, "SUM": 0.0, "MEDIAN": 0.0, "PCT90": 0.0, "Nor": 0.0, "Shape_Le_1": 4000.0, "Shape_Ar_1": 1000000.0 }, "geometry": { "type": "Polygon", "coordinates": [ [ [ 73.263922180970496, 22.687316330698437 ], [ 73.254191124188239, 22.687210474220269 ], [ 73.254076696993678, 22.696240056998864 ], [ 73.263808390804542, 22.696345960200965 ], [ 73.263922180970496, 22.687316330698437 ] ] ] } },
{ "type": "Feature", "properties": { "FeatureID": "372", "HA_Area": 100.0, "OBJECTID_1": 1205, "ORIG_FID": 1206, "railway_bu": 2501.0, "Shape_Leng": 4000.0, "Shape_Area": 1000000.0, "buffer2": 0.0, "OBJECTID_2": 0, "OBJECTID_3": 0, "COUNT": 0.0, "AREA": 0.0, "MIN": 0.0, "MAX": 0.0, "RANGE": 0.0, "MEAN": 0.0, "STD": 0.0, "SUM": 0.0, "MEDIAN": 0.0, "PCT90": 0.0, "Nor": 0.0, "Shape_Le_1": 4000.0, "Shape_Ar_1": 1000000.0 }, "geometry": { "type": "Polygon", "coordinates": [ [ [ 73.158688402323349, 22.550681594374435 ], [ 73.148967516383024, 22.550569980449982 ], [ 73.148847006179523, 22.559599193600313 ], [ 73.158568524117371, 22.559710857023106 ], [ 73.158688402323349, 22.550681594374435 ] ] ] } },
{ "type": "Feature", "properties": { "FeatureID": "373", "HA_Area": 100.0, "OBJECTID_1": 1565, "ORIG_FID": 1566, "railway_bu": 2501.0, "Shape_Leng": 4000.0, "Shape_Area": 1000000.0, "buffer2": 0.0, "OBJECTID_2": 0, "OBJECTID_3": 0, "COUNT": 0.0, "AREA": 0.0, "MIN": 0.0, "MAX": 0.0, "RANGE": 0.0, "MEAN": 0.0, "STD": 0.0, "SUM": 0.0, "MEDIAN": 0.0, "PCT90": 0.0, "Nor": 0.0, "Shape_Le_1": 4000.0, "Shape_Ar_1": 1000000.0 }, "geometry": { "type": "Polygon", "coordinates": [ [ [ 73.255104451077457, 22.614973426114368 ], [ 73.245378536868628, 22.614867354264664 ], [ 73.245263939681109, 22.623896975824241 ], [ 73.254990488317304, 22.624003094611073 ], [ 73.255104451077457, 22.614973426114368 ] ] ] } },
{ "type": "Feature", "properties": { "FeatureID": "374", "HA_Area": 100.0, "OBJECTID_1": 1711, "ORIG_FID": 1712, "railway_bu": 2501.0, "Shape_Leng": 4000.0, "Shape_Area": 1000000.0, "buffer2": 0.0, "OBJECTID_2": 0, "OBJECTID_3": 0, "COUNT": 0.0, "AREA": 0.0, "MIN": 0.0, "MAX": 0.0, "RANGE": 0.0, "MEAN": 0.0, "STD": 0.0, "SUM": 0.0, "MEDIAN": 0.0, "PCT90": 0.0, "Nor": 0.0, "Shape_Le_1": 4000.0, "Shape_Ar_1": 1000000.0 }, "geometry": { "type": "Polygon", "coordinates": [ [ [ 73.215851466360618, 22.641634010532883 ], [ 73.206123883245667, 22.641525439072691 ], [ 73.206006569642511, 22.650554838070093 ], [ 73.215734788084461, 22.650663457527724 ], [ 73.215851466360618, 22.641634010532883 ] ] ] } },
{ "type": "Feature", "properties": { "FeatureID": "375", "HA_Area": 100.0, "OBJECTID_1": 1217, "ORIG_FID": 1218, "railway_bu": 2485.01, "Shape_Leng": 4000.0, "Shape_Area": 1000000.0, "buffer2": 0.0, "OBJECTID_2": 0, "OBJECTID_3": 0, "COUNT": 0.0, "AREA": 0.0, "MIN": 0.0, "MAX": 0.0, "RANGE": 0.0, "MEAN": 0.0, "STD": 0.0, "SUM": 0.0, "MEDIAN": 0.0, "PCT90": 0.0, "Nor": 0.0, "Shape_Le_1": 4000.0, "Shape_Ar_1": 1000000.0 }, "geometry": { "type": "Polygon", "coordinates": [ [ [ 73.275343705707257, 22.551975172772497 ], [ 73.26562210806425, 22.551870603584629 ], [ 73.265509182983678, 22.560900393537789 ], [ 73.27523141283136, 22.561005009100665 ], [ 73.275343705707257, 22.551975172772497 ] ] ] } },
{ "type": "Feature", "properties": { "FeatureID": "376", "HA_Area": 100.0, "OBJECTID_1": 1665, "ORIG_FID": 1666, "railway_bu": 2501.0, "Shape_Leng": 4000.0, "Shape_Area": 1000000.0, "buffer2": 0.0, "OBJECTID_2": 0, "OBJECTID_3": 0, "COUNT": 0.0, "AREA": 0.0, "MIN": 0.0, "MAX": 0.0, "RANGE": 0.0, "MEAN": 0.0, "STD": 0.0, "SUM": 0.0, "MEDIAN": 0.0, "PCT90": 0.0, "Nor": 0.0, "Shape_Le_1": 4000.0, "Shape_Ar_1": 1000000.0 }, "geometry": { "type": "Polygon", "coordinates": [ [ [ 73.25487646756217, 22.633032752405153 ], [ 73.245149284175923, 22.632926586675261 ], [ 73.24503457033606, 22.641956186814262 ], [ 73.254762388795143, 22.642062399493156 ], [ 73.25487646756217, 22.633032752405153 ] ] ] } },
{ "type": "Feature", "properties": { "FeatureID": "377", "HA_Area": 100.0, "OBJECTID_1": 1218, "ORIG_FID": 1219, "railway_bu": 2501.0, "Shape_Leng": 4000.0, "Shape_Area": 1000000.0, "buffer2": 0.0, "OBJECTID_2": 0, "OBJECTID_3": 0, "COUNT": 0.0, "AREA": 0.0, "MIN": 0.0, "MAX": 0.0, "RANGE": 0.0, "MEAN": 0.0, "STD": 0.0, "SUM": 0.0, "MEDIAN": 0.0, "PCT90": 0.0, "Nor": 0.0, "Shape_Le_1": 4000.0, "Shape_Ar_1": 1000000.0 }, "geometry": { "type": "Polygon", "coordinates": [ [ [ 73.275343705707257, 22.551975172772497 ], [ 73.27523141283136, 22.561005009100665 ], [ 73.284953699911668, 22.561109037247924 ], [ 73.285065360566264, 22.552079154805078 ], [ 73.275343705707257, 22.551975172772497 ] ] ] } },
{ "type": "Feature", "properties": { "FeatureID": "378", "HA_Area": 100.0, "OBJECTID_1": 1551, "ORIG_FID": 1552, "railway_bu": 2501.0, "Shape_Leng": 4000.0, "Shape_Area": 1000000.0, "buffer2": 0.0, "OBJECTID_2": 0, "OBJECTID_3": 0, "COUNT": 0.0, "AREA": 0.0, "MIN": 0.0, "MAX": 0.0, "RANGE": 0.0, "MEAN": 0.0, "STD": 0.0, "SUM": 0.0, "MEDIAN": 0.0, "PCT90": 0.0, "Nor": 0.0, "Shape_Le_1": 4000.0, "Shape_Ar_1": 1000000.0 }, "geometry": { "type": "Polygon", "coordinates": [ [ [ 73.118947074926822, 22.613434832435061 ], [ 73.109222006279197, 22.613320516833358 ], [ 73.10909852893775, 22.622349453920609 ], [ 73.118824231766013, 22.622463820106212 ], [ 73.118947074926822, 22.613434832435061 ] ] ] } },
{ "type": "Feature", "properties": { "FeatureID": "379", "HA_Area": 100.0, "OBJECTID_1": 1124, "ORIG_FID": 1125, "railway_bu": 2480.53, "Shape_Leng": 4000.0, "Shape_Area": 1000000.0, "buffer2": 0.0, "OBJECTID_2": 185, "OBJECTID_3": 1124, "COUNT": 32.0, "AREA": 3200.0, "MIN": 2475.8837890599998, "MAX": 2499.2998046900002, "RANGE": 23.416015625, "MEAN": 2489.9088745099998, "STD": 6.8962350855399999, "SUM": 79677.0839844, "MEDIAN": 2490.6827392599998, "PCT90": 2498.0272949199998, "Nor": 0.0040364501953100004, "Shape_Le_1": 4000.0, "Shape_Ar_1": 1000000.0 }, "geometry": { "type": "Polygon", "coordinates": [ [ [ 73.333782925848965, 22.543560137408956 ], [ 73.343504285244677, 22.543660551670012 ], [ 73.343612042319137, 22.534630376763683 ], [ 73.333891314598688, 22.534530007043944 ], [ 73.333782925848965, 22.543560137408956 ] ] ] } },
{ "type": "Feature", "properties": { "FeatureID": "380", "HA_Area": 100.0, "OBJECTID_1": 1813, "ORIG_FID": 1814, "railway_bu": 2501.0, "Shape_Leng": 4000.0, "Shape_Area": 1000000.0, "buffer2": 0.0, "OBJECTID_2": 0, "OBJECTID_3": 0, "COUNT": 0.0, "AREA": 0.0, "MIN": 0.0, "MAX": 0.0, "RANGE": 0.0, "MEAN": 0.0, "STD": 0.0, "SUM": 0.0, "MEDIAN": 0.0, "PCT90": 0.0, "Nor": 0.0, "Shape_Le_1": 4000.0, "Shape_Ar_1": 1000000.0 }, "geometry": { "type": "Polygon", "coordinates": [ [ [ 73.235075936396356, 22.659908458109054 ], [ 73.225346963917502, 22.659800971051968 ], [ 73.225230802939009, 22.668830444318203 ], [ 73.234960411425433, 22.668937978863536 ], [ 73.235075936396356, 22.659908458109054 ] ] ] } },
{ "type": "Feature", "properties": { "FeatureID": "381", "HA_Area": 100.0, "OBJECTID_1": 1452, "ORIG_FID": 1453, "railway_bu": 2501.0, "Shape_Leng": 4000.0, "Shape_Area": 1000000.0, "buffer2": 0.0, "OBJECTID_2": 0, "OBJECTID_3": 0, "COUNT": 0.0, "AREA": 0.0, "MIN": 0.0, "MAX": 0.0, "RANGE": 0.0, "MEAN": 0.0, "STD": 0.0, "SUM": 0.0, "MEDIAN": 0.0, "PCT90": 0.0, "Nor": 0.0, "Shape_Le_1": 4000.0, "Shape_Ar_1": 1000000.0 }, "geometry": { "type": "Polygon", "coordinates": [ [ [ 73.128916437496812, 22.595490450972985 ], [ 73.119192573786151, 22.595376824740509 ], [ 73.119069855594134, 22.604405833978653 ], [ 73.128794352858833, 22.604519510521872 ], [ 73.128916437496812, 22.595490450972985 ] ] ] } },
{ "type": "Feature", "properties": { "FeatureID": "382", "HA_Area": 100.0, "OBJECTID_1": 1025, "ORIG_FID": 1026, "railway_bu": 1579.97, "Shape_Leng": 4000.0, "Shape_Area": 1000000.0, "buffer2": 0.0, "OBJECTID_2": 168, "OBJECTID_3": 1025, "COUNT": 10000.0, "AREA": 1000000.0, "MIN": 460.0, "MAX": 1618.9194335899999, "RANGE": 1158.9194335899999, "MEAN": 1025.02603155, "STD": 280.39549828100002, "SUM": 10250260.3155, "MEDIAN": 1025.9141845700001, "PCT90": 1404.31481934, "Nor": 0.58998958737999996, "Shape_Le_1": 4000.0, "Shape_Ar_1": 1000000.0 }, "geometry": { "type": "Polygon", "coordinates": [ [ [ 73.353546911927694, 22.516669689548813 ], [ 73.343827391694276, 22.516569995105868 ], [ 73.343719744463684, 22.525600191241143 ], [ 73.353439895744685, 22.525699929953948 ], [ 73.353546911927694, 22.516669689548813 ] ] ] } },
{ "type": "Feature", "properties": { "FeatureID": "383", "HA_Area": 100.0, "OBJECTID_1": 1055, "ORIG_FID": 1056, "railway_bu": 2501.0, "Shape_Leng": 4000.0, "Shape_Area": 1000000.0, "buffer2": 0.0, "OBJECTID_2": 0, "OBJECTID_3": 0, "COUNT": 0.0, "AREA": 0.0, "MIN": 0.0, "MAX": 0.0, "RANGE": 0.0, "MEAN": 0.0, "STD": 0.0, "SUM": 0.0, "MEDIAN": 0.0, "PCT90": 0.0, "Nor": 0.0, "Shape_Le_1": 4000.0, "Shape_Ar_1": 1000000.0 }, "geometry": { "type": "Polygon", "coordinates": [ [ [ 73.159047670538683, 22.523593742029867 ], [ 73.149328678660297, 22.523482276563012 ], [ 73.149208352605555, 22.53251152192782 ], [ 73.158927975516249, 22.532623036874298 ], [ 73.159047670538683, 22.523593742029867 ] ] ] } },
{ "type": "Feature", "properties": { "FeatureID": "384", "HA_Area": 100.0, "OBJECTID_1": 1301, "ORIG_FID": 1302, "railway_bu": 2501.0, "Shape_Leng": 4000.0, "Shape_Area": 1000000.0, "buffer2": 0.0, "OBJECTID_2": 0, "OBJECTID_3": 0, "COUNT": 0.0, "AREA": 0.0, "MIN": 0.0, "MAX": 0.0, "RANGE": 0.0, "MEAN": 0.0, "STD": 0.0, "SUM": 0.0, "MEDIAN": 0.0, "PCT90": 0.0, "Nor": 0.0, "Shape_Le_1": 4000.0, "Shape_Ar_1": 1000000.0 }, "geometry": { "type": "Polygon", "coordinates": [ [ [ 73.119560353692577, 22.568289732370879 ], [ 73.109838451113347, 22.568175669592808 ], [ 73.109715287668607, 22.577204660603069 ], [ 73.11943782281719, 22.577318773933097 ], [ 73.119560353692577, 22.568289732370879 ] ] ] } },
{ "type": "Feature", "properties": { "FeatureID": "385", "HA_Area": 100.0, "OBJECTID_1": 1071, "ORIG_FID": 1072, "railway_bu": 2501.0, "Shape_Leng": 4000.0, "Shape_Area": 1000000.0, "buffer2": 0.0, "OBJECTID_2": 0, "OBJECTID_3": 0, "COUNT": 0.0, "AREA": 0.0, "MIN": 0.0, "MAX": 0.0, "RANGE": 0.0, "MEAN": 0.0, "STD": 0.0, "SUM": 0.0, "MEDIAN": 0.0, "PCT90": 0.0, "Nor": 0.0, "Shape_Le_1": 4000.0, "Shape_Ar_1": 1000000.0 }, "geometry": { "type": "Polygon", "coordinates": [ [ [ 73.314559621391439, 22.525297456329799 ], [ 73.304839691696799, 22.525195371813886 ], [ 73.304729464235379, 22.534225377631966 ], [ 73.314450025234962, 22.534327507464379 ], [ 73.314559621391439, 22.525297456329799 ] ] ] } },
{ "type": "Feature", "properties": { "FeatureID": "386", "HA_Area": 100.0, "OBJECTID_1": 1209, "ORIG_FID": 1210, "railway_bu": 2286.74, "Shape_Leng": 4000.0, "Shape_Area": 1000000.0, "buffer2": 0.0, "OBJECTID_2": 0, "OBJECTID_3": 0, "COUNT": 0.0, "AREA": 0.0, "MIN": 0.0, "MAX": 0.0, "RANGE": 0.0, "MEAN": 0.0, "STD": 0.0, "SUM": 0.0, "MEDIAN": 0.0, "PCT90": 0.0, "Nor": 0.0, "Shape_Le_1": 4000.0, "Shape_Ar_1": 1000000.0 }, "geometry": { "type": "Polygon", "coordinates": [ [ [ 73.197572553655462, 22.551122180120576 ], [ 73.187851425330535, 22.551012914206687 ], [ 73.187733443223422, 22.560042323788942 ], [ 73.197455203616414, 22.560151638160182 ], [ 73.197572553655462, 22.551122180120576 ] ] ] } },
{ "type": "Feature", "properties": { "FeatureID": "387", "HA_Area": 100.0, "OBJECTID_1": 1562, "ORIG_FID": 1563, "railway_bu": 2501.0, "Shape_Leng": 4000.0, "Shape_Area": 1000000.0, "buffer2": 0.0, "OBJECTID_2": 0, "OBJECTID_3": 0, "COUNT": 0.0, "AREA": 0.0, "MIN": 0.0, "MAX": 0.0, "RANGE": 0.0, "MEAN": 0.0, "STD": 0.0, "SUM": 0.0, "MEDIAN": 0.0, "PCT90": 0.0, "Nor": 0.0, "Shape_Le_1": 4000.0, "Shape_Ar_1": 1000000.0 }, "geometry": { "type": "Polygon", "coordinates": [ [ [ 73.225926883675498, 22.61465344377347 ], [ 73.216201145336413, 22.614545605160966 ], [ 73.216084644969285, 22.623575084346012 ], [ 73.225811017684421, 22.623682970677216 ], [ 73.225926883675498, 22.61465344377347 ] ] ] } },
{ "type": "Feature", "properties": { "FeatureID": "388", "HA_Area": 100.0, "OBJECTID_1": 1324, "ORIG_FID": 1325, "railway_bu": 2501.0, "Shape_Leng": 4000.0, "Shape_Area": 1000000.0, "buffer2": 0.0, "OBJECTID_2": 0, "OBJECTID_3": 0, "COUNT": 0.0, "AREA": 0.0, "MIN": 0.0, "MAX": 0.0, "RANGE": 0.0, "MEAN": 0.0, "STD": 0.0, "SUM": 0.0, "MEDIAN": 0.0, "PCT90": 0.0, "Nor": 0.0, "Shape_Le_1": 4000.0, "Shape_Ar_1": 1000000.0 }, "geometry": { "type": "Polygon", "coordinates": [ [ [ 73.34318068428199, 22.570751012657389 ], [ 73.33345742792838, 22.570650464738659 ], [ 73.333348818010734, 22.579680552581937 ], [ 73.343072707327991, 22.579781145064473 ], [ 73.34318068428199, 22.570751012657389 ] ] ] } },
{ "type": "Feature", "properties": { "FeatureID": "389", "HA_Area": 100.0, "OBJECTID_1": 1318, "ORIG_FID": 1319, "railway_bu": 1391.8, "Shape_Leng": 4000.0, "Shape_Area": 1000000.0, "buffer2": 0.0, "OBJECTID_2": 0, "OBJECTID_3": 0, "COUNT": 0.0, "AREA": 0.0, "MIN": 0.0, "MAX": 0.0, "RANGE": 0.0, "MEAN": 0.0, "STD": 0.0, "SUM": 0.0, "MEDIAN": 0.0, "PCT90": 0.0, "Nor": 0.0, "Shape_Le_1": 4000.0, "Shape_Ar_1": 1000000.0 }, "geometry": { "type": "Polygon", "coordinates": [ [ [ 73.284841982346521, 22.570138909030007 ], [ 73.275119062722794, 22.570034834762254 ], [ 73.275006655364948, 22.579064649753796 ], [ 73.28473020785421, 22.579168770147863 ], [ 73.284841982346521, 22.570138909030007 ] ] ] } },
{ "type": "Feature", "properties": { "FeatureID": "390", "HA_Area": 100.0, "OBJECTID_1": 1806, "ORIG_FID": 1807, "railway_bu": 2501.0, "Shape_Leng": 4000.0, "Shape_Area": 1000000.0, "buffer2": 0.0, "OBJECTID_2": 0, "OBJECTID_3": 0, "COUNT": 0.0, "AREA": 0.0, "MIN": 0.0, "MAX": 0.0, "RANGE": 0.0, "MEAN": 0.0, "STD": 0.0, "SUM": 0.0, "MEDIAN": 0.0, "PCT90": 0.0, "Nor": 0.0, "Shape_Le_1": 4000.0, "Shape_Ar_1": 1000000.0 }, "geometry": { "type": "Polygon", "coordinates": [ [ [ 73.166974380021614, 22.659143654828341 ], [ 73.157245827549943, 22.659032036616086 ], [ 73.157125215006943, 22.668061170165867 ], [ 73.166854403363402, 22.668172837690992 ], [ 73.166974380021614, 22.659143654828341 ] ] ] } },
{ "type": "Feature", "properties": { "FeatureID": "391", "HA_Area": 100.0, "OBJECTID_1": 1959, "ORIG_FID": 1960, "railway_bu": 2501.0, "Shape_Leng": 4000.0, "Shape_Area": 1000000.0, "buffer2": 0.0, "OBJECTID_2": 0, "OBJECTID_3": 0, "COUNT": 0.0, "AREA": 0.0, "MIN": 0.0, "MAX": 0.0, "RANGE": 0.0, "MEAN": 0.0, "STD": 0.0, "SUM": 0.0, "MEDIAN": 0.0, "PCT90": 0.0, "Nor": 0.0, "Shape_Le_1": 4000.0, "Shape_Ar_1": 1000000.0 }, "geometry": { "type": "Polygon", "coordinates": [ [ [ 73.195806015199736, 22.686562924123375 ], [ 73.1860753720036, 22.686452930705769 ], [ 73.185956486090319, 22.695482179114695 ], [ 73.195687766194027, 22.695592221081711 ], [ 73.195806015199736, 22.686562924123375 ] ] ] } },
{ "type": "Feature", "properties": { "FeatureID": "392", "HA_Area": 100.0, "OBJECTID_1": 1111, "ORIG_FID": 1112, "railway_bu": 2052.26, "Shape_Leng": 4000.0, "Shape_Area": 1000000.0, "buffer2": 0.0, "OBJECTID_2": 0, "OBJECTID_3": 0, "COUNT": 0.0, "AREA": 0.0, "MIN": 0.0, "MAX": 0.0, "RANGE": 0.0, "MEAN": 0.0, "STD": 0.0, "SUM": 0.0, "MEDIAN": 0.0, "PCT90": 0.0, "Nor": 0.0, "Shape_Le_1": 4000.0, "Shape_Ar_1": 1000000.0 }, "geometry": { "type": "Polygon", "coordinates": [ [ [ 73.217246983633586, 22.533279810374637 ], [ 73.207526999287552, 22.533171814410586 ], [ 73.207410400255839, 22.542201342053229 ], [ 73.217131016060947, 22.542309385942005 ], [ 73.217246983633586, 22.533279810374637 ] ] ] } },
{ "type": "Feature", "properties": { "FeatureID": "393", "HA_Area": 100.0, "OBJECTID_1": 1354, "ORIG_FID": 1355, "railway_bu": 2501.0, "Shape_Leng": 4000.0, "Shape_Area": 1000000.0, "buffer2": 0.0, "OBJECTID_2": 0, "OBJECTID_3": 0, "COUNT": 0.0, "AREA": 0.0, "MIN": 0.0, "MAX": 0.0, "RANGE": 0.0, "MEAN": 0.0, "STD": 0.0, "SUM": 0.0, "MEDIAN": 0.0, "PCT90": 0.0, "Nor": 0.0, "Shape_Le_1": 4000.0, "Shape_Ar_1": 1000000.0 }, "geometry": { "type": "Polygon", "coordinates": [ [ [ 73.148605801498718, 22.577657587661893 ], [ 73.138883080054342, 22.577545237477835 ], [ 73.138761752595556, 22.586574368604659 ], [ 73.148485106985646, 22.586686768566121 ], [ 73.148605801498718, 22.577657587661893 ] ] ] } },
{ "type": "Feature", "properties": { "FeatureID": "394", "HA_Area": 100.0, "OBJECTID_1": 1210, "ORIG_FID": 1211, "railway_bu": 1582.29, "Shape_Leng": 4000.0, "Shape_Area": 1000000.0, "buffer2": 0.0, "OBJECTID_2": 0, "OBJECTID_3": 0, "COUNT": 0.0, "AREA": 0.0, "MIN": 0.0, "MAX": 0.0, "RANGE": 0.0, "MEAN": 0.0, "STD": 0.0, "SUM": 0.0, "MEDIAN": 0.0, "PCT90": 0.0, "Nor": 0.0, "Shape_Le_1": 4000.0, "Shape_Ar_1": 1000000.0 }, "geometry": { "type": "Polygon", "coordinates": [ [ [ 73.197572553655462, 22.551122180120576 ], [ 73.197455203616414, 22.560151638160182 ], [ 73.207177023818289, 22.560260365231333 ], [ 73.207293741771849, 22.551230858994646 ], [ 73.197572553655462, 22.551122180120576 ] ] ] } },
{ "type": "Feature", "properties": { "FeatureID": "395", "HA_Area": 100.0, "OBJECTID_1": 1773, "ORIG_FID": 1774, "railway_bu": 2443.16, "Shape_Leng": 4000.0, "Shape_Area": 1000000.0, "buffer2": 0.0, "OBJECTID_2": 0, "OBJECTID_3": 0, "COUNT": 0.0, "AREA": 0.0, "MIN": 0.0, "MAX": 0.0, "RANGE": 0.0, "MEAN": 0.0, "STD": 0.0, "SUM": 0.0, "MEDIAN": 0.0, "PCT90": 0.0, "Nor": 0.0, "Shape_Le_1": 4000.0, "Shape_Ar_1": 1000000.0 }, "geometry": { "type": "Polygon", "coordinates": [ [ [ 73.332477945353304, 22.651920872032658 ], [ 73.322749036176646, 22.651819332732366 ], [ 73.322639291835728, 22.660849279824792 ], [ 73.332368836864177, 22.660950864000384 ], [ 73.332477945353304, 22.651920872032658 ] ] ] } },
{ "type": "Feature", "properties": { "FeatureID": "396", "HA_Area": 100.0, "OBJECTID_1": 1051, "ORIG_FID": 1052, "railway_bu": 2501.0, "Shape_Leng": 4000.0, "Shape_Area": 1000000.0, "buffer2": 0.0, "OBJECTID_2": 0, "OBJECTID_3": 0, "COUNT": 0.0, "AREA": 0.0, "MIN": 0.0, "MAX": 0.0, "RANGE": 0.0, "MEAN": 0.0, "STD": 0.0, "SUM": 0.0, "MEDIAN": 0.0, "PCT90": 0.0, "Nor": 0.0, "Shape_Le_1": 4000.0, "Shape_Ar_1": 1000000.0 }, "geometry": { "type": "Polygon", "coordinates": [ [ [ 73.120172072394723, 22.523144363115701 ], [ 73.110453327834506, 22.523030553001821 ], [ 73.110330477829834, 22.532059597846871 ], [ 73.120049853350451, 22.532173458480859 ], [ 73.120172072394723, 22.523144363115701 ] ] ] } },
{ "type": "Feature", "properties": { "FeatureID": "397", "HA_Area": 100.0, "OBJECTID_1": 1463, "ORIG_FID": 1464, "railway_bu": 2501.0, "Shape_Leng": 4000.0, "Shape_Area": 1000000.0, "buffer2": 0.0, "OBJECTID_2": 0, "OBJECTID_3": 0, "COUNT": 0.0, "AREA": 0.0, "MIN": 0.0, "MAX": 0.0, "RANGE": 0.0, "MEAN": 0.0, "STD": 0.0, "SUM": 0.0, "MEDIAN": 0.0, "PCT90": 0.0, "Nor": 0.0, "Shape_Le_1": 4000.0, "Shape_Ar_1": 1000000.0 }, "geometry": { "type": "Polygon", "coordinates": [ [ [ 73.2358829683035, 22.596701512625994 ], [ 73.226158438837359, 22.596594357818283 ], [ 73.226042690720746, 22.605623906152665 ], [ 73.235767853935059, 22.605731108406562 ], [ 73.2358829683035, 22.596701512625994 ] ] ] } },
{ "type": "Feature", "properties": { "FeatureID": "398", "HA_Area": 100.0, "OBJECTID_1": 1661, "ORIG_FID": 1662, "railway_bu": 2501.0, "Shape_Leng": 4000.0, "Shape_Area": 1000000.0, "buffer2": 0.0, "OBJECTID_2": 0, "OBJECTID_3": 0, "COUNT": 0.0, "AREA": 0.0, "MIN": 0.0, "MAX": 0.0, "RANGE": 0.0, "MEAN": 0.0, "STD": 0.0, "SUM": 0.0, "MEDIAN": 0.0, "PCT90": 0.0, "Nor": 0.0, "Shape_Le_1": 4000.0, "Shape_Ar_1": 1000000.0 }, "geometry": { "type": "Polygon", "coordinates": [ [ [ 73.215968085316462, 22.632604552804469 ], [ 73.206241137205637, 22.632496029335641 ], [ 73.206123883245667, 22.641525439072691 ], [ 73.215851466360618, 22.641634010532883 ], [ 73.215968085316462, 22.632604552804469 ] ] ] } },
{ "type": "Feature", "properties": { "FeatureID": "399", "HA_Area": 100.0, "OBJECTID_1": 1769, "ORIG_FID": 1770, "railway_bu": 2501.0, "Shape_Leng": 4000.0, "Shape_Area": 1000000.0, "buffer2": 0.0, "OBJECTID_2": 0, "OBJECTID_3": 0, "COUNT": 0.0, "AREA": 0.0, "MIN": 0.0, "MAX": 0.0, "RANGE": 0.0, "MEAN": 0.0, "STD": 0.0, "SUM": 0.0, "MEDIAN": 0.0, "PCT90": 0.0, "Nor": 0.0, "Shape_Le_1": 4000.0, "Shape_Ar_1": 1000000.0 }, "geometry": { "type": "Polygon", "coordinates": [ [ [ 73.2837216729624, 22.660437039747112 ], [ 73.293450992848378, 22.660540985244975 ], [ 73.293562644646443, 22.651511174342787 ], [ 73.283833960546488, 22.651407274763091 ], [ 73.2837216729624, 22.660437039747112 ] ] ] } },
{ "type": "Feature", "properties": { "FeatureID": "400", "HA_Area": 100.0, "OBJECTID_1": 1960, "ORIG_FID": 1961, "railway_bu": 2501.0, "Shape_Leng": 4000.0, "Shape_Area": 1000000.0, "buffer2": 0.0, "OBJECTID_2": 0, "OBJECTID_3": 0, "COUNT": 0.0, "AREA": 0.0, "MIN": 0.0, "MAX": 0.0, "RANGE": 0.0, "MEAN": 0.0, "STD": 0.0, "SUM": 0.0, "MEDIAN": 0.0, "PCT90": 0.0, "Nor": 0.0, "Shape_Le_1": 4000.0, "Shape_Ar_1": 1000000.0 }, "geometry": { "type": "Polygon", "coordinates": [ [ [ 73.205536718449579, 22.686672326593712 ], [ 73.195806015199736, 22.686562924123375 ], [ 73.195687766194027, 22.695592221081711 ], [ 73.205419106368993, 22.695701671840709 ], [ 73.205536718449579, 22.686672326593712 ] ] ] } },
{ "type": "Feature", "properties": { "FeatureID": "401", "HA_Area": 100.0, "OBJECTID_1": 1819, "ORIG_FID": 1820, "railway_bu": 2501.0, "Shape_Leng": 4000.0, "Shape_Area": 1000000.0, "buffer2": 0.0, "OBJECTID_2": 0, "OBJECTID_3": 0, "COUNT": 0.0, "AREA": 0.0, "MIN": 0.0, "MAX": 0.0, "RANGE": 0.0, "MEAN": 0.0, "STD": 0.0, "SUM": 0.0, "MEDIAN": 0.0, "PCT90": 0.0, "Nor": 0.0, "Shape_Le_1": 4000.0, "Shape_Ar_1": 1000000.0 }, "geometry": { "type": "Polygon", "coordinates": [ [ [ 73.293450992848378, 22.660540985244975 ], [ 73.2837216729624, 22.660437039747112 ], [ 73.283609328284854, 22.669466794032303 ], [ 73.293339284279952, 22.669570785454155 ], [ 73.293450992848378, 22.660540985244975 ] ] ] } },
{ "type": "Feature", "properties": { "FeatureID": "402", "HA_Area": 100.0, "OBJECTID_1": 1101, "ORIG_FID": 1102, "railway_bu": 2501.0, "Shape_Leng": 4000.0, "Shape_Area": 1000000.0, "buffer2": 0.0, "OBJECTID_2": 0, "OBJECTID_3": 0, "COUNT": 0.0, "AREA": 0.0, "MIN": 0.0, "MAX": 0.0, "RANGE": 0.0, "MEAN": 0.0, "STD": 0.0, "SUM": 0.0, "MEDIAN": 0.0, "PCT90": 0.0, "Nor": 0.0, "Shape_Le_1": 4000.0, "Shape_Ar_1": 1000000.0 }, "geometry": { "type": "Polygon", "coordinates": [ [ [ 73.120049853350451, 22.532173458480859 ], [ 73.110330477829834, 22.532059597846871 ], [ 73.110207565173596, 22.54108863193203 ], [ 73.119927571976234, 22.541202543092481 ], [ 73.120049853350451, 22.532173458480859 ] ] ] } },
{ "type": "Feature", "properties": { "FeatureID": "403", "HA_Area": 100.0, "OBJECTID_1": 1352, "ORIG_FID": 1353, "railway_bu": 2501.0, "Shape_Leng": 4000.0, "Shape_Area": 1000000.0, "buffer2": 0.0, "OBJECTID_2": 0, "OBJECTID_3": 0, "COUNT": 0.0, "AREA": 0.0, "MIN": 0.0, "MAX": 0.0, "RANGE": 0.0, "MEAN": 0.0, "STD": 0.0, "SUM": 0.0, "MEDIAN": 0.0, "PCT90": 0.0, "Nor": 0.0, "Shape_Le_1": 4000.0, "Shape_Ar_1": 1000000.0 }, "geometry": { "type": "Polygon", "coordinates": [ [ [ 73.129160420386455, 22.577432299563139 ], [ 73.11943782281719, 22.577318773933097 ], [ 73.119315229521106, 22.586347804724149 ], [ 73.12903846, 22.586461380652235 ], [ 73.129160420386455, 22.577432299563139 ] ] ] } },
{ "type": "Feature", "properties": { "FeatureID": "404", "HA_Area": 100.0, "OBJECTID_1": 1417, "ORIG_FID": 1418, "railway_bu": 1070.13, "Shape_Leng": 4000.0, "Shape_Area": 1000000.0, "buffer2": 0.0, "OBJECTID_2": 0, "OBJECTID_3": 0, "COUNT": 0.0, "AREA": 0.0, "MIN": 0.0, "MAX": 0.0, "RANGE": 0.0, "MEAN": 0.0, "STD": 0.0, "SUM": 0.0, "MEDIAN": 0.0, "PCT90": 0.0, "Nor": 0.0, "Shape_Le_1": 4000.0, "Shape_Ar_1": 1000000.0 }, "geometry": { "type": "Polygon", "coordinates": [ [ [ 73.27489419074108, 22.588094454071832 ], [ 73.265170062346655, 22.587989699348835 ], [ 73.265056906946626, 22.59701944659146 ], [ 73.274781668834535, 22.597124247712884 ], [ 73.27489419074108, 22.588094454071832 ] ] ] } },
{ "type": "Feature", "properties": { "FeatureID": "405", "HA_Area": 100.0, "OBJECTID_1": 1912, "ORIG_FID": 1913, "railway_bu": 2501.0, "Shape_Leng": 4000.0, "Shape_Area": 1000000.0, "buffer2": 0.0, "OBJECTID_2": 0, "OBJECTID_3": 0, "COUNT": 0.0, "AREA": 0.0, "MIN": 0.0, "MAX": 0.0, "RANGE": 0.0, "MEAN": 0.0, "STD": 0.0, "SUM": 0.0, "MEDIAN": 0.0, "PCT90": 0.0, "Nor": 0.0, "Shape_Le_1": 4000.0, "Shape_Ar_1": 1000000.0 }, "geometry": { "type": "Polygon", "coordinates": [ [ [ 73.215267481429805, 22.68678113810196 ], [ 73.224998303817102, 22.686889358633369 ], [ 73.225114582911303, 22.677859906846493 ], [ 73.215384397160662, 22.677751734076136 ], [ 73.215267481429805, 22.68678113810196 ] ] ] } },
{ "type": "Feature", "properties": { "FeatureID": "406", "HA_Area": 100.0, "OBJECTID_1": 1364, "ORIG_FID": 1365, "railway_bu": 1307.6, "Shape_Leng": 4000.0, "Shape_Area": 1000000.0, "buffer2": 0.0, "OBJECTID_2": 0, "OBJECTID_3": 0, "COUNT": 0.0, "AREA": 0.0, "MIN": 0.0, "MAX": 0.0, "RANGE": 0.0, "MEAN": 0.0, "STD": 0.0, "SUM": 0.0, "MEDIAN": 0.0, "PCT90": 0.0, "Nor": 0.0, "Shape_Le_1": 4000.0, "Shape_Ar_1": 1000000.0 }, "geometry": { "type": "Polygon", "coordinates": [ [ [ 73.24583634278207, 22.578748761010175 ], [ 73.236113021290237, 22.578642288956022 ], [ 73.235998024082875, 22.587671906141324 ], [ 73.245721978695229, 22.587778425369272 ], [ 73.24583634278207, 22.578748761010175 ] ] ] } },
{ "type": "Feature", "properties": { "FeatureID": "407", "HA_Area": 100.0, "OBJECTID_1": 1755, "ORIG_FID": 1756, "railway_bu": 2501.0, "Shape_Leng": 4000.0, "Shape_Area": 1000000.0, "buffer2": 0.0, "OBJECTID_2": 0, "OBJECTID_3": 0, "COUNT": 0.0, "AREA": 0.0, "MIN": 0.0, "MAX": 0.0, "RANGE": 0.0, "MEAN": 0.0, "STD": 0.0, "SUM": 0.0, "MEDIAN": 0.0, "PCT90": 0.0, "Nor": 0.0, "Shape_Le_1": 4000.0, "Shape_Ar_1": 1000000.0 }, "geometry": { "type": "Polygon", "coordinates": [ [ [ 73.157366378799935, 22.650002892288793 ], [ 73.147638523165185, 22.649890733538601 ], [ 73.14751733637128, 22.658919828298671 ], [ 73.157245827549943, 22.659032036616086 ], [ 73.157366378799935, 22.650002892288793 ] ] ] } },
{ "type": "Feature", "properties": { "FeatureID": "408", "HA_Area": 100.0, "OBJECTID_1": 1069, "ORIG_FID": 1070, "railway_bu": 2501.0, "Shape_Leng": 4000.0, "Shape_Area": 1000000.0, "buffer2": 0.0, "OBJECTID_2": 0, "OBJECTID_3": 0, "COUNT": 0.0, "AREA": 0.0, "MIN": 0.0, "MAX": 0.0, "RANGE": 0.0, "MEAN": 0.0, "STD": 0.0, "SUM": 0.0, "MEDIAN": 0.0, "PCT90": 0.0, "Nor": 0.0, "Shape_Le_1": 4000.0, "Shape_Ar_1": 1000000.0 }, "geometry": { "type": "Polygon", "coordinates": [ [ [ 73.295119818203105, 22.525092700881551 ], [ 73.285400001232105, 22.52498944354668 ], [ 73.285288511209927, 22.534019357950992 ], [ 73.295008959453099, 22.534122661122865 ], [ 73.295119818203105, 22.525092700881551 ] ] ] } },
{ "type": "Feature", "properties": { "FeatureID": "409", "HA_Area": 100.0, "OBJECTID_1": 1651, "ORIG_FID": 1652, "railway_bu": 2501.0, "Shape_Leng": 4000.0, "Shape_Area": 1000000.0, "buffer2": 0.0, "OBJECTID_2": 0, "OBJECTID_3": 0, "COUNT": 0.0, "AREA": 0.0, "MIN": 0.0, "MAX": 0.0, "RANGE": 0.0, "MEAN": 0.0, "STD": 0.0, "SUM": 0.0, "MEDIAN": 0.0, "PCT90": 0.0, "Nor": 0.0, "Shape_Le_1": 4000.0, "Shape_Ar_1": 1000000.0 }, "geometry": { "type": "Polygon", "coordinates": [ [ [ 73.118701326093472, 22.631492796988585 ], [ 73.108974988762029, 22.631378380212677 ], [ 73.108851385733701, 22.640407295706062 ], [ 73.118578357890925, 22.640521763078674 ], [ 73.118701326093472, 22.631492796988585 ] ] ] } },
{ "type": "Feature", "properties": { "FeatureID": "410", "HA_Area": 100.0, "OBJECTID_1": 1013, "ORIG_FID": 1014, "railway_bu": 827.958, "Shape_Leng": 4000.0, "Shape_Area": 1000000.0, "buffer2": 0.0, "OBJECTID_2": 0, "OBJECTID_3": 0, "COUNT": 0.0, "AREA": 0.0, "MIN": 0.0, "MAX": 0.0, "RANGE": 0.0, "MEAN": 0.0, "STD": 0.0, "SUM": 0.0, "MEDIAN": 0.0, "PCT90": 0.0, "Nor": 0.0, "Shape_Le_1": 4000.0, "Shape_Ar_1": 1000000.0 }, "geometry": { "type": "Polygon", "coordinates": [ [ [ 73.236916363157462, 22.51543466933412 ], [ 73.227197522928151, 22.515327941272652 ], [ 73.227082304397754, 22.524357585872426 ], [ 73.236801775477034, 22.524464361326238 ], [ 73.236916363157462, 22.51543466933412 ] ] ] } },
{ "type": "Feature", "properties": { "FeatureID": "411", "HA_Area": 100.0, "OBJECTID_1": 1464, "ORIG_FID": 1465, "railway_bu": 2501.0, "Shape_Leng": 4000.0, "Shape_Area": 1000000.0, "buffer2": 0.0, "OBJECTID_2": 0, "OBJECTID_3": 0, "COUNT": 0.0, "AREA": 0.0, "MIN": 0.0, "MAX": 0.0, "RANGE": 0.0, "MEAN": 0.0, "STD": 0.0, "SUM": 0.0, "MEDIAN": 0.0, "PCT90": 0.0, "Nor": 0.0, "Shape_Le_1": 4000.0, "Shape_Ar_1": 1000000.0 }, "geometry": { "type": "Polygon", "coordinates": [ [ [ 73.245607556358692, 22.596808079033696 ], [ 73.2358829683035, 22.596701512625994 ], [ 73.235767853935059, 22.605731108406562 ], [ 73.245493075755476, 22.605837722 ], [ 73.245607556358692, 22.596808079033696 ] ] ] } },
{ "type": "Feature", "properties": { "FeatureID": "412", "HA_Area": 100.0, "OBJECTID_1": 1867, "ORIG_FID": 1868, "railway_bu": 2501.0, "Shape_Leng": 4000.0, "Shape_Area": 1000000.0, "buffer2": 0.0, "OBJECTID_2": 0, "OBJECTID_3": 0, "COUNT": 0.0, "AREA": 0.0, "MIN": 0.0, "MAX": 0.0, "RANGE": 0.0, "MEAN": 0.0, "STD": 0.0, "SUM": 0.0, "MEDIAN": 0.0, "PCT90": 0.0, "Nor": 0.0, "Shape_Le_1": 4000.0, "Shape_Ar_1": 1000000.0 }, "geometry": { "type": "Polygon", "coordinates": [ [ [ 73.273879429399884, 22.669362212054182 ], [ 73.264149587948282, 22.669257039533946 ], [ 73.264035913346106, 22.678286690474945 ], [ 73.27376639119656, 22.678391909446507 ], [ 73.273879429399884, 22.669362212054182 ] ] ] } },
{ "type": "Feature", "properties": { "FeatureID": "413", "HA_Area": 100.0, "OBJECTID_1": 1652, "ORIG_FID": 1653, "railway_bu": 2501.0, "Shape_Leng": 4000.0, "Shape_Area": 1000000.0, "buffer2": 0.0, "OBJECTID_2": 0, "OBJECTID_3": 0, "COUNT": 0.0, "AREA": 0.0, "MIN": 0.0, "MAX": 0.0, "RANGE": 0.0, "MEAN": 0.0, "STD": 0.0, "SUM": 0.0, "MEDIAN": 0.0, "PCT90": 0.0, "Nor": 0.0, "Shape_Le_1": 4000.0, "Shape_Ar_1": 1000000.0 }, "geometry": { "type": "Polygon", "coordinates": [ [ [ 73.118701326093472, 22.631492796988585 ], [ 73.118578357890925, 22.640521763078674 ], [ 73.128305392596417, 22.640635640928508 ], [ 73.128427725954879, 22.631606624502218 ], [ 73.118701326093472, 22.631492796988585 ] ] ] } },
{ "type": "Feature", "properties": { "FeatureID": "414", "HA_Area": 100.0, "OBJECTID_1": 1406, "ORIG_FID": 1407, "railway_bu": 2501.0, "Shape_Leng": 4000.0, "Shape_Area": 1000000.0, "buffer2": 0.0, "OBJECTID_2": 0, "OBJECTID_3": 0, "COUNT": 0.0, "AREA": 0.0, "MIN": 0.0, "MAX": 0.0, "RANGE": 0.0, "MEAN": 0.0, "STD": 0.0, "SUM": 0.0, "MEDIAN": 0.0, "PCT90": 0.0, "Nor": 0.0, "Shape_Le_1": 4000.0, "Shape_Ar_1": 1000000.0 }, "geometry": { "type": "Polygon", "coordinates": [ [ [ 73.167931999860556, 22.586909804455392 ], [ 73.158208522848057, 22.586798580521414 ], [ 73.158088400148472, 22.595827800193245 ], [ 73.167812510464614, 22.595939073390184 ], [ 73.167931999860556, 22.586909804455392 ] ] ] } },
{ "type": "Feature", "properties": { "FeatureID": "415", "HA_Area": 100.0, "OBJECTID_1": 1961, "ORIG_FID": 1962, "railway_bu": 2501.0, "Shape_Leng": 4000.0, "Shape_Area": 1000000.0, "buffer2": 0.0, "OBJECTID_2": 0, "OBJECTID_3": 0, "COUNT": 0.0, "AREA": 0.0, "MIN": 0.0, "MAX": 0.0, "RANGE": 0.0, "MEAN": 0.0, "STD": 0.0, "SUM": 0.0, "MEDIAN": 0.0, "PCT90": 0.0, "Nor": 0.0, "Shape_Le_1": 4000.0, "Shape_Ar_1": 1000000.0 }, "geometry": { "type": "Polygon", "coordinates": [ [ [ 73.215267481429805, 22.68678113810196 ], [ 73.205536718449579, 22.686672326593712 ], [ 73.205419106368993, 22.695701671840709 ], [ 73.215150506291863, 22.695810531376839 ], [ 73.215267481429805, 22.68678113810196 ] ] ] } },
{ "type": "Feature", "properties": { "FeatureID": "416", "HA_Area": 100.0, "OBJECTID_1": 1260, "ORIG_FID": 1261, "railway_bu": 1872.49, "Shape_Leng": 4000.0, "Shape_Area": 1000000.0, "buffer2": 0.0, "OBJECTID_2": 0, "OBJECTID_3": 0, "COUNT": 0.0, "AREA": 0.0, "MIN": 0.0, "MAX": 0.0, "RANGE": 0.0, "MEAN": 0.0, "STD": 0.0, "SUM": 0.0, "MEDIAN": 0.0, "PCT90": 0.0, "Nor": 0.0, "Shape_Le_1": 4000.0, "Shape_Ar_1": 1000000.0 }, "geometry": { "type": "Polygon", "coordinates": [ [ [ 73.207177023818289, 22.560260365231333 ], [ 73.197455203616414, 22.560151638160182 ], [ 73.197337793768511, 22.569181085485482 ], [ 73.207060246377836, 22.569289860759802 ], [ 73.207177023818289, 22.560260365231333 ] ] ] } },
{ "type": "Feature", "properties": { "FeatureID": "417", "HA_Area": 100.0, "OBJECTID_1": 1901, "ORIG_FID": 1902, "railway_bu": 1397.69, "Shape_Leng": 4000.0, "Shape_Area": 1000000.0, "buffer2": 0.0, "OBJECTID_2": 0, "OBJECTID_3": 0, "COUNT": 0.0, "AREA": 0.0, "MIN": 0.0, "MAX": 0.0, "RANGE": 0.0, "MEAN": 0.0, "STD": 0.0, "SUM": 0.0, "MEDIAN": 0.0, "PCT90": 0.0, "Nor": 0.0, "Shape_Le_1": 4000.0, "Shape_Ar_1": 1000000.0 }, "geometry": { "type": "Polygon", "coordinates": [ [ [ 73.1180858594157, 22.676637519445602 ], [ 73.108356344727028, 22.676522849622053 ], [ 73.108232427160132, 22.685551711069071 ], [ 73.11796257828918, 22.685666431521412 ], [ 73.1180858594157, 22.676637519445602 ] ] ] } },
{ "type": "Feature", "properties": { "FeatureID": "418", "HA_Area": 100.0, "OBJECTID_1": 1372, "ORIG_FID": 1373, "railway_bu": 2501.0, "Shape_Leng": 4000.0, "Shape_Area": 1000000.0, "buffer2": 0.0, "OBJECTID_2": 0, "OBJECTID_3": 0, "COUNT": 0.0, "AREA": 0.0, "MIN": 0.0, "MAX": 0.0, "RANGE": 0.0, "MEAN": 0.0, "STD": 0.0, "SUM": 0.0, "MEDIAN": 0.0, "PCT90": 0.0, "Nor": 0.0, "Shape_Le_1": 4000.0, "Shape_Ar_1": 1000000.0 }, "geometry": { "type": "Polygon", "coordinates": [ [ [ 73.323624984025713, 22.579579372079621 ], [ 73.313901205695245, 22.579477603571238 ], [ 73.313791273921879, 22.588507590855201 ], [ 73.323515685505981, 22.588609404453948 ], [ 73.323624984025713, 22.579579372079621 ] ] ] } },
{ "type": "Feature", "properties": { "FeatureID": "419", "HA_Area": 100.0, "OBJECTID_1": 1219, "ORIG_FID": 1220, "railway_bu": 2501.0, "Shape_Leng": 4000.0, "Shape_Area": 1000000.0, "buffer2": 0.0, "OBJECTID_2": 0, "OBJECTID_3": 0, "COUNT": 0.0, "AREA": 0.0, "MIN": 0.0, "MAX": 0.0, "RANGE": 0.0, "MEAN": 0.0, "STD": 0.0, "SUM": 0.0, "MEDIAN": 0.0, "PCT90": 0.0, "Nor": 0.0, "Shape_Le_1": 4000.0, "Shape_Ar_1": 1000000.0 }, "geometry": { "type": "Polygon", "coordinates": [ [ [ 73.294787072319281, 22.552182549668295 ], [ 73.285065360566264, 22.552079154805078 ], [ 73.284953699911668, 22.561109037247924 ], [ 73.294676043902555, 22.561212477965476 ], [ 73.294787072319281, 22.552182549668295 ] ] ] } },
{ "type": "Feature", "properties": { "FeatureID": "420", "HA_Area": 100.0, "OBJECTID_1": 1623, "ORIG_FID": 1624, "railway_bu": 2223.14, "Shape_Leng": 4000.0, "Shape_Area": 1000000.0, "buffer2": 0.0, "OBJECTID_2": 0, "OBJECTID_3": 0, "COUNT": 0.0, "AREA": 0.0, "MIN": 0.0, "MAX": 0.0, "RANGE": 0.0, "MEAN": 0.0, "STD": 0.0, "SUM": 0.0, "MEDIAN": 0.0, "PCT90": 0.0, "Nor": 0.0, "Shape_Le_1": 4000.0, "Shape_Ar_1": 1000000.0 }, "geometry": { "type": "Polygon", "coordinates": [ [ [ 73.322968357520992, 22.633759406534047 ], [ 73.332695995963192, 22.633860856100789 ], [ 73.332804938116325, 22.624830832143545 ], [ 73.323077934556977, 22.62472942743506 ], [ 73.322968357520992, 22.633759406534047 ] ] ] } },
{ "type": "Feature", "properties": { "FeatureID": "421", "HA_Area": 100.0, "OBJECTID_1": 1074, "ORIG_FID": 1075, "railway_bu": 1985.41, "Shape_Leng": 4000.0, "Shape_Area": 1000000.0, "buffer2": 0.0, "OBJECTID_2": 176, "OBJECTID_3": 1074, "COUNT": 8990.0, "AREA": 899000.0, "MIN": 1486.6069335899999, "MAX": 2500.0, "RANGE": 1013.39306641, "MEAN": 2071.055136, "STD": 254.67235926199999, "SUM": 18618785.672600001, "MEDIAN": 2080.0119628900002, "PCT90": 2412.3951171899998, "Nor": 0.17157794560100001, "Shape_Le_1": 4000.0, "Shape_Ar_1": 1000000.0 }, "geometry": { "type": "Polygon", "coordinates": [ [ [ 73.343719744463684, 22.525600191241143 ], [ 73.333999648096636, 22.525499866057121 ], [ 73.333891314598688, 22.534530007043944 ], [ 73.343612042319137, 22.534630376763683 ], [ 73.343719744463684, 22.525600191241143 ] ] ] } },
{ "type": "Feature", "properties": { "FeatureID": "422", "HA_Area": 100.0, "OBJECTID_1": 1672, "ORIG_FID": 1673, "railway_bu": 2468.51, "Shape_Leng": 4000.0, "Shape_Area": 1000000.0, "buffer2": 0.0, "OBJECTID_2": 0, "OBJECTID_3": 0, "COUNT": 0.0, "AREA": 0.0, "MIN": 0.0, "MAX": 0.0, "RANGE": 0.0, "MEAN": 0.0, "STD": 0.0, "SUM": 0.0, "MEDIAN": 0.0, "PCT90": 0.0, "Nor": 0.0, "Shape_Le_1": 4000.0, "Shape_Ar_1": 1000000.0 }, "geometry": { "type": "Polygon", "coordinates": [ [ [ 73.322968357520992, 22.633759406534047 ], [ 73.313240774830803, 22.633657367397973 ], [ 73.313130506853312, 22.642687290706974 ], [ 73.322858724732967, 22.642789374967652 ], [ 73.322968357520992, 22.633759406534047 ] ] ] } },
{ "type": "Feature", "properties": { "FeatureID": "423", "HA_Area": 100.0, "OBJECTID_1": 1602, "ORIG_FID": 1603, "railway_bu": 2501.0, "Shape_Leng": 4000.0, "Shape_Area": 1000000.0, "buffer2": 0.0, "OBJECTID_2": 0, "OBJECTID_3": 0, "COUNT": 0.0, "AREA": 0.0, "MIN": 0.0, "MAX": 0.0, "RANGE": 0.0, "MEAN": 0.0, "STD": 0.0, "SUM": 0.0, "MEDIAN": 0.0, "PCT90": 0.0, "Nor": 0.0, "Shape_Le_1": 4000.0, "Shape_Ar_1": 1000000.0 }, "geometry": { "type": "Polygon", "coordinates": [ [ [ 73.128427725954879, 22.631606624502218 ], [ 73.128549997105992, 22.622577597290004 ], [ 73.118824231766013, 22.622463820106212 ], [ 73.118701326093472, 22.631492796988585 ], [ 73.128427725954879, 22.631606624502218 ] ] ] } },
{ "type": "Feature", "properties": { "FeatureID": "424", "HA_Area": 100.0, "OBJECTID_1": 1053, "ORIG_FID": 1054, "railway_bu": 2501.0, "Shape_Leng": 4000.0, "Shape_Area": 1000000.0, "buffer2": 0.0, "OBJECTID_2": 0, "OBJECTID_3": 0, "COUNT": 0.0, "AREA": 0.0, "MIN": 0.0, "MAX": 0.0, "RANGE": 0.0, "MEAN": 0.0, "STD": 0.0, "SUM": 0.0, "MEDIAN": 0.0, "PCT90": 0.0, "Nor": 0.0, "Shape_Le_1": 4000.0, "Shape_Ar_1": 1000000.0 }, "geometry": { "type": "Polygon", "coordinates": [ [ [ 73.13960974812916, 22.523370224911581 ], [ 73.129890879266782, 22.523257587090733 ], [ 73.129769291201029, 22.532286732715885 ], [ 73.139488791059946, 22.532399420536624 ], [ 73.13960974812916, 22.523370224911581 ] ] ] } },
{ "type": "Feature", "properties": { "FeatureID": "425", "HA_Area": 100.0, "OBJECTID_1": 1259, "ORIG_FID": 1260, "railway_bu": 2363.76, "Shape_Leng": 4000.0, "Shape_Area": 1000000.0, "buffer2": 0.0, "OBJECTID_2": 0, "OBJECTID_3": 0, "COUNT": 0.0, "AREA": 0.0, "MIN": 0.0, "MAX": 0.0, "RANGE": 0.0, "MEAN": 0.0, "STD": 0.0, "SUM": 0.0, "MEDIAN": 0.0, "PCT90": 0.0, "Nor": 0.0, "Shape_Le_1": 4000.0, "Shape_Ar_1": 1000000.0 }, "geometry": { "type": "Polygon", "coordinates": [ [ [ 73.197455203616414, 22.560151638160182 ], [ 73.187733443223422, 22.560042323788942 ], [ 73.187615400985464, 22.569071722650783 ], [ 73.197337793768511, 22.569181085485482 ], [ 73.197455203616414, 22.560151638160182 ] ] ] } },
{ "type": "Feature", "properties": { "FeatureID": "426", "HA_Area": 100.0, "OBJECTID_1": 1920, "ORIG_FID": 1921, "railway_bu": 2501.0, "Shape_Leng": 4000.0, "Shape_Area": 1000000.0, "buffer2": 0.0, "OBJECTID_2": 0, "OBJECTID_3": 0, "COUNT": 0.0, "AREA": 0.0, "MIN": 0.0, "MAX": 0.0, "RANGE": 0.0, "MEAN": 0.0, "STD": 0.0, "SUM": 0.0, "MEDIAN": 0.0, "PCT90": 0.0, "Nor": 0.0, "Shape_Le_1": 4000.0, "Shape_Ar_1": 1000000.0 }, "geometry": { "type": "Polygon", "coordinates": [ [ [ 73.302958168155598, 22.678704021487373 ], [ 73.29322751892461, 22.678600574966858 ], [ 73.293115696765724, 22.687630353779646 ], [ 73.302846982768983, 22.687733845974993 ], [ 73.302958168155598, 22.678704021487373 ] ] ] } },
{ "type": "Feature", "properties": { "FeatureID": "427", "HA_Area": 100.0, "OBJECTID_1": 1724, "ORIG_FID": 1725, "railway_bu": 1631.25, "Shape_Leng": 4000.0, "Shape_Area": 1000000.0, "buffer2": 0.0, "OBJECTID_2": 0, "OBJECTID_3": 0, "COUNT": 0.0, "AREA": 0.0, "MIN": 0.0, "MAX": 0.0, "RANGE": 0.0, "MEAN": 0.0, "STD": 0.0, "SUM": 0.0, "MEDIAN": 0.0, "PCT90": 0.0, "Nor": 0.0, "Shape_Le_1": 4000.0, "Shape_Ar_1": 1000000.0 }, "geometry": { "type": "Polygon", "coordinates": [ [ [ 73.342315327474196, 22.642991773985237 ], [ 73.332586998380918, 22.642890869398315 ], [ 73.332477945353304, 22.651920872032658 ], [ 73.342206909991503, 22.652021821228491 ], [ 73.342315327474196, 22.642991773985237 ] ] ] } },
{ "type": "Feature", "properties": { "FeatureID": "428", "HA_Area": 100.0, "OBJECTID_1": 1866, "ORIG_FID": 1867, "railway_bu": 2501.0, "Shape_Leng": 4000.0, "Shape_Area": 1000000.0, "buffer2": 0.0, "OBJECTID_2": 0, "OBJECTID_3": 0, "COUNT": 0.0, "AREA": 0.0, "MIN": 0.0, "MAX": 0.0, "RANGE": 0.0, "MEAN": 0.0, "STD": 0.0, "SUM": 0.0, "MEDIAN": 0.0, "PCT90": 0.0, "Nor": 0.0, "Shape_Le_1": 4000.0, "Shape_Ar_1": 1000000.0 }, "geometry": { "type": "Polygon", "coordinates": [ [ [ 73.264149587948282, 22.669257039533946 ], [ 73.254419804253217, 22.669151276485859 ], [ 73.254305493269086, 22.678180880714777 ], [ 73.264035913346106, 22.678286690474945 ], [ 73.264149587948282, 22.669257039533946 ] ] ] } },
{ "type": "Feature", "properties": { "FeatureID": "429", "HA_Area": 100.0, "OBJECTID_1": 1653, "ORIG_FID": 1654, "railway_bu": 2501.0, "Shape_Leng": 4000.0, "Shape_Area": 1000000.0, "buffer2": 0.0, "OBJECTID_2": 0, "OBJECTID_3": 0, "COUNT": 0.0, "AREA": 0.0, "MIN": 0.0, "MAX": 0.0, "RANGE": 0.0, "MEAN": 0.0, "STD": 0.0, "SUM": 0.0, "MEDIAN": 0.0, "PCT90": 0.0, "Nor": 0.0, "Shape_Le_1": 4000.0, "Shape_Ar_1": 1000000.0 }, "geometry": { "type": "Polygon", "coordinates": [ [ [ 73.128427725954879, 22.631606624502218 ], [ 73.128305392596417, 22.640635640928508 ], [ 73.13803248952739, 22.640748929240139 ], [ 73.13815418802362, 22.631719862738141 ], [ 73.128427725954879, 22.631606624502218 ] ] ] } },
{ "type": "Feature", "properties": { "FeatureID": "430", "HA_Area": 100.0, "OBJECTID_1": 1871, "ORIG_FID": 1872, "railway_bu": 2501.0, "Shape_Leng": 4000.0, "Shape_Area": 1000000.0, "buffer2": 0.0, "OBJECTID_2": 0, "OBJECTID_3": 0, "COUNT": 0.0, "AREA": 0.0, "MIN": 0.0, "MAX": 0.0, "RANGE": 0.0, "MEAN": 0.0, "STD": 0.0, "SUM": 0.0, "MEDIAN": 0.0, "PCT90": 0.0, "Nor": 0.0, "Shape_Le_1": 4000.0, "Shape_Ar_1": 1000000.0 }, "geometry": { "type": "Polygon", "coordinates": [ [ [ 73.302958168155598, 22.678704021487373 ], [ 73.31268887386679, 22.678806877162721 ], [ 73.312799366307701, 22.669776996572711 ], [ 73.303069297061981, 22.669674186305627 ], [ 73.302958168155598, 22.678704021487373 ] ] ] } },
{ "type": "Feature", "properties": { "FeatureID": "431", "HA_Area": 100.0, "OBJECTID_1": 1462, "ORIG_FID": 1463, "railway_bu": 2501.0, "Shape_Leng": 4000.0, "Shape_Area": 1000000.0, "buffer2": 0.0, "OBJECTID_2": 0, "OBJECTID_3": 0, "COUNT": 0.0, "AREA": 0.0, "MIN": 0.0, "MAX": 0.0, "RANGE": 0.0, "MEAN": 0.0, "STD": 0.0, "SUM": 0.0, "MEDIAN": 0.0, "PCT90": 0.0, "Nor": 0.0, "Shape_Le_1": 4000.0, "Shape_Ar_1": 1000000.0 }, "geometry": { "type": "Polygon", "coordinates": [ [ [ 73.226158438837359, 22.596594357818283 ], [ 73.216433968282715, 22.596486614625078 ], [ 73.216317586435125, 22.605516115252833 ], [ 73.226042690720746, 22.605623906152665 ], [ 73.226158438837359, 22.596594357818283 ] ] ] } },
{ "type": "Feature", "properties": { "FeatureID": "432", "HA_Area": 100.0, "OBJECTID_1": 1110, "ORIG_FID": 1111, "railway_bu": 2272.24, "Shape_Leng": 4000.0, "Shape_Area": 1000000.0, "buffer2": 0.0, "OBJECTID_2": 0, "OBJECTID_3": 0, "COUNT": 0.0, "AREA": 0.0, "MIN": 0.0, "MAX": 0.0, "RANGE": 0.0, "MEAN": 0.0, "STD": 0.0, "SUM": 0.0, "MEDIAN": 0.0, "PCT90": 0.0, "Nor": 0.0, "Shape_Le_1": 4000.0, "Shape_Ar_1": 1000000.0 }, "geometry": { "type": "Polygon", "coordinates": [ [ [ 73.207526999287552, 22.533171814410586 ], [ 73.197807074376499, 22.533063231912461 ], [ 73.197689843903021, 22.542092711370167 ], [ 73.207410400255839, 22.542201342053229 ], [ 73.207526999287552, 22.533171814410586 ] ] ] } },
{ "type": "Feature", "properties": { "FeatureID": "433", "HA_Area": 100.0, "OBJECTID_1": 1106, "ORIG_FID": 1107, "railway_bu": 2501.0, "Shape_Leng": 4000.0, "Shape_Area": 1000000.0, "buffer2": 0.0, "OBJECTID_2": 0, "OBJECTID_3": 0, "COUNT": 0.0, "AREA": 0.0, "MIN": 0.0, "MAX": 0.0, "RANGE": 0.0, "MEAN": 0.0, "STD": 0.0, "SUM": 0.0, "MEDIAN": 0.0, "PCT90": 0.0, "Nor": 0.0, "Shape_Le_1": 4000.0, "Shape_Ar_1": 1000000.0 }, "geometry": { "type": "Polygon", "coordinates": [ [ [ 73.168647659470338, 22.532733965360979 ], [ 73.158927975516249, 22.532623036874298 ], [ 73.158808219450378, 22.541652320990323 ], [ 73.168528534776186, 22.541763298702698 ], [ 73.168647659470338, 22.532733965360979 ] ] ] } },
{ "type": "Feature", "properties": { "FeatureID": "434", "HA_Area": 100.0, "OBJECTID_1": 1269, "ORIG_FID": 1270, "railway_bu": 2317.47, "Shape_Leng": 4000.0, "Shape_Area": 1000000.0, "buffer2": 0.0, "OBJECTID_2": 0, "OBJECTID_3": 0, "COUNT": 0.0, "AREA": 0.0, "MIN": 0.0, "MAX": 0.0, "RANGE": 0.0, "MEAN": 0.0, "STD": 0.0, "SUM": 0.0, "MEDIAN": 0.0, "PCT90": 0.0, "Nor": 0.0, "Shape_Le_1": 4000.0, "Shape_Ar_1": 1000000.0 }, "geometry": { "type": "Polygon", "coordinates": [ [ [ 73.294676043902555, 22.561212477965476 ], [ 73.284953699911668, 22.561109037247924 ], [ 73.284841982346521, 22.570138909030007 ], [ 73.294564958897368, 22.570242395607686 ], [ 73.294676043902555, 22.561212477965476 ] ] ] } },
{ "type": "Feature", "properties": { "FeatureID": "435", "HA_Area": 100.0, "OBJECTID_1": 1611, "ORIG_FID": 1612, "railway_bu": 2501.0, "Shape_Leng": 4000.0, "Shape_Area": 1000000.0, "buffer2": 0.0, "OBJECTID_2": 0, "OBJECTID_3": 0, "COUNT": 0.0, "AREA": 0.0, "MIN": 0.0, "MAX": 0.0, "RANGE": 0.0, "MEAN": 0.0, "STD": 0.0, "SUM": 0.0, "MEDIAN": 0.0, "PCT90": 0.0, "Nor": 0.0, "Shape_Le_1": 4000.0, "Shape_Ar_1": 1000000.0 }, "geometry": { "type": "Polygon", "coordinates": [ [ [ 73.216084644969285, 22.623575084346012 ], [ 73.20635833153986, 22.623466608862472 ], [ 73.206241137205637, 22.632496029335641 ], [ 73.215968085316462, 22.632604552804469 ], [ 73.216084644969285, 22.623575084346012 ] ] ] } },
{ "type": "Feature", "properties": { "FeatureID": "436", "HA_Area": 100.0, "OBJECTID_1": 1667, "ORIG_FID": 1668, "railway_bu": 2501.0, "Shape_Leng": 4000.0, "Shape_Area": 1000000.0, "buffer2": 0.0, "OBJECTID_2": 0, "OBJECTID_3": 0, "COUNT": 0.0, "AREA": 0.0, "MIN": 0.0, "MAX": 0.0, "RANGE": 0.0, "MEAN": 0.0, "STD": 0.0, "SUM": 0.0, "MEDIAN": 0.0, "PCT90": 0.0, "Nor": 0.0, "Shape_Le_1": 4000.0, "Shape_Ar_1": 1000000.0 }, "geometry": { "type": "Polygon", "coordinates": [ [ [ 73.274331008047525, 22.633243315437959 ], [ 73.264603708960294, 22.633138328664149 ], [ 73.264490265283058, 22.642168022440554 ], [ 73.27421819947692, 22.642273055642139 ], [ 73.274331008047525, 22.633243315437959 ] ] ] } },
{ "type": "Feature", "properties": { "FeatureID": "437", "HA_Area": 100.0, "OBJECTID_1": 1818, "ORIG_FID": 1819, "railway_bu": 2501.0, "Shape_Leng": 4000.0, "Shape_Area": 1000000.0, "buffer2": 0.0, "OBJECTID_2": 0, "OBJECTID_3": 0, "COUNT": 0.0, "AREA": 0.0, "MIN": 0.0, "MAX": 0.0, "RANGE": 0.0, "MEAN": 0.0, "STD": 0.0, "SUM": 0.0, "MEDIAN": 0.0, "PCT90": 0.0, "Nor": 0.0, "Shape_Le_1": 4000.0, "Shape_Ar_1": 1000000.0 }, "geometry": { "type": "Polygon", "coordinates": [ [ [ 73.2837216729624, 22.660437039747112 ], [ 73.273992410169868, 22.660332503953704 ], [ 73.273879429399884, 22.669362212054182 ], [ 73.283609328284854, 22.669466794032303 ], [ 73.2837216729624, 22.660437039747112 ] ] ] } },
{ "type": "Feature", "properties": { "FeatureID": "438", "HA_Area": 100.0, "OBJECTID_1": 1263, "ORIG_FID": 1264, "railway_bu": 1473.94, "Shape_Leng": 4000.0, "Shape_Area": 1000000.0, "buffer2": 0.0, "OBJECTID_2": 0, "OBJECTID_3": 0, "COUNT": 0.0, "AREA": 0.0, "MIN": 0.0, "MAX": 0.0, "RANGE": 0.0, "MEAN": 0.0, "STD": 0.0, "SUM": 0.0, "MEDIAN": 0.0, "PCT90": 0.0, "Nor": 0.0, "Shape_Le_1": 4000.0, "Shape_Ar_1": 1000000.0 }, "geometry": { "type": "Polygon", "coordinates": [ [ [ 73.236342840057205, 22.560583022497507 ], [ 73.226620842360674, 22.560476057414601 ], [ 73.226505329787003, 22.569505648568466 ], [ 73.236227959942667, 22.569612661073595 ], [ 73.236342840057205, 22.560583022497507 ] ] ] } },
{ "type": "Feature", "properties": { "FeatureID": "439", "HA_Area": 100.0, "OBJECTID_1": 1903, "ORIG_FID": 1904, "railway_bu": 2331.88, "Shape_Leng": 4000.0, "Shape_Area": 1000000.0, "buffer2": 0.0, "OBJECTID_2": 0, "OBJECTID_3": 0, "COUNT": 0.0, "AREA": 0.0, "MIN": 0.0, "MAX": 0.0, "RANGE": 0.0, "MEAN": 0.0, "STD": 0.0, "SUM": 0.0, "MEDIAN": 0.0, "PCT90": 0.0, "Nor": 0.0, "Shape_Le_1": 4000.0, "Shape_Ar_1": 1000000.0 }, "geometry": { "type": "Polygon", "coordinates": [ [ [ 73.137545076334078, 22.676865087381952 ], [ 73.127815436725754, 22.676751598704062 ], [ 73.127692792057928, 22.685780561147986 ], [ 73.137423068143164, 22.685894099933321 ], [ 73.137545076334078, 22.676865087381952 ] ] ] } },
{ "type": "Feature", "properties": { "FeatureID": "440", "HA_Area": 100.0, "OBJECTID_1": 1019, "ORIG_FID": 1020, "railway_bu": 2501.0, "Shape_Leng": 4000.0, "Shape_Area": 1000000.0, "buffer2": 0.0, "OBJECTID_2": 0, "OBJECTID_3": 0, "COUNT": 0.0, "AREA": 0.0, "MIN": 0.0, "MAX": 0.0, "RANGE": 0.0, "MEAN": 0.0, "STD": 0.0, "SUM": 0.0, "MEDIAN": 0.0, "PCT90": 0.0, "Nor": 0.0, "Shape_Le_1": 4000.0, "Shape_Ar_1": 1000000.0 }, "geometry": { "type": "Polygon", "coordinates": [ [ [ 73.295230620430431, 22.516062729999124 ], [ 73.285511434409884, 22.515959518495485 ], [ 73.285400001232105, 22.52498944354668 ], [ 73.295119818203105, 22.525092700881551 ], [ 73.295230620430431, 22.516062729999124 ] ] ] } },
{ "type": "Feature", "properties": { "FeatureID": "441", "HA_Area": 100.0, "OBJECTID_1": 1921, "ORIG_FID": 1922, "railway_bu": 2501.0, "Shape_Leng": 4000.0, "Shape_Area": 1000000.0, "buffer2": 0.0, "OBJECTID_2": 0, "OBJECTID_3": 0, "COUNT": 0.0, "AREA": 0.0, "MIN": 0.0, "MAX": 0.0, "RANGE": 0.0, "MEAN": 0.0, "STD": 0.0, "SUM": 0.0, "MEDIAN": 0.0, "PCT90": 0.0, "Nor": 0.0, "Shape_Le_1": 4000.0, "Shape_Ar_1": 1000000.0 }, "geometry": { "type": "Polygon", "coordinates": [ [ [ 73.31268887386679, 22.678806877162721 ], [ 73.302958168155598, 22.678704021487373 ], [ 73.302846982768983, 22.687733845974993 ], [ 73.312578325268987, 22.68783674706437 ], [ 73.31268887386679, 22.678806877162721 ] ] ] } },
{ "type": "Feature", "properties": { "FeatureID": "442", "HA_Area": 100.0, "OBJECTID_1": 1552, "ORIG_FID": 1553, "railway_bu": 2501.0, "Shape_Leng": 4000.0, "Shape_Area": 1000000.0, "buffer2": 0.0, "OBJECTID_2": 0, "OBJECTID_3": 0, "COUNT": 0.0, "AREA": 0.0, "MIN": 0.0, "MAX": 0.0, "RANGE": 0.0, "MEAN": 0.0, "STD": 0.0, "SUM": 0.0, "MEDIAN": 0.0, "PCT90": 0.0, "Nor": 0.0, "Shape_Le_1": 4000.0, "Shape_Ar_1": 1000000.0 }, "geometry": { "type": "Polygon", "coordinates": [ [ [ 73.128672206067947, 22.613548559295388 ], [ 73.118947074926822, 22.613434832435061 ], [ 73.118824231766013, 22.622463820106212 ], [ 73.128549997105992, 22.622577597290004 ], [ 73.128672206067947, 22.613548559295388 ] ] ] } },
{ "type": "Feature", "properties": { "FeatureID": "443", "HA_Area": 100.0, "OBJECTID_1": 1719, "ORIG_FID": 1720, "railway_bu": 2501.0, "Shape_Leng": 4000.0, "Shape_Area": 1000000.0, "buffer2": 0.0, "OBJECTID_2": 0, "OBJECTID_3": 0, "COUNT": 0.0, "AREA": 0.0, "MIN": 0.0, "MAX": 0.0, "RANGE": 0.0, "MEAN": 0.0, "STD": 0.0, "SUM": 0.0, "MEDIAN": 0.0, "PCT90": 0.0, "Nor": 0.0, "Shape_Le_1": 4000.0, "Shape_Ar_1": 1000000.0 }, "geometry": { "type": "Polygon", "coordinates": [ [ [ 73.293674239690787, 22.642481352751048 ], [ 73.283946191053801, 22.64237749908369 ], [ 73.283833960546488, 22.651407274763091 ], [ 73.293562644646443, 22.651511174342787 ], [ 73.293674239690787, 22.642481352751048 ] ] ] } },
{ "type": "Feature", "properties": { "FeatureID": "444", "HA_Area": 100.0, "OBJECTID_1": 1958, "ORIG_FID": 1959, "railway_bu": 2501.0, "Shape_Leng": 4000.0, "Shape_Area": 1000000.0, "buffer2": 0.0, "OBJECTID_2": 0, "OBJECTID_3": 0, "COUNT": 0.0, "AREA": 0.0, "MIN": 0.0, "MAX": 0.0, "RANGE": 0.0, "MEAN": 0.0, "STD": 0.0, "SUM": 0.0, "MEDIAN": 0.0, "PCT90": 0.0, "Nor": 0.0, "Shape_Le_1": 4000.0, "Shape_Ar_1": 1000000.0 }, "geometry": { "type": "Polygon", "coordinates": [ [ [ 73.1860753720036, 22.686452930705769 ], [ 73.176344789184441, 22.686342346355808 ], [ 73.17622526638128, 22.695371545954561 ], [ 73.185956486090319, 22.695482179114695 ], [ 73.1860753720036, 22.686452930705769 ] ] ] } },
{ "type": "Feature", "properties": { "FeatureID": "445", "HA_Area": 100.0, "OBJECTID_1": 1619, "ORIG_FID": 1620, "railway_bu": 2501.0, "Shape_Leng": 4000.0, "Shape_Area": 1000000.0, "buffer2": 0.0, "OBJECTID_2": 0, "OBJECTID_3": 0, "COUNT": 0.0, "AREA": 0.0, "MIN": 0.0, "MAX": 0.0, "RANGE": 0.0, "MEAN": 0.0, "STD": 0.0, "SUM": 0.0, "MEDIAN": 0.0, "PCT90": 0.0, "Nor": 0.0, "Shape_Le_1": 4000.0, "Shape_Ar_1": 1000000.0 }, "geometry": { "type": "Polygon", "coordinates": [ [ [ 73.293897259584512, 22.624421677512679 ], [ 73.284170480904791, 22.624317915652565 ], [ 73.284058364501021, 22.63334771271235 ], [ 73.293785777997954, 22.633451520473177 ], [ 73.293897259584512, 22.624421677512679 ] ] ] } },
{ "type": "Feature", "properties": { "FeatureID": "446", "HA_Area": 100.0, "OBJECTID_1": 1064, "ORIG_FID": 1065, "railway_bu": 1296.8, "Shape_Leng": 4000.0, "Shape_Area": 1000000.0, "buffer2": 0.0, "OBJECTID_2": 0, "OBJECTID_3": 0, "COUNT": 0.0, "AREA": 0.0, "MIN": 0.0, "MAX": 0.0, "RANGE": 0.0, "MEAN": 0.0, "STD": 0.0, "SUM": 0.0, "MEDIAN": 0.0, "PCT90": 0.0, "Nor": 0.0, "Shape_Le_1": 4000.0, "Shape_Ar_1": 1000000.0 }, "geometry": { "type": "Polygon", "coordinates": [ [ [ 73.246521305009111, 22.52457055046256 ], [ 73.236801775477034, 22.524464361326238 ], [ 73.236687129343792, 22.533494042642122 ], [ 73.246407290064468, 22.533600278916555 ], [ 73.246521305009111, 22.52457055046256 ] ] ] } },
{ "type": "Feature", "properties": { "FeatureID": "447", "HA_Area": 100.0, "OBJECTID_1": 1911, "ORIG_FID": 1912, "railway_bu": 2501.0, "Shape_Leng": 4000.0, "Shape_Area": 1000000.0, "buffer2": 0.0, "OBJECTID_2": 0, "OBJECTID_3": 0, "COUNT": 0.0, "AREA": 0.0, "MIN": 0.0, "MAX": 0.0, "RANGE": 0.0, "MEAN": 0.0, "STD": 0.0, "SUM": 0.0, "MEDIAN": 0.0, "PCT90": 0.0, "Nor": 0.0, "Shape_Le_1": 4000.0, "Shape_Ar_1": 1000000.0 }, "geometry": { "type": "Polygon", "coordinates": [ [ [ 73.215384397160662, 22.677751734076136 ], [ 73.205654270799741, 22.677642970589677 ], [ 73.205536718449579, 22.686672326593712 ], [ 73.215267481429805, 22.68678113810196 ], [ 73.215384397160662, 22.677751734076136 ] ] ] } },
{ "type": "Feature", "properties": { "FeatureID": "448", "HA_Area": 100.0, "OBJECTID_1": 1620, "ORIG_FID": 1621, "railway_bu": 2255.14, "Shape_Leng": 4000.0, "Shape_Area": 1000000.0, "buffer2": 0.0, "OBJECTID_2": 0, "OBJECTID_3": 0, "COUNT": 0.0, "AREA": 0.0, "MIN": 0.0, "MAX": 0.0, "RANGE": 0.0, "MEAN": 0.0, "STD": 0.0, "SUM": 0.0, "MEDIAN": 0.0, "PCT90": 0.0, "Nor": 0.0, "Shape_Le_1": 4000.0, "Shape_Ar_1": 1000000.0 }, "geometry": { "type": "Polygon", "coordinates": [ [ [ 73.293897259584512, 22.624421677512679 ], [ 73.293785777997954, 22.633451520473177 ], [ 73.303513248215495, 22.63355473870638 ], [ 73.303624094968299, 22.624524850105768 ], [ 73.293897259584512, 22.624421677512679 ] ] ] } },
{ "type": "Feature", "properties": { "FeatureID": "449", "HA_Area": 100.0, "OBJECTID_1": 1067, "ORIG_FID": 1068, "railway_bu": 2501.0, "Shape_Leng": 4000.0, "Shape_Area": 1000000.0, "buffer2": 0.0, "OBJECTID_2": 0, "OBJECTID_3": 0, "COUNT": 0.0, "AREA": 0.0, "MIN": 0.0, "MAX": 0.0, "RANGE": 0.0, "MEAN": 0.0, "STD": 0.0, "SUM": 0.0, "MEDIAN": 0.0, "PCT90": 0.0, "Nor": 0.0, "Shape_Le_1": 4000.0, "Shape_Ar_1": 1000000.0 }, "geometry": { "type": "Polygon", "coordinates": [ [ [ 73.275680241105505, 22.52488559982325 ], [ 73.265960538145023, 22.524781169725319 ], [ 73.265847785628182, 22.533810991674915 ], [ 73.275568119827696, 22.533915468130321 ], [ 73.275680241105505, 22.52488559982325 ] ] ] } },
{ "type": "Feature", "properties": { "FeatureID": "450", "HA_Area": 100.0, "OBJECTID_1": 1258, "ORIG_FID": 1259, "railway_bu": 2501.0, "Shape_Leng": 4000.0, "Shape_Area": 1000000.0, "buffer2": 0.0, "OBJECTID_2": 0, "OBJECTID_3": 0, "COUNT": 0.0, "AREA": 0.0, "MIN": 0.0, "MAX": 0.0, "RANGE": 0.0, "MEAN": 0.0, "STD": 0.0, "SUM": 0.0, "MEDIAN": 0.0, "PCT90": 0.0, "Nor": 0.0, "Shape_Le_1": 4000.0, "Shape_Ar_1": 1000000.0 }, "geometry": { "type": "Polygon", "coordinates": [ [ [ 73.187733443223422, 22.560042323788942 ], [ 73.178011742961274, 22.55993242213242 ], [ 73.177893068350784, 22.568961772270505 ], [ 73.187615400985464, 22.569071722650783 ], [ 73.187733443223422, 22.560042323788942 ] ] ] } },
{ "type": "Feature", "properties": { "FeatureID": "451", "HA_Area": 100.0, "OBJECTID_1": 1824, "ORIG_FID": 1825, "railway_bu": 1806.39, "Shape_Leng": 4000.0, "Shape_Area": 1000000.0, "buffer2": 0.0, "OBJECTID_2": 0, "OBJECTID_3": 0, "COUNT": 0.0, "AREA": 0.0, "MIN": 0.0, "MAX": 0.0, "RANGE": 0.0, "MEAN": 0.0, "STD": 0.0, "SUM": 0.0, "MEDIAN": 0.0, "PCT90": 0.0, "Nor": 0.0, "Shape_Le_1": 4000.0, "Shape_Ar_1": 1000000.0 }, "geometry": { "type": "Polygon", "coordinates": [ [ [ 73.342098437370367, 22.66105185781079 ], [ 73.332368836864177, 22.660950864000384 ], [ 73.332259672897308, 22.66998084529806 ], [ 73.341989909594659, 22.670081883728695 ], [ 73.342098437370367, 22.66105185781079 ] ] ] } },
{ "type": "Feature", "properties": { "FeatureID": "452", "HA_Area": 100.0, "OBJECTID_1": 1967, "ORIG_FID": 1968, "railway_bu": 2501.0, "Shape_Leng": 4000.0, "Shape_Area": 1000000.0, "buffer2": 0.0, "OBJECTID_2": 0, "OBJECTID_3": 0, "COUNT": 0.0, "AREA": 0.0, "MIN": 0.0, "MAX": 0.0, "RANGE": 0.0, "MEAN": 0.0, "STD": 0.0, "SUM": 0.0, "MEDIAN": 0.0, "PCT90": 0.0, "Nor": 0.0, "Shape_Le_1": 4000.0, "Shape_Ar_1": 1000000.0 }, "geometry": { "type": "Polygon", "coordinates": [ [ [ 73.273653295543085, 22.687421596127216 ], [ 73.263922180970496, 22.687316330698437 ], [ 73.263808390804542, 22.696345960200965 ], [ 73.273540142422647, 22.696451272092869 ], [ 73.273653295543085, 22.687421596127216 ] ] ] } },
{ "type": "Feature", "properties": { "FeatureID": "453", "HA_Area": 100.0, "OBJECTID_1": 1414, "ORIG_FID": 1415, "railway_bu": 2134.76, "Shape_Leng": 4000.0, "Shape_Area": 1000000.0, "buffer2": 0.0, "OBJECTID_2": 0, "OBJECTID_3": 0, "COUNT": 0.0, "AREA": 0.0, "MIN": 0.0, "MAX": 0.0, "RANGE": 0.0, "MEAN": 0.0, "STD": 0.0, "SUM": 0.0, "MEDIAN": 0.0, "PCT90": 0.0, "Nor": 0.0, "Shape_Le_1": 4000.0, "Shape_Ar_1": 1000000.0 }, "geometry": { "type": "Polygon", "coordinates": [ [ [ 73.245721978695229, 22.587778425369272 ], [ 73.235998024082875, 22.587671906141324 ], [ 73.2358829683035, 22.596701512625994 ], [ 73.245607556358692, 22.596808079033696 ], [ 73.245721978695229, 22.587778425369272 ] ] ] } },
{ "type": "Feature", "properties": { "FeatureID": "454", "HA_Area": 100.0, "OBJECTID_1": 1553, "ORIG_FID": 1554, "railway_bu": 2501.0, "Shape_Leng": 4000.0, "Shape_Area": 1000000.0, "buffer2": 0.0, "OBJECTID_2": 0, "OBJECTID_3": 0, "COUNT": 0.0, "AREA": 0.0, "MIN": 0.0, "MAX": 0.0, "RANGE": 0.0, "MEAN": 0.0, "STD": 0.0, "SUM": 0.0, "MEDIAN": 0.0, "PCT90": 0.0, "Nor": 0.0, "Shape_Le_1": 4000.0, "Shape_Ar_1": 1000000.0 }, "geometry": { "type": "Polygon", "coordinates": [ [ [ 73.138397399380111, 22.613661697398925 ], [ 73.128672206067947, 22.613548559295388 ], [ 73.128549997105992, 22.622577597290004 ], [ 73.138275824635173, 22.622690785456573 ], [ 73.138397399380111, 22.613661697398925 ] ] ] } },
{ "type": "Feature", "properties": { "FeatureID": "455", "HA_Area": 100.0, "OBJECTID_1": 1873, "ORIG_FID": 1874, "railway_bu": 2404.82, "Shape_Leng": 4000.0, "Shape_Area": 1000000.0, "buffer2": 0.0, "OBJECTID_2": 0, "OBJECTID_3": 0, "COUNT": 0.0, "AREA": 0.0, "MIN": 0.0, "MAX": 0.0, "RANGE": 0.0, "MEAN": 0.0, "STD": 0.0, "SUM": 0.0, "MEDIAN": 0.0, "PCT90": 0.0, "Nor": 0.0, "Shape_Le_1": 4000.0, "Shape_Ar_1": 1000000.0 }, "geometry": { "type": "Polygon", "coordinates": [ [ [ 73.322419635734875, 22.678909141978959 ], [ 73.332150453436483, 22.67901081592224 ], [ 73.332259672897308, 22.66998084529806 ], [ 73.322529491693899, 22.669879216241473 ], [ 73.322419635734875, 22.678909141978959 ] ] ] } },
{ "type": "Feature", "properties": { "FeatureID": "456", "HA_Area": 100.0, "OBJECTID_1": 1304, "ORIG_FID": 1305, "railway_bu": 2501.0, "Shape_Leng": 4000.0, "Shape_Area": 1000000.0, "buffer2": 0.0, "OBJECTID_2": 0, "OBJECTID_3": 0, "COUNT": 0.0, "AREA": 0.0, "MIN": 0.0, "MAX": 0.0, "RANGE": 0.0, "MEAN": 0.0, "STD": 0.0, "SUM": 0.0, "MEDIAN": 0.0, "PCT90": 0.0, "Nor": 0.0, "Shape_Le_1": 4000.0, "Shape_Ar_1": 1000000.0 }, "geometry": { "type": "Polygon", "coordinates": [ [ [ 73.148726434557389, 22.568628396005455 ], [ 73.139004345736581, 22.568516095592525 ], [ 73.138883080054342, 22.577545237477835 ], [ 73.148605801498718, 22.577657587661893 ], [ 73.148726434557389, 22.568628396005455 ] ] ] } },
{ "type": "Feature", "properties": { "FeatureID": "457", "HA_Area": 100.0, "OBJECTID_1": 1006, "ORIG_FID": 1007, "railway_bu": 2501.0, "Shape_Leng": 4000.0, "Shape_Area": 1000000.0, "buffer2": 0.0, "OBJECTID_2": 0, "OBJECTID_3": 0, "COUNT": 0.0, "AREA": 0.0, "MIN": 0.0, "MAX": 0.0, "RANGE": 0.0, "MEAN": 0.0, "STD": 0.0, "SUM": 0.0, "MEDIAN": 0.0, "PCT90": 0.0, "Nor": 0.0, "Shape_Le_1": 4000.0, "Shape_Ar_1": 1000000.0 }, "geometry": { "type": "Polygon", "coordinates": [ [ [ 73.168885726711025, 22.514675266514431 ], [ 73.159167304535444, 22.514564436460542 ], [ 73.159047670538683, 22.523593742029867 ], [ 73.168766723442744, 22.523704621297053 ], [ 73.168885726711025, 22.514675266514431 ] ] ] } },
{ "type": "Feature", "properties": { "FeatureID": "458", "HA_Area": 100.0, "OBJECTID_1": 1759, "ORIG_FID": 1760, "railway_bu": 2501.0, "Shape_Leng": 4000.0, "Shape_Area": 1000000.0, "buffer2": 0.0, "OBJECTID_2": 0, "OBJECTID_3": 0, "COUNT": 0.0, "AREA": 0.0, "MIN": 0.0, "MAX": 0.0, "RANGE": 0.0, "MEAN": 0.0, "STD": 0.0, "SUM": 0.0, "MEDIAN": 0.0, "PCT90": 0.0, "Nor": 0.0, "Shape_Le_1": 4000.0, "Shape_Ar_1": 1000000.0 }, "geometry": { "type": "Polygon", "coordinates": [ [ [ 73.19627841086114, 22.65044562869311 ], [ 73.186550312063289, 22.650335829411574 ], [ 73.186431667552085, 22.65936512087692 ], [ 73.196160401964889, 22.659474968683245 ], [ 73.19627841086114, 22.65044562869311 ] ] ] } },
{ "type": "Feature", "properties": { "FeatureID": "459", "HA_Area": 100.0, "OBJECTID_1": 1171, "ORIG_FID": 1172, "railway_bu": 2501.0, "Shape_Leng": 4000.0, "Shape_Area": 1000000.0, "buffer2": 0.0, "OBJECTID_2": 0, "OBJECTID_3": 0, "COUNT": 0.0, "AREA": 0.0, "MIN": 0.0, "MAX": 0.0, "RANGE": 0.0, "MEAN": 0.0, "STD": 0.0, "SUM": 0.0, "MEDIAN": 0.0, "PCT90": 0.0, "Nor": 0.0, "Shape_Le_1": 4000.0, "Shape_Ar_1": 1000000.0 }, "geometry": { "type": "Polygon", "coordinates": [ [ [ 73.314340373183029, 22.543357547965833 ], [ 73.304619180556671, 22.543255372811199 ], [ 73.304508840644317, 22.552285357348143 ], [ 73.314230665219355, 22.552387577830711 ], [ 73.314340373183029, 22.543357547965833 ] ] ] } },
{ "type": "Feature", "properties": { "FeatureID": "460", "HA_Area": 100.0, "OBJECTID_1": 1658, "ORIG_FID": 1659, "railway_bu": 2501.0, "Shape_Leng": 4000.0, "Shape_Area": 1000000.0, "buffer2": 0.0, "OBJECTID_2": 0, "OBJECTID_3": 0, "COUNT": 0.0, "AREA": 0.0, "MIN": 0.0, "MAX": 0.0, "RANGE": 0.0, "MEAN": 0.0, "STD": 0.0, "SUM": 0.0, "MEDIAN": 0.0, "PCT90": 0.0, "Nor": 0.0, "Shape_Le_1": 4000.0, "Shape_Ar_1": 1000000.0 }, "geometry": { "type": "Polygon", "coordinates": [ [ [ 73.186787420184018, 22.632277214218227 ], [ 73.177060651918666, 22.632166922599286 ], [ 73.176941493051075, 22.641196186798862 ], [ 73.18666889626806, 22.641306527190853 ], [ 73.186787420184018, 22.632277214218227 ] ] ] } },
{ "type": "Feature", "properties": { "FeatureID": "461", "HA_Area": 100.0, "OBJECTID_1": 1606, "ORIG_FID": 1607, "railway_bu": 2501.0, "Shape_Leng": 4000.0, "Shape_Area": 1000000.0, "buffer2": 0.0, "OBJECTID_2": 0, "OBJECTID_3": 0, "COUNT": 0.0, "AREA": 0.0, "MIN": 0.0, "MAX": 0.0, "RANGE": 0.0, "MEAN": 0.0, "STD": 0.0, "SUM": 0.0, "MEDIAN": 0.0, "PCT90": 0.0, "Nor": 0.0, "Shape_Le_1": 4000.0, "Shape_Ar_1": 1000000.0 }, "geometry": { "type": "Polygon", "coordinates": [ [ [ 73.16745367713213, 22.623026815700012 ], [ 73.157727664970835, 22.622915394676781 ], [ 73.15760729749249, 22.631944571315628 ], [ 73.167333944247261, 22.632056041626743 ], [ 73.16745367713213, 22.623026815700012 ] ] ] } },
{ "type": "Feature", "properties": { "FeatureID": "462", "HA_Area": 100.0, "OBJECTID_1": 1851, "ORIG_FID": 1852, "railway_bu": 2185.74, "Shape_Leng": 4000.0, "Shape_Area": 1000000.0, "buffer2": 0.0, "OBJECTID_2": 0, "OBJECTID_3": 0, "COUNT": 0.0, "AREA": 0.0, "MIN": 0.0, "MAX": 0.0, "RANGE": 0.0, "MEAN": 0.0, "STD": 0.0, "SUM": 0.0, "MEDIAN": 0.0, "PCT90": 0.0, "Nor": 0.0, "Shape_Le_1": 4000.0, "Shape_Ar_1": 1000000.0 }, "geometry": { "type": "Polygon", "coordinates": [ [ [ 73.118209077920838, 22.667608596559916 ], [ 73.108480199349444, 22.667493977358717 ], [ 73.108356344727028, 22.676522849622053 ], [ 73.1180858594157, 22.676637519445602 ], [ 73.118209077920838, 22.667608596559916 ] ] ] } },
{ "type": "Feature", "properties": { "FeatureID": "463", "HA_Area": 100.0, "OBJECTID_1": 1559, "ORIG_FID": 1560, "railway_bu": 2501.0, "Shape_Leng": 4000.0, "Shape_Area": 1000000.0, "buffer2": 0.0, "OBJECTID_2": 0, "OBJECTID_3": 0, "COUNT": 0.0, "AREA": 0.0, "MIN": 0.0, "MAX": 0.0, "RANGE": 0.0, "MEAN": 0.0, "STD": 0.0, "SUM": 0.0, "MEDIAN": 0.0, "PCT90": 0.0, "Nor": 0.0, "Shape_Le_1": 4000.0, "Shape_Ar_1": 1000000.0 }, "geometry": { "type": "Polygon", "coordinates": [ [ [ 73.19674984678602, 22.614328161275171 ], [ 73.187024287219828, 22.614218556031332 ], [ 73.186905883828729, 22.623247890497233 ], [ 73.196632077718803, 22.623357544241284 ], [ 73.19674984678602, 22.614328161275171 ] ] ] } },
{ "type": "Feature", "properties": { "FeatureID": "464", "HA_Area": 100.0, "OBJECTID_1": 1369, "ORIG_FID": 1370, "railway_bu": 1287.25, "Shape_Leng": 4000.0, "Shape_Area": 1000000.0, "buffer2": 0.0, "OBJECTID_2": 0, "OBJECTID_3": 0, "COUNT": 0.0, "AREA": 0.0, "MIN": 0.0, "MAX": 0.0, "RANGE": 0.0, "MEAN": 0.0, "STD": 0.0, "SUM": 0.0, "MEDIAN": 0.0, "PCT90": 0.0, "Nor": 0.0, "Shape_Le_1": 4000.0, "Shape_Ar_1": 1000000.0 }, "geometry": { "type": "Polygon", "coordinates": [ [ [ 73.294453817287206, 22.579272302591455 ], [ 73.28473020785421, 22.579168770147863 ], [ 73.28461837641818, 22.588198620598039 ], [ 73.294342619055598, 22.588302198913336 ], [ 73.294453817287206, 22.579272302591455 ] ] ] } },
{ "type": "Feature", "properties": { "FeatureID": "465", "HA_Area": 100.0, "OBJECTID_1": 1512, "ORIG_FID": 1513, "railway_bu": 2501.0, "Shape_Leng": 4000.0, "Shape_Area": 1000000.0, "buffer2": 0.0, "OBJECTID_2": 0, "OBJECTID_3": 0, "COUNT": 0.0, "AREA": 0.0, "MIN": 0.0, "MAX": 0.0, "RANGE": 0.0, "MEAN": 0.0, "STD": 0.0, "SUM": 0.0, "MEDIAN": 0.0, "PCT90": 0.0, "Nor": 0.0, "Shape_Le_1": 4000.0, "Shape_Ar_1": 1000000.0 }, "geometry": { "type": "Polygon", "coordinates": [ [ [ 73.226042690720746, 22.605623906152665 ], [ 73.216317586435125, 22.605516115252833 ], [ 73.216201145336413, 22.614545605160966 ], [ 73.225926883675498, 22.61465344377347 ], [ 73.226042690720746, 22.605623906152665 ] ] ] } },
{ "type": "Feature", "properties": { "FeatureID": "466", "HA_Area": 100.0, "OBJECTID_1": 1917, "ORIG_FID": 1918, "railway_bu": 2501.0, "Shape_Leng": 4000.0, "Shape_Area": 1000000.0, "buffer2": 0.0, "OBJECTID_2": 0, "OBJECTID_3": 0, "COUNT": 0.0, "AREA": 0.0, "MIN": 0.0, "MAX": 0.0, "RANGE": 0.0, "MEAN": 0.0, "STD": 0.0, "SUM": 0.0, "MEDIAN": 0.0, "PCT90": 0.0, "Nor": 0.0, "Shape_Le_1": 4000.0, "Shape_Ar_1": 1000000.0 }, "geometry": { "type": "Polygon", "coordinates": [ [ [ 73.263922180970496, 22.687316330698437 ], [ 73.273653295543085, 22.687421596127216 ], [ 73.27376639119656, 22.678391909446507 ], [ 73.264035913346106, 22.678286690474945 ], [ 73.263922180970496, 22.687316330698437 ] ] ] } },
{ "type": "Feature", "properties": { "FeatureID": "467", "HA_Area": 100.0, "OBJECTID_1": 1922, "ORIG_FID": 1923, "railway_bu": 2501.0, "Shape_Leng": 4000.0, "Shape_Area": 1000000.0, "buffer2": 0.0, "OBJECTID_2": 0, "OBJECTID_3": 0, "COUNT": 0.0, "AREA": 0.0, "MIN": 0.0, "MAX": 0.0, "RANGE": 0.0, "MEAN": 0.0, "STD": 0.0, "SUM": 0.0, "MEDIAN": 0.0, "PCT90": 0.0, "Nor": 0.0, "Shape_Le_1": 4000.0, "Shape_Ar_1": 1000000.0 }, "geometry": { "type": "Polygon", "coordinates": [ [ [ 73.322419635734875, 22.678909141978959 ], [ 73.31268887386679, 22.678806877162721 ], [ 73.312578325268987, 22.68783674706437 ], [ 73.322309723942297, 22.68793905703382 ], [ 73.322419635734875, 22.678909141978959 ] ] ] } },
{ "type": "Feature", "properties": { "FeatureID": "468", "HA_Area": 100.0, "OBJECTID_1": 1775, "ORIG_FID": 1776, "railway_bu": 1505.26, "Shape_Leng": 4000.0, "Shape_Area": 1000000.0, "buffer2": 0.0, "OBJECTID_2": 0, "OBJECTID_3": 0, "COUNT": 0.0, "AREA": 0.0, "MIN": 0.0, "MAX": 0.0, "RANGE": 0.0, "MEAN": 0.0, "STD": 0.0, "SUM": 0.0, "MEDIAN": 0.0, "PCT90": 0.0, "Nor": 0.0, "Shape_Le_1": 4000.0, "Shape_Ar_1": 1000000.0 }, "geometry": { "type": "Polygon", "coordinates": [ [ [ 73.351935929768132, 22.652122180306197 ], [ 73.342206909991503, 22.652021821228491 ], [ 73.342098437370367, 22.66105185781079 ], [ 73.351828093031116, 22.661152261242325 ], [ 73.351935929768132, 22.652122180306197 ] ] ] } },
{ "type": "Feature", "properties": { "FeatureID": "469", "HA_Area": 100.0, "OBJECTID_1": 1673, "ORIG_FID": 1674, "railway_bu": 2163.46, "Shape_Leng": 4000.0, "Shape_Area": 1000000.0, "buffer2": 0.0, "OBJECTID_2": 0, "OBJECTID_3": 0, "COUNT": 0.0, "AREA": 0.0, "MIN": 0.0, "MAX": 0.0, "RANGE": 0.0, "MEAN": 0.0, "STD": 0.0, "SUM": 0.0, "MEDIAN": 0.0, "PCT90": 0.0, "Nor": 0.0, "Shape_Le_1": 4000.0, "Shape_Ar_1": 1000000.0 }, "geometry": { "type": "Polygon", "coordinates": [ [ [ 73.332695995963192, 22.633860856100789 ], [ 73.322968357520992, 22.633759406534047 ], [ 73.322858724732967, 22.642789374967652 ], [ 73.332586998380918, 22.642890869398315 ], [ 73.332695995963192, 22.633860856100789 ] ] ] } },
{ "type": "Feature", "properties": { "FeatureID": "470", "HA_Area": 100.0, "OBJECTID_1": 1306, "ORIG_FID": 1307, "railway_bu": 2501.0, "Shape_Leng": 4000.0, "Shape_Area": 1000000.0, "buffer2": 0.0, "OBJECTID_2": 0, "OBJECTID_3": 0, "COUNT": 0.0, "AREA": 0.0, "MIN": 0.0, "MAX": 0.0, "RANGE": 0.0, "MEAN": 0.0, "STD": 0.0, "SUM": 0.0, "MEDIAN": 0.0, "PCT90": 0.0, "Nor": 0.0, "Shape_Le_1": 4000.0, "Shape_Ar_1": 1000000.0 }, "geometry": { "type": "Polygon", "coordinates": [ [ [ 73.168170796186516, 22.568851234359528 ], [ 73.158448584814693, 22.568740108932833 ], [ 73.158328584397523, 22.577769350100105 ], [ 73.168051428428612, 22.577880524777331 ], [ 73.168170796186516, 22.568851234359528 ] ] ] } },
{ "type": "Feature", "properties": { "FeatureID": "471", "HA_Area": 100.0, "OBJECTID_1": 1471, "ORIG_FID": 1472, "railway_bu": 1248.87, "Shape_Leng": 4000.0, "Shape_Area": 1000000.0, "buffer2": 0.0, "OBJECTID_2": 0, "OBJECTID_3": 0, "COUNT": 0.0, "AREA": 0.0, "MIN": 0.0, "MAX": 0.0, "RANGE": 0.0, "MEAN": 0.0, "STD": 0.0, "SUM": 0.0, "MEDIAN": 0.0, "PCT90": 0.0, "Nor": 0.0, "Shape_Le_1": 4000.0, "Shape_Ar_1": 1000000.0 }, "geometry": { "type": "Polygon", "coordinates": [ [ [ 73.313681286155344, 22.597537567485301 ], [ 73.303956297004689, 22.597435120277261 ], [ 73.303845619346447, 22.606465040887755 ], [ 73.313571242379282, 22.606567533458076 ], [ 73.313681286155344, 22.597537567485301 ] ] ] } },
{ "type": "Feature", "properties": { "FeatureID": "472", "HA_Area": 100.0, "OBJECTID_1": 1117, "ORIG_FID": 1118, "railway_bu": 2501.0, "Shape_Leng": 4000.0, "Shape_Area": 1000000.0, "buffer2": 0.0, "OBJECTID_2": 0, "OBJECTID_3": 0, "COUNT": 0.0, "AREA": 0.0, "MIN": 0.0, "MAX": 0.0, "RANGE": 0.0, "MEAN": 0.0, "STD": 0.0, "SUM": 0.0, "MEDIAN": 0.0, "PCT90": 0.0, "Nor": 0.0, "Shape_Le_1": 4000.0, "Shape_Ar_1": 1000000.0 }, "geometry": { "type": "Polygon", "coordinates": [ [ [ 73.275568119827696, 22.533915468130321 ], [ 73.265847785628182, 22.533810991674915 ], [ 73.265734975606833, 22.542840802962505 ], [ 73.275455941367156, 22.542945325781226 ], [ 73.275568119827696, 22.533915468130321 ] ] ] } },
{ "type": "Feature", "properties": { "FeatureID": "473", "HA_Area": 100.0, "OBJECTID_1": 1560, "ORIG_FID": 1561, "railway_bu": 2501.0, "Shape_Leng": 4000.0, "Shape_Area": 1000000.0, "buffer2": 0.0, "OBJECTID_2": 0, "OBJECTID_3": 0, "COUNT": 0.0, "AREA": 0.0, "MIN": 0.0, "MAX": 0.0, "RANGE": 0.0, "MEAN": 0.0, "STD": 0.0, "SUM": 0.0, "MEDIAN": 0.0, "PCT90": 0.0, "Nor": 0.0, "Shape_Le_1": 4000.0, "Shape_Ar_1": 1000000.0 }, "geometry": { "type": "Polygon", "coordinates": [ [ [ 73.206475466265729, 22.61443717765664 ], [ 73.19674984678602, 22.614328161275171 ], [ 73.196632077718803, 22.623357544241284 ], [ 73.20635833153986, 22.623466608862472 ], [ 73.206475466265729, 22.61443717765664 ] ] ] } },
{ "type": "Feature", "properties": { "FeatureID": "474", "HA_Area": 100.0, "OBJECTID_1": 1151, "ORIG_FID": 1152, "railway_bu": 2501.0, "Shape_Leng": 4000.0, "Shape_Area": 1000000.0, "buffer2": 0.0, "OBJECTID_2": 0, "OBJECTID_3": 0, "COUNT": 0.0, "AREA": 0.0, "MIN": 0.0, "MAX": 0.0, "RANGE": 0.0, "MEAN": 0.0, "STD": 0.0, "SUM": 0.0, "MEDIAN": 0.0, "PCT90": 0.0, "Nor": 0.0, "Shape_Le_1": 4000.0, "Shape_Ar_1": 1000000.0 }, "geometry": { "type": "Polygon", "coordinates": [ [ [ 73.119927571976234, 22.541202543092481 ], [ 73.110207565173596, 22.54108863193203 ], [ 73.110084589847588, 22.550117655253757 ], [ 73.119805228253938, 22.550231616947045 ], [ 73.119927571976234, 22.541202543092481 ] ] ] } },
{ "type": "Feature", "properties": { "FeatureID": "475", "HA_Area": 100.0, "OBJECTID_1": 1021, "ORIG_FID": 1022, "railway_bu": 2436.49, "Shape_Leng": 4000.0, "Shape_Area": 1000000.0, "buffer2": 0.0, "OBJECTID_2": 0, "OBJECTID_3": 0, "COUNT": 0.0, "AREA": 0.0, "MIN": 0.0, "MAX": 0.0, "RANGE": 0.0, "MEAN": 0.0, "STD": 0.0, "SUM": 0.0, "MEDIAN": 0.0, "PCT90": 0.0, "Nor": 0.0, "Shape_Le_1": 4000.0, "Shape_Ar_1": 1000000.0 }, "geometry": { "type": "Polygon", "coordinates": [ [ [ 73.314669161668689, 22.516267394565546 ], [ 73.304949862957244, 22.516165355360439 ], [ 73.304839691696799, 22.525195371813886 ], [ 73.314559621391439, 22.525297456329799 ], [ 73.314669161668689, 22.516267394565546 ] ] ] } },
{ "type": "Feature", "properties": { "FeatureID": "476", "HA_Area": 100.0, "OBJECTID_1": 1311, "ORIG_FID": 1312, "railway_bu": 2056.96, "Shape_Leng": 4000.0, "Shape_Area": 1000000.0, "buffer2": 0.0, "OBJECTID_2": 0, "OBJECTID_3": 0, "COUNT": 0.0, "AREA": 0.0, "MIN": 0.0, "MAX": 0.0, "RANGE": 0.0, "MEAN": 0.0, "STD": 0.0, "SUM": 0.0, "MEDIAN": 0.0, "PCT90": 0.0, "Nor": 0.0, "Shape_Le_1": 4000.0, "Shape_Ar_1": 1000000.0 }, "geometry": { "type": "Polygon", "coordinates": [ [ [ 73.216782758491362, 22.569398048459011 ], [ 73.207060246377836, 22.569289860759802 ], [ 73.20694340943318, 22.57831934557656 ], [ 73.216666554293582, 22.57842758122468 ], [ 73.216782758491362, 22.569398048459011 ] ] ] } },
{ "type": "Feature", "properties": { "FeatureID": "477", "HA_Area": 100.0, "OBJECTID_1": 1057, "ORIG_FID": 1058, "railway_bu": 2501.0, "Shape_Leng": 4000.0, "Shape_Area": 1000000.0, "buffer2": 0.0, "OBJECTID_2": 0, "OBJECTID_3": 0, "COUNT": 0.0, "AREA": 0.0, "MIN": 0.0, "MAX": 0.0, "RANGE": 0.0, "MEAN": 0.0, "STD": 0.0, "SUM": 0.0, "MEDIAN": 0.0, "PCT90": 0.0, "Nor": 0.0, "Shape_Le_1": 4000.0, "Shape_Ar_1": 1000000.0 }, "geometry": { "type": "Polygon", "coordinates": [ [ [ 73.178485837050914, 22.523814914349565 ], [ 73.168766723442744, 22.523704621297053 ], [ 73.168647659470338, 22.532733965360979 ], [ 73.178367404146215, 22.532844307372844 ], [ 73.178485837050914, 22.523814914349565 ] ] ] } },
{ "type": "Feature", "properties": { "FeatureID": "478", "HA_Area": 100.0, "OBJECTID_1": 1557, "ORIG_FID": 1558, "railway_bu": 2501.0, "Shape_Leng": 4000.0, "Shape_Area": 1000000.0, "buffer2": 0.0, "OBJECTID_2": 0, "OBJECTID_3": 0, "COUNT": 0.0, "AREA": 0.0, "MIN": 0.0, "MAX": 0.0, "RANGE": 0.0, "MEAN": 0.0, "STD": 0.0, "SUM": 0.0, "MEDIAN": 0.0, "PCT90": 0.0, "Nor": 0.0, "Shape_Le_1": 4000.0, "Shape_Ar_1": 1000000.0 }, "geometry": { "type": "Polygon", "coordinates": [ [ [ 73.16745367713213, 22.623026815700012 ], [ 73.177179750192309, 22.623137647645159 ], [ 73.177298787889697, 22.614108361939969 ], [ 73.167573349118157, 22.613997579016001 ], [ 73.16745367713213, 22.623026815700012 ] ] ] } },
{ "type": "Feature", "properties": { "FeatureID": "479", "HA_Area": 100.0, "OBJECTID_1": 1274, "ORIG_FID": 1275, "railway_bu": 2501.0, "Shape_Leng": 4000.0, "Shape_Area": 1000000.0, "buffer2": 0.0, "OBJECTID_2": 0, "OBJECTID_3": 0, "COUNT": 0.0, "AREA": 0.0, "MIN": 0.0, "MAX": 0.0, "RANGE": 0.0, "MEAN": 0.0, "STD": 0.0, "SUM": 0.0, "MEDIAN": 0.0, "PCT90": 0.0, "Nor": 0.0, "Shape_Le_1": 4000.0, "Shape_Ar_1": 1000000.0 }, "geometry": { "type": "Polygon", "coordinates": [ [ [ 73.343288606242098, 22.56172086962032 ], [ 73.33356598252989, 22.561620366259771 ], [ 73.33345742792838, 22.570650464738659 ], [ 73.34318068428199, 22.570751012657389 ], [ 73.343288606242098, 22.56172086962032 ] ] ] } },
{ "type": "Feature", "properties": { "FeatureID": "480", "HA_Area": 100.0, "OBJECTID_1": 1808, "ORIG_FID": 1809, "railway_bu": 2501.0, "Shape_Leng": 4000.0, "Shape_Area": 1000000.0, "buffer2": 0.0, "OBJECTID_2": 0, "OBJECTID_3": 0, "COUNT": 0.0, "AREA": 0.0, "MIN": 0.0, "MAX": 0.0, "RANGE": 0.0, "MEAN": 0.0, "STD": 0.0, "SUM": 0.0, "MEDIAN": 0.0, "PCT90": 0.0, "Nor": 0.0, "Shape_Le_1": 4000.0, "Shape_Ar_1": 1000000.0 }, "geometry": { "type": "Polygon", "coordinates": [ [ [ 73.176702993463337, 22.659254682920295 ], [ 73.17658365270772, 22.668283914835186 ], [ 73.186312962716826, 22.668394401583395 ], [ 73.186431667552085, 22.65936512087692 ], [ 73.176702993463337, 22.659254682920295 ] ] ] } },
{ "type": "Feature", "properties": { "FeatureID": "481", "HA_Area": 100.0, "OBJECTID_1": 1307, "ORIG_FID": 1308, "railway_bu": 2501.0, "Shape_Leng": 4000.0, "Shape_Area": 1000000.0, "buffer2": 0.0, "OBJECTID_2": 0, "OBJECTID_3": 0, "COUNT": 0.0, "AREA": 0.0, "MIN": 0.0, "MAX": 0.0, "RANGE": 0.0, "MEAN": 0.0, "STD": 0.0, "SUM": 0.0, "MEDIAN": 0.0, "PCT90": 0.0, "Nor": 0.0, "Shape_Le_1": 4000.0, "Shape_Ar_1": 1000000.0 }, "geometry": { "type": "Polygon", "coordinates": [ [ [ 73.168170796186516, 22.568851234359528 ], [ 73.168051428428612, 22.577880524777331 ], [ 73.177774333269866, 22.577991111678521 ], [ 73.177893068350784, 22.568961772270505 ], [ 73.168170796186516, 22.568851234359528 ] ] ] } },
{ "type": "Feature", "properties": { "FeatureID": "482", "HA_Area": 100.0, "OBJECTID_1": 1864, "ORIG_FID": 1865, "railway_bu": 2501.0, "Shape_Leng": 4000.0, "Shape_Area": 1000000.0, "buffer2": 0.0, "OBJECTID_2": 0, "OBJECTID_3": 0, "COUNT": 0.0, "AREA": 0.0, "MIN": 0.0, "MAX": 0.0, "RANGE": 0.0, "MEAN": 0.0, "STD": 0.0, "SUM": 0.0, "MEDIAN": 0.0, "PCT90": 0.0, "Nor": 0.0, "Shape_Le_1": 4000.0, "Shape_Ar_1": 1000000.0 }, "geometry": { "type": "Polygon", "coordinates": [ [ [ 73.234844827728438, 22.677967488886097 ], [ 73.244575131288769, 22.678074480180356 ], [ 73.244690078637873, 22.66904492292425 ], [ 73.234960411425433, 22.668937978863536 ], [ 73.234844827728438, 22.677967488886097 ] ] ] } },
{ "type": "Feature", "properties": { "FeatureID": "483", "HA_Area": 100.0, "OBJECTID_1": 1821, "ORIG_FID": 1822, "railway_bu": 2501.0, "Shape_Leng": 4000.0, "Shape_Area": 1000000.0, "buffer2": 0.0, "OBJECTID_2": 0, "OBJECTID_3": 0, "COUNT": 0.0, "AREA": 0.0, "MIN": 0.0, "MAX": 0.0, "RANGE": 0.0, "MEAN": 0.0, "STD": 0.0, "SUM": 0.0, "MEDIAN": 0.0, "PCT90": 0.0, "Nor": 0.0, "Shape_Le_1": 4000.0, "Shape_Ar_1": 1000000.0 }, "geometry": { "type": "Polygon", "coordinates": [ [ [ 73.312909802608175, 22.660747105297784 ], [ 73.303180369504673, 22.660644340433201 ], [ 73.303069297061981, 22.669674186305627 ], [ 73.312799366307701, 22.669776996572711 ], [ 73.312909802608175, 22.660747105297784 ] ] ] } },
{ "type": "Feature", "properties": { "FeatureID": "484", "HA_Area": 100.0, "OBJECTID_1": 1607, "ORIG_FID": 1608, "railway_bu": 2501.0, "Shape_Leng": 4000.0, "Shape_Area": 1000000.0, "buffer2": 0.0, "OBJECTID_2": 0, "OBJECTID_3": 0, "COUNT": 0.0, "AREA": 0.0, "MIN": 0.0, "MAX": 0.0, "RANGE": 0.0, "MEAN": 0.0, "STD": 0.0, "SUM": 0.0, "MEDIAN": 0.0, "PCT90": 0.0, "Nor": 0.0, "Shape_Le_1": 4000.0, "Shape_Ar_1": 1000000.0 }, "geometry": { "type": "Polygon", "coordinates": [ [ [ 73.177179750192309, 22.623137647645159 ], [ 73.16745367713213, 22.623026815700012 ], [ 73.167333944247261, 22.632056041626743 ], [ 73.177060651918666, 22.632166922599286 ], [ 73.177179750192309, 22.623137647645159 ] ] ] } },
{ "type": "Feature", "properties": { "FeatureID": "485", "HA_Area": 100.0, "OBJECTID_1": 1757, "ORIG_FID": 1758, "railway_bu": 2501.0, "Shape_Leng": 4000.0, "Shape_Area": 1000000.0, "buffer2": 0.0, "OBJECTID_2": 0, "OBJECTID_3": 0, "COUNT": 0.0, "AREA": 0.0, "MIN": 0.0, "MAX": 0.0, "RANGE": 0.0, "MEAN": 0.0, "STD": 0.0, "SUM": 0.0, "MEDIAN": 0.0, "PCT90": 0.0, "Nor": 0.0, "Shape_Le_1": 4000.0, "Shape_Ar_1": 1000000.0 }, "geometry": { "type": "Polygon", "coordinates": [ [ [ 73.176702993463337, 22.659254682920295 ], [ 73.176822273571887, 22.650225440240355 ], [ 73.167094295709802, 22.65011446119442 ], [ 73.166974380021614, 22.659143654828341 ], [ 73.176702993463337, 22.659254682920295 ] ] ] } },
{ "type": "Feature", "properties": { "FeatureID": "486", "HA_Area": 100.0, "OBJECTID_1": 1913, "ORIG_FID": 1914, "railway_bu": 2501.0, "Shape_Leng": 4000.0, "Shape_Area": 1000000.0, "buffer2": 0.0, "OBJECTID_2": 0, "OBJECTID_3": 0, "COUNT": 0.0, "AREA": 0.0, "MIN": 0.0, "MAX": 0.0, "RANGE": 0.0, "MEAN": 0.0, "STD": 0.0, "SUM": 0.0, "MEDIAN": 0.0, "PCT90": 0.0, "Nor": 0.0, "Shape_Le_1": 4000.0, "Shape_Ar_1": 1000000.0 }, "geometry": { "type": "Polygon", "coordinates": [ [ [ 73.234844827728438, 22.677967488886097 ], [ 73.225114582911303, 22.677859906846493 ], [ 73.224998303817102, 22.686889358633369 ], [ 73.234729185288202, 22.68699698817327 ], [ 73.234844827728438, 22.677967488886097 ] ] ] } },
{ "type": "Feature", "properties": { "FeatureID": "487", "HA_Area": 100.0, "OBJECTID_1": 1924, "ORIG_FID": 1925, "railway_bu": 2223.21, "Shape_Leng": 4000.0, "Shape_Area": 1000000.0, "buffer2": 0.0, "OBJECTID_2": 0, "OBJECTID_3": 0, "COUNT": 0.0, "AREA": 0.0, "MIN": 0.0, "MAX": 0.0, "RANGE": 0.0, "MEAN": 0.0, "STD": 0.0, "SUM": 0.0, "MEDIAN": 0.0, "PCT90": 0.0, "Nor": 0.0, "Shape_Le_1": 4000.0, "Shape_Ar_1": 1000000.0 }, "geometry": { "type": "Polygon", "coordinates": [ [ [ 73.341881326648291, 22.679111898978764 ], [ 73.332150453436483, 22.67901081592224 ], [ 73.332041178465474, 22.688040775869482 ], [ 73.341772688515093, 22.688141903557561 ], [ 73.341881326648291, 22.679111898978764 ] ] ] } },
{ "type": "Feature", "properties": { "FeatureID": "488", "HA_Area": 100.0, "OBJECTID_1": 1703, "ORIG_FID": 1704, "railway_bu": 2501.0, "Shape_Leng": 4000.0, "Shape_Area": 1000000.0, "buffer2": 0.0, "OBJECTID_2": 0, "OBJECTID_3": 0, "COUNT": 0.0, "AREA": 0.0, "MIN": 0.0, "MAX": 0.0, "RANGE": 0.0, "MEAN": 0.0, "STD": 0.0, "SUM": 0.0, "MEDIAN": 0.0, "PCT90": 0.0, "Nor": 0.0, "Shape_Le_1": 4000.0, "Shape_Ar_1": 1000000.0 }, "geometry": { "type": "Polygon", "coordinates": [ [ [ 73.13803248952739, 22.640748929240139 ], [ 73.128305392596417, 22.640635640928508 ], [ 73.128182997012445, 22.649664646565348 ], [ 73.137910729128407, 22.649777984959023 ], [ 73.13803248952739, 22.640748929240139 ] ] ] } },
{ "type": "Feature", "properties": { "FeatureID": "489", "HA_Area": 100.0, "OBJECTID_1": 1875, "ORIG_FID": 1876, "railway_bu": 1021.0, "Shape_Leng": 4000.0, "Shape_Area": 1000000.0, "buffer2": 0.0, "OBJECTID_2": 0, "OBJECTID_3": 0, "COUNT": 0.0, "AREA": 0.0, "MIN": 0.0, "MAX": 0.0, "RANGE": 0.0, "MEAN": 0.0, "STD": 0.0, "SUM": 0.0, "MEDIAN": 0.0, "PCT90": 0.0, "Nor": 0.0, "Shape_Le_1": 4000.0, "Shape_Ar_1": 1000000.0 }, "geometry": { "type": "Polygon", "coordinates": [ [ [ 73.341881326648291, 22.679111898978764 ], [ 73.351612255046916, 22.679212391134836 ], [ 73.351720201462726, 22.670182331519687 ], [ 73.341989909594659, 22.670081883728695 ], [ 73.341881326648291, 22.679111898978764 ] ] ] } },
{ "type": "Feature", "properties": { "FeatureID": "490", "HA_Area": 100.0, "OBJECTID_1": 1374, "ORIG_FID": 1375, "railway_bu": 2501.0, "Shape_Leng": 4000.0, "Shape_Area": 1000000.0, "buffer2": 0.0, "OBJECTID_2": 0, "OBJECTID_3": 0, "COUNT": 0.0, "AREA": 0.0, "MIN": 0.0, "MAX": 0.0, "RANGE": 0.0, "MEAN": 0.0, "STD": 0.0, "SUM": 0.0, "MEDIAN": 0.0, "PCT90": 0.0, "Nor": 0.0, "Shape_Le_1": 4000.0, "Shape_Ar_1": 1000000.0 }, "geometry": { "type": "Polygon", "coordinates": [ [ [ 73.343072707327991, 22.579781145064473 ], [ 73.333348818010734, 22.579680552581937 ], [ 73.333240152760851, 22.58871062978616 ], [ 73.342964675364087, 22.588811266838125 ], [ 73.343072707327991, 22.579781145064473 ] ] ] } },
{ "type": "Feature", "properties": { "FeatureID": "491", "HA_Area": 100.0, "OBJECTID_1": 1203, "ORIG_FID": 1204, "railway_bu": 2501.0, "Shape_Leng": 4000.0, "Shape_Area": 1000000.0, "buffer2": 0.0, "OBJECTID_2": 0, "OBJECTID_3": 0, "COUNT": 0.0, "AREA": 0.0, "MIN": 0.0, "MAX": 0.0, "RANGE": 0.0, "MEAN": 0.0, "STD": 0.0, "SUM": 0.0, "MEDIAN": 0.0, "PCT90": 0.0, "Nor": 0.0, "Shape_Le_1": 4000.0, "Shape_Ar_1": 1000000.0 }, "geometry": { "type": "Polygon", "coordinates": [ [ [ 73.139246691843468, 22.550457779560464 ], [ 73.129525929026499, 22.550344991721065 ], [ 73.129404154881641, 22.559374105094037 ], [ 73.139125549660292, 22.55948694295223 ], [ 73.139246691843468, 22.550457779560464 ] ] ] } },
{ "type": "Feature", "properties": { "FeatureID": "492", "HA_Area": 100.0, "OBJECTID_1": 1951, "ORIG_FID": 1952, "railway_bu": 563.534, "Shape_Leng": 4000.0, "Shape_Area": 1000000.0, "buffer2": 0.0, "OBJECTID_2": 0, "OBJECTID_3": 0, "COUNT": 0.0, "AREA": 0.0, "MIN": 0.0, "MAX": 0.0, "RANGE": 0.0, "MEAN": 0.0, "STD": 0.0, "SUM": 0.0, "MEDIAN": 0.0, "PCT90": 0.0, "Nor": 0.0, "Shape_Le_1": 4000.0, "Shape_Ar_1": 1000000.0 }, "geometry": { "type": "Polygon", "coordinates": [ [ [ 73.11796257828918, 22.685666431521412 ], [ 73.108232427160132, 22.685551711069071 ], [ 73.108108446630339, 22.694580561696267 ], [ 73.117839234522961, 22.694695332783816 ], [ 73.11796257828918, 22.685666431521412 ] ] ] } },
{ "type": "Feature", "properties": { "FeatureID": "493", "HA_Area": 100.0, "OBJECTID_1": 1751, "ORIG_FID": 1752, "railway_bu": 2501.0, "Shape_Leng": 4000.0, "Shape_Area": 1000000.0, "buffer2": 0.0, "OBJECTID_2": 0, "OBJECTID_3": 0, "COUNT": 0.0, "AREA": 0.0, "MIN": 0.0, "MAX": 0.0, "RANGE": 0.0, "MEAN": 0.0, "STD": 0.0, "SUM": 0.0, "MEDIAN": 0.0, "PCT90": 0.0, "Nor": 0.0, "Shape_Le_1": 4000.0, "Shape_Ar_1": 1000000.0 }, "geometry": { "type": "Polygon", "coordinates": [ [ [ 73.118455327140168, 22.649550718372929 ], [ 73.108727719834391, 22.649436200397197 ], [ 73.108603991045769, 22.658465094282594 ], [ 73.118332233822898, 22.658579662867851 ], [ 73.118455327140168, 22.649550718372929 ] ] ] } },
{ "type": "Feature", "properties": { "FeatureID": "494", "HA_Area": 100.0, "OBJECTID_1": 1319, "ORIG_FID": 1320, "railway_bu": 1828.74, "Shape_Leng": 4000.0, "Shape_Area": 1000000.0, "buffer2": 0.0, "OBJECTID_2": 0, "OBJECTID_3": 0, "COUNT": 0.0, "AREA": 0.0, "MIN": 0.0, "MAX": 0.0, "RANGE": 0.0, "MEAN": 0.0, "STD": 0.0, "SUM": 0.0, "MEDIAN": 0.0, "PCT90": 0.0, "Nor": 0.0, "Shape_Le_1": 4000.0, "Shape_Ar_1": 1000000.0 }, "geometry": { "type": "Polygon", "coordinates": [ [ [ 73.294564958897368, 22.570242395607686 ], [ 73.284841982346521, 22.570138909030007 ], [ 73.28473020785421, 22.579168770147863 ], [ 73.294453817287206, 22.579272302591455 ], [ 73.294564958897368, 22.570242395607686 ] ] ] } },
{ "type": "Feature", "properties": { "FeatureID": "495", "HA_Area": 100.0, "OBJECTID_1": 1361, "ORIG_FID": 1362, "railway_bu": 2501.0, "Shape_Leng": 4000.0, "Shape_Area": 1000000.0, "buffer2": 0.0, "OBJECTID_2": 0, "OBJECTID_3": 0, "COUNT": 0.0, "AREA": 0.0, "MIN": 0.0, "MAX": 0.0, "RANGE": 0.0, "MEAN": 0.0, "STD": 0.0, "SUM": 0.0, "MEDIAN": 0.0, "PCT90": 0.0, "Nor": 0.0, "Shape_Le_1": 4000.0, "Shape_Ar_1": 1000000.0 }, "geometry": { "type": "Polygon", "coordinates": [ [ [ 73.216666554293582, 22.57842758122468 ], [ 73.20694340943318, 22.57831934557656 ], [ 73.206826512966984, 22.587348819678116 ], [ 73.216550290896436, 22.587457103281199 ], [ 73.216666554293582, 22.57842758122468 ] ] ] } },
{ "type": "Feature", "properties": { "FeatureID": "496", "HA_Area": 100.0, "OBJECTID_1": 1569, "ORIG_FID": 1570, "railway_bu": 2359.43, "Shape_Leng": 4000.0, "Shape_Area": 1000000.0, "buffer2": 0.0, "OBJECTID_2": 0, "OBJECTID_3": 0, "COUNT": 0.0, "AREA": 0.0, "MIN": 0.0, "MAX": 0.0, "RANGE": 0.0, "MEAN": 0.0, "STD": 0.0, "SUM": 0.0, "MEDIAN": 0.0, "PCT90": 0.0, "Nor": 0.0, "Shape_Le_1": 4000.0, "Shape_Ar_1": 1000000.0 }, "geometry": { "type": "Polygon", "coordinates": [ [ [ 73.29400868446703, 22.61539182387299 ], [ 73.284282540281751, 22.61528810790778 ], [ 73.284170480904791, 22.624317915652565 ], [ 73.293897259584512, 22.624421677512679 ], [ 73.29400868446703, 22.61539182387299 ] ] ] } },
{ "type": "Feature", "properties": { "FeatureID": "497", "HA_Area": 100.0, "OBJECTID_1": 1211, "ORIG_FID": 1212, "railway_bu": 637.955, "Shape_Leng": 4000.0, "Shape_Area": 1000000.0, "buffer2": 0.0, "OBJECTID_2": 0, "OBJECTID_3": 0, "COUNT": 0.0, "AREA": 0.0, "MIN": 0.0, "MAX": 0.0, "RANGE": 0.0, "MEAN": 0.0, "STD": 0.0, "SUM": 0.0, "MEDIAN": 0.0, "PCT90": 0.0, "Nor": 0.0, "Shape_Le_1": 4000.0, "Shape_Ar_1": 1000000.0 }, "geometry": { "type": "Polygon", "coordinates": [ [ [ 73.217014989357835, 22.551338950814191 ], [ 73.207293741771849, 22.551230858994646 ], [ 73.207177023818289, 22.560260365231333 ], [ 73.216898903507044, 22.560368504987693 ], [ 73.217014989357835, 22.551338950814191 ] ] ] } },
{ "type": "Feature", "properties": { "FeatureID": "498", "HA_Area": 100.0, "OBJECTID_1": 1353, "ORIG_FID": 1354, "railway_bu": 2501.0, "Shape_Leng": 4000.0, "Shape_Area": 1000000.0, "buffer2": 0.0, "OBJECTID_2": 0, "OBJECTID_3": 0, "COUNT": 0.0, "AREA": 0.0, "MIN": 0.0, "MAX": 0.0, "RANGE": 0.0, "MEAN": 0.0, "STD": 0.0, "SUM": 0.0, "MEDIAN": 0.0, "PCT90": 0.0, "Nor": 0.0, "Shape_Le_1": 4000.0, "Shape_Ar_1": 1000000.0 }, "geometry": { "type": "Polygon", "coordinates": [ [ [ 73.138883080054342, 22.577545237477835 ], [ 73.129160420386455, 22.577432299563139 ], [ 73.12903846, 22.586461380652235 ], [ 73.138761752595556, 22.586574368604659 ], [ 73.138883080054342, 22.577545237477835 ] ] ] } },
{ "type": "Feature", "properties": { "FeatureID": "499", "HA_Area": 100.0, "OBJECTID_1": 1251, "ORIG_FID": 1252, "railway_bu": 2501.0, "Shape_Leng": 4000.0, "Shape_Area": 1000000.0, "buffer2": 0.0, "OBJECTID_2": 0, "OBJECTID_3": 0, "COUNT": 0.0, "AREA": 0.0, "MIN": 0.0, "MAX": 0.0, "RANGE": 0.0, "MEAN": 0.0, "STD": 0.0, "SUM": 0.0, "MEDIAN": 0.0, "PCT90": 0.0, "Nor": 0.0, "Shape_Le_1": 4000.0, "Shape_Ar_1": 1000000.0 }, "geometry": { "type": "Polygon", "coordinates": [ [ [ 73.119682822165444, 22.559260680041024 ], [ 73.109961551833592, 22.559146667808534 ], [ 73.109838451113347, 22.568175669592808 ], [ 73.119560353692577, 22.568289732370879 ], [ 73.119682822165444, 22.559260680041024 ] ] ] } },
{ "type": "Feature", "properties": { "FeatureID": "500", "HA_Area": 100.0, "OBJECTID_1": 1066, "ORIG_FID": 1067, "railway_bu": 2295.8, "Shape_Leng": 4000.0, "Shape_Area": 1000000.0, "buffer2": 0.0, "OBJECTID_2": 0, "OBJECTID_3": 0, "COUNT": 0.0, "AREA": 0.0, "MIN": 0.0, "MAX": 0.0, "RANGE": 0.0, "MEAN": 0.0, "STD": 0.0, "SUM": 0.0, "MEDIAN": 0.0, "PCT90": 0.0, "Nor": 0.0, "Shape_Le_1": 4000.0, "Shape_Ar_1": 1000000.0 }, "geometry": { "type": "Polygon", "coordinates": [ [ [ 73.265960538145023, 22.524781169725319 ], [ 73.256240892672324, 22.524676153267013 ], [ 73.256127508933176, 22.533705928598923 ], [ 73.265847785628182, 22.533810991674915 ], [ 73.265960538145023, 22.524781169725319 ] ] ] } }
]
}
