{
"type": "FeatureCollection",
"name": "output",
"crs": { "type": "name", "properties": { "name": "urn:ogc:def:crs:OGC:1.3:CRS84" } },
"features": [
{ "type": "Feature", "properties": { "FeatureID": "1", "HA_Area": 100.0, "NE": 0.0, "NH": 0.0, "SH": 551.945, "MR": 0.0, "Norm_NE": 0.0, "Norm_NH": 0.0, "Norm_SH": 0.81888037356200005, "Norm_MR": 0.0, "Roads_Sum": 1.63776, "Roads_1_S_": 0.81888, "nor_roads": 0.18961811236000001, "Shape_Leng": 4000.0, "Shape_Area": 1000000.0 }, "geometry": { "type": "Polygon", "coordinates": [ [ [ 73.128305392596417, 22.640635640928508 ], [ 73.118578357890925, 22.640521763078674 ], [ 73.118455327140168, 22.649550718372929 ], [ 73.128182997012445, 22.649664646565348 ], [ 73.128305392596417, 22.640635640928508 ] ] ] } },
{ "type": "Feature", "properties": { "FeatureID": "2", "HA_Area": 100.0, "NE": 0.0, "NH": 0.0, "SH": 0.0, "MR": 0.0, "Norm_NE": 0.0, "Norm_NH": 0.0, "Norm_SH": 0.0, "Norm_MR": 0.0, "Roads_Sum": 0.0, "Roads_1_S_": 0.0, "nor_roads": 0.0, "Shape_Leng": 4000.0, "Shape_Area": 1000000.0 }, "geometry": { "type": "Polygon", "coordinates": [ [ [ 73.206123883245667, 22.641525439072691 ], [ 73.196396359773857, 22.641416277953752 ], [ 73.19627841086114, 22.65044562869311 ], [ 73.206006569642511, 22.650554838070093 ], [ 73.206123883245667, 22.641525439072691 ] ] ] } },
{ "type": "Feature", "properties": { "FeatureID": "3", "HA_Area": 100.0, "NE": 0.0, "NH": 0.0, "SH": 1969.96, "MR": 0.0, "Norm_NE": 0.0, "Norm_NH": 0.0, "Norm_SH": 0.222806536172, "Norm_MR": 0.0, "Roads_Sum": 0.445613, "Roads_1_S_": 0.222807, "nor_roads": 0.0515925978615, "Shape_Leng": 4000.0, "Shape_Area": 1000000.0 }, "geometry": { "type": "Polygon", "coordinates": [ [ [ 73.168051428428612, 22.577880524777331 ], [ 73.158328584397523, 22.577769350100105 ], [ 73.158208522848057, 22.586798580521414 ], [ 73.167931999860556, 22.586909804455392 ], [ 73.168051428428612, 22.577880524777331 ] ] ] } },
{ "type": "Feature", "properties": { "FeatureID": "4", "HA_Area": 100.0, "NE": 0.0, "NH": 0.0, "SH": 1838.9, "MR": 0.0, "Norm_NE": 0.0, "Norm_NH": 0.0, "Norm_SH": 0.277898620421, "Norm_MR": 0.0, "Roads_Sum": 0.555797, "Roads_1_S_": 0.277899, "nor_roads": 0.064349582105700007, "Shape_Leng": 4000.0, "Shape_Area": 1000000.0 }, "geometry": { "type": "Polygon", "coordinates": [ [ [ 73.216550290896436, 22.587457103281199 ], [ 73.206826512966984, 22.587348819678116 ], [ 73.206709556961926, 22.596378283060975 ], [ 73.216433968282715, 22.596486614625078 ], [ 73.216550290896436, 22.587457103281199 ] ] ] } },
{ "type": "Feature", "properties": { "FeatureID": "5", "HA_Area": 100.0, "NE": 0.0, "NH": 0.0, "SH": 0.0, "MR": 0.0, "Norm_NE": 0.0, "Norm_NH": 0.0, "Norm_SH": 0.0, "Norm_MR": 0.0, "Roads_Sum": 0.0, "Roads_1_S_": 0.0, "nor_roads": 0.0, "Shape_Leng": 4000.0, "Shape_Area": 1000000.0 }, "geometry": { "type": "Polygon", "coordinates": [ [ [ 73.149208352605555, 22.53251152192782 ], [ 73.139488791059946, 22.532399420536624 ], [ 73.139367772304027, 22.541428605420748 ], [ 73.149087965185743, 22.541540756557975 ], [ 73.149208352605555, 22.53251152192782 ] ] ] } },
{ "type": "Feature", "properties": { "FeatureID": "6", "HA_Area": 100.0, "NE": 0.0, "NH": 0.0, "SH": 818.233, "MR": 0.0, "Norm_NE": 0.0, "Norm_NH": 0.0, "Norm_SH": 0.70694411501400001, "Norm_MR": 0.0, "Roads_Sum": 1.41389, "Roads_1_S_": 0.706944, "nor_roads": 0.163698677835, "Shape_Leng": 4000.0, "Shape_Area": 1000000.0 }, "geometry": { "type": "Polygon", "coordinates": [ [ [ 73.245378536868628, 22.614867354264664 ], [ 73.235652680960456, 22.614760693479539 ], [ 73.235537449362596, 22.623790267841475 ], [ 73.245263939681109, 22.623896975824241 ], [ 73.245378536868628, 22.614867354264664 ] ] ] } },
{ "type": "Feature", "properties": { "FeatureID": "7", "HA_Area": 100.0, "NE": 0.0, "NH": 0.0, "SH": 2205.16, "MR": 775.615, "Norm_NE": 0.0, "Norm_NH": 0.0, "Norm_SH": 0.12393837043600001, "Norm_MR": 0.261325658041, "Roads_Sum": 0.509202, "Roads_1_S_": 0.385264, "nor_roads": 0.0589548652832, "Shape_Leng": 4000.0, "Shape_Area": 1000000.0 }, "geometry": { "type": "Polygon", "coordinates": [ [ [ 73.31302018278457, 22.651717203341391 ], [ 73.30329138550016, 22.651614483873558 ], [ 73.303180369504673, 22.660644340433201 ], [ 73.312909802608175, 22.660747105297784 ], [ 73.31302018278457, 22.651717203341391 ] ] ] } },
{ "type": "Feature", "properties": { "FeatureID": "8", "HA_Area": 100.0, "NE": 0.0, "NH": 0.0, "SH": 2201.48, "MR": 805.488, "Norm_NE": 0.0, "Norm_NH": 0.0, "Norm_SH": 0.12548525890100001, "Norm_MR": 0.226048867613, "Roads_Sum": 0.477019, "Roads_1_S_": 0.351534, "nor_roads": 0.055228752825599997, "Shape_Leng": 4000.0, "Shape_Area": 1000000.0 }, "geometry": { "type": "Polygon", "coordinates": [ [ [ 73.265283160141664, 22.578959941423363 ], [ 73.255559722506618, 22.578854645170733 ], [ 73.255445991557266, 22.587884356443226 ], [ 73.265170062346655, 22.587989699348835 ], [ 73.265283160141664, 22.578959941423363 ] ] ] } },
{ "type": "Feature", "properties": { "FeatureID": "9", "HA_Area": 100.0, "NE": 0.0, "NH": 0.0, "SH": 589.865, "MR": 865.384, "Norm_NE": 0.0, "Norm_NH": 0.0, "Norm_SH": 0.802940407859, "Norm_MR": 0.155318124024, "Roads_Sum": 1.7612, "Roads_1_S_": 0.958259, "nor_roads": 0.20390985335600001, "Shape_Leng": 4000.0, "Shape_Area": 1000000.0 }, "geometry": { "type": "Polygon", "coordinates": [ [ [ 73.226620842360674, 22.560476057414601 ], [ 73.236342840057205, 22.560583022497507 ], [ 73.236457661650888, 22.55155337323124 ], [ 73.226736296091474, 22.55144645556457 ], [ 73.226620842360674, 22.560476057414601 ] ] ] } },
{ "type": "Feature", "properties": { "FeatureID": "10", "HA_Area": 100.0, "NE": 0.0, "NH": 0.0, "SH": 1423.63, "MR": 541.86, "Norm_NE": 0.0, "Norm_NH": 0.0, "Norm_SH": 0.45246066820800002, "Norm_MR": 0.53736523315999996, "Roads_Sum": 1.44229, "Roads_1_S_": 0.989826, "nor_roads": 0.166986793119, "Shape_Leng": 4000.0, "Shape_Area": 1000000.0 }, "geometry": { "type": "Polygon", "coordinates": [ [ [ 73.207410400255839, 22.542201342053229 ], [ 73.197689843903021, 22.542092711370167 ], [ 73.197572553655462, 22.551122180120576 ], [ 73.207293741771849, 22.551230858994646 ], [ 73.207410400255839, 22.542201342053229 ] ] ] } },
{ "type": "Feature", "properties": { "FeatureID": "11", "HA_Area": 100.0, "NE": 0.0, "NH": 0.0, "SH": 0.0, "MR": 0.0, "Norm_NE": 0.0, "Norm_NH": 0.0, "Norm_SH": 0.0, "Norm_MR": 0.0, "Roads_Sum": 0.0, "Roads_1_S_": 0.0, "nor_roads": 0.0, "Shape_Leng": 4000.0, "Shape_Area": 1000000.0 }, "geometry": { "type": "Polygon", "coordinates": [ [ [ 73.156883805970224, 22.686119404918834 ], [ 73.147153406221676, 22.686007047862045 ], [ 73.147031972855771, 22.695036099465867 ], [ 73.156763009440638, 22.695148506115036 ], [ 73.156883805970224, 22.686119404918834 ] ] ] } },
{ "type": "Feature", "properties": { "FeatureID": "12", "HA_Area": 100.0, "NE": 0.0, "NH": 0.0, "SH": 337.621, "MR": 0.0, "Norm_NE": 0.0, "Norm_NH": 0.0, "Norm_SH": 0.90897316973099995, "Norm_MR": 0.0, "Roads_Sum": 1.81795, "Roads_1_S_": 0.908973, "nor_roads": 0.21048031472100001, "Shape_Leng": 4000.0, "Shape_Area": 1000000.0 }, "geometry": { "type": "Polygon", "coordinates": [ [ [ 73.197924245093276, 22.524033741750952 ], [ 73.207643538884255, 22.524142276070215 ], [ 73.207760019063244, 22.515112727035604 ], [ 73.198041356070704, 22.515004240889144 ], [ 73.197924245093276, 22.524033741750952 ] ] ] } },
{ "type": "Feature", "properties": { "FeatureID": "13", "HA_Area": 100.0, "NE": 0.0, "NH": 0.0, "SH": 146.82, "MR": 580.959, "Norm_NE": 0.0, "Norm_NH": 0.0, "Norm_SH": 0.98917788189, "Norm_MR": 0.49119351126, "Roads_Sum": 2.46955, "Roads_1_S_": 1.48037, "nor_roads": 0.28592185485499999, "Shape_Leng": 4000.0, "Shape_Area": 1000000.0 }, "geometry": { "type": "Polygon", "coordinates": [ [ [ 73.226620842360674, 22.560476057414601 ], [ 73.216898903507044, 22.560368504987693 ], [ 73.216782758491362, 22.569398048459011 ], [ 73.226505329787003, 22.569505648568466 ], [ 73.226620842360674, 22.560476057414601 ] ] ] } },
{ "type": "Feature", "properties": { "FeatureID": "14", "HA_Area": 100.0, "NE": 0.0, "NH": 0.0, "SH": 0.0, "MR": 787.999, "Norm_NE": 0.0, "Norm_NH": 0.0, "Norm_SH": 0.0, "Norm_MR": 0.24670144383299999, "Roads_Sum": 0.246701, "Roads_1_S_": 0.246701, "nor_roads": 0.028562779105100002, "Shape_Leng": 4000.0, "Shape_Area": 1000000.0 }, "geometry": { "type": "Polygon", "coordinates": [ [ [ 73.342748446342441, 22.606871478471373 ], [ 73.333022656199873, 22.60677075226365 ], [ 73.332913824856504, 22.615800797530017 ], [ 73.342640249252582, 22.615901568324077 ], [ 73.342748446342441, 22.606871478471373 ] ] ] } },
{ "type": "Feature", "properties": { "FeatureID": "15", "HA_Area": 100.0, "NE": 0.0, "NH": 0.0, "SH": 0.0, "MR": 583.307, "Norm_NE": 0.0, "Norm_NH": 0.0, "Norm_SH": 0.0, "Norm_MR": 0.48842074871399999, "Roads_Sum": 0.488421, "Roads_1_S_": 0.488421, "nor_roads": 0.056548862047500002, "Shape_Leng": 4000.0, "Shape_Area": 1000000.0 }, "geometry": { "type": "Polygon", "coordinates": [ [ [ 73.342423689834547, 22.633961716084436 ], [ 73.332695995963192, 22.633860856100789 ], [ 73.332586998380918, 22.642890869398315 ], [ 73.342315327474196, 22.642991773985237 ], [ 73.342423689834547, 22.633961716084436 ] ] ] } },
{ "type": "Feature", "properties": { "FeatureID": "16", "HA_Area": 100.0, "NE": 0.0, "NH": 0.0, "SH": 1637.03, "MR": 0.0, "Norm_NE": 0.0, "Norm_NH": 0.0, "Norm_SH": 0.36275627466299998, "Norm_MR": 0.0, "Roads_Sum": 0.725513, "Roads_1_S_": 0.362756, "nor_roads": 0.083999119776200004, "Shape_Leng": 4000.0, "Shape_Area": 1000000.0 }, "geometry": { "type": "Polygon", "coordinates": [ [ [ 73.197924245093276, 22.524033741750952 ], [ 73.188205011041632, 22.52392462117248 ], [ 73.188087209222147, 22.532954062894952 ], [ 73.197807074376499, 22.533063231912461 ], [ 73.197924245093276, 22.524033741750952 ] ] ] } },
{ "type": "Feature", "properties": { "FeatureID": "17", "HA_Area": 100.0, "NE": 0.0, "NH": 0.0, "SH": 0.0, "MR": 228.192, "Norm_NE": 0.0, "Norm_NH": 0.0, "Norm_SH": 0.0, "Norm_MR": 0.90777346068499998, "Roads_Sum": 0.907773, "Roads_1_S_": 0.907773, "nor_roads": 0.105100992556, "Shape_Leng": 4000.0, "Shape_Area": 1000000.0 }, "geometry": { "type": "Polygon", "coordinates": [ [ [ 73.314011081491756, 22.570447605636872 ], [ 73.304287992053176, 22.570345294481285 ], [ 73.304177483341647, 22.579375247070558 ], [ 73.313901205695245, 22.579477603571238 ], [ 73.314011081491756, 22.570447605636872 ] ] ] } },
{ "type": "Feature", "properties": { "FeatureID": "18", "HA_Area": 100.0, "NE": 0.0, "NH": 0.0, "SH": 592.89, "MR": 250.783, "Norm_NE": 0.0, "Norm_NH": 0.0, "Norm_SH": 0.80166881484300001, "Norm_MR": 0.88109591002499998, "Roads_Sum": 2.48443, "Roads_1_S_": 1.68276, "nor_roads": 0.28764466627800001, "Shape_Leng": 4000.0, "Shape_Area": 1000000.0 }, "geometry": { "type": "Polygon", "coordinates": [ [ [ 73.314450025234962, 22.534327507464379 ], [ 73.304729464235379, 22.534225377631966 ], [ 73.304619180556671, 22.543255372811199 ], [ 73.314340373183029, 22.543357547965833 ], [ 73.314450025234962, 22.534327507464379 ] ] ] } },
{ "type": "Feature", "properties": { "FeatureID": "19", "HA_Area": 100.0, "NE": 0.0, "NH": 0.0, "SH": 0.0, "MR": 356.387, "Norm_NE": 0.0, "Norm_NH": 0.0, "Norm_SH": 0.0, "Norm_MR": 0.75638893242799998, "Roads_Sum": 0.756389, "Roads_1_S_": 0.756389, "nor_roads": 0.0875739148345, "Shape_Leng": 4000.0, "Shape_Area": 1000000.0 }, "geometry": { "type": "Polygon", "coordinates": [ [ [ 73.351828093031116, 22.661152261242325 ], [ 73.342098437370367, 22.66105185781079 ], [ 73.341989909594659, 22.670081883728695 ], [ 73.351720201462726, 22.670182331519687 ], [ 73.351828093031116, 22.661152261242325 ] ] ] } },
{ "type": "Feature", "properties": { "FeatureID": "20", "HA_Area": 100.0, "NE": 0.0, "NH": 0.0, "SH": 2382.03, "MR": 388.461, "Norm_NE": 0.0, "Norm_NH": 0.0, "Norm_SH": 0.049589613251000003, "Norm_MR": 0.71851297442600004, "Roads_Sum": 0.817692, "Roads_1_S_": 0.768103, "nor_roads": 0.094671506200499994, "Shape_Leng": 4000.0, "Shape_Area": 1000000.0 }, "geometry": { "type": "Polygon", "coordinates": [ [ [ 73.324388516243104, 22.516368847600621 ], [ 73.314669161668689, 22.516267394565546 ], [ 73.314559621391439, 22.525297456329799 ], [ 73.324279606965291, 22.525398954415451 ], [ 73.324388516243104, 22.516368847600621 ] ] ] } },
{ "type": "Feature", "properties": { "FeatureID": "21", "HA_Area": 100.0, "NE": 0.0, "NH": 0.0, "SH": 0.0, "MR": 0.0, "Norm_NE": 0.0, "Norm_NH": 0.0, "Norm_SH": 0.0, "Norm_MR": 0.0, "Roads_Sum": 0.0, "Roads_1_S_": 0.0, "nor_roads": 0.0, "Shape_Leng": 4000.0, "Shape_Area": 1000000.0 }, "geometry": { "type": "Polygon", "coordinates": [ [ [ 73.234960411425433, 22.668937978863536 ], [ 73.225230802939009, 22.668830444318203 ], [ 73.225114582911303, 22.677859906846493 ], [ 73.234844827728438, 22.677967488886097 ], [ 73.234960411425433, 22.668937978863536 ] ] ] } },
{ "type": "Feature", "properties": { "FeatureID": "22", "HA_Area": 100.0, "NE": 0.0, "NH": 0.0, "SH": 2278.38, "MR": 0.0, "Norm_NE": 0.0, "Norm_NH": 0.0, "Norm_SH": 0.093159774767000006, "Norm_MR": 0.0, "Roads_Sum": 0.18632, "Roads_1_S_": 0.0931598, "nor_roads": 0.0215719318231, "Shape_Leng": 4000.0, "Shape_Area": 1000000.0 }, "geometry": { "type": "Polygon", "coordinates": [ [ [ 73.147638523165185, 22.649890733538601 ], [ 73.137910729128407, 22.649777984959023 ], [ 73.137788906808581, 22.658807029891296 ], [ 73.14751733637128, 22.658919828298671 ], [ 73.147638523165185, 22.649890733538601 ] ] ] } },
{ "type": "Feature", "properties": { "FeatureID": "23", "HA_Area": 100.0, "NE": 0.0, "NH": 0.0, "SH": 226.368, "MR": 0.0, "Norm_NE": 0.0, "Norm_NH": 0.0, "Norm_SH": 0.95573925356400002, "Norm_MR": 0.0, "Roads_Sum": 1.91148, "Roads_1_S_": 0.955739, "nor_roads": 0.22130911145500001, "Shape_Leng": 4000.0, "Shape_Area": 1000000.0 }, "geometry": { "type": "Polygon", "coordinates": [ [ [ 73.343504285244677, 22.543660551670012 ], [ 73.333782925848965, 22.543560137408956 ], [ 73.333674481831395, 22.552590257148719 ], [ 73.343396473224331, 22.552690715956714 ], [ 73.343504285244677, 22.543660551670012 ] ] ] } },
{ "type": "Feature", "properties": { "FeatureID": "24", "HA_Area": 100.0, "NE": 0.0, "NH": 0.0, "SH": 881.174, "MR": 225.737, "Norm_NE": 0.0, "Norm_NH": 0.0, "Norm_SH": 0.68048634940999997, "Norm_MR": 0.91067255438700001, "Roads_Sum": 2.27165, "Roads_1_S_": 1.59116, "nor_roads": 0.26300922478900002, "Shape_Leng": 4000.0, "Shape_Area": 1000000.0 }, "geometry": { "type": "Polygon", "coordinates": [ [ [ 73.303069297061981, 22.669674186305627 ], [ 73.293339284279952, 22.669570785454155 ], [ 73.29322751892461, 22.678600574966858 ], [ 73.302958168155598, 22.678704021487373 ], [ 73.303069297061981, 22.669674186305627 ] ] ] } },
{ "type": "Feature", "properties": { "FeatureID": "25", "HA_Area": 100.0, "NE": 0.0, "NH": 0.0, "SH": 2198.46, "MR": 0.0, "Norm_NE": 0.0, "Norm_NH": 0.0, "Norm_SH": 0.126754748074, "Norm_MR": 0.0, "Roads_Sum": 0.253509, "Roads_1_S_": 0.126755, "nor_roads": 0.029351003562700002, "Shape_Leng": 4000.0, "Shape_Area": 1000000.0 }, "geometry": { "type": "Polygon", "coordinates": [ [ [ 73.254534057157628, 22.660121661536969 ], [ 73.244804967584074, 22.660015354942221 ], [ 73.244690078637873, 22.66904492292425 ], [ 73.254419804253217, 22.669151276485859 ], [ 73.254534057157628, 22.660121661536969 ] ] ] } },
{ "type": "Feature", "properties": { "FeatureID": "26", "HA_Area": 100.0, "NE": 0.0, "NH": 0.0, "SH": 1090.29, "MR": 0.0, "Norm_NE": 0.0, "Norm_NH": 0.0, "Norm_SH": 0.59258276782099994, "Norm_MR": 0.0, "Roads_Sum": 1.18517, "Roads_1_S_": 0.592583, "nor_roads": 0.13721772581300001, "Shape_Leng": 4000.0, "Shape_Area": 1000000.0 }, "geometry": { "type": "Polygon", "coordinates": [ [ [ 73.246293216971765, 22.542629996696771 ], [ 73.236572424740743, 22.542523713278282 ], [ 73.236457661650888, 22.55155337323124 ], [ 73.246179085714104, 22.551659703799722 ], [ 73.246293216971765, 22.542629996696771 ] ] ] } },
{ "type": "Feature", "properties": { "FeatureID": "27", "HA_Area": 100.0, "NE": 0.0, "NH": 0.0, "SH": 0.0, "MR": 0.0, "Norm_NE": 0.0, "Norm_NH": 0.0, "Norm_SH": 0.0, "Norm_MR": 0.0, "Roads_Sum": 0.0, "Roads_1_S_": 0.0, "nor_roads": 0.0, "Shape_Leng": 4000.0, "Shape_Area": 1000000.0 }, "geometry": { "type": "Polygon", "coordinates": [ [ [ 73.205889196378763, 22.65958422632438 ], [ 73.196160401964889, 22.659474968683245 ], [ 73.196042333067609, 22.668504297920656 ], [ 73.205771763436985, 22.668613603832075 ], [ 73.205889196378763, 22.65958422632438 ] ] ] } },
{ "type": "Feature", "properties": { "FeatureID": "28", "HA_Area": 100.0, "NE": 0.0, "NH": 0.0, "SH": 1898.38, "MR": 0.0, "Norm_NE": 0.0, "Norm_NH": 0.0, "Norm_SH": 0.25289573867100001, "Norm_MR": 0.0, "Roads_Sum": 0.505791, "Roads_1_S_": 0.252896, "nor_roads": 0.0585599439166, "Shape_Leng": 4000.0, "Shape_Area": 1000000.0 }, "geometry": { "type": "Polygon", "coordinates": [ [ [ 73.265056906946626, 22.59701944659146 ], [ 73.255332202680549, 22.596914057026972 ], [ 73.255218355859569, 22.605943746918513 ], [ 73.264943693924792, 22.606049183147775 ], [ 73.265056906946626, 22.59701944659146 ] ] ] } },
{ "type": "Feature", "properties": { "FeatureID": "29", "HA_Area": 100.0, "NE": 0.0, "NH": 0.0, "SH": 2095.14, "MR": 0.0, "Norm_NE": 0.0, "Norm_NH": 0.0, "Norm_SH": 0.17018615863100001, "Norm_MR": 0.0, "Roads_Sum": 0.340372, "Roads_1_S_": 0.170186, "nor_roads": 0.039407906966099998, "Shape_Leng": 4000.0, "Shape_Area": 1000000.0 }, "geometry": { "type": "Polygon", "coordinates": [ [ [ 73.284394542648556, 22.60625828948146 ], [ 73.274669089628645, 22.60615403067349 ], [ 73.274556453106641, 22.615183802950181 ], [ 73.284282540281751, 22.61528810790778 ], [ 73.284394542648556, 22.60625828948146 ] ] ] } },
{ "type": "Feature", "properties": { "FeatureID": "30", "HA_Area": 100.0, "NE": 0.0, "NH": 0.0, "SH": 1730.93, "MR": 0.0, "Norm_NE": 0.0, "Norm_NH": 0.0, "Norm_SH": 0.32328465432499998, "Norm_MR": 0.0, "Roads_Sum": 0.646569, "Roads_1_S_": 0.323285, "nor_roads": 0.074859071316199996, "Shape_Leng": 4000.0, "Shape_Area": 1000000.0 }, "geometry": { "type": "Polygon", "coordinates": [ [ [ 73.304949862957244, 22.516165355360439 ], [ 73.295230620430431, 22.516062729999124 ], [ 73.295119818203105, 22.525092700881551 ], [ 73.304839691696799, 22.525195371813886 ], [ 73.304949862957244, 22.516165355360439 ] ] ] } },
{ "type": "Feature", "properties": { "FeatureID": "31", "HA_Area": 100.0, "NE": 0.0, "NH": 0.0, "SH": 996.185, "MR": 865.239, "Norm_NE": 0.0, "Norm_NH": 0.0, "Norm_SH": 0.63214056872000002, "Norm_MR": 0.15548930445199999, "Roads_Sum": 1.41977, "Roads_1_S_": 0.78763, "nor_roads": 0.16437945776099999, "Shape_Leng": 4000.0, "Shape_Area": 1000000.0 }, "geometry": { "type": "Polygon", "coordinates": [ [ [ 73.246179085714104, 22.551659703799722 ], [ 73.236457661650888, 22.55155337323124 ], [ 73.236342840057205, 22.560583022497507 ], [ 73.246064896274561, 22.560689400221928 ], [ 73.246179085714104, 22.551659703799722 ] ] ] } },
{ "type": "Feature", "properties": { "FeatureID": "32", "HA_Area": 100.0, "NE": 0.0, "NH": 0.0, "SH": 0.0, "MR": 0.0, "Norm_NE": 0.0, "Norm_NH": 0.0, "Norm_SH": 0.0, "Norm_MR": 0.0, "Roads_Sum": 0.0, "Roads_1_S_": 0.0, "nor_roads": 0.0, "Shape_Leng": 4000.0, "Shape_Area": 1000000.0 }, "geometry": { "type": "Polygon", "coordinates": [ [ [ 73.158808219450378, 22.541652320990323 ], [ 73.149087965185743, 22.541540756557975 ], [ 73.148967516383024, 22.550569980449982 ], [ 73.158688402323349, 22.550681594374435 ], [ 73.158808219450378, 22.541652320990323 ] ] ] } },
{ "type": "Feature", "properties": { "FeatureID": "33", "HA_Area": 100.0, "NE": 0.0, "NH": 0.0, "SH": 0.0, "MR": 411.669, "Norm_NE": 0.0, "Norm_NH": 0.0, "Norm_SH": 0.0, "Norm_MR": 0.69110680779, "Roads_Sum": 0.691107, "Roads_1_S_": 0.691107, "nor_roads": 0.0800156290306, "Shape_Leng": 4000.0, "Shape_Area": 1000000.0 }, "geometry": { "type": "Polygon", "coordinates": [ [ [ 73.294342619055598, 22.588302198913336 ], [ 73.28461837641818, 22.588198620598039 ], [ 73.284506488021833, 22.59722846037706 ], [ 73.294231364186032, 22.59733208456986 ], [ 73.294342619055598, 22.588302198913336 ] ] ] } },
{ "type": "Feature", "properties": { "FeatureID": "34", "HA_Area": 100.0, "NE": 0.0, "NH": 0.0, "SH": 0.0, "MR": 882.755, "Norm_NE": 0.0, "Norm_NH": 0.0, "Norm_SH": 0.0, "Norm_MR": 0.13480479857800001, "Roads_Sum": 0.134805, "Roads_1_S_": 0.134805, "nor_roads": 0.015607578522200001, "Shape_Leng": 4000.0, "Shape_Area": 1000000.0 }, "geometry": { "type": "Polygon", "coordinates": [ [ [ 73.313461142577424, 22.615597488770081 ], [ 73.303734885339807, 22.615494950831746 ], [ 73.303624094968299, 22.624524850105768 ], [ 73.313350986733369, 22.624627433417864 ], [ 73.313461142577424, 22.615597488770081 ] ] ] } },
{ "type": "Feature", "properties": { "FeatureID": "35", "HA_Area": 100.0, "NE": 0.0, "NH": 0.0, "SH": 423.123, "MR": 0.0, "Norm_NE": 0.0, "Norm_NH": 0.0, "Norm_SH": 0.87303173246700005, "Norm_MR": 0.0, "Roads_Sum": 1.74606, "Roads_1_S_": 0.873032, "nor_roads": 0.202156967539, "Shape_Leng": 4000.0, "Shape_Area": 1000000.0 }, "geometry": { "type": "Polygon", "coordinates": [ [ [ 73.236572424740743, 22.542523713278282 ], [ 73.246293216971765, 22.542629996696771 ], [ 73.246407290064468, 22.533600278916555 ], [ 73.236687129343792, 22.533494042642122 ], [ 73.236572424740743, 22.542523713278282 ] ] ] } },
{ "type": "Feature", "properties": { "FeatureID": "36", "HA_Area": 100.0, "NE": 0.0, "NH": 0.0, "SH": 0.0, "MR": 0.0, "Norm_NE": 0.0, "Norm_NH": 0.0, "Norm_SH": 0.0, "Norm_MR": 0.0, "Roads_Sum": 0.0, "Roads_1_S_": 0.0, "nor_roads": 0.0, "Shape_Leng": 4000.0, "Shape_Area": 1000000.0 }, "geometry": { "type": "Polygon", "coordinates": [ [ [ 73.178130357118945, 22.550903061267778 ], [ 73.16840934934261, 22.550792621318703 ], [ 73.168290103151932, 22.559821933205487 ], [ 73.178011742961274, 22.55993242213242 ], [ 73.178130357118945, 22.550903061267778 ] ] ] } },
{ "type": "Feature", "properties": { "FeatureID": "37", "HA_Area": 100.0, "NE": 0.0, "NH": 0.0, "SH": 0.0, "MR": 0.0, "Norm_NE": 0.0, "Norm_NH": 0.0, "Norm_SH": 0.0, "Norm_MR": 0.0, "Roads_Sum": 0.0, "Roads_1_S_": 0.0, "nor_roads": 0.0, "Shape_Leng": 4000.0, "Shape_Area": 1000000.0 }, "geometry": { "type": "Polygon", "coordinates": [ [ [ 73.157486868774825, 22.64097373718748 ], [ 73.147759648361102, 22.640861627998216 ], [ 73.147638523165185, 22.649890733538601 ], [ 73.157366378799935, 22.650002892288793 ], [ 73.157486868774825, 22.64097373718748 ] ] ] } },
{ "type": "Feature", "properties": { "FeatureID": "38", "HA_Area": 100.0, "NE": 0.0, "NH": 0.0, "SH": 0.0, "MR": 287.266, "Norm_NE": 0.0, "Norm_NH": 0.0, "Norm_SH": 0.0, "Norm_MR": 0.838013418234, "Roads_Sum": 0.838013, "Roads_1_S_": 0.838013, "nor_roads": 0.09702425126, "Shape_Leng": 4000.0, "Shape_Area": 1000000.0 }, "geometry": { "type": "Polygon", "coordinates": [ [ [ 73.332586998380918, 22.642890869398315 ], [ 73.322858724732967, 22.642789374967652 ], [ 73.322749036176646, 22.651819332732366 ], [ 73.332477945353304, 22.651920872032658 ], [ 73.332586998380918, 22.642890869398315 ] ] ] } },
{ "type": "Feature", "properties": { "FeatureID": "39", "HA_Area": 100.0, "NE": 0.0, "NH": 0.0, "SH": 416.732, "MR": 0.0, "Norm_NE": 0.0, "Norm_NH": 0.0, "Norm_SH": 0.87571823633400003, "Norm_MR": 0.0, "Roads_Sum": 1.75144, "Roads_1_S_": 0.875718, "nor_roads": 0.20277986219399999, "Shape_Leng": 4000.0, "Shape_Area": 1000000.0 }, "geometry": { "type": "Polygon", "coordinates": [ [ [ 73.274105333523295, 22.651302785148538 ], [ 73.26437676389989, 22.651197705513287 ], [ 73.26426320479392, 22.660227377878904 ], [ 73.273992410169868, 22.660332503953704 ], [ 73.274105333523295, 22.651302785148538 ] ] ] } },
{ "type": "Feature", "properties": { "FeatureID": "40", "HA_Area": 100.0, "NE": 0.0, "NH": 0.0, "SH": 0.0, "MR": 683.027, "Norm_NE": 0.0, "Norm_NH": 0.0, "Norm_SH": 0.0, "Norm_MR": 0.37066216486100001, "Roads_Sum": 0.370662, "Roads_1_S_": 0.370662, "nor_roads": 0.042914851763500003, "Shape_Leng": 4000.0, "Shape_Area": 1000000.0 }, "geometry": { "type": "Polygon", "coordinates": [ [ [ 73.304177483341647, 22.579375247070558 ], [ 73.294453817287206, 22.579272302591455 ], [ 73.294342619055598, 22.588302198913336 ], [ 73.30406691833096, 22.588405189003716 ], [ 73.304177483341647, 22.579375247070558 ] ] ] } },
{ "type": "Feature", "properties": { "FeatureID": "41", "HA_Area": 100.0, "NE": 0.0, "NH": 0.0, "SH": 1171.31, "MR": 767.104, "Norm_NE": 0.0, "Norm_NH": 0.0, "Norm_SH": 0.55852535973399997, "Norm_MR": 0.27137621953000002, "Roads_Sum": 1.38843, "Roads_1_S_": 0.829902, "nor_roads": 0.16075094561200001, "Shape_Leng": 4000.0, "Shape_Area": 1000000.0 }, "geometry": { "type": "Polygon", "coordinates": [ [ [ 73.27523141283136, 22.561005009100665 ], [ 73.265509182983678, 22.560900393537789 ], [ 73.26539620034842, 22.56993017281853 ], [ 73.275119062722794, 22.570034834762254 ], [ 73.27523141283136, 22.561005009100665 ] ] ] } },
{ "type": "Feature", "properties": { "FeatureID": "42", "HA_Area": 100.0, "NE": 0.0, "NH": 0.0, "SH": 0.0, "MR": 0.0, "Norm_NE": 0.0, "Norm_NH": 0.0, "Norm_SH": 0.0, "Norm_MR": 0.0, "Roads_Sum": 0.0, "Roads_1_S_": 0.0, "nor_roads": 0.0, "Shape_Leng": 4000.0, "Shape_Area": 1000000.0 }, "geometry": { "type": "Polygon", "coordinates": [ [ [ 73.186550312063289, 22.650335829411574 ], [ 73.176822273571887, 22.650225440240355 ], [ 73.176702993463337, 22.659254682920295 ], [ 73.186431667552085, 22.65936512087692 ], [ 73.186550312063289, 22.650335829411574 ] ] ] } },
{ "type": "Feature", "properties": { "FeatureID": "43", "HA_Area": 100.0, "NE": 0.0, "NH": 0.0, "SH": 1469.81, "MR": 0.0, "Norm_NE": 0.0, "Norm_NH": 0.0, "Norm_SH": 0.43304851620200002, "Norm_MR": 0.0, "Roads_Sum": 0.866097, "Roads_1_S_": 0.433049, "nor_roads": 0.100275784544, "Shape_Leng": 4000.0, "Shape_Area": 1000000.0 }, "geometry": { "type": "Polygon", "coordinates": [ [ [ 73.235652680960456, 22.614760693479539 ], [ 73.225926883675498, 22.61465344377347 ], [ 73.225811017684421, 22.623682970677216 ], [ 73.235537449362596, 22.623790267841475 ], [ 73.235652680960456, 22.614760693479539 ] ] ] } },
{ "type": "Feature", "properties": { "FeatureID": "44", "HA_Area": 100.0, "NE": 0.0, "NH": 0.0, "SH": 0.0, "MR": 525.015, "Norm_NE": 0.0, "Norm_NH": 0.0, "Norm_SH": 0.0, "Norm_MR": 0.55725733582500003, "Roads_Sum": 0.557257, "Roads_1_S_": 0.557257, "nor_roads": 0.064518621176000004, "Shape_Leng": 4000.0, "Shape_Area": 1000000.0 }, "geometry": { "type": "Polygon", "coordinates": [ [ [ 73.313571242379282, 22.606567533458076 ], [ 73.303845619346447, 22.606465040887755 ], [ 73.303734885339807, 22.615494950831746 ], [ 73.313461142577424, 22.615597488770081 ], [ 73.313571242379282, 22.606567533458076 ] ] ] } },
{ "type": "Feature", "properties": { "FeatureID": "45", "HA_Area": 100.0, "NE": 0.0, "NH": 0.0, "SH": 395.497, "MR": 0.0, "Norm_NE": 0.0, "Norm_NH": 0.0, "Norm_SH": 0.88464453092200002, "Norm_MR": 0.0, "Roads_Sum": 1.76929, "Roads_1_S_": 0.884645, "nor_roads": 0.20484650716, "Shape_Leng": 4000.0, "Shape_Area": 1000000.0 }, "geometry": { "type": "Polygon", "coordinates": [ [ [ 73.118332233822898, 22.658579662867851 ], [ 73.108603991045769, 22.658465094282594 ], [ 73.108480199349444, 22.667493977358717 ], [ 73.118209077920838, 22.667608596559916 ], [ 73.118332233822898, 22.658579662867851 ] ] ] } },
{ "type": "Feature", "properties": { "FeatureID": "46", "HA_Area": 100.0, "NE": 0.0, "NH": 0.0, "SH": 235.02, "MR": 0.0, "Norm_NE": 0.0, "Norm_NH": 0.0, "Norm_SH": 0.95210231332499995, "Norm_MR": 0.0, "Roads_Sum": 1.9042, "Roads_1_S_": 0.952102, "nor_roads": 0.220466241727, "Shape_Leng": 4000.0, "Shape_Area": 1000000.0 }, "geometry": { "type": "Polygon", "coordinates": [ [ [ 73.177536681626364, 22.596049758290384 ], [ 73.177417765028494, 22.605079065487207 ], [ 73.187142630374851, 22.605189210824044 ], [ 73.187260913311391, 22.596159854878842 ], [ 73.177536681626364, 22.596049758290384 ] ] ] } },
{ "type": "Feature", "properties": { "FeatureID": "47", "HA_Area": 100.0, "NE": 0.0, "NH": 0.0, "SH": 636.624, "MR": 0.0, "Norm_NE": 0.0, "Norm_NH": 0.0, "Norm_SH": 0.78328487722899998, "Norm_MR": 0.0, "Roads_Sum": 1.56657, "Roads_1_S_": 0.783285, "nor_roads": 0.181375810079, "Shape_Leng": 4000.0, "Shape_Area": 1000000.0 }, "geometry": { "type": "Polygon", "coordinates": [ [ [ 73.119069855594134, 22.604405833978653 ], [ 73.109345420804701, 22.604291568954455 ], [ 73.109222006279197, 22.613320516833358 ], [ 73.118947074926822, 22.613434832435061 ], [ 73.119069855594134, 22.604405833978653 ] ] ] } },
{ "type": "Feature", "properties": { "FeatureID": "48", "HA_Area": 100.0, "NE": 0.0, "NH": 0.0, "SH": 704.669, "MR": 0.0, "Norm_NE": 0.0, "Norm_NH": 0.0, "Norm_SH": 0.75468162874099998, "Norm_MR": 0.0, "Roads_Sum": 1.50936, "Roads_1_S_": 0.754682, "nor_roads": 0.174752087088, "Shape_Leng": 4000.0, "Shape_Area": 1000000.0 }, "geometry": { "type": "Polygon", "coordinates": [ [ [ 73.127815436725754, 22.676751598704062 ], [ 73.1180858594157, 22.676637519445602 ], [ 73.11796257828918, 22.685666431521412 ], [ 73.127692792057928, 22.685780561147986 ], [ 73.127815436725754, 22.676751598704062 ] ] ] } },
{ "type": "Feature", "properties": { "FeatureID": "49", "HA_Area": 100.0, "NE": 0.0, "NH": 0.0, "SH": 1046.37, "MR": 0.0, "Norm_NE": 0.0, "Norm_NH": 0.0, "Norm_SH": 0.61104490678900003, "Norm_MR": 0.0, "Roads_Sum": 1.22209, "Roads_1_S_": 0.611045, "nor_roads": 0.141492278443, "Shape_Leng": 4000.0, "Shape_Area": 1000000.0 }, "geometry": { "type": "Polygon", "coordinates": [ [ [ 73.177536681626364, 22.596049758290384 ], [ 73.177655537700943, 22.587020440352987 ], [ 73.167931999860556, 22.586909804455392 ], [ 73.167812510464614, 22.595939073390184 ], [ 73.177536681626364, 22.596049758290384 ] ] ] } },
{ "type": "Feature", "properties": { "FeatureID": "50", "HA_Area": 100.0, "NE": 0.0, "NH": 0.0, "SH": 0.0, "MR": 0.0, "Norm_NE": 0.0, "Norm_NH": 0.0, "Norm_SH": 0.0, "Norm_MR": 0.0, "Roads_Sum": 0.0, "Roads_1_S_": 0.0, "nor_roads": 0.0, "Shape_Leng": 4000.0, "Shape_Area": 1000000.0 }, "geometry": { "type": "Polygon", "coordinates": [ [ [ 73.119805228253938, 22.550231616947045 ], [ 73.110084589847588, 22.550117655253757 ], [ 73.109961551833592, 22.559146667808534 ], [ 73.119682822165444, 22.559260680041024 ], [ 73.119805228253938, 22.550231616947045 ] ] ] } },
{ "type": "Feature", "properties": { "FeatureID": "51", "HA_Area": 100.0, "NE": 0.0, "NH": 0.0, "SH": 1689.72, "MR": 0.0, "Norm_NE": 0.0, "Norm_NH": 0.0, "Norm_SH": 0.34060763971000002, "Norm_MR": 0.0, "Roads_Sum": 0.681215, "Roads_1_S_": 0.340608, "nor_roads": 0.078870345335799993, "Shape_Leng": 4000.0, "Shape_Area": 1000000.0 }, "geometry": { "type": "Polygon", "coordinates": [ [ [ 73.138275824635173, 22.622690785456573 ], [ 73.128549997105992, 22.622577597290004 ], [ 73.128427725954879, 22.631606624502218 ], [ 73.13815418802362, 22.631719862738141 ], [ 73.138275824635173, 22.622690785456573 ] ] ] } },
{ "type": "Feature", "properties": { "FeatureID": "52", "HA_Area": 100.0, "NE": 4786.52, "NH": 0.0, "SH": 0.0, "MR": 576.71, "Norm_NE": 0.04005946278, "Norm_NH": 0.0, "Norm_SH": 0.0, "Norm_MR": 0.49621107987599999, "Roads_Sum": 0.656449, "Roads_1_S_": 0.536271, "nor_roads": 0.076002967917600001, "Shape_Leng": 4000.0, "Shape_Area": 1000000.0 }, "geometry": { "type": "Polygon", "coordinates": [ [ [ 73.130012405342214, 22.5142284307219 ], [ 73.120294229127154, 22.514115257000544 ], [ 73.120172072394723, 22.523144363115701 ], [ 73.129890879266782, 22.523257587090733 ], [ 73.130012405342214, 22.5142284307219 ] ] ] } },
{ "type": "Feature", "properties": { "FeatureID": "53", "HA_Area": 100.0, "NE": 0.0, "NH": 0.0, "SH": 0.0, "MR": 0.0, "Norm_NE": 0.0, "Norm_NH": 0.0, "Norm_SH": 0.0, "Norm_MR": 0.0, "Roads_Sum": 0.0, "Roads_1_S_": 0.0, "nor_roads": 0.0, "Shape_Leng": 4000.0, "Shape_Area": 1000000.0 }, "geometry": { "type": "Polygon", "coordinates": [ [ [ 73.225579108795912, 22.641741992319613 ], [ 73.215851466360618, 22.641634010532883 ], [ 73.215734788084461, 22.650663457527724 ], [ 73.225463065864076, 22.65077148705128 ], [ 73.225579108795912, 22.641741992319613 ] ] ] } },
{ "type": "Feature", "properties": { "FeatureID": "54", "HA_Area": 100.0, "NE": 0.0, "NH": 0.0, "SH": 939.117, "MR": 818.732, "Norm_NE": 0.0, "Norm_NH": 0.0, "Norm_SH": 0.65612955246799998, "Norm_MR": 0.21040910299500001, "Roads_Sum": 1.52267, "Roads_1_S_": 0.866539, "nor_roads": 0.176293113364, "Shape_Leng": 4000.0, "Shape_Area": 1000000.0 }, "geometry": { "type": "Polygon", "coordinates": [ [ [ 73.274105333523295, 22.651302785148538 ], [ 73.283833960546488, 22.651407274763091 ], [ 73.283946191053801, 22.64237749908369 ], [ 73.27421819947692, 22.642273055642139 ], [ 73.274105333523295, 22.651302785148538 ] ] ] } },
{ "type": "Feature", "properties": { "FeatureID": "55", "HA_Area": 100.0, "NE": 0.0, "NH": 0.0, "SH": 0.0, "MR": 0.0, "Norm_NE": 0.0, "Norm_NH": 0.0, "Norm_SH": 0.0, "Norm_MR": 0.0, "Roads_Sum": 0.0, "Roads_1_S_": 0.0, "nor_roads": 0.0, "Shape_Leng": 4000.0, "Shape_Area": 1000000.0 }, "geometry": { "type": "Polygon", "coordinates": [ [ [ 73.254191124188239, 22.687210474220269 ], [ 73.244460125519694, 22.687104026707068 ], [ 73.244345061313524, 22.696133562500929 ], [ 73.254076696993678, 22.696240056998864 ], [ 73.254191124188239, 22.687210474220269 ] ] ] } },
{ "type": "Feature", "properties": { "FeatureID": "56", "HA_Area": 100.0, "NE": 0.0, "NH": 0.0, "SH": 0.0, "MR": 0.0, "Norm_NE": 0.0, "Norm_NH": 0.0, "Norm_SH": 0.0, "Norm_MR": 0.0, "Roads_Sum": 0.0, "Roads_1_S_": 0.0, "nor_roads": 0.0, "Shape_Leng": 4000.0, "Shape_Area": 1000000.0 }, "geometry": { "type": "Polygon", "coordinates": [ [ [ 73.139488791059946, 22.532399420536624 ], [ 73.129769291201029, 22.532286732715885 ], [ 73.129647641126951, 22.541315867593834 ], [ 73.139367772304027, 22.541428605420748 ], [ 73.139488791059946, 22.532399420536624 ] ] ] } },
{ "type": "Feature", "properties": { "FeatureID": "57", "HA_Area": 100.0, "NE": 0.0, "NH": 0.0, "SH": 2104.21, "MR": 0.0, "Norm_NE": 0.0, "Norm_NH": 0.0, "Norm_SH": 0.16637348342700001, "Norm_MR": 0.0, "Roads_Sum": 0.332747, "Roads_1_S_": 0.166373, "nor_roads": 0.038525094469400001, "Shape_Leng": 4000.0, "Shape_Area": 1000000.0 }, "geometry": { "type": "Polygon", "coordinates": [ [ [ 73.35301128493218, 22.561820785468335 ], [ 73.343288606242098, 22.56172086962032 ], [ 73.34318068428199, 22.570751012657389 ], [ 73.352903995629489, 22.570850972803168 ], [ 73.35301128493218, 22.561820785468335 ] ] ] } },
{ "type": "Feature", "properties": { "FeatureID": "58", "HA_Area": 100.0, "NE": 0.0, "NH": 0.0, "SH": 1807.62, "MR": 0.0, "Norm_NE": 0.0, "Norm_NH": 0.0, "Norm_SH": 0.29104742893699997, "Norm_MR": 0.0, "Roads_Sum": 0.582095, "Roads_1_S_": 0.291047, "nor_roads": 0.067394341857499998, "Shape_Leng": 4000.0, "Shape_Area": 1000000.0 }, "geometry": { "type": "Polygon", "coordinates": [ [ [ 73.12903846, 22.586461380652235 ], [ 73.119315229521106, 22.586347804724149 ], [ 73.119192573786151, 22.595376824740509 ], [ 73.128916437496812, 22.595490450972985 ], [ 73.12903846, 22.586461380652235 ] ] ] } },
{ "type": "Feature", "properties": { "FeatureID": "59", "HA_Area": 100.0, "NE": 0.0, "NH": 0.0, "SH": 170.996, "MR": 952.82, "Norm_NE": 0.0, "Norm_NH": 0.0, "Norm_SH": 0.97901531061400004, "Norm_MR": 0.052065549789100003, "Roads_Sum": 2.0101, "Roads_1_S_": 1.03108, "nor_roads": 0.232727222761, "Shape_Leng": 4000.0, "Shape_Area": 1000000.0 }, "geometry": { "type": "Polygon", "coordinates": [ [ [ 73.226851690996511, 22.542416843021872 ], [ 73.217131016060947, 22.542309385942005 ], [ 73.217014989357835, 22.551338950814191 ], [ 73.226736296091474, 22.55144645556457 ], [ 73.226851690996511, 22.542416843021872 ] ] ] } },
{ "type": "Feature", "properties": { "FeatureID": "60", "HA_Area": 100.0, "NE": 0.0, "NH": 0.0, "SH": 0.0, "MR": 281.928, "Norm_NE": 0.0, "Norm_NH": 0.0, "Norm_SH": 0.0, "Norm_MR": 0.84431700233600004, "Roads_Sum": 0.844317, "Roads_1_S_": 0.844317, "nor_roads": 0.097754124631299996, "Shape_Leng": 4000.0, "Shape_Area": 1000000.0 }, "geometry": { "type": "Polygon", "coordinates": [ [ [ 73.30406691833096, 22.588405189003716 ], [ 73.294342619055598, 22.588302198913336 ], [ 73.294231364186032, 22.59733208456986 ], [ 73.303956297004689, 22.597435120277261 ], [ 73.30406691833096, 22.588405189003716 ] ] ] } },
{ "type": "Feature", "properties": { "FeatureID": "61", "HA_Area": 100.0, "NE": 0.0, "NH": 0.0, "SH": 0.0, "MR": 0.0, "Norm_NE": 0.0, "Norm_NH": 0.0, "Norm_SH": 0.0, "Norm_MR": 0.0, "Roads_Sum": 0.0, "Roads_1_S_": 0.0, "nor_roads": 0.0, "Shape_Leng": 4000.0, "Shape_Area": 1000000.0 }, "geometry": { "type": "Polygon", "coordinates": [ [ [ 73.215734788084461, 22.650663457527724 ], [ 73.206006569642511, 22.650554838070093 ], [ 73.205889196378763, 22.65958422632438 ], [ 73.215618050470638, 22.659692893785536 ], [ 73.215734788084461, 22.650663457527724 ] ] ] } },
{ "type": "Feature", "properties": { "FeatureID": "62", "HA_Area": 100.0, "NE": 0.0, "NH": 0.0, "SH": 254.758, "MR": 0.0, "Norm_NE": 0.0, "Norm_NH": 0.0, "Norm_SH": 0.94380529205200003, "Norm_MR": 0.0, "Roads_Sum": 1.88761, "Roads_1_S_": 0.943805, "nor_roads": 0.21854546930099999, "Shape_Leng": 4000.0, "Shape_Area": 1000000.0 }, "geometry": { "type": "Polygon", "coordinates": [ [ [ 73.26562210806425, 22.551870603584629 ], [ 73.255900567959216, 22.551765447255622 ], [ 73.255787010690739, 22.560795190573465 ], [ 73.265509182983678, 22.560900393537789 ], [ 73.26562210806425, 22.551870603584629 ] ] ] } },
{ "type": "Feature", "properties": { "FeatureID": "63", "HA_Area": 100.0, "NE": 0.0, "NH": 0.0, "SH": 1764.2, "MR": 0.0, "Norm_NE": 0.0, "Norm_NH": 0.0, "Norm_SH": 0.30929938893699999, "Norm_MR": 0.0, "Roads_Sum": 0.618599, "Roads_1_S_": 0.309299, "nor_roads": 0.0716207326723, "Shape_Leng": 4000.0, "Shape_Area": 1000000.0 }, "geometry": { "type": "Polygon", "coordinates": [ [ [ 73.26426320479392, 22.660227377878904 ], [ 73.254534057157628, 22.660121661536969 ], [ 73.254419804253217, 22.669151276485859 ], [ 73.264149587948282, 22.669257039533946 ], [ 73.26426320479392, 22.660227377878904 ] ] ] } },
{ "type": "Feature", "properties": { "FeatureID": "64", "HA_Area": 100.0, "NE": 0.0, "NH": 0.0, "SH": 2434.41, "MR": 0.0, "Norm_NE": 0.0, "Norm_NH": 0.0, "Norm_SH": 0.0275713138878, "Norm_MR": 0.0, "Roads_Sum": 0.0551426, "Roads_1_S_": 0.0275713, "nor_roads": 0.0063843514703699998, "Shape_Leng": 4000.0, "Shape_Area": 1000000.0 }, "geometry": { "type": "Polygon", "coordinates": [ [ [ 73.294120052662009, 22.60636195955756 ], [ 73.284394542648556, 22.60625828948146 ], [ 73.284282540281751, 22.61528810790778 ], [ 73.29400868446703, 22.61539182387299 ], [ 73.294120052662009, 22.60636195955756 ] ] ] } },
{ "type": "Feature", "properties": { "FeatureID": "65", "HA_Area": 100.0, "NE": 0.0, "NH": 0.0, "SH": 0.0, "MR": 238.89, "Norm_NE": 0.0, "Norm_NH": 0.0, "Norm_SH": 0.0, "Norm_MR": 0.89514027305800004, "Roads_Sum": 0.89514, "Roads_1_S_": 0.89514, "nor_roads": 0.10363835431, "Shape_Leng": 4000.0, "Shape_Area": 1000000.0 }, "geometry": { "type": "Polygon", "coordinates": [ [ [ 73.341772688515093, 22.688141903557561 ], [ 73.332041178465474, 22.688040775869482 ], [ 73.33193184796805, 22.697070725136363 ], [ 73.341663995178919, 22.697171897461661 ], [ 73.341772688515093, 22.688141903557561 ] ] ] } },
{ "type": "Feature", "properties": { "FeatureID": "66", "HA_Area": 100.0, "NE": 0.0, "NH": 0.0, "SH": 2337.12, "MR": 0.0, "Norm_NE": 0.0, "Norm_NH": 0.0, "Norm_SH": 0.068467851156500004, "Norm_MR": 0.0, "Roads_Sum": 0.136936, "Roads_1_S_": 0.0684678, "nor_roads": 0.015854303449799999, "Shape_Leng": 4000.0, "Shape_Area": 1000000.0 }, "geometry": { "type": "Polygon", "coordinates": [ [ [ 73.216317586435125, 22.605516115252833 ], [ 73.206592541400624, 22.605407735721645 ], [ 73.206475466265729, 22.61443717765664 ], [ 73.216201145336413, 22.614545605160966 ], [ 73.216317586435125, 22.605516115252833 ] ] ] } },
{ "type": "Feature", "properties": { "FeatureID": "67", "HA_Area": 100.0, "NE": 0.0, "NH": 0.0, "SH": 1260.07, "MR": 922.297, "Norm_NE": 0.0, "Norm_NH": 0.0, "Norm_SH": 0.52121443665099998, "Norm_MR": 0.088109949292100004, "Roads_Sum": 1.13054, "Roads_1_S_": 0.609324, "nor_roads": 0.130892717874, "Shape_Leng": 4000.0, "Shape_Area": 1000000.0 }, "geometry": { "type": "Polygon", "coordinates": [ [ [ 73.304398444481933, 22.561315331239328 ], [ 73.314120901327684, 22.561417597055542 ], [ 73.314230665219355, 22.552387577830711 ], [ 73.304508840644317, 22.552285357348143 ], [ 73.304398444481933, 22.561315331239328 ] ] ] } },
{ "type": "Feature", "properties": { "FeatureID": "68", "HA_Area": 100.0, "NE": 0.0, "NH": 0.0, "SH": 2118.01, "MR": 574.554, "Norm_NE": 0.0, "Norm_NH": 0.0, "Norm_SH": 0.16057252340200001, "Norm_MR": 0.49875709142199998, "Roads_Sum": 0.819902, "Roads_1_S_": 0.65933, "nor_roads": 0.0949273800788, "Shape_Leng": 4000.0, "Shape_Area": 1000000.0 }, "geometry": { "type": "Polygon", "coordinates": [ [ [ 73.314120901327684, 22.561417597055542 ], [ 73.304398444481933, 22.561315331239328 ], [ 73.304287992053176, 22.570345294481285 ], [ 73.314011081491756, 22.570447605636872 ], [ 73.314120901327684, 22.561417597055542 ] ] ] } },
{ "type": "Feature", "properties": { "FeatureID": "69", "HA_Area": 100.0, "NE": 0.0, "NH": 0.0, "SH": 2437.72, "MR": 404.469, "Norm_NE": 0.0, "Norm_NH": 0.0, "Norm_SH": 0.026179904493399998, "Norm_MR": 0.69960924953000003, "Roads_Sum": 0.751969, "Roads_1_S_": 0.725789, "nor_roads": 0.087062167078000005, "Shape_Leng": 4000.0, "Shape_Area": 1000000.0 }, "geometry": { "type": "Polygon", "coordinates": [ [ [ 73.322529491693899, 22.669879216241473 ], [ 73.312799366307701, 22.669776996572711 ], [ 73.31268887386679, 22.678806877162721 ], [ 73.322419635734875, 22.678909141978959 ], [ 73.322529491693899, 22.669879216241473 ] ] ] } },
{ "type": "Feature", "properties": { "FeatureID": "70", "HA_Area": 100.0, "NE": 0.0, "NH": 0.0, "SH": 0.0, "MR": 0.0, "Norm_NE": 0.0, "Norm_NH": 0.0, "Norm_SH": 0.0, "Norm_MR": 0.0, "Roads_Sum": 0.0, "Roads_1_S_": 0.0, "nor_roads": 0.0, "Shape_Leng": 4000.0, "Shape_Area": 1000000.0 }, "geometry": { "type": "Polygon", "coordinates": [ [ [ 73.206241137205637, 22.632496029335641 ], [ 73.196514248720575, 22.632386916468633 ], [ 73.196396359773857, 22.641416277953752 ], [ 73.206123883245667, 22.641525439072691 ], [ 73.206241137205637, 22.632496029335641 ] ] ] } },
{ "type": "Feature", "properties": { "FeatureID": "71", "HA_Area": 100.0, "NE": 0.0, "NH": 0.0, "SH": 741.254, "MR": 0.0, "Norm_NE": 0.0, "Norm_NH": 0.0, "Norm_SH": 0.73930282445999995, "Norm_MR": 0.0, "Roads_Sum": 1.47861, "Roads_1_S_": 0.739303, "nor_roads": 0.171191894466, "Shape_Leng": 4000.0, "Shape_Area": 1000000.0 }, "geometry": { "type": "Polygon", "coordinates": [ [ [ 73.302846982768983, 22.687733845974993 ], [ 73.293115696765724, 22.687630353779646 ], [ 73.293003817786683, 22.696660121889067 ], [ 73.302735740885637, 22.69676365976505 ], [ 73.302846982768983, 22.687733845974993 ] ] ] } },
{ "type": "Feature", "properties": { "FeatureID": "72", "HA_Area": 100.0, "NE": 0.0, "NH": 0.0, "SH": 0.0, "MR": 0.0, "Norm_NE": 0.0, "Norm_NH": 0.0, "Norm_SH": 0.0, "Norm_MR": 0.0, "Roads_Sum": 0.0, "Roads_1_S_": 0.0, "nor_roads": 0.0, "Shape_Leng": 4000.0, "Shape_Area": 1000000.0 }, "geometry": { "type": "Polygon", "coordinates": [ [ [ 73.176941493051075, 22.641196186798862 ], [ 73.167214150445744, 22.641085256792728 ], [ 73.167094295709802, 22.65011446119442 ], [ 73.176822273571887, 22.650225440240355 ], [ 73.176941493051075, 22.641196186798862 ] ] ] } },
{ "type": "Feature", "properties": { "FeatureID": "73", "HA_Area": 100.0, "NE": 0.0, "NH": 0.0, "SH": 1380.8, "MR": 0.0, "Norm_NE": 0.0, "Norm_NH": 0.0, "Norm_SH": 0.47046458008199998, "Norm_MR": 0.0, "Roads_Sum": 0.940929, "Roads_1_S_": 0.470465, "nor_roads": 0.108939756321, "Shape_Leng": 4000.0, "Shape_Area": 1000000.0 }, "geometry": { "type": "Polygon", "coordinates": [ [ [ 73.196867555939718, 22.605298767573796 ], [ 73.187142630374851, 22.605189210824044 ], [ 73.187024287219828, 22.614218556031332 ], [ 73.19674984678602, 22.614328161275171 ], [ 73.196867555939718, 22.605298767573796 ] ] ] } },
{ "type": "Feature", "properties": { "FeatureID": "74", "HA_Area": 100.0, "NE": 0.0, "NH": 0.0, "SH": 1404.43, "MR": 0.0, "Norm_NE": 0.0, "Norm_NH": 0.0, "Norm_SH": 0.46053152003100001, "Norm_MR": 0.0, "Roads_Sum": 0.921063, "Roads_1_S_": 0.460532, "nor_roads": 0.10663969320699999, "Shape_Leng": 4000.0, "Shape_Area": 1000000.0 }, "geometry": { "type": "Polygon", "coordinates": [ [ [ 73.265847785628182, 22.533810991674915 ], [ 73.256127508933176, 22.533705928598923 ], [ 73.256014067367744, 22.542735693262944 ], [ 73.265734975606833, 22.542840802962505 ], [ 73.265847785628182, 22.533810991674915 ] ] ] } },
{ "type": "Feature", "properties": { "FeatureID": "75", "HA_Area": 100.0, "NE": 0.0, "NH": 0.0, "SH": 530.886, "MR": 0.0, "Norm_NE": 0.0, "Norm_NH": 0.0, "Norm_SH": 0.82773270013599998, "Norm_MR": 0.0, "Roads_Sum": 1.65547, "Roads_1_S_": 0.827733, "nor_roads": 0.19166855386699999, "Shape_Leng": 4000.0, "Shape_Area": 1000000.0 }, "geometry": { "type": "Polygon", "coordinates": [ [ [ 73.197337793768511, 22.569181085485482 ], [ 73.187615400985464, 22.569071722650783 ], [ 73.187497298599169, 22.578101110788712 ], [ 73.197220324094317, 22.578210522092991 ], [ 73.197337793768511, 22.569181085485482 ] ] ] } },
{ "type": "Feature", "properties": { "FeatureID": "76", "HA_Area": 100.0, "NE": 0.0, "NH": 0.0, "SH": 339.538, "MR": 814.181, "Norm_NE": 0.0, "Norm_NH": 0.0, "Norm_SH": 0.90816734685400002, "Norm_MR": 0.21578330350800001, "Roads_Sum": 2.03212, "Roads_1_S_": 1.12395, "nor_roads": 0.23527668665000001, "Shape_Leng": 4000.0, "Shape_Area": 1000000.0 }, "geometry": { "type": "Polygon", "coordinates": [ [ [ 73.264490265283058, 22.642168022440554 ], [ 73.254762388795143, 22.642062399493156 ], [ 73.254648251999271, 22.651092035871574 ], [ 73.26437676389989, 22.651197705513287 ], [ 73.264490265283058, 22.642168022440554 ] ] ] } },
{ "type": "Feature", "properties": { "FeatureID": "77", "HA_Area": 100.0, "NE": 0.0, "NH": 0.0, "SH": 872.44, "MR": 0.0, "Norm_NE": 0.0, "Norm_NH": 0.0, "Norm_SH": 0.68415775930699996, "Norm_MR": 0.0, "Roads_Sum": 1.36832, "Roads_1_S_": 0.684158, "nor_roads": 0.158422629959, "Shape_Leng": 4000.0, "Shape_Area": 1000000.0 }, "geometry": { "type": "Polygon", "coordinates": [ [ [ 73.333674481831395, 22.552590257148719 ], [ 73.323952545722392, 22.552489211102156 ], [ 73.323843414117718, 22.561519275400276 ], [ 73.33356598252989, 22.561620366259771 ], [ 73.333674481831395, 22.552590257148719 ] ] ] } },
{ "type": "Feature", "properties": { "FeatureID": "78", "HA_Area": 100.0, "NE": 0.0, "NH": 0.0, "SH": 2458.62, "MR": 0.0, "Norm_NE": 0.0, "Norm_NH": 0.0, "Norm_SH": 0.017394362080599999, "Norm_MR": 0.0, "Roads_Sum": 0.0347887, "Roads_1_S_": 0.0173944, "nor_roads": 0.004027798805, "Shape_Leng": 4000.0, "Shape_Area": 1000000.0 }, "geometry": { "type": "Polygon", "coordinates": [ [ [ 73.216201145336413, 22.614545605160966 ], [ 73.206475466265729, 22.61443717765664 ], [ 73.20635833153986, 22.623466608862472 ], [ 73.216084644969285, 22.623575084346012 ], [ 73.216201145336413, 22.614545605160966 ] ] ] } },
{ "type": "Feature", "properties": { "FeatureID": "79", "HA_Area": 100.0, "NE": 0.0, "NH": 0.0, "SH": 834.07, "MR": 0.0, "Norm_NE": 0.0, "Norm_NH": 0.0, "Norm_SH": 0.70028689121200005, "Norm_MR": 0.0, "Roads_Sum": 1.40057, "Roads_1_S_": 0.700287, "nor_roads": 0.162156505999, "Shape_Leng": 4000.0, "Shape_Area": 1000000.0 }, "geometry": { "type": "Polygon", "coordinates": [ [ [ 73.235767853935059, 22.605731108406562 ], [ 73.226042690720746, 22.605623906152665 ], [ 73.225926883675498, 22.61465344377347 ], [ 73.235652680960456, 22.614760693479539 ], [ 73.235767853935059, 22.605731108406562 ] ] ] } },
{ "type": "Feature", "properties": { "FeatureID": "80", "HA_Area": 100.0, "NE": 0.0, "NH": 0.0, "SH": 0.0, "MR": 727.912, "Norm_NE": 0.0, "Norm_NH": 0.0, "Norm_SH": 0.0, "Norm_MR": 0.317657785207, "Roads_Sum": 0.317658, "Roads_1_S_": 0.317658, "nor_roads": 0.036778105524699997, "Shape_Leng": 4000.0, "Shape_Area": 1000000.0 }, "geometry": { "type": "Polygon", "coordinates": [ [ [ 73.352474291543004, 22.606971615864172 ], [ 73.342748446342441, 22.606871478471373 ], [ 73.342640249252582, 22.615901568324077 ], [ 73.352366728722757, 22.616001750042628 ], [ 73.352474291543004, 22.606971615864172 ] ] ] } },
{ "type": "Feature", "properties": { "FeatureID": "81", "HA_Area": 100.0, "NE": 0.0, "NH": 0.0, "SH": 255.008, "MR": 539.614, "Norm_NE": 0.0, "Norm_NH": 0.0, "Norm_SH": 0.94370020256800002, "Norm_MR": 0.54001748468499999, "Roads_Sum": 2.42742, "Roads_1_S_": 1.48372, "nor_roads": 0.28104408911399997, "Shape_Leng": 4000.0, "Shape_Area": 1000000.0 }, "geometry": { "type": "Polygon", "coordinates": [ [ [ 73.255787010690739, 22.560795190573465 ], [ 73.246064896274561, 22.560689400221928 ], [ 73.24595064863621, 22.569719085959903 ], [ 73.2556733955455, 22.569824923212995 ], [ 73.255787010690739, 22.560795190573465 ] ] ] } },
{ "type": "Feature", "properties": { "FeatureID": "82", "HA_Area": 100.0, "NE": 0.0, "NH": 0.0, "SH": 2057.38, "MR": 711.64, "Norm_NE": 0.0, "Norm_NH": 0.0, "Norm_SH": 0.18605887835400001, "Norm_MR": 0.336873238671, "Roads_Sum": 0.708991, "Roads_1_S_": 0.522932, "nor_roads": 0.082086221347500002, "Shape_Leng": 4000.0, "Shape_Area": 1000000.0 }, "geometry": { "type": "Polygon", "coordinates": [ [ [ 73.197807074376499, 22.533063231912461 ], [ 73.188087209222147, 22.532954062894952 ], [ 73.187969347324284, 22.541983493907523 ], [ 73.197689843903021, 22.542092711370167 ], [ 73.197807074376499, 22.533063231912461 ] ] ] } },
{ "type": "Feature", "properties": { "FeatureID": "83", "HA_Area": 100.0, "NE": 0.0, "NH": 0.0, "SH": 206.147, "MR": 0.0, "Norm_NE": 0.0, "Norm_NH": 0.0, "Norm_SH": 0.96423930843799999, "Norm_MR": 0.0, "Roads_Sum": 1.92848, "Roads_1_S_": 0.964239, "nor_roads": 0.223277362501, "Shape_Leng": 4000.0, "Shape_Area": 1000000.0 }, "geometry": { "type": "Polygon", "coordinates": [ [ [ 73.167692960223064, 22.604968331578227 ], [ 73.157968216280977, 22.604857009112084 ], [ 73.15784797122771, 22.613886207274433 ], [ 73.167573349118157, 22.613997579016001 ], [ 73.167692960223064, 22.604968331578227 ] ] ] } },
{ "type": "Feature", "properties": { "FeatureID": "84", "HA_Area": 100.0, "NE": 0.0, "NH": 0.0, "SH": 2149.06, "MR": 0.0, "Norm_NE": 0.0, "Norm_NH": 0.0, "Norm_SH": 0.14752038900200001, "Norm_MR": 0.0, "Roads_Sum": 0.295041, "Roads_1_S_": 0.14752, "nor_roads": 0.034159531948999997, "Shape_Leng": 4000.0, "Shape_Area": 1000000.0 }, "geometry": { "type": "Polygon", "coordinates": [ [ [ 73.274781668834535, 22.597124247712884 ], [ 73.265056906946626, 22.59701944659146 ], [ 73.264943693924792, 22.606049183147775 ], [ 73.274669089628645, 22.60615403067349 ], [ 73.274781668834535, 22.597124247712884 ] ] ] } },
{ "type": "Feature", "properties": { "FeatureID": "85", "HA_Area": 100.0, "NE": 0.0, "NH": 0.0, "SH": 0.0, "MR": 0.0, "Norm_NE": 0.0, "Norm_NH": 0.0, "Norm_SH": 0.0, "Norm_MR": 0.0, "Roads_Sum": 0.0, "Roads_1_S_": 0.0, "nor_roads": 0.0, "Shape_Leng": 4000.0, "Shape_Area": 1000000.0 }, "geometry": { "type": "Polygon", "coordinates": [ [ [ 73.139125549660292, 22.55948694295223 ], [ 73.129404154881641, 22.559374105094037 ], [ 73.129282318674299, 22.568403207709238 ], [ 73.139004345736581, 22.568516095592525 ], [ 73.139125549660292, 22.55948694295223 ] ] ] } },
{ "type": "Feature", "properties": { "FeatureID": "86", "HA_Area": 100.0, "NE": 0.0, "NH": 0.0, "SH": 1230.64, "MR": 0.0, "Norm_NE": 0.0, "Norm_NH": 0.0, "Norm_SH": 0.53358554193700003, "Norm_MR": 0.0, "Roads_Sum": 1.06717, "Roads_1_S_": 0.533586, "nor_roads": 0.123555808038, "Shape_Leng": 4000.0, "Shape_Area": 1000000.0 }, "geometry": { "type": "Polygon", "coordinates": [ [ [ 73.353118519579141, 22.552790587512551 ], [ 73.343396473224331, 22.552690715956714 ], [ 73.343288606242098, 22.56172086962032 ], [ 73.35301128493218, 22.561820785468335 ], [ 73.353118519579141, 22.552790587512551 ] ] ] } },
{ "type": "Feature", "properties": { "FeatureID": "87", "HA_Area": 100.0, "NE": 0.0, "NH": 0.0, "SH": 2256.96, "MR": 0.0, "Norm_NE": 0.0, "Norm_NH": 0.0, "Norm_SH": 0.10216380889, "Norm_MR": 0.0, "Roads_Sum": 0.204328, "Roads_1_S_": 0.102164, "nor_roads": 0.023656878141599998, "Shape_Leng": 4000.0, "Shape_Area": 1000000.0 }, "geometry": { "type": "Polygon", "coordinates": [ [ [ 73.147880711977052, 22.631832511681033 ], [ 73.13815418802362, 22.631719862738141 ], [ 73.13803248952739, 22.640748929240139 ], [ 73.147759648361102, 22.640861627998216 ], [ 73.147880711977052, 22.631832511681033 ] ] ] } },
{ "type": "Feature", "properties": { "FeatureID": "88", "HA_Area": 100.0, "NE": 0.0, "NH": 0.0, "SH": 506.529, "MR": 834.934, "Norm_NE": 0.0, "Norm_NH": 0.0, "Norm_SH": 0.83797135609600004, "Norm_MR": 0.19127624859199999, "Roads_Sum": 1.86722, "Roads_1_S_": 1.02925, "nor_roads": 0.21618474672900001, "Shape_Leng": 4000.0, "Shape_Area": 1000000.0 }, "geometry": { "type": "Polygon", "coordinates": [ [ [ 73.236227959942667, 22.569612661073595 ], [ 73.226505329787003, 22.569505648568466 ], [ 73.226389758353321, 22.578535229022691 ], [ 73.236113021290237, 22.578642288956022 ], [ 73.236227959942667, 22.569612661073595 ] ] ] } },
{ "type": "Feature", "properties": { "FeatureID": "89", "HA_Area": 100.0, "NE": 0.0, "NH": 0.0, "SH": 734.373, "MR": 951.115, "Norm_NE": 0.0, "Norm_NH": 0.0, "Norm_SH": 0.74219532526700005, "Norm_MR": 0.054078991996599997, "Roads_Sum": 1.53847, "Roads_1_S_": 0.796274, "nor_roads": 0.178122420437, "Shape_Leng": 4000.0, "Shape_Area": 1000000.0 }, "geometry": { "type": "Polygon", "coordinates": [ [ [ 73.255900567959216, 22.551765447255622 ], [ 73.246179085714104, 22.551659703799722 ], [ 73.246064896274561, 22.560689400221928 ], [ 73.255787010690739, 22.560795190573465 ], [ 73.255900567959216, 22.551765447255622 ] ] ] } },
{ "type": "Feature", "properties": { "FeatureID": "90", "HA_Area": 100.0, "NE": 0.0, "NH": 0.0, "SH": 0.0, "MR": 476.056, "Norm_NE": 0.0, "Norm_NH": 0.0, "Norm_SH": 0.0, "Norm_MR": 0.61507267832900003, "Roads_Sum": 0.615073, "Roads_1_S_": 0.615073, "nor_roads": 0.0712124993496, "Shape_Leng": 4000.0, "Shape_Area": 1000000.0 }, "geometry": { "type": "Polygon", "coordinates": [ [ [ 73.333022656199873, 22.60677075226365 ], [ 73.323296921437958, 22.606669437254642 ], [ 73.323187455857209, 22.61569943767411 ], [ 73.332913824856504, 22.615800797530017 ], [ 73.333022656199873, 22.60677075226365 ] ] ] } },
{ "type": "Feature", "properties": { "FeatureID": "91", "HA_Area": 100.0, "NE": 0.0, "NH": 0.0, "SH": 545.678, "MR": 0.0, "Norm_NE": 0.0, "Norm_NH": 0.0, "Norm_SH": 0.82151476884899999, "Norm_MR": 0.0, "Roads_Sum": 1.64303, "Roads_1_S_": 0.821515, "nor_roads": 0.19022826783800001, "Shape_Leng": 4000.0, "Shape_Area": 1000000.0 }, "geometry": { "type": "Polygon", "coordinates": [ [ [ 73.255218355859569, 22.605943746918513 ], [ 73.245493075755476, 22.605837722 ], [ 73.245378536868628, 22.614867354264664 ], [ 73.255104451077457, 22.614973426114368 ], [ 73.255218355859569, 22.605943746918513 ] ] ] } },
{ "type": "Feature", "properties": { "FeatureID": "92", "HA_Area": 100.0, "NE": 0.0, "NH": 0.0, "SH": 2177.91, "MR": 0.0, "Norm_NE": 0.0, "Norm_NH": 0.0, "Norm_SH": 0.13539312415900001, "Norm_MR": 0.0, "Roads_Sum": 0.270786, "Roads_1_S_": 0.135393, "nor_roads": 0.031351313029600002, "Shape_Leng": 4000.0, "Shape_Area": 1000000.0 }, "geometry": { "type": "Polygon", "coordinates": [ [ [ 73.216433968282715, 22.596486614625078 ], [ 73.206709556961926, 22.596378283060975 ], [ 73.206592541400624, 22.605407735721645 ], [ 73.216317586435125, 22.605516115252833 ], [ 73.216433968282715, 22.596486614625078 ] ] ] } },
{ "type": "Feature", "properties": { "FeatureID": "93", "HA_Area": 100.0, "NE": 0.0, "NH": 0.0, "SH": 1691.24, "MR": 0.0, "Norm_NE": 0.0, "Norm_NH": 0.0, "Norm_SH": 0.33996868743899999, "Norm_MR": 0.0, "Roads_Sum": 0.679937, "Roads_1_S_": 0.339969, "nor_roads": 0.078722381804200006, "Shape_Leng": 4000.0, "Shape_Area": 1000000.0 }, "geometry": { "type": "Polygon", "coordinates": [ [ [ 73.148122654540856, 22.613774246730351 ], [ 73.138397399380111, 22.613661697398925 ], [ 73.138275824635173, 22.622690785456573 ], [ 73.148001714030983, 22.622803384590583 ], [ 73.148122654540856, 22.613774246730351 ] ] ] } },
{ "type": "Feature", "properties": { "FeatureID": "94", "HA_Area": 100.0, "NE": 0.0, "NH": 0.0, "SH": 0.0, "MR": 0.0, "Norm_NE": 0.0, "Norm_NH": 0.0, "Norm_SH": 0.0, "Norm_MR": 0.0, "Roads_Sum": 0.0, "Roads_1_S_": 0.0, "nor_roads": 0.0, "Shape_Leng": 4000.0, "Shape_Area": 1000000.0 }, "geometry": { "type": "Polygon", "coordinates": [ [ [ 73.195924204151737, 22.67753361640186 ], [ 73.186194197539876, 22.67742367152751 ], [ 73.1860753720036, 22.686452930705769 ], [ 73.195806015199736, 22.686562924123375 ], [ 73.195924204151737, 22.67753361640186 ] ] ] } },
{ "type": "Feature", "properties": { "FeatureID": "95", "HA_Area": 100.0, "NE": 0.0, "NH": 0.0, "SH": 1838.33, "MR": 847.347, "Norm_NE": 0.0, "Norm_NH": 0.0, "Norm_SH": 0.27813825318000002, "Norm_MR": 0.17661787037400001, "Roads_Sum": 0.732894, "Roads_1_S_": 0.454756, "nor_roads": 0.084853686634299999, "Shape_Leng": 4000.0, "Shape_Area": 1000000.0 }, "geometry": { "type": "Polygon", "coordinates": [ [ [ 73.33356598252989, 22.561620366259771 ], [ 73.323843414117718, 22.561519275400276 ], [ 73.323734226890892, 22.570549329060579 ], [ 73.33345742792838, 22.570650464738659 ], [ 73.33356598252989, 22.561620366259771 ] ] ] } },
{ "type": "Feature", "properties": { "FeatureID": "96", "HA_Area": 100.0, "NE": 0.0, "NH": 0.0, "SH": 0.0, "MR": 0.0, "Norm_NE": 0.0, "Norm_NH": 0.0, "Norm_SH": 0.0, "Norm_MR": 0.0, "Roads_Sum": 0.0, "Roads_1_S_": 0.0, "nor_roads": 0.0, "Shape_Leng": 4000.0, "Shape_Area": 1000000.0 }, "geometry": { "type": "Polygon", "coordinates": [ [ [ 73.157245827549943, 22.659032036616086 ], [ 73.14751733637128, 22.658919828298671 ], [ 73.147396087961411, 22.667948912274948 ], [ 73.157125215006943, 22.668061170165867 ], [ 73.157245827549943, 22.659032036616086 ] ] ] } },
{ "type": "Feature", "properties": { "FeatureID": "97", "HA_Area": 100.0, "NE": 0.0, "NH": 0.0, "SH": 462.159, "MR": 0.0, "Norm_NE": 0.0, "Norm_NH": 0.0, "Norm_SH": 0.85662263560999996, "Norm_MR": 0.0, "Roads_Sum": 1.71325, "Roads_1_S_": 0.856623, "nor_roads": 0.19835826386, "Shape_Leng": 4000.0, "Shape_Area": 1000000.0 }, "geometry": { "type": "Polygon", "coordinates": [ [ [ 73.187142630374851, 22.605189210824044 ], [ 73.177417765028494, 22.605079065487207 ], [ 73.177298787889697, 22.614108361939969 ], [ 73.187024287219828, 22.614218556031332 ], [ 73.187142630374851, 22.605189210824044 ] ] ] } },
{ "type": "Feature", "properties": { "FeatureID": "98", "HA_Area": 100.0, "NE": 0.0, "NH": 0.0, "SH": 556.503, "MR": 0.0, "Norm_NE": 0.0, "Norm_NH": 0.0, "Norm_SH": 0.81696438907400004, "Norm_MR": 0.0, "Roads_Sum": 1.63393, "Roads_1_S_": 0.816964, "nor_roads": 0.18917467032800001, "Shape_Leng": 4000.0, "Shape_Area": 1000000.0 }, "geometry": { "type": "Polygon", "coordinates": [ [ [ 73.118332233822898, 22.658579662867851 ], [ 73.128060539184816, 22.658693641409229 ], [ 73.128182997012445, 22.649664646565348 ], [ 73.118455327140168, 22.649550718372929 ], [ 73.118332233822898, 22.658579662867851 ] ] ] } },
{ "type": "Feature", "properties": { "FeatureID": "99", "HA_Area": 100.0, "NE": 0.0, "NH": 0.0, "SH": 0.0, "MR": 0.0, "Norm_NE": 0.0, "Norm_NH": 0.0, "Norm_SH": 0.0, "Norm_MR": 0.0, "Roads_Sum": 0.0, "Roads_1_S_": 0.0, "nor_roads": 0.0, "Shape_Leng": 4000.0, "Shape_Area": 1000000.0 }, "geometry": { "type": "Polygon", "coordinates": [ [ [ 73.18666889626806, 22.641306527190853 ], [ 73.176941493051075, 22.641196186798862 ], [ 73.176822273571887, 22.650225440240355 ], [ 73.186550312063289, 22.650335829411574 ], [ 73.18666889626806, 22.641306527190853 ] ] ] } },
{ "type": "Feature", "properties": { "FeatureID": "100", "HA_Area": 100.0, "NE": 0.0, "NH": 0.0, "SH": 328.488, "MR": 703.009, "Norm_NE": 0.0, "Norm_NH": 0.0, "Norm_SH": 0.91281229690200005, "Norm_MR": 0.34706557359099999, "Roads_Sum": 2.17269, "Roads_1_S_": 1.25988, "nor_roads": 0.25155172279, "Shape_Leng": 4000.0, "Shape_Area": 1000000.0 }, "geometry": { "type": "Polygon", "coordinates": [ [ [ 73.264717094948452, 22.624108624187585 ], [ 73.254990488317304, 22.624003094611073 ], [ 73.25487646756217, 22.633032752405153 ], [ 73.264603708960294, 22.633138328664149 ], [ 73.264717094948452, 22.624108624187585 ] ] ] } },
{ "type": "Feature", "properties": { "FeatureID": "101", "HA_Area": 100.0, "NE": 0.0, "NH": 0.0, "SH": 0.0, "MR": 0.0, "Norm_NE": 0.0, "Norm_NH": 0.0, "Norm_SH": 0.0, "Norm_MR": 0.0, "Roads_Sum": 0.0, "Roads_1_S_": 0.0, "nor_roads": 0.0, "Shape_Leng": 4000.0, "Shape_Area": 1000000.0 }, "geometry": { "type": "Polygon", "coordinates": [ [ [ 73.18666889626806, 22.641306527190853 ], [ 73.186550312063289, 22.650335829411574 ], [ 73.19627841086114, 22.65044562869311 ], [ 73.196396359773857, 22.641416277953752 ], [ 73.18666889626806, 22.641306527190853 ] ] ] } },
{ "type": "Feature", "properties": { "FeatureID": "102", "HA_Area": 100.0, "NE": 0.0, "NH": 0.0, "SH": 0.0, "MR": 0.0, "Norm_NE": 0.0, "Norm_NH": 0.0, "Norm_SH": 0.0, "Norm_MR": 0.0, "Roads_Sum": 0.0, "Roads_1_S_": 0.0, "nor_roads": 0.0, "Shape_Leng": 4000.0, "Shape_Area": 1000000.0 }, "geometry": { "type": "Polygon", "coordinates": [ [ [ 73.196160401964889, 22.659474968683245 ], [ 73.186431667552085, 22.65936512087692 ], [ 73.186312962716826, 22.668394401583395 ], [ 73.196042333067609, 22.668504297920656 ], [ 73.196160401964889, 22.659474968683245 ] ] ] } },
{ "type": "Feature", "properties": { "FeatureID": "103", "HA_Area": 100.0, "NE": 0.0, "NH": 0.0, "SH": 552.426, "MR": 0.0, "Norm_NE": 0.0, "Norm_NH": 0.0, "Norm_SH": 0.81867817380100005, "Norm_MR": 0.0, "Roads_Sum": 1.63736, "Roads_1_S_": 0.818678, "nor_roads": 0.18957179310200001, "Shape_Leng": 4000.0, "Shape_Area": 1000000.0 }, "geometry": { "type": "Polygon", "coordinates": [ [ [ 73.128060539184816, 22.658693641409229 ], [ 73.118332233822898, 22.658579662867851 ], [ 73.118209077920838, 22.667608596559916 ], [ 73.127938019095325, 22.667722625456644 ], [ 73.128060539184816, 22.658693641409229 ] ] ] } },
{ "type": "Feature", "properties": { "FeatureID": "104", "HA_Area": 100.0, "NE": 0.0, "NH": 0.0, "SH": 0.0, "MR": 0.0, "Norm_NE": 0.0, "Norm_NH": 0.0, "Norm_SH": 0.0, "Norm_MR": 0.0, "Roads_Sum": 0.0, "Roads_1_S_": 0.0, "nor_roads": 0.0, "Shape_Leng": 4000.0, "Shape_Area": 1000000.0 }, "geometry": { "type": "Polygon", "coordinates": [ [ [ 73.225346963917502, 22.659800971051968 ], [ 73.215618050470638, 22.659692893785536 ], [ 73.215501253501827, 22.668722319302834 ], [ 73.225230802939009, 22.668830444318203 ], [ 73.225346963917502, 22.659800971051968 ] ] ] } },
{ "type": "Feature", "properties": { "FeatureID": "105", "HA_Area": 100.0, "NE": 0.0, "NH": 0.0, "SH": 0.0, "MR": 0.0, "Norm_NE": 0.0, "Norm_NH": 0.0, "Norm_SH": 0.0, "Norm_MR": 0.0, "Roads_Sum": 0.0, "Roads_1_S_": 0.0, "nor_roads": 0.0, "Shape_Leng": 4000.0, "Shape_Area": 1000000.0 }, "geometry": { "type": "Polygon", "coordinates": [ [ [ 73.158448584814693, 22.568740108932833 ], [ 73.148726434557389, 22.568628396005455 ], [ 73.148605801498718, 22.577657587661893 ], [ 73.158328584397523, 22.577769350100105 ], [ 73.158448584814693, 22.568740108932833 ] ] ] } },
{ "type": "Feature", "properties": { "FeatureID": "106", "HA_Area": 100.0, "NE": 0.0, "NH": 0.0, "SH": 1129.88, "MR": 0.0, "Norm_NE": 0.0, "Norm_NH": 0.0, "Norm_SH": 0.57594081155, "Norm_MR": 0.0, "Roads_Sum": 1.15188, "Roads_1_S_": 0.575941, "nor_roads": 0.133363441784, "Shape_Leng": 4000.0, "Shape_Area": 1000000.0 }, "geometry": { "type": "Polygon", "coordinates": [ [ [ 73.273992410169868, 22.660332503953704 ], [ 73.26426320479392, 22.660227377878904 ], [ 73.264149587948282, 22.669257039533946 ], [ 73.273879429399884, 22.669362212054182 ], [ 73.273992410169868, 22.660332503953704 ] ] ] } },
{ "type": "Feature", "properties": { "FeatureID": "107", "HA_Area": 100.0, "NE": 0.0, "NH": 0.0, "SH": 0.0, "MR": 958.173, "Norm_NE": 0.0, "Norm_NH": 0.0, "Norm_SH": 0.0, "Norm_MR": 0.045744271037499999, "Roads_Sum": 0.0457443, "Roads_1_S_": 0.0457443, "nor_roads": 0.0052962262893300003, "Shape_Leng": 4000.0, "Shape_Area": 1000000.0 }, "geometry": { "type": "Polygon", "coordinates": [ [ [ 73.178604209573095, 22.514785510613759 ], [ 73.168885726711025, 22.514675266514431 ], [ 73.168766723442744, 22.523704621297053 ], [ 73.178485837050914, 22.523814914349565 ], [ 73.178604209573095, 22.514785510613759 ] ] ] } },
{ "type": "Feature", "properties": { "FeatureID": "108", "HA_Area": 100.0, "NE": 0.0, "NH": 0.0, "SH": 1738.17, "MR": 0.0, "Norm_NE": 0.0, "Norm_NH": 0.0, "Norm_SH": 0.32024126698200001, "Norm_MR": 0.0, "Roads_Sum": 0.640483, "Roads_1_S_": 0.320241, "nor_roads": 0.074154441664799994, "Shape_Leng": 4000.0, "Shape_Area": 1000000.0 }, "geometry": { "type": "Polygon", "coordinates": [ [ [ 73.312578325268987, 22.68783674706437 ], [ 73.302846982768983, 22.687733845974993 ], [ 73.302735740885637, 22.69676365976505 ], [ 73.312467720497864, 22.69686660627422 ], [ 73.312578325268987, 22.68783674706437 ] ] ] } },
{ "type": "Feature", "properties": { "FeatureID": "109", "HA_Area": 100.0, "NE": 0.0, "NH": 0.0, "SH": 0.0, "MR": 0.0, "Norm_NE": 0.0, "Norm_NH": 0.0, "Norm_SH": 0.0, "Norm_MR": 0.0, "Roads_Sum": 0.0, "Roads_1_S_": 0.0, "nor_roads": 0.0, "Shape_Leng": 4000.0, "Shape_Area": 1000000.0 }, "geometry": { "type": "Polygon", "coordinates": [ [ [ 73.139367772304027, 22.541428605420748 ], [ 73.129647641126951, 22.541315867593834 ], [ 73.129525929026499, 22.550344991721065 ], [ 73.139246691843468, 22.550457779560464 ], [ 73.139367772304027, 22.541428605420748 ] ] ] } },
{ "type": "Feature", "properties": { "FeatureID": "110", "HA_Area": 100.0, "NE": 0.0, "NH": 0.0, "SH": 2128.59, "MR": 0.0, "Norm_NE": 0.0, "Norm_NH": 0.0, "Norm_SH": 0.15612510361199999, "Norm_MR": 0.0, "Roads_Sum": 0.31225, "Roads_1_S_": 0.156125, "nor_roads": 0.036151970868400003, "Shape_Leng": 4000.0, "Shape_Area": 1000000.0 }, "geometry": { "type": "Polygon", "coordinates": [ [ [ 73.235537449362596, 22.623790267841475 ], [ 73.225811017684421, 22.623682970677216 ], [ 73.225695092730291, 22.632712486860417 ], [ 73.235422159124383, 22.63281983148886 ], [ 73.235537449362596, 22.623790267841475 ] ] ] } },
{ "type": "Feature", "properties": { "FeatureID": "111", "HA_Area": 100.0, "NE": 0.0, "NH": 0.0, "SH": 2452.87, "MR": 251.284, "Norm_NE": 0.0, "Norm_NH": 0.0, "Norm_SH": 0.019811420205599999, "Norm_MR": 0.88050429244799999, "Roads_Sum": 0.920127, "Roads_1_S_": 0.900316, "nor_roads": 0.106531320496, "Shape_Leng": 4000.0, "Shape_Area": 1000000.0 }, "geometry": { "type": "Polygon", "coordinates": [ [ [ 73.303513248215495, 22.63355473870638 ], [ 73.293785777997954, 22.633451520473177 ], [ 73.293674239690787, 22.642481352751048 ], [ 73.303402345064939, 22.642584616630138 ], [ 73.303513248215495, 22.63355473870638 ] ] ] } },
{ "type": "Feature", "properties": { "FeatureID": "112", "HA_Area": 100.0, "NE": 0.0, "NH": 0.0, "SH": 0.0, "MR": 0.0, "Norm_NE": 0.0, "Norm_NH": 0.0, "Norm_SH": 0.0, "Norm_MR": 0.0, "Roads_Sum": 0.0, "Roads_1_S_": 0.0, "nor_roads": 0.0, "Shape_Leng": 4000.0, "Shape_Area": 1000000.0 }, "geometry": { "type": "Polygon", "coordinates": [ [ [ 73.186312962716826, 22.668394401583395 ], [ 73.17658365270772, 22.668283914835186 ], [ 73.176464251287342, 22.677313135981517 ], [ 73.186194197539876, 22.67742367152751 ], [ 73.186312962716826, 22.668394401583395 ] ] ] } },
{ "type": "Feature", "properties": { "FeatureID": "113", "HA_Area": 100.0, "NE": 4685.18, "NH": 0.0, "SH": 0.0, "MR": 904.064, "Norm_NE": 0.061294006736400002, "Norm_NH": 0.0, "Norm_SH": 0.0, "Norm_MR": 0.10964113158, "Roads_Sum": 0.354817, "Roads_1_S_": 0.170935, "nor_roads": 0.041080334464099998, "Shape_Leng": 4000.0, "Shape_Area": 1000000.0 }, "geometry": { "type": "Polygon", "coordinates": [ [ [ 73.120294229127154, 22.514115257000544 ], [ 73.110576115205845, 22.514001497400407 ], [ 73.110453327834506, 22.523030553001821 ], [ 73.120172072394723, 22.523144363115701 ], [ 73.120294229127154, 22.514115257000544 ] ] ] } },
{ "type": "Feature", "properties": { "FeatureID": "114", "HA_Area": 100.0, "NE": 0.0, "NH": 0.0, "SH": 1235.0, "MR": 0.0, "Norm_NE": 0.0, "Norm_NH": 0.0, "Norm_SH": 0.53175278749900001, "Norm_MR": 0.0, "Roads_Sum": 1.06351, "Roads_1_S_": 0.531753, "nor_roads": 0.12313204755, "Shape_Leng": 4000.0, "Shape_Area": 1000000.0 }, "geometry": { "type": "Polygon", "coordinates": [ [ [ 73.198041356070704, 22.515004240889144 ], [ 73.188322752800147, 22.51489516874361 ], [ 73.188205011041632, 22.52392462117248 ], [ 73.197924245093276, 22.524033741750952 ], [ 73.198041356070704, 22.515004240889144 ] ] ] } },
{ "type": "Feature", "properties": { "FeatureID": "115", "HA_Area": 100.0, "NE": 0.0, "NH": 0.0, "SH": 1054.32, "MR": 0.0, "Norm_NE": 0.0, "Norm_NH": 0.0, "Norm_SH": 0.60770308173300003, "Norm_MR": 0.0, "Roads_Sum": 1.21541, "Roads_1_S_": 0.607703, "nor_roads": 0.14071887380199999, "Shape_Leng": 4000.0, "Shape_Area": 1000000.0 }, "geometry": { "type": "Polygon", "coordinates": [ [ [ 73.148364351000268, 22.595715938714612 ], [ 73.148485106985646, 22.586686768566121 ], [ 73.138761752595556, 22.586574368604659 ], [ 73.138640363342276, 22.595603488969452 ], [ 73.148364351000268, 22.595715938714612 ] ] ] } },
{ "type": "Feature", "properties": { "FeatureID": "116", "HA_Area": 100.0, "NE": 0.0, "NH": 0.0, "SH": 0.0, "MR": 651.295, "Norm_NE": 0.0, "Norm_NH": 0.0, "Norm_SH": 0.0, "Norm_MR": 0.40813424516699998, "Roads_Sum": 0.408134, "Roads_1_S_": 0.408134, "nor_roads": 0.047253321106200001, "Shape_Leng": 4000.0, "Shape_Area": 1000000.0 }, "geometry": { "type": "Polygon", "coordinates": [ [ [ 73.341989909594659, 22.670081883728695 ], [ 73.332259672897308, 22.66998084529806 ], [ 73.332150453436483, 22.67901081592224 ], [ 73.341881326648291, 22.679111898978764 ], [ 73.341989909594659, 22.670081883728695 ] ] ] } },
{ "type": "Feature", "properties": { "FeatureID": "117", "HA_Area": 100.0, "NE": 0.0, "NH": 0.0, "SH": 0.0, "MR": 839.866, "Norm_NE": 0.0, "Norm_NH": 0.0, "Norm_SH": 0.0, "Norm_MR": 0.18545207780199999, "Roads_Sum": 0.185452, "Roads_1_S_": 0.185452, "nor_roads": 0.021471434835100001, "Shape_Leng": 4000.0, "Shape_Area": 1000000.0 }, "geometry": { "type": "Polygon", "coordinates": [ [ [ 73.303845619346447, 22.606465040887755 ], [ 73.294120052662009, 22.60636195955756 ], [ 73.29400868446703, 22.61539182387299 ], [ 73.303734885339807, 22.615494950831746 ], [ 73.303845619346447, 22.606465040887755 ] ] ] } },
{ "type": "Feature", "properties": { "FeatureID": "118", "HA_Area": 100.0, "NE": 0.0, "NH": 0.0, "SH": 950.373, "MR": 0.0, "Norm_NE": 0.0, "Norm_NH": 0.0, "Norm_SH": 0.65139801135399999, "Norm_MR": 0.0, "Roads_Sum": 1.3028, "Roads_1_S_": 0.651398, "nor_roads": 0.150836802415, "Shape_Leng": 4000.0, "Shape_Area": 1000000.0 }, "geometry": { "type": "Polygon", "coordinates": [ [ [ 73.26437676389989, 22.651197705513287 ], [ 73.254648251999271, 22.651092035871574 ], [ 73.254534057157628, 22.660121661536969 ], [ 73.26426320479392, 22.660227377878904 ], [ 73.26437676389989, 22.651197705513287 ] ] ] } },
{ "type": "Feature", "properties": { "FeatureID": "119", "HA_Area": 100.0, "NE": 0.0, "NH": 0.0, "SH": 956.814, "MR": 0.0, "Norm_NE": 0.0, "Norm_NH": 0.0, "Norm_SH": 0.64869046906500005, "Norm_MR": 0.0, "Roads_Sum": 1.29738, "Roads_1_S_": 0.64869, "nor_roads": 0.150209270314, "Shape_Leng": 4000.0, "Shape_Area": 1000000.0 }, "geometry": { "type": "Polygon", "coordinates": [ [ [ 73.343396473224331, 22.552690715956714 ], [ 73.333674481831395, 22.552590257148719 ], [ 73.33356598252989, 22.561620366259771 ], [ 73.343288606242098, 22.56172086962032 ], [ 73.343396473224331, 22.552690715956714 ] ] ] } },
{ "type": "Feature", "properties": { "FeatureID": "120", "HA_Area": 100.0, "NE": 0.0, "NH": 0.0, "SH": 268.088, "MR": 0.0, "Norm_NE": 0.0, "Norm_NH": 0.0, "Norm_SH": 0.938201913597, "Norm_MR": 0.0, "Roads_Sum": 1.8764, "Roads_1_S_": 0.938202, "nor_roads": 0.217247591529, "Shape_Leng": 4000.0, "Shape_Area": 1000000.0 }, "geometry": { "type": "Polygon", "coordinates": [ [ [ 73.148364351000268, 22.595715938714612 ], [ 73.148243533524649, 22.604745098103859 ], [ 73.157968216280977, 22.604857009112084 ], [ 73.158088400148472, 22.595827800193245 ], [ 73.148364351000268, 22.595715938714612 ] ] ] } },
{ "type": "Feature", "properties": { "FeatureID": "121", "HA_Area": 100.0, "NE": 0.0, "NH": 0.0, "SH": 243.316, "MR": 0.0, "Norm_NE": 0.0, "Norm_NH": 0.0, "Norm_SH": 0.94861502810599996, "Norm_MR": 0.0, "Roads_Sum": 1.89723, "Roads_1_S_": 0.948615, "nor_roads": 0.21965927080600001, "Shape_Leng": 4000.0, "Shape_Area": 1000000.0 }, "geometry": { "type": "Polygon", "coordinates": [ [ [ 73.128794352858833, 22.604519510521872 ], [ 73.119069855594134, 22.604405833978653 ], [ 73.118947074926822, 22.613434832435061 ], [ 73.128672206067947, 22.613548559295388 ], [ 73.128794352858833, 22.604519510521872 ] ] ] } },
{ "type": "Feature", "properties": { "FeatureID": "122", "HA_Area": 100.0, "NE": 0.0, "NH": 0.0, "SH": 1444.33, "MR": 0.0, "Norm_NE": 0.0, "Norm_NH": 0.0, "Norm_SH": 0.44375927948400001, "Norm_MR": 0.0, "Roads_Sum": 0.887519, "Roads_1_S_": 0.443759, "nor_roads": 0.102756004178, "Shape_Leng": 4000.0, "Shape_Area": 1000000.0 }, "geometry": { "type": "Polygon", "coordinates": [ [ [ 73.274669089628645, 22.60615403067349 ], [ 73.264943693924792, 22.606049183147775 ], [ 73.264830423264343, 22.615078909014304 ], [ 73.274556453106641, 22.615183802950181 ], [ 73.274669089628645, 22.60615403067349 ] ] ] } },
{ "type": "Feature", "properties": { "FeatureID": "123", "HA_Area": 100.0, "NE": 0.0, "NH": 0.0, "SH": 179.957, "MR": 514.172, "Norm_NE": 0.0, "Norm_NH": 0.0, "Norm_SH": 0.97524848377600004, "Norm_MR": 0.57006177595600005, "Roads_Sum": 2.52056, "Roads_1_S_": 1.54531, "nor_roads": 0.29182775355500001, "Shape_Leng": 4000.0, "Shape_Area": 1000000.0 }, "geometry": { "type": "Polygon", "coordinates": [ [ [ 73.226736296091474, 22.55144645556457 ], [ 73.217014989357835, 22.551338950814191 ], [ 73.216898903507044, 22.560368504987693 ], [ 73.226620842360674, 22.560476057414601 ], [ 73.226736296091474, 22.55144645556457 ] ] ] } },
{ "type": "Feature", "properties": { "FeatureID": "124", "HA_Area": 100.0, "NE": 0.0, "NH": 0.0, "SH": 2344.01, "MR": 0.0, "Norm_NE": 0.0, "Norm_NH": 0.0, "Norm_SH": 0.065571630141499998, "Norm_MR": 0.0, "Roads_Sum": 0.131143, "Roads_1_S_": 0.0655716, "nor_roads": 0.0151835972036, "Shape_Leng": 4000.0, "Shape_Area": 1000000.0 }, "geometry": { "type": "Polygon", "coordinates": [ [ [ 73.147274777917545, 22.676977985463907 ], [ 73.137545076334078, 22.676865087381952 ], [ 73.137423068143164, 22.685894099933321 ], [ 73.147153406221676, 22.686007047862045 ], [ 73.147274777917545, 22.676977985463907 ] ] ] } },
{ "type": "Feature", "properties": { "FeatureID": "125", "HA_Area": 100.0, "NE": 0.0, "NH": 0.0, "SH": 1037.48, "MR": 709.012, "Norm_NE": 0.0, "Norm_NH": 0.0, "Norm_SH": 0.61478189498699998, "Norm_MR": 0.33997661368900001, "Roads_Sum": 1.56954, "Roads_1_S_": 0.954759, "nor_roads": 0.181719671226, "Shape_Leng": 4000.0, "Shape_Area": 1000000.0 }, "geometry": { "type": "Polygon", "coordinates": [ [ [ 73.303180369504673, 22.660644340433201 ], [ 73.293450992848378, 22.660540985244975 ], [ 73.293339284279952, 22.669570785454155 ], [ 73.303069297061981, 22.669674186305627 ], [ 73.303180369504673, 22.660644340433201 ] ] ] } },
{ "type": "Feature", "properties": { "FeatureID": "126", "HA_Area": 100.0, "NE": 0.0, "NH": 0.0, "SH": 1891.12, "MR": 904.292, "Norm_NE": 0.0, "Norm_NH": 0.0, "Norm_SH": 0.25594754138199999, "Norm_MR": 0.109371927834, "Roads_Sum": 0.621267, "Roads_1_S_": 0.365319, "nor_roads": 0.071929633544499993, "Shape_Leng": 4000.0, "Shape_Area": 1000000.0 }, "geometry": { "type": "Polygon", "coordinates": [ [ [ 73.255559722506618, 22.578854645170733 ], [ 73.24583634278207, 22.578748761010175 ], [ 73.245721978695229, 22.587778425369272 ], [ 73.255445991557266, 22.587884356443226 ], [ 73.255559722506618, 22.578854645170733 ] ] ] } },
{ "type": "Feature", "properties": { "FeatureID": "127", "HA_Area": 100.0, "NE": 0.0, "NH": 0.0, "SH": 0.0, "MR": 0.0, "Norm_NE": 0.0, "Norm_NH": 0.0, "Norm_SH": 0.0, "Norm_MR": 0.0, "Roads_Sum": 0.0, "Roads_1_S_": 0.0, "nor_roads": 0.0, "Shape_Leng": 4000.0, "Shape_Area": 1000000.0 }, "geometry": { "type": "Polygon", "coordinates": [ [ [ 73.196042333067609, 22.668504297920656 ], [ 73.186312962716826, 22.668394401583395 ], [ 73.186194197539876, 22.67742367152751 ], [ 73.195924204151737, 22.67753361640186 ], [ 73.196042333067609, 22.668504297920656 ] ] ] } },
{ "type": "Feature", "properties": { "FeatureID": "128", "HA_Area": 100.0, "NE": 0.0, "NH": 0.0, "SH": 552.833, "MR": 0.0, "Norm_NE": 0.0, "Norm_NH": 0.0, "Norm_SH": 0.81850709551099998, "Norm_MR": 0.0, "Roads_Sum": 1.63701, "Roads_1_S_": 0.818507, "nor_roads": 0.18953127065100001, "Shape_Leng": 4000.0, "Shape_Area": 1000000.0 }, "geometry": { "type": "Polygon", "coordinates": [ [ [ 73.217478741456233, 22.515220627168311 ], [ 73.207760019063244, 22.515112727035604 ], [ 73.207643538884255, 22.524142276070215 ], [ 73.217362892092964, 22.524250224115573 ], [ 73.217478741456233, 22.515220627168311 ] ] ] } },
{ "type": "Feature", "properties": { "FeatureID": "129", "HA_Area": 100.0, "NE": 0.0, "NH": 0.0, "SH": 2102.63, "MR": 0.0, "Norm_NE": 0.0, "Norm_NH": 0.0, "Norm_SH": 0.167037681805, "Norm_MR": 0.0, "Roads_Sum": 0.334075, "Roads_1_S_": 0.167038, "nor_roads": 0.0386788479083, "Shape_Leng": 4000.0, "Shape_Area": 1000000.0 }, "geometry": { "type": "Polygon", "coordinates": [ [ [ 73.188322752800147, 22.51489516874361 ], [ 73.178604209573095, 22.514785510613759 ], [ 73.178485837050914, 22.523814914349565 ], [ 73.188205011041632, 22.52392462117248 ], [ 73.188322752800147, 22.51489516874361 ] ] ] } },
{ "type": "Feature", "properties": { "FeatureID": "130", "HA_Area": 100.0, "NE": 0.0, "NH": 0.0, "SH": 991.016, "MR": 0.0, "Norm_NE": 0.0, "Norm_NH": 0.0, "Norm_SH": 0.63431340155299998, "Norm_MR": 0.0, "Roads_Sum": 1.26863, "Roads_1_S_": 0.634313, "nor_roads": 0.146880632579, "Shape_Leng": 4000.0, "Shape_Area": 1000000.0 }, "geometry": { "type": "Polygon", "coordinates": [ [ [ 73.22627412804249, 22.587564798773794 ], [ 73.216550290896436, 22.587457103281199 ], [ 73.216433968282715, 22.596486614625078 ], [ 73.226158438837359, 22.596594357818283 ], [ 73.22627412804249, 22.587564798773794 ] ] ] } },
{ "type": "Feature", "properties": { "FeatureID": "131", "HA_Area": 100.0, "NE": 0.0, "NH": 0.0, "SH": 0.0, "MR": 484.6, "Norm_NE": 0.0, "Norm_NH": 0.0, "Norm_SH": 0.0, "Norm_MR": 0.60498312373999996, "Roads_Sum": 0.604983, "Roads_1_S_": 0.604983, "nor_roads": 0.070044283757199996, "Shape_Leng": 4000.0, "Shape_Area": 1000000.0 }, "geometry": { "type": "Polygon", "coordinates": [ [ [ 73.352043711689802, 22.643092088714727 ], [ 73.342315327474196, 22.642991773985237 ], [ 73.342206909991503, 22.652021821228491 ], [ 73.351935929768132, 22.652122180306197 ], [ 73.352043711689802, 22.643092088714727 ] ] ] } },
{ "type": "Feature", "properties": { "FeatureID": "132", "HA_Area": 100.0, "NE": 0.0, "NH": 0.0, "SH": 323.357, "MR": 0.0, "Norm_NE": 0.0, "Norm_NH": 0.0, "Norm_SH": 0.91496915849399996, "Norm_MR": 0.0, "Roads_Sum": 1.82994, "Roads_1_S_": 0.914969, "nor_roads": 0.211868498485, "Shape_Leng": 4000.0, "Shape_Area": 1000000.0 }, "geometry": { "type": "Polygon", "coordinates": [ [ [ 73.187497298599169, 22.578101110788712 ], [ 73.177774333269866, 22.577991111678521 ], [ 73.177655537700943, 22.587020440352987 ], [ 73.187379136046971, 22.587130488199229 ], [ 73.187497298599169, 22.578101110788712 ] ] ] } },
{ "type": "Feature", "properties": { "FeatureID": "133", "HA_Area": 100.0, "NE": 0.0, "NH": 0.0, "SH": 2483.85, "MR": 0.0, "Norm_NE": 0.0, "Norm_NH": 0.0, "Norm_SH": 0.0067887395961399996, "Norm_MR": 0.0, "Roads_Sum": 0.0135775, "Roads_1_S_": 0.00678874, "nor_roads": 0.00157198852132, "Shape_Leng": 4000.0, "Shape_Area": 1000000.0 }, "geometry": { "type": "Polygon", "coordinates": [ [ [ 73.20635833153986, 22.623466608862472 ], [ 73.196632077718803, 22.623357544241284 ], [ 73.196514248720575, 22.632386916468633 ], [ 73.206241137205637, 22.632496029335641 ], [ 73.20635833153986, 22.623466608862472 ] ] ] } },
{ "type": "Feature", "properties": { "FeatureID": "134", "HA_Area": 100.0, "NE": 0.0, "NH": 0.0, "SH": 1123.84, "MR": 930.799, "Norm_NE": 0.0, "Norm_NH": 0.0, "Norm_SH": 0.578479789897, "Norm_MR": 0.078069982971, "Roads_Sum": 1.23503, "Roads_1_S_": 0.65655, "nor_roads": 0.14299046354600001, "Shape_Leng": 4000.0, "Shape_Area": 1000000.0 }, "geometry": { "type": "Polygon", "coordinates": [ [ [ 73.254762388795143, 22.642062399493156 ], [ 73.24503457033606, 22.641956186814262 ], [ 73.244919798144437, 22.650985776237725 ], [ 73.254648251999271, 22.651092035871574 ], [ 73.254762388795143, 22.642062399493156 ] ] ] } },
{ "type": "Feature", "properties": { "FeatureID": "135", "HA_Area": 100.0, "NE": 0.0, "NH": 0.0, "SH": 0.0, "MR": 381.705, "Norm_NE": 0.0, "Norm_NH": 0.0, "Norm_SH": 0.0, "Norm_MR": 0.72649109952699997, "Roads_Sum": 0.726491, "Roads_1_S_": 0.726491, "nor_roads": 0.0841123507647, "Shape_Leng": 4000.0, "Shape_Area": 1000000.0 }, "geometry": { "type": "Polygon", "coordinates": [ [ [ 73.351504253767658, 22.688242440084348 ], [ 73.341772688515093, 22.688141903557561 ], [ 73.341663995178919, 22.697171897461661 ], [ 73.351396197608921, 22.697272478364802 ], [ 73.351504253767658, 22.688242440084348 ] ] ] } },
{ "type": "Feature", "properties": { "FeatureID": "136", "HA_Area": 100.0, "NE": 0.0, "NH": 0.0, "SH": 416.011, "MR": 0.0, "Norm_NE": 0.0, "Norm_NH": 0.0, "Norm_SH": 0.87602131789399995, "Norm_MR": 0.0, "Roads_Sum": 1.75204, "Roads_1_S_": 0.876021, "nor_roads": 0.20284932728, "Shape_Leng": 4000.0, "Shape_Area": 1000000.0 }, "geometry": { "type": "Polygon", "coordinates": [ [ [ 73.118578357890925, 22.640521763078674 ], [ 73.108851385733701, 22.640407295706062 ], [ 73.108727719834391, 22.649436200397197 ], [ 73.118455327140168, 22.649550718372929 ], [ 73.118578357890925, 22.640521763078674 ] ] ] } },
{ "type": "Feature", "properties": { "FeatureID": "137", "HA_Area": 100.0, "NE": 0.0, "NH": 0.0, "SH": 0.0, "MR": 327.578, "Norm_NE": 0.0, "Norm_NH": 0.0, "Norm_SH": 0.0, "Norm_MR": 0.79040925851800004, "Roads_Sum": 0.790409, "Roads_1_S_": 0.790409, "nor_roads": 0.091512714948499996, "Shape_Leng": 4000.0, "Shape_Area": 1000000.0 }, "geometry": { "type": "Polygon", "coordinates": [ [ [ 73.332368836864177, 22.660950864000384 ], [ 73.322639291835728, 22.660849279824792 ], [ 73.322529491693899, 22.669879216241473 ], [ 73.332259672897308, 22.66998084529806 ], [ 73.332368836864177, 22.660950864000384 ] ] ] } },
{ "type": "Feature", "properties": { "FeatureID": "138", "HA_Area": 100.0, "NE": 0.0, "NH": 0.0, "SH": 0.0, "MR": 0.0, "Norm_NE": 0.0, "Norm_NH": 0.0, "Norm_SH": 0.0, "Norm_MR": 0.0, "Roads_Sum": 0.0, "Roads_1_S_": 0.0, "nor_roads": 0.0, "Shape_Leng": 4000.0, "Shape_Area": 1000000.0 }, "geometry": { "type": "Polygon", "coordinates": [ [ [ 73.11943782281719, 22.577318773933097 ], [ 73.109715287668607, 22.577204660603069 ], [ 73.109592061481109, 22.586233640835783 ], [ 73.119315229521106, 22.586347804724149 ], [ 73.11943782281719, 22.577318773933097 ] ] ] } },
{ "type": "Feature", "properties": { "FeatureID": "139", "HA_Area": 100.0, "NE": 0.0, "NH": 0.0, "SH": 0.0, "MR": 882.933, "Norm_NE": 0.0, "Norm_NH": 0.0, "Norm_SH": 0.0, "Norm_MR": 0.13459462505100001, "Roads_Sum": 0.134595, "Roads_1_S_": 0.134595, "nor_roads": 0.0155832664322, "Shape_Leng": 4000.0, "Shape_Area": 1000000.0 }, "geometry": { "type": "Polygon", "coordinates": [ [ [ 73.323406331315482, 22.597639426180105 ], [ 73.323296921437958, 22.606669437254642 ], [ 73.333022656199873, 22.60677075226365 ], [ 73.333131432162617, 22.597740696347881 ], [ 73.323406331315482, 22.597639426180105 ] ] ] } },
{ "type": "Feature", "properties": { "FeatureID": "140", "HA_Area": 100.0, "NE": 0.0, "NH": 0.0, "SH": 525.029, "MR": 0.0, "Norm_NE": 0.0, "Norm_NH": 0.0, "Norm_SH": 0.83019473430299995, "Norm_MR": 0.0, "Roads_Sum": 1.66039, "Roads_1_S_": 0.830195, "nor_roads": 0.192238186895, "Shape_Leng": 4000.0, "Shape_Area": 1000000.0 }, "geometry": { "type": "Polygon", "coordinates": [ [ [ 73.226967027092911, 22.533387219789997 ], [ 73.217246983633586, 22.533279810374637 ], [ 73.217131016060947, 22.542309385942005 ], [ 73.226851690996511, 22.542416843021872 ], [ 73.226967027092911, 22.533387219789997 ] ] ] } },
{ "type": "Feature", "properties": { "FeatureID": "141", "HA_Area": 100.0, "NE": 0.0, "NH": 0.0, "SH": 0.0, "MR": 229.756, "Norm_NE": 0.0, "Norm_NH": 0.0, "Norm_SH": 0.0, "Norm_MR": 0.905926550005, "Roads_Sum": 0.905927, "Roads_1_S_": 0.905927, "nor_roads": 0.104887262854, "Shape_Leng": 4000.0, "Shape_Area": 1000000.0 }, "geometry": { "type": "Polygon", "coordinates": [ [ [ 73.178367404146215, 22.532844307372844 ], [ 73.168647659470338, 22.532733965360979 ], [ 73.168528534776186, 22.541763298702698 ], [ 73.178248910841404, 22.541873689680077 ], [ 73.178367404146215, 22.532844307372844 ] ] ] } },
{ "type": "Feature", "properties": { "FeatureID": "142", "HA_Area": 100.0, "NE": 0.0, "NH": 0.0, "SH": 2489.97, "MR": 0.0, "Norm_NE": 0.0, "Norm_NH": 0.0, "Norm_SH": 0.0042162024010299996, "Norm_MR": 0.0, "Roads_Sum": 0.00843241, "Roads_1_S_": 0.0042162, "nor_roads": 0.00097629541128500005, "Shape_Leng": 4000.0, "Shape_Area": 1000000.0 }, "geometry": { "type": "Polygon", "coordinates": [ [ [ 73.15760729749249, 22.631944571315628 ], [ 73.147880711977052, 22.631832511681033 ], [ 73.147759648361102, 22.640861627998216 ], [ 73.157486868774825, 22.64097373718748 ], [ 73.15760729749249, 22.631944571315628 ] ] ] } },
{ "type": "Feature", "properties": { "FeatureID": "143", "HA_Area": 100.0, "NE": 0.0, "NH": 0.0, "SH": 943.143, "MR": 0.0, "Norm_NE": 0.0, "Norm_NH": 0.0, "Norm_SH": 0.65443719101200004, "Norm_MR": 0.0, "Roads_Sum": 1.30887, "Roads_1_S_": 0.654437, "nor_roads": 0.151539568806, "Shape_Leng": 4000.0, "Shape_Area": 1000000.0 }, "geometry": { "type": "Polygon", "coordinates": [ [ [ 73.333891314598688, 22.534530007043944 ], [ 73.324170642130014, 22.534429050606285 ], [ 73.3240616217211, 22.543459136169673 ], [ 73.333782925848965, 22.543560137408956 ], [ 73.333891314598688, 22.534530007043944 ] ] ] } },
{ "type": "Feature", "properties": { "FeatureID": "144", "HA_Area": 100.0, "NE": 0.0, "NH": 0.0, "SH": 0.0, "MR": 0.0, "Norm_NE": 0.0, "Norm_NH": 0.0, "Norm_SH": 0.0, "Norm_MR": 0.0, "Roads_Sum": 0.0, "Roads_1_S_": 0.0, "nor_roads": 0.0, "Shape_Leng": 4000.0, "Shape_Area": 1000000.0 }, "geometry": { "type": "Polygon", "coordinates": [ [ [ 73.225230802939009, 22.668830444318203 ], [ 73.215501253501827, 22.668722319302834 ], [ 73.215384397160662, 22.677751734076136 ], [ 73.225114582911303, 22.677859906846493 ], [ 73.225230802939009, 22.668830444318203 ] ] ] } },
{ "type": "Feature", "properties": { "FeatureID": "145", "HA_Area": 100.0, "NE": 0.0, "NH": 0.0, "SH": 225.224, "MR": 343.699, "Norm_NE": 0.0, "Norm_NH": 0.0, "Norm_SH": 0.95622014186100002, "Norm_MR": 0.771372084964, "Roads_Sum": 2.68381, "Roads_1_S_": 1.72759, "nor_roads": 0.31072866103899999, "Shape_Leng": 4000.0, "Shape_Area": 1000000.0 }, "geometry": { "type": "Polygon", "coordinates": [ [ [ 73.246064896274561, 22.560689400221928 ], [ 73.236342840057205, 22.560583022497507 ], [ 73.236227959942667, 22.569612661073595 ], [ 73.24595064863621, 22.569719085959903 ], [ 73.246064896274561, 22.560689400221928 ] ] ] } },
{ "type": "Feature", "properties": { "FeatureID": "146", "HA_Area": 100.0, "NE": 0.0, "NH": 0.0, "SH": 0.0, "MR": 219.395, "Norm_NE": 0.0, "Norm_NH": 0.0, "Norm_SH": 0.0, "Norm_MR": 0.91816177016699996, "Roads_Sum": 0.918162, "Roads_1_S_": 0.918162, "nor_roads": 0.106303816474, "Shape_Leng": 4000.0, "Shape_Area": 1000000.0 }, "geometry": { "type": "Polygon", "coordinates": [ [ [ 73.323296921437958, 22.606669437254642 ], [ 73.313571242379282, 22.606567533458076 ], [ 73.313461142577424, 22.615597488770081 ], [ 73.323187455857209, 22.61569943767411 ], [ 73.323296921437958, 22.606669437254642 ] ] ] } },
{ "type": "Feature", "properties": { "FeatureID": "147", "HA_Area": 100.0, "NE": 0.0, "NH": 0.0, "SH": 319.05, "MR": 0.0, "Norm_NE": 0.0, "Norm_NH": 0.0, "Norm_SH": 0.91677964299299997, "Norm_MR": 0.0, "Roads_Sum": 1.83356, "Roads_1_S_": 0.91678, "nor_roads": 0.212287621526, "Shape_Leng": 4000.0, "Shape_Area": 1000000.0 }, "geometry": { "type": "Polygon", "coordinates": [ [ [ 73.226505329787003, 22.569505648568466 ], [ 73.216782758491362, 22.569398048459011 ], [ 73.216666554293582, 22.57842758122468 ], [ 73.226389758353321, 22.578535229022691 ], [ 73.226505329787003, 22.569505648568466 ] ] ] } },
{ "type": "Feature", "properties": { "FeatureID": "148", "HA_Area": 100.0, "NE": 0.0, "NH": 0.0, "SH": 0.0, "MR": 644.775, "Norm_NE": 0.0, "Norm_NH": 0.0, "Norm_SH": 0.0, "Norm_MR": 0.415833616455, "Roads_Sum": 0.415834, "Roads_1_S_": 0.415834, "nor_roads": 0.048144818463799997, "Shape_Leng": 4000.0, "Shape_Area": 1000000.0 }, "geometry": { "type": "Polygon", "coordinates": [ [ [ 73.332041178465474, 22.688040775869482 ], [ 73.322309723942297, 22.68793905703382 ], [ 73.322199756299852, 22.696968961402614 ], [ 73.33193184796805, 22.697070725136363 ], [ 73.332041178465474, 22.688040775869482 ] ] ] } },
{ "type": "Feature", "properties": { "FeatureID": "149", "HA_Area": 100.0, "NE": 0.0, "NH": 0.0, "SH": 375.395, "MR": 0.0, "Norm_NE": 0.0, "Norm_NH": 0.0, "Norm_SH": 0.89309457464499997, "Norm_MR": 0.0, "Roads_Sum": 1.78619, "Roads_1_S_": 0.893095, "nor_roads": 0.20680317839199999, "Shape_Leng": 4000.0, "Shape_Area": 1000000.0 }, "geometry": { "type": "Polygon", "coordinates": [ [ [ 73.256354218601984, 22.515646367270715 ], [ 73.246635261822604, 22.515540811338262 ], [ 73.246521305009111, 22.52457055046256 ], [ 73.256240892672324, 22.524676153267013 ], [ 73.256354218601984, 22.515646367270715 ] ] ] } },
{ "type": "Feature", "properties": { "FeatureID": "150", "HA_Area": 100.0, "NE": 0.0, "NH": 0.0, "SH": 2464.87, "MR": 0.0, "Norm_NE": 0.0, "Norm_NH": 0.0, "Norm_SH": 0.014767124988200001, "Norm_MR": 0.0, "Roads_Sum": 0.0295343, "Roads_1_S_": 0.0147671, "nor_roads": 0.0034194498693399999, "Shape_Leng": 4000.0, "Shape_Area": 1000000.0 }, "geometry": { "type": "Polygon", "coordinates": [ [ [ 73.244804967584074, 22.660015354942221 ], [ 73.235075936396356, 22.659908458109054 ], [ 73.234960411425433, 22.668937978863536 ], [ 73.244690078637873, 22.66904492292425 ], [ 73.244804967584074, 22.660015354942221 ] ] ] } },
{ "type": "Feature", "properties": { "FeatureID": "151", "HA_Area": 100.0, "NE": 0.0, "NH": 0.0, "SH": 0.0, "MR": 0.0, "Norm_NE": 0.0, "Norm_NH": 0.0, "Norm_SH": 0.0, "Norm_MR": 0.0, "Roads_Sum": 0.0, "Roads_1_S_": 0.0, "nor_roads": 0.0, "Shape_Leng": 4000.0, "Shape_Area": 1000000.0 }, "geometry": { "type": "Polygon", "coordinates": [ [ [ 73.264035913346106, 22.678286690474945 ], [ 73.254305493269086, 22.678180880714777 ], [ 73.254191124188239, 22.687210474220269 ], [ 73.263922180970496, 22.687316330698437 ], [ 73.264035913346106, 22.678286690474945 ] ] ] } },
{ "type": "Feature", "properties": { "FeatureID": "152", "HA_Area": 100.0, "NE": 0.0, "NH": 0.0, "SH": 1603.72, "MR": 0.0, "Norm_NE": 0.0, "Norm_NH": 0.0, "Norm_SH": 0.37675842210100002, "Norm_MR": 0.0, "Roads_Sum": 0.753517, "Roads_1_S_": 0.376758, "nor_roads": 0.087241391968500004, "Shape_Leng": 4000.0, "Shape_Area": 1000000.0 }, "geometry": { "type": "Polygon", "coordinates": [ [ [ 73.245263939681109, 22.623896975824241 ], [ 73.235537449362596, 22.623790267841475 ], [ 73.235422159124383, 22.63281983148886 ], [ 73.245149284175923, 22.632926586675261 ], [ 73.245263939681109, 22.623896975824241 ] ] ] } },
{ "type": "Feature", "properties": { "FeatureID": "153", "HA_Area": 100.0, "NE": 0.0, "NH": 0.0, "SH": 0.0, "MR": 0.0, "Norm_NE": 0.0, "Norm_NH": 0.0, "Norm_SH": 0.0, "Norm_MR": 0.0, "Roads_Sum": 0.0, "Roads_1_S_": 0.0, "nor_roads": 0.0, "Shape_Leng": 4000.0, "Shape_Area": 1000000.0 }, "geometry": { "type": "Polygon", "coordinates": [ [ [ 73.149087965185743, 22.541540756557975 ], [ 73.139367772304027, 22.541428605420748 ], [ 73.139246691843468, 22.550457779560464 ], [ 73.148967516383024, 22.550569980449982 ], [ 73.149087965185743, 22.541540756557975 ] ] ] } },
{ "type": "Feature", "properties": { "FeatureID": "154", "HA_Area": 100.0, "NE": 0.0, "NH": 0.0, "SH": 0.0, "MR": 604.255, "Norm_NE": 0.0, "Norm_NH": 0.0, "Norm_SH": 0.0, "Norm_MR": 0.46368341107599997, "Roads_Sum": 0.463683, "Roads_1_S_": 0.463683, "nor_roads": 0.053684724631100002, "Shape_Leng": 4000.0, "Shape_Area": 1000000.0 }, "geometry": { "type": "Polygon", "coordinates": [ [ [ 73.323406331315482, 22.597639426180105 ], [ 73.313681286155344, 22.597537567485301 ], [ 73.313571242379282, 22.606567533458076 ], [ 73.323296921437958, 22.606669437254642 ], [ 73.323406331315482, 22.597639426180105 ] ] ] } },
{ "type": "Feature", "properties": { "FeatureID": "155", "HA_Area": 100.0, "NE": 0.0, "NH": 0.0, "SH": 0.0, "MR": 0.0, "Norm_NE": 0.0, "Norm_NH": 0.0, "Norm_SH": 0.0, "Norm_MR": 0.0, "Roads_Sum": 0.0, "Roads_1_S_": 0.0, "nor_roads": 0.0, "Shape_Leng": 4000.0, "Shape_Area": 1000000.0 }, "geometry": { "type": "Polygon", "coordinates": [ [ [ 73.158568524117371, 22.559710857023106 ], [ 73.148847006179523, 22.559599193600313 ], [ 73.148726434557389, 22.568628396005455 ], [ 73.158448584814693, 22.568740108932833 ], [ 73.158568524117371, 22.559710857023106 ] ] ] } },
{ "type": "Feature", "properties": { "FeatureID": "156", "HA_Area": 100.0, "NE": 0.0, "NH": 0.0, "SH": 1287.98, "MR": 0.0, "Norm_NE": 0.0, "Norm_NH": 0.0, "Norm_SH": 0.50948223232400003, "Norm_MR": 0.0, "Roads_Sum": 1.01896, "Roads_1_S_": 0.509482, "nor_roads": 0.117974102742, "Shape_Leng": 4000.0, "Shape_Area": 1000000.0 }, "geometry": { "type": "Polygon", "coordinates": [ [ [ 73.353439895744685, 22.525699929953948 ], [ 73.343719744463684, 22.525600191241143 ], [ 73.343612042319137, 22.534630376763683 ], [ 73.353332824969499, 22.534730159751913 ], [ 73.353439895744685, 22.525699929953948 ] ] ] } },
{ "type": "Feature", "properties": { "FeatureID": "157", "HA_Area": 100.0, "NE": 0.0, "NH": 0.0, "SH": 0.0, "MR": 0.0, "Norm_NE": 0.0, "Norm_NH": 0.0, "Norm_SH": 0.0, "Norm_MR": 0.0, "Roads_Sum": 0.0, "Roads_1_S_": 0.0, "nor_roads": 0.0, "Shape_Leng": 4000.0, "Shape_Area": 1000000.0 }, "geometry": { "type": "Polygon", "coordinates": [ [ [ 73.303734885339807, 22.615494950831746 ], [ 73.29400868446703, 22.61539182387299 ], [ 73.293897259584512, 22.624421677512679 ], [ 73.303624094968299, 22.624524850105768 ], [ 73.303734885339807, 22.615494950831746 ] ] ] } },
{ "type": "Feature", "properties": { "FeatureID": "158", "HA_Area": 100.0, "NE": 0.0, "NH": 0.0, "SH": 2016.81, "MR": 686.879, "Norm_NE": 0.0, "Norm_NH": 0.0, "Norm_SH": 0.20311272587699999, "Norm_MR": 0.36611330627499999, "Roads_Sum": 0.772339, "Roads_1_S_": 0.569226, "nor_roads": 0.089420584728400004, "Shape_Leng": 4000.0, "Shape_Area": 1000000.0 }, "geometry": { "type": "Polygon", "coordinates": [ [ [ 73.323843414117718, 22.561519275400276 ], [ 73.314120901327684, 22.561417597055542 ], [ 73.314011081491756, 22.570447605636872 ], [ 73.323734226890892, 22.570549329060579 ], [ 73.323843414117718, 22.561519275400276 ] ] ] } },
{ "type": "Feature", "properties": { "FeatureID": "159", "HA_Area": 100.0, "NE": 0.0, "NH": 0.0, "SH": 309.071, "MR": 620.499, "Norm_NE": 0.0, "Norm_NH": 0.0, "Norm_SH": 0.92097438363799999, "Norm_MR": 0.44450096840600001, "Roads_Sum": 2.28645, "Roads_1_S_": 1.36548, "nor_roads": 0.26472273371499999, "Shape_Leng": 4000.0, "Shape_Area": 1000000.0 }, "geometry": { "type": "Polygon", "coordinates": [ [ [ 73.275455941367156, 22.542945325781226 ], [ 73.265734975606833, 22.542840802962505 ], [ 73.26562210806425, 22.551870603584629 ], [ 73.275343705707257, 22.551975172772497 ], [ 73.275455941367156, 22.542945325781226 ] ] ] } },
{ "type": "Feature", "properties": { "FeatureID": "160", "HA_Area": 100.0, "NE": 0.0, "NH": 0.0, "SH": 237.0, "MR": 717.56, "Norm_NE": 0.0, "Norm_NH": 0.0, "Norm_SH": 0.95127000641000004, "Norm_MR": 0.32988237416299998, "Roads_Sum": 2.23242, "Roads_1_S_": 1.28115, "nor_roads": 0.25846720466400003, "Shape_Leng": 4000.0, "Shape_Area": 1000000.0 }, "geometry": { "type": "Polygon", "coordinates": [ [ [ 73.3240616217211, 22.543459136169673 ], [ 73.314340373183029, 22.543357547965833 ], [ 73.314230665219355, 22.552387577830711 ], [ 73.323952545722392, 22.552489211102156 ], [ 73.3240616217211, 22.543459136169673 ] ] ] } },
{ "type": "Feature", "properties": { "FeatureID": "161", "HA_Area": 100.0, "NE": 0.0, "NH": 0.0, "SH": 324.507, "MR": 906.216, "Norm_NE": 0.0, "Norm_NH": 0.0, "Norm_SH": 0.91448574943500005, "Norm_MR": 0.107099877048, "Roads_Sum": 1.93607, "Roads_1_S_": 1.02159, "nor_roads": 0.22415611723199999, "Shape_Leng": 4000.0, "Shape_Area": 1000000.0 }, "geometry": { "type": "Polygon", "coordinates": [ [ [ 73.295008959453099, 22.534122661122865 ], [ 73.285288511209927, 22.534019357950992 ], [ 73.285176964326837, 22.54304926170494 ], [ 73.294898044163972, 22.543152610719602 ], [ 73.295008959453099, 22.534122661122865 ] ] ] } },
{ "type": "Feature", "properties": { "FeatureID": "162", "HA_Area": 100.0, "NE": 0.0, "NH": 0.0, "SH": 2389.94, "MR": 0.0, "Norm_NE": 0.0, "Norm_NH": 0.0, "Norm_SH": 0.046264618932399998, "Norm_MR": 0.0, "Roads_Sum": 0.0925292, "Roads_1_S_": 0.0462646, "nor_roads": 0.010712932165500001, "Shape_Leng": 4000.0, "Shape_Area": 1000000.0 }, "geometry": { "type": "Polygon", "coordinates": [ [ [ 73.225811017684421, 22.623682970677216 ], [ 73.216084644969285, 22.623575084346012 ], [ 73.215968085316462, 22.632604552804469 ], [ 73.225695092730291, 22.632712486860417 ], [ 73.225811017684421, 22.623682970677216 ] ] ] } },
{ "type": "Feature", "properties": { "FeatureID": "163", "HA_Area": 100.0, "NE": 0.0, "NH": 0.0, "SH": 0.0, "MR": 0.0, "Norm_NE": 0.0, "Norm_NH": 0.0, "Norm_SH": 0.0, "Norm_MR": 0.0, "Roads_Sum": 0.0, "Roads_1_S_": 0.0, "nor_roads": 0.0, "Shape_Leng": 4000.0, "Shape_Area": 1000000.0 }, "geometry": { "type": "Polygon", "coordinates": [ [ [ 73.206006569642511, 22.650554838070093 ], [ 73.19627841086114, 22.65044562869311 ], [ 73.196160401964889, 22.659474968683245 ], [ 73.205889196378763, 22.65958422632438 ], [ 73.206006569642511, 22.650554838070093 ] ] ] } },
{ "type": "Feature", "properties": { "FeatureID": "164", "HA_Area": 100.0, "NE": 0.0, "NH": 0.0, "SH": 948.767, "MR": 0.0, "Norm_NE": 0.0, "Norm_NH": 0.0, "Norm_SH": 0.65207308813499998, "Norm_MR": 0.0, "Roads_Sum": 1.30415, "Roads_1_S_": 0.652073, "nor_roads": 0.15099309540799999, "Shape_Leng": 4000.0, "Shape_Area": 1000000.0 }, "geometry": { "type": "Polygon", "coordinates": [ [ [ 73.227082304397754, 22.524357585872426 ], [ 73.226967027092911, 22.533387219789997 ], [ 73.236687129343792, 22.533494042642122 ], [ 73.236801775477034, 22.524464361326238 ], [ 73.227082304397754, 22.524357585872426 ] ] ] } },
{ "type": "Feature", "properties": { "FeatureID": "165", "HA_Area": 100.0, "NE": 0.0, "NH": 0.0, "SH": 617.071, "MR": 675.252, "Norm_NE": 0.0, "Norm_NH": 0.0, "Norm_SH": 0.791504152553, "Norm_MR": 0.37984356223299998, "Roads_Sum": 1.96285, "Roads_1_S_": 1.17135, "nor_roads": 0.227256678165, "Shape_Leng": 4000.0, "Shape_Area": 1000000.0 }, "geometry": { "type": "Polygon", "coordinates": [ [ [ 73.274443759251838, 22.624213564539495 ], [ 73.264717094948452, 22.624108624187585 ], [ 73.264603708960294, 22.633138328664149 ], [ 73.274331008047525, 22.633243315437959 ], [ 73.274443759251838, 22.624213564539495 ] ] ] } },
{ "type": "Feature", "properties": { "FeatureID": "166", "HA_Area": 100.0, "NE": 0.0, "NH": 0.0, "SH": 338.525, "MR": 0.0, "Norm_NE": 0.0, "Norm_NH": 0.0, "Norm_SH": 0.90859316964699999, "Norm_MR": 0.0, "Roads_Sum": 1.81719, "Roads_1_S_": 0.908593, "nor_roads": 0.21039232745200001, "Shape_Leng": 4000.0, "Shape_Area": 1000000.0 }, "geometry": { "type": "Polygon", "coordinates": [ [ [ 73.353225699586289, 22.543760378939261 ], [ 73.343504285244677, 22.543660551670012 ], [ 73.343396473224331, 22.552690715956714 ], [ 73.353118519579141, 22.552790587512551 ], [ 73.353225699586289, 22.543760378939261 ] ] ] } },
{ "type": "Feature", "properties": { "FeatureID": "167", "HA_Area": 100.0, "NE": 0.0, "NH": 0.0, "SH": 2272.37, "MR": 0.0, "Norm_NE": 0.0, "Norm_NH": 0.0, "Norm_SH": 0.095686027433599996, "Norm_MR": 0.0, "Roads_Sum": 0.191372, "Roads_1_S_": 0.095686, "nor_roads": 0.0221568470319, "Shape_Leng": 4000.0, "Shape_Area": 1000000.0 }, "geometry": { "type": "Polygon", "coordinates": [ [ [ 73.14751733637128, 22.658919828298671 ], [ 73.137788906808581, 22.658807029891296 ], [ 73.137667022549849, 22.667836064033445 ], [ 73.147396087961411, 22.667948912274948 ], [ 73.14751733637128, 22.658919828298671 ] ] ] } },
{ "type": "Feature", "properties": { "FeatureID": "168", "HA_Area": 100.0, "NE": 0.0, "NH": 0.0, "SH": 954.027, "MR": 0.0, "Norm_NE": 0.0, "Norm_NH": 0.0, "Norm_SH": 0.64986202694999995, "Norm_MR": 0.0, "Roads_Sum": 1.29972, "Roads_1_S_": 0.649862, "nor_roads": 0.150480202092, "Shape_Leng": 4000.0, "Shape_Area": 1000000.0 }, "geometry": { "type": "Polygon", "coordinates": [ [ [ 73.227082304397754, 22.524357585872426 ], [ 73.217362892092964, 22.524250224115573 ], [ 73.217246983633586, 22.533279810374637 ], [ 73.226967027092911, 22.533387219789997 ], [ 73.227082304397754, 22.524357585872426 ] ] ] } },
{ "type": "Feature", "properties": { "FeatureID": "169", "HA_Area": 100.0, "NE": 0.0, "NH": 0.0, "SH": 0.0, "MR": 903.84, "Norm_NE": 0.0, "Norm_NH": 0.0, "Norm_SH": 0.0, "Norm_MR": 0.109905650388, "Roads_Sum": 0.109906, "Roads_1_S_": 0.109906, "nor_roads": 0.0127247998815, "Shape_Leng": 4000.0, "Shape_Area": 1000000.0 }, "geometry": { "type": "Polygon", "coordinates": [ [ [ 73.333240152760851, 22.58871062978616 ], [ 73.323515685505981, 22.588609404453948 ], [ 73.323406331315482, 22.597639426180105 ], [ 73.333131432162617, 22.597740696347881 ], [ 73.333240152760851, 22.58871062978616 ] ] ] } },
{ "type": "Feature", "properties": { "FeatureID": "170", "HA_Area": 100.0, "NE": 0.0, "NH": 0.0, "SH": 2267.6, "MR": 889.431, "Norm_NE": 0.0, "Norm_NH": 0.0, "Norm_SH": 0.097691142992599997, "Norm_MR": 0.126921129036, "Roads_Sum": 0.322303, "Roads_1_S_": 0.224612, "nor_roads": 0.037315897512799998, "Shape_Leng": 4000.0, "Shape_Area": 1000000.0 }, "geometry": { "type": "Polygon", "coordinates": [ [ [ 73.188205011041632, 22.52392462117248 ], [ 73.178485837050914, 22.523814914349565 ], [ 73.178367404146215, 22.532844307372844 ], [ 73.188087209222147, 22.532954062894952 ], [ 73.188205011041632, 22.52392462117248 ] ] ] } },
{ "type": "Feature", "properties": { "FeatureID": "171", "HA_Area": 100.0, "NE": 0.0, "NH": 0.0, "SH": 1844.48, "MR": 635.615, "Norm_NE": 0.0, "Norm_NH": 0.0, "Norm_SH": 0.27555304161799998, "Norm_MR": 0.42665063380399998, "Roads_Sum": 0.977757, "Roads_1_S_": 0.702204, "nor_roads": 0.113203660767, "Shape_Leng": 4000.0, "Shape_Area": 1000000.0 }, "geometry": { "type": "Polygon", "coordinates": [ [ [ 73.284953699911668, 22.561109037247924 ], [ 73.27523141283136, 22.561005009100665 ], [ 73.275119062722794, 22.570034834762254 ], [ 73.284841982346521, 22.570138909030007 ], [ 73.284953699911668, 22.561109037247924 ] ] ] } },
{ "type": "Feature", "properties": { "FeatureID": "172", "HA_Area": 100.0, "NE": 0.0, "NH": 0.0, "SH": 0.0, "MR": 572.441, "Norm_NE": 0.0, "Norm_NH": 0.0, "Norm_SH": 0.0, "Norm_MR": 0.50125236148600005, "Roads_Sum": 0.501252, "Roads_1_S_": 0.501252, "nor_roads": 0.058034421839399997, "Shape_Leng": 4000.0, "Shape_Area": 1000000.0 }, "geometry": { "type": "Polygon", "coordinates": [ [ [ 73.342531997088642, 22.624931647529575 ], [ 73.332804938116325, 22.624830832143545 ], [ 73.332695995963192, 22.633860856100789 ], [ 73.342423689834547, 22.633961716084436 ], [ 73.342531997088642, 22.624931647529575 ] ] ] } },
{ "type": "Feature", "properties": { "FeatureID": "173", "HA_Area": 100.0, "NE": 0.0, "NH": 0.0, "SH": 1632.49, "MR": 0.0, "Norm_NE": 0.0, "Norm_NH": 0.0, "Norm_SH": 0.36466471610700002, "Norm_MR": 0.0, "Roads_Sum": 0.729329, "Roads_1_S_": 0.364665, "nor_roads": 0.084440933181199995, "Shape_Leng": 4000.0, "Shape_Area": 1000000.0 }, "geometry": { "type": "Polygon", "coordinates": [ [ [ 73.137667022549849, 22.667836064033445 ], [ 73.127938019095325, 22.667722625456644 ], [ 73.127815436725754, 22.676751598704062 ], [ 73.137545076334078, 22.676865087381952 ], [ 73.137667022549849, 22.667836064033445 ] ] ] } },
{ "type": "Feature", "properties": { "FeatureID": "174", "HA_Area": 100.0, "NE": 0.0, "NH": 0.0, "SH": 530.918, "MR": 0.0, "Norm_NE": 0.0, "Norm_NH": 0.0, "Norm_SH": 0.82771923041499995, "Norm_MR": 0.0, "Roads_Sum": 1.65544, "Roads_1_S_": 0.827719, "nor_roads": 0.19166507578200001, "Shape_Leng": 4000.0, "Shape_Area": 1000000.0 }, "geometry": { "type": "Polygon", "coordinates": [ [ [ 73.167692960223064, 22.604968331578227 ], [ 73.167812510464614, 22.595939073390184 ], [ 73.158088400148472, 22.595827800193245 ], [ 73.157968216280977, 22.604857009112084 ], [ 73.167692960223064, 22.604968331578227 ] ] ] } },
{ "type": "Feature", "properties": { "FeatureID": "175", "HA_Area": 100.0, "NE": 0.0, "NH": 0.0, "SH": 224.102, "MR": 0.0, "Norm_NE": 0.0, "Norm_NH": 0.0, "Norm_SH": 0.95669178094899998, "Norm_MR": 0.0, "Roads_Sum": 1.91338, "Roads_1_S_": 0.956692, "nor_roads": 0.221529100329, "Shape_Leng": 4000.0, "Shape_Area": 1000000.0 }, "geometry": { "type": "Polygon", "coordinates": [ [ [ 73.167692960223064, 22.604968331578227 ], [ 73.167573349118157, 22.613997579016001 ], [ 73.177298787889697, 22.614108361939969 ], [ 73.177417765028494, 22.605079065487207 ], [ 73.167692960223064, 22.604968331578227 ] ] ] } },
{ "type": "Feature", "properties": { "FeatureID": "176", "HA_Area": 100.0, "NE": 0.0, "NH": 0.0, "SH": 2318.45, "MR": 0.0, "Norm_NE": 0.0, "Norm_NH": 0.0, "Norm_SH": 0.076316003584899997, "Norm_MR": 0.0, "Roads_Sum": 0.152632, "Roads_1_S_": 0.076316, "nor_roads": 0.017671570068800001, "Shape_Leng": 4000.0, "Shape_Area": 1000000.0 }, "geometry": { "type": "Polygon", "coordinates": [ [ [ 73.343827391694276, 22.516569995105868 ], [ 73.334107926358854, 22.516469714451947 ], [ 73.333999648096636, 22.525499866057121 ], [ 73.343719744463684, 22.525600191241143 ], [ 73.343827391694276, 22.516569995105868 ] ] ] } },
{ "type": "Feature", "properties": { "FeatureID": "177", "HA_Area": 100.0, "NE": 0.0, "NH": 0.0, "SH": 886.088, "MR": 0.0, "Norm_NE": 0.0, "Norm_NH": 0.0, "Norm_SH": 0.67842070990199999, "Norm_MR": 0.0, "Roads_Sum": 1.35684, "Roads_1_S_": 0.678421, "nor_roads": 0.157093490828, "Shape_Leng": 4000.0, "Shape_Area": 1000000.0 }, "geometry": { "type": "Polygon", "coordinates": [ [ [ 73.127692792057928, 22.685780561147986 ], [ 73.11796257828918, 22.685666431521412 ], [ 73.117839234522961, 22.694695332783816 ], [ 73.1275700850736, 22.694809512784904 ], [ 73.127692792057928, 22.685780561147986 ] ] ] } },
{ "type": "Feature", "properties": { "FeatureID": "178", "HA_Area": 100.0, "NE": 0.0, "NH": 0.0, "SH": 1211.09, "MR": 0.0, "Norm_NE": 0.0, "Norm_NH": 0.0, "Norm_SH": 0.54180356008700004, "Norm_MR": 0.0, "Roads_Sum": 1.08361, "Roads_1_S_": 0.541804, "nor_roads": 0.125459217643, "Shape_Leng": 4000.0, "Shape_Area": 1000000.0 }, "geometry": { "type": "Polygon", "coordinates": [ [ [ 73.283384467582621, 22.687526270492349 ], [ 73.273653295543085, 22.687421596127216 ], [ 73.273540142422647, 22.696451272092869 ], [ 73.283271951524526, 22.696555992660304 ], [ 73.283384467582621, 22.687526270492349 ] ] ] } },
{ "type": "Feature", "properties": { "FeatureID": "179", "HA_Area": 100.0, "NE": 0.0, "NH": 0.0, "SH": 0.0, "MR": 0.0, "Norm_NE": 0.0, "Norm_NH": 0.0, "Norm_SH": 0.0, "Norm_MR": 0.0, "Roads_Sum": 0.0, "Roads_1_S_": 0.0, "nor_roads": 0.0, "Shape_Leng": 4000.0, "Shape_Area": 1000000.0 }, "geometry": { "type": "Polygon", "coordinates": [ [ [ 73.323077934556977, 22.62472942743506 ], [ 73.313350986733369, 22.624627433417864 ], [ 73.313240774830803, 22.633657367397973 ], [ 73.322968357520992, 22.633759406534047 ], [ 73.323077934556977, 22.62472942743506 ] ] ] } },
{ "type": "Feature", "properties": { "FeatureID": "180", "HA_Area": 100.0, "NE": 0.0, "NH": 0.0, "SH": 435.109, "MR": 0.0, "Norm_NE": 0.0, "Norm_NH": 0.0, "Norm_SH": 0.86799331261400003, "Norm_MR": 0.0, "Roads_Sum": 1.73599, "Roads_1_S_": 0.867993, "nor_roads": 0.20099107757099999, "Shape_Leng": 4000.0, "Shape_Area": 1000000.0 }, "geometry": { "type": "Polygon", "coordinates": [ [ [ 73.138640363342276, 22.595603488969452 ], [ 73.128916437496812, 22.595490450972985 ], [ 73.128794352858833, 22.604519510521872 ], [ 73.138518912276467, 22.604632598568713 ], [ 73.138640363342276, 22.595603488969452 ] ] ] } },
{ "type": "Feature", "properties": { "FeatureID": "181", "HA_Area": 100.0, "NE": 0.0, "NH": 0.0, "SH": 2367.86, "MR": 0.0, "Norm_NE": 0.0, "Norm_NH": 0.0, "Norm_SH": 0.055546052346399998, "Norm_MR": 0.0, "Roads_Sum": 0.111092, "Roads_1_S_": 0.0555461, "nor_roads": 0.012862113503100001, "Shape_Leng": 4000.0, "Shape_Area": 1000000.0 }, "geometry": { "type": "Polygon", "coordinates": [ [ [ 73.322309723942297, 22.68793905703382 ], [ 73.312578325268987, 22.68783674706437 ], [ 73.312467720497864, 22.69686660627422 ], [ 73.322199756299852, 22.696968961402614 ], [ 73.322309723942297, 22.68793905703382 ] ] ] } },
{ "type": "Feature", "properties": { "FeatureID": "182", "HA_Area": 100.0, "NE": 0.0, "NH": 0.0, "SH": 0.0, "MR": 0.0, "Norm_NE": 0.0, "Norm_NH": 0.0, "Norm_SH": 0.0, "Norm_MR": 0.0, "Roads_Sum": 0.0, "Roads_1_S_": 0.0, "nor_roads": 0.0, "Shape_Leng": 4000.0, "Shape_Area": 1000000.0 }, "geometry": { "type": "Polygon", "coordinates": [ [ [ 73.148967516383024, 22.550569980449982 ], [ 73.139246691843468, 22.550457779560464 ], [ 73.139125549660292, 22.55948694295223 ], [ 73.148847006179523, 22.559599193600313 ], [ 73.148967516383024, 22.550569980449982 ] ] ] } },
{ "type": "Feature", "properties": { "FeatureID": "183", "HA_Area": 100.0, "NE": 0.0, "NH": 0.0, "SH": 239.97, "MR": 397.892, "Norm_NE": 0.0, "Norm_NH": 0.0, "Norm_SH": 0.95002154283100004, "Norm_MR": 0.70737597581199996, "Roads_Sum": 2.60742, "Roads_1_S_": 1.6574, "nor_roads": 0.30188430500899999, "Shape_Leng": 4000.0, "Shape_Area": 1000000.0 }, "geometry": { "type": "Polygon", "coordinates": [ [ [ 73.293339284279952, 22.669570785454155 ], [ 73.283609328284854, 22.669466794032303 ], [ 73.283496926497165, 22.678496537615199 ], [ 73.29322751892461, 22.678600574966858 ], [ 73.293339284279952, 22.669570785454155 ] ] ] } },
{ "type": "Feature", "properties": { "FeatureID": "184", "HA_Area": 100.0, "NE": 0.0, "NH": 0.0, "SH": 994.423, "MR": 0.0, "Norm_NE": 0.0, "Norm_NH": 0.0, "Norm_SH": 0.63288124945799995, "Norm_MR": 0.0, "Roads_Sum": 1.26576, "Roads_1_S_": 0.632881, "nor_roads": 0.14654833744500001, "Shape_Leng": 4000.0, "Shape_Area": 1000000.0 }, "geometry": { "type": "Polygon", "coordinates": [ [ [ 73.264943693924792, 22.606049183147775 ], [ 73.255218355859569, 22.605943746918513 ], [ 73.255104451077457, 22.614973426114368 ], [ 73.264830423264343, 22.615078909014304 ], [ 73.264943693924792, 22.606049183147775 ] ] ] } },
{ "type": "Feature", "properties": { "FeatureID": "185", "HA_Area": 100.0, "NE": 0.0, "NH": 0.0, "SH": 307.036, "MR": 0.0, "Norm_NE": 0.0, "Norm_NH": 0.0, "Norm_SH": 0.92182981357500005, "Norm_MR": 0.0, "Roads_Sum": 1.84366, "Roads_1_S_": 0.92183, "nor_roads": 0.213456989579, "Shape_Leng": 4000.0, "Shape_Area": 1000000.0 }, "geometry": { "type": "Polygon", "coordinates": [ [ [ 73.236687129343792, 22.533494042642122 ], [ 73.226967027092911, 22.533387219789997 ], [ 73.226851690996511, 22.542416843021872 ], [ 73.236572424740743, 22.542523713278282 ], [ 73.236687129343792, 22.533494042642122 ] ] ] } },
{ "type": "Feature", "properties": { "FeatureID": "186", "HA_Area": 100.0, "NE": 0.0, "NH": 0.0, "SH": 742.476, "MR": 0.0, "Norm_NE": 0.0, "Norm_NH": 0.0, "Norm_SH": 0.73878915342700002, "Norm_MR": 0.0, "Roads_Sum": 1.47758, "Roads_1_S_": 0.738789, "nor_roads": 0.17107263203600001, "Shape_Leng": 4000.0, "Shape_Area": 1000000.0 }, "geometry": { "type": "Polygon", "coordinates": [ [ [ 73.275792305217223, 22.515855720863495 ], [ 73.266073233174069, 22.515751337117191 ], [ 73.265960538145023, 22.524781169725319 ], [ 73.275680241105505, 22.52488559982325 ], [ 73.275792305217223, 22.515855720863495 ] ] ] } },
{ "type": "Feature", "properties": { "FeatureID": "187", "HA_Area": 100.0, "NE": 0.0, "NH": 0.0, "SH": 0.0, "MR": 526.394, "Norm_NE": 0.0, "Norm_NH": 0.0, "Norm_SH": 0.0, "Norm_MR": 0.55562892344699999, "Roads_Sum": 0.555629, "Roads_1_S_": 0.555629, "nor_roads": 0.064330135194099997, "Shape_Leng": 4000.0, "Shape_Area": 1000000.0 }, "geometry": { "type": "Polygon", "coordinates": [ [ [ 73.352366728722757, 22.616001750042628 ], [ 73.342640249252582, 22.615901568324077 ], [ 73.342531997088642, 22.624931647529575 ], [ 73.352259111151113, 22.625031873579502 ], [ 73.352366728722757, 22.616001750042628 ] ] ] } },
{ "type": "Feature", "properties": { "FeatureID": "188", "HA_Area": 100.0, "NE": 0.0, "NH": 0.0, "SH": 672.453, "MR": 0.0, "Norm_NE": 0.0, "Norm_NH": 0.0, "Norm_SH": 0.76822388140499998, "Norm_MR": 0.0, "Roads_Sum": 1.53645, "Roads_1_S_": 0.768224, "nor_roads": 0.177888546826, "Shape_Leng": 4000.0, "Shape_Area": 1000000.0 }, "geometry": { "type": "Polygon", "coordinates": [ [ [ 73.226389758353321, 22.578535229022691 ], [ 73.216666554293582, 22.57842758122468 ], [ 73.216550290896436, 22.587457103281199 ], [ 73.22627412804249, 22.587564798773794 ], [ 73.226389758353321, 22.578535229022691 ] ] ] } },
{ "type": "Feature", "properties": { "FeatureID": "189", "HA_Area": 100.0, "NE": 0.0, "NH": 0.0, "SH": 1613.53, "MR": 0.0, "Norm_NE": 0.0, "Norm_NH": 0.0, "Norm_SH": 0.37263468613099998, "Norm_MR": 0.0, "Roads_Sum": 0.745269, "Roads_1_S_": 0.372635, "nor_roads": 0.086286450614499993, "Shape_Leng": 4000.0, "Shape_Area": 1000000.0 }, "geometry": { "type": "Polygon", "coordinates": [ [ [ 73.206826512966984, 22.587348819678116 ], [ 73.197102794576423, 22.587239947979217 ], [ 73.196985205197365, 22.596269363140646 ], [ 73.206709556961926, 22.596378283060975 ], [ 73.206826512966984, 22.587348819678116 ] ] ] } },
{ "type": "Feature", "properties": { "FeatureID": "190", "HA_Area": 100.0, "NE": 0.0, "NH": 0.0, "SH": 2274.87, "MR": 0.0, "Norm_NE": 0.0, "Norm_NH": 0.0, "Norm_SH": 0.094635132596700006, "Norm_MR": 0.0, "Roads_Sum": 0.18927, "Roads_1_S_": 0.0946351, "nor_roads": 0.0219134794225, "Shape_Leng": 4000.0, "Shape_Area": 1000000.0 }, "geometry": { "type": "Polygon", "coordinates": [ [ [ 73.147759648361102, 22.640861627998216 ], [ 73.13803248952739, 22.640748929240139 ], [ 73.137910729128407, 22.649777984959023 ], [ 73.147638523165185, 22.649890733538601 ], [ 73.147759648361102, 22.640861627998216 ] ] ] } },
{ "type": "Feature", "properties": { "FeatureID": "191", "HA_Area": 100.0, "NE": 0.0, "NH": 0.0, "SH": 909.899, "MR": 0.0, "Norm_NE": 0.0, "Norm_NH": 0.0, "Norm_SH": 0.66841157799600004, "Norm_MR": 0.0, "Roads_Sum": 1.33682, "Roads_1_S_": 0.668412, "nor_roads": 0.154775595628, "Shape_Leng": 4000.0, "Shape_Area": 1000000.0 }, "geometry": { "type": "Polygon", "coordinates": [ [ [ 73.167573349118157, 22.613997579016001 ], [ 73.15784797122771, 22.613886207274433 ], [ 73.157727664970835, 22.622915394676781 ], [ 73.16745367713213, 22.623026815700012 ], [ 73.167573349118157, 22.613997579016001 ] ] ] } },
{ "type": "Feature", "properties": { "FeatureID": "192", "HA_Area": 100.0, "NE": 0.0, "NH": 0.0, "SH": 230.339, "MR": 0.0, "Norm_NE": 0.0, "Norm_NH": 0.0, "Norm_SH": 0.95407000871500003, "Norm_MR": 0.0, "Roads_Sum": 1.90814, "Roads_1_S_": 0.95407, "nor_roads": 0.22092240913399999, "Shape_Leng": 4000.0, "Shape_Area": 1000000.0 }, "geometry": { "type": "Polygon", "coordinates": [ [ [ 73.138518912276467, 22.604632598568713 ], [ 73.148243533524649, 22.604745098103859 ], [ 73.148364351000268, 22.595715938714612 ], [ 73.138640363342276, 22.595603488969452 ], [ 73.138518912276467, 22.604632598568713 ] ] ] } },
{ "type": "Feature", "properties": { "FeatureID": "193", "HA_Area": 100.0, "NE": 0.0, "NH": 0.0, "SH": 2311.33, "MR": 0.0, "Norm_NE": 0.0, "Norm_NH": 0.0, "Norm_SH": 0.0793088987148, "Norm_MR": 0.0, "Roads_Sum": 0.158618, "Roads_1_S_": 0.0793089, "nor_roads": 0.018364623356, "Shape_Leng": 4000.0, "Shape_Area": 1000000.0 }, "geometry": { "type": "Polygon", "coordinates": [ [ [ 73.147396087961411, 22.667948912274948 ], [ 73.137667022549849, 22.667836064033445 ], [ 73.137545076334078, 22.676865087381952 ], [ 73.147274777917545, 22.676977985463907 ], [ 73.147396087961411, 22.667948912274948 ] ] ] } },
{ "type": "Feature", "properties": { "FeatureID": "194", "HA_Area": 100.0, "NE": 0.0, "NH": 0.0, "SH": 0.0, "MR": 0.0, "Norm_NE": 0.0, "Norm_NH": 0.0, "Norm_SH": 0.0, "Norm_MR": 0.0, "Roads_Sum": 0.0, "Roads_1_S_": 0.0, "nor_roads": 0.0, "Shape_Leng": 4000.0, "Shape_Area": 1000000.0 }, "geometry": { "type": "Polygon", "coordinates": [ [ [ 73.167094295709802, 22.65011446119442 ], [ 73.157366378799935, 22.650002892288793 ], [ 73.157245827549943, 22.659032036616086 ], [ 73.166974380021614, 22.659143654828341 ], [ 73.167094295709802, 22.65011446119442 ] ] ] } },
{ "type": "Feature", "properties": { "FeatureID": "195", "HA_Area": 100.0, "NE": 0.0, "NH": 0.0, "SH": 0.0, "MR": 0.0, "Norm_NE": 0.0, "Norm_NH": 0.0, "Norm_SH": 0.0, "Norm_MR": 0.0, "Roads_Sum": 0.0, "Roads_1_S_": 0.0, "nor_roads": 0.0, "Shape_Leng": 4000.0, "Shape_Area": 1000000.0 }, "geometry": { "type": "Polygon", "coordinates": [ [ [ 73.147396087961411, 22.667948912274948 ], [ 73.147274777917545, 22.676977985463907 ], [ 73.157004541153015, 22.677090292934615 ], [ 73.157125215006943, 22.668061170165867 ], [ 73.147396087961411, 22.667948912274948 ] ] ] } },
{ "type": "Feature", "properties": { "FeatureID": "196", "HA_Area": 100.0, "NE": 0.0, "NH": 0.0, "SH": 1547.22, "MR": 0.0, "Norm_NE": 0.0, "Norm_NH": 0.0, "Norm_SH": 0.40050864541600001, "Norm_MR": 0.0, "Roads_Sum": 0.801017, "Roads_1_S_": 0.400509, "nor_roads": 0.092740893001799996, "Shape_Leng": 4000.0, "Shape_Area": 1000000.0 }, "geometry": { "type": "Polygon", "coordinates": [ [ [ 73.137667022549849, 22.667836064033445 ], [ 73.137788906808581, 22.658807029891296 ], [ 73.128060539184816, 22.658693641409229 ], [ 73.127938019095325, 22.667722625456644 ], [ 73.137667022549849, 22.667836064033445 ] ] ] } },
{ "type": "Feature", "properties": { "FeatureID": "197", "HA_Area": 100.0, "NE": 0.0, "NH": 0.0, "SH": 0.0, "MR": 0.0, "Norm_NE": 0.0, "Norm_NH": 0.0, "Norm_SH": 0.0, "Norm_MR": 0.0, "Roads_Sum": 0.0, "Roads_1_S_": 0.0, "nor_roads": 0.0, "Shape_Leng": 4000.0, "Shape_Area": 1000000.0 }, "geometry": { "type": "Polygon", "coordinates": [ [ [ 73.157366378799935, 22.650002892288793 ], [ 73.167094295709802, 22.65011446119442 ], [ 73.167214150445744, 22.641085256792728 ], [ 73.157486868774825, 22.64097373718748 ], [ 73.157366378799935, 22.650002892288793 ] ] ] } },
{ "type": "Feature", "properties": { "FeatureID": "198", "HA_Area": 100.0, "NE": 0.0, "NH": 0.0, "SH": 1391.5, "MR": 879.116, "Norm_NE": 0.0, "Norm_NH": 0.0, "Norm_SH": 0.46596677070499998, "Norm_MR": 0.139102039954, "Roads_Sum": 1.07104, "Roads_1_S_": 0.605069, "nor_roads": 0.124003873715, "Shape_Leng": 4000.0, "Shape_Area": 1000000.0 }, "geometry": { "type": "Polygon", "coordinates": [ [ [ 73.304839691696799, 22.525195371813886 ], [ 73.295119818203105, 22.525092700881551 ], [ 73.295008959453099, 22.534122661122865 ], [ 73.304729464235379, 22.534225377631966 ], [ 73.304839691696799, 22.525195371813886 ] ] ] } },
{ "type": "Feature", "properties": { "FeatureID": "199", "HA_Area": 100.0, "NE": 0.0, "NH": 0.0, "SH": 0.0, "MR": 0.0, "Norm_NE": 0.0, "Norm_NH": 0.0, "Norm_SH": 0.0, "Norm_MR": 0.0, "Roads_Sum": 0.0, "Roads_1_S_": 0.0, "nor_roads": 0.0, "Shape_Leng": 4000.0, "Shape_Area": 1000000.0 }, "geometry": { "type": "Polygon", "coordinates": [ [ [ 73.215618050470638, 22.659692893785536 ], [ 73.205889196378763, 22.65958422632438 ], [ 73.205771763436985, 22.668613603832075 ], [ 73.215501253501827, 22.668722319302834 ], [ 73.215618050470638, 22.659692893785536 ] ] ] } },
{ "type": "Feature", "properties": { "FeatureID": "200", "HA_Area": 100.0, "NE": 0.0, "NH": 0.0, "SH": 1899.26, "MR": 242.732, "Norm_NE": 0.0, "Norm_NH": 0.0, "Norm_SH": 0.25252582163600001, "Norm_MR": 0.89060328898800001, "Roads_Sum": 1.39565, "Roads_1_S_": 1.14313, "nor_roads": 0.161586872971, "Shape_Leng": 4000.0, "Shape_Area": 1000000.0 }, "geometry": { "type": "Polygon", "coordinates": [ [ [ 73.275119062722794, 22.570034834762254 ], [ 73.26539620034842, 22.56993017281853 ], [ 73.265283160141664, 22.578959941423363 ], [ 73.275006655364948, 22.579064649753796 ], [ 73.275119062722794, 22.570034834762254 ] ] ] } },
{ "type": "Feature", "properties": { "FeatureID": "201", "HA_Area": 100.0, "NE": 0.0, "NH": 0.0, "SH": 2464.57, "MR": 473.813, "Norm_NE": 0.0, "Norm_NH": 0.0, "Norm_SH": 0.0148932528939, "Norm_MR": 0.61772143416900005, "Roads_Sum": 0.647508, "Roads_1_S_": 0.632615, "nor_roads": 0.074967789075500002, "Shape_Leng": 4000.0, "Shape_Area": 1000000.0 }, "geometry": { "type": "Polygon", "coordinates": [ [ [ 73.322639291835728, 22.660849279824792 ], [ 73.312909802608175, 22.660747105297784 ], [ 73.312799366307701, 22.669776996572711 ], [ 73.322529491693899, 22.669879216241473 ], [ 73.322639291835728, 22.660849279824792 ] ] ] } },
{ "type": "Feature", "properties": { "FeatureID": "202", "HA_Area": 100.0, "NE": 0.0, "NH": 0.0, "SH": 820.518, "MR": 0.0, "Norm_NE": 0.0, "Norm_NH": 0.0, "Norm_SH": 0.70598358276499995, "Norm_MR": 0.0, "Roads_Sum": 1.41197, "Roads_1_S_": 0.705984, "nor_roads": 0.163476384039, "Shape_Leng": 4000.0, "Shape_Area": 1000000.0 }, "geometry": { "type": "Polygon", "coordinates": [ [ [ 73.148243533524649, 22.604745098103859 ], [ 73.138518912276467, 22.604632598568713 ], [ 73.138397399380111, 22.613661697398925 ], [ 73.148122654540856, 22.613774246730351 ], [ 73.148243533524649, 22.604745098103859 ] ] ] } },
{ "type": "Feature", "properties": { "FeatureID": "203", "HA_Area": 100.0, "NE": 0.0, "NH": 0.0, "SH": 0.0, "MR": 841.836, "Norm_NE": 0.0, "Norm_NH": 0.0, "Norm_SH": 0.0, "Norm_MR": 0.18312575381099999, "Roads_Sum": 0.183126, "Roads_1_S_": 0.183126, "nor_roads": 0.021202133409600001, "Shape_Leng": 4000.0, "Shape_Area": 1000000.0 }, "geometry": { "type": "Polygon", "coordinates": [ [ [ 73.158927975516249, 22.532623036874298 ], [ 73.149208352605555, 22.53251152192782 ], [ 73.149087965185743, 22.541540756557975 ], [ 73.158808219450378, 22.541652320990323 ], [ 73.158927975516249, 22.532623036874298 ] ] ] } },
{ "type": "Feature", "properties": { "FeatureID": "204", "HA_Area": 100.0, "NE": 0.0, "NH": 0.0, "SH": 1026.53, "MR": 825.797, "Norm_NE": 0.0, "Norm_NH": 0.0, "Norm_SH": 0.61938479384699996, "Norm_MR": 0.2020660933, "Roads_Sum": 1.44084, "Roads_1_S_": 0.821451, "nor_roads": 0.16681892031199999, "Shape_Leng": 4000.0, "Shape_Area": 1000000.0 }, "geometry": { "type": "Polygon", "coordinates": [ [ [ 73.283609328284854, 22.669466794032303 ], [ 73.273879429399884, 22.669362212054182 ], [ 73.27376639119656, 22.678391909446507 ], [ 73.283496926497165, 22.678496537615199 ], [ 73.283609328284854, 22.669466794032303 ] ] ] } },
{ "type": "Feature", "properties": { "FeatureID": "205", "HA_Area": 100.0, "NE": 0.0, "NH": 0.0, "SH": 0.0, "MR": 769.437, "Norm_NE": 0.0, "Norm_NH": 0.0, "Norm_SH": 0.0, "Norm_MR": 0.26862118767199999, "Roads_Sum": 0.268621, "Roads_1_S_": 0.268621, "nor_roads": 0.031100652828400001, "Shape_Leng": 4000.0, "Shape_Area": 1000000.0 }, "geometry": { "type": "Polygon", "coordinates": [ [ [ 73.312909802608175, 22.660747105297784 ], [ 73.322639291835728, 22.660849279824792 ], [ 73.322749036176646, 22.651819332732366 ], [ 73.31302018278457, 22.651717203341391 ], [ 73.312909802608175, 22.660747105297784 ] ] ] } },
{ "type": "Feature", "properties": { "FeatureID": "206", "HA_Area": 100.0, "NE": 0.0, "NH": 0.0, "SH": 189.07, "MR": 684.781, "Norm_NE": 0.0, "Norm_NH": 0.0, "Norm_SH": 0.97141775914600004, "Norm_MR": 0.36859084565, "Roads_Sum": 2.31143, "Roads_1_S_": 1.34001, "nor_roads": 0.26761489939, "Shape_Leng": 4000.0, "Shape_Area": 1000000.0 }, "geometry": { "type": "Polygon", "coordinates": [ [ [ 73.285288511209927, 22.534019357950992 ], [ 73.275568119827696, 22.533915468130321 ], [ 73.275455941367156, 22.542945325781226 ], [ 73.285176964326837, 22.54304926170494 ], [ 73.285288511209927, 22.534019357950992 ] ] ] } },
{ "type": "Feature", "properties": { "FeatureID": "207", "HA_Area": 100.0, "NE": 0.0, "NH": 0.0, "SH": 550.919, "MR": 599.609, "Norm_NE": 0.0, "Norm_NH": 0.0, "Norm_SH": 0.81931166121400001, "Norm_MR": 0.46916983387299999, "Roads_Sum": 2.10779, "Roads_1_S_": 1.28848, "nor_roads": 0.24403767905500001, "Shape_Leng": 4000.0, "Shape_Area": 1000000.0 }, "geometry": { "type": "Polygon", "coordinates": [ [ [ 73.216898903507044, 22.560368504987693 ], [ 73.207177023818289, 22.560260365231333 ], [ 73.207060246377836, 22.569289860759802 ], [ 73.216782758491362, 22.569398048459011 ], [ 73.216898903507044, 22.560368504987693 ] ] ] } },
{ "type": "Feature", "properties": { "FeatureID": "208", "HA_Area": 100.0, "NE": 0.0, "NH": 0.0, "SH": 0.0, "MR": 849.214, "Norm_NE": 0.0, "Norm_NH": 0.0, "Norm_SH": 0.0, "Norm_MR": 0.17441313854400001, "Roads_Sum": 0.174413, "Roads_1_S_": 0.174413, "nor_roads": 0.020193350748100001, "Shape_Leng": 4000.0, "Shape_Area": 1000000.0 }, "geometry": { "type": "Polygon", "coordinates": [ [ [ 73.352903995629489, 22.570850972803168 ], [ 73.34318068428199, 22.570751012657389 ], [ 73.343072707327991, 22.579781145064473 ], [ 73.352796651655154, 22.579881149513607 ], [ 73.352903995629489, 22.570850972803168 ] ] ] } },
{ "type": "Feature", "properties": { "FeatureID": "209", "HA_Area": 100.0, "NE": 0.0, "NH": 0.0, "SH": 2367.34, "MR": 707.339, "Norm_NE": 0.0, "Norm_NH": 0.0, "Norm_SH": 0.055764646682599998, "Norm_MR": 0.34195228808799999, "Roads_Sum": 0.453482, "Roads_1_S_": 0.397717, "nor_roads": 0.052503662897600001, "Shape_Leng": 4000.0, "Shape_Area": 1000000.0 }, "geometry": { "type": "Polygon", "coordinates": [ [ [ 73.265170062346655, 22.587989699348835 ], [ 73.27489419074108, 22.588094454071832 ], [ 73.275006655364948, 22.579064649753796 ], [ 73.265283160141664, 22.578959941423363 ], [ 73.265170062346655, 22.587989699348835 ] ] ] } },
{ "type": "Feature", "properties": { "FeatureID": "210", "HA_Area": 100.0, "NE": 0.0, "NH": 0.0, "SH": 2319.66, "MR": 0.0, "Norm_NE": 0.0, "Norm_NH": 0.0, "Norm_SH": 0.075807386904000004, "Norm_MR": 0.0, "Roads_Sum": 0.151615, "Roads_1_S_": 0.0758074, "nor_roads": 0.017553822400400002, "Shape_Leng": 4000.0, "Shape_Area": 1000000.0 }, "geometry": { "type": "Polygon", "coordinates": [ [ [ 73.265170062346655, 22.587989699348835 ], [ 73.255445991557266, 22.587884356443226 ], [ 73.255332202680549, 22.596914057026972 ], [ 73.265056906946626, 22.59701944659146 ], [ 73.265170062346655, 22.587989699348835 ] ] ] } },
{ "type": "Feature", "properties": { "FeatureID": "211", "HA_Area": 100.0, "NE": 0.0, "NH": 0.0, "SH": 1800.53, "MR": 445.732, "Norm_NE": 0.0, "Norm_NH": 0.0, "Norm_SH": 0.29402775232599998, "Norm_MR": 0.65088207413300003, "Roads_Sum": 1.23894, "Roads_1_S_": 0.94491, "nor_roads": 0.14344315286699999, "Shape_Leng": 4000.0, "Shape_Area": 1000000.0 }, "geometry": { "type": "Polygon", "coordinates": [ [ [ 73.324279606965291, 22.525398954415451 ], [ 73.314559621391439, 22.525297456329799 ], [ 73.314450025234962, 22.534327507464379 ], [ 73.324170642130014, 22.534429050606285 ], [ 73.324279606965291, 22.525398954415451 ] ] ] } },
{ "type": "Feature", "properties": { "FeatureID": "212", "HA_Area": 100.0, "NE": 0.0, "NH": 0.0, "SH": 0.0, "MR": 803.484, "Norm_NE": 0.0, "Norm_NH": 0.0, "Norm_SH": 0.0, "Norm_MR": 0.22841533791900001, "Roads_Sum": 0.228415, "Roads_1_S_": 0.228415, "nor_roads": 0.0264456449735, "Shape_Leng": 4000.0, "Shape_Area": 1000000.0 }, "geometry": { "type": "Polygon", "coordinates": [ [ [ 73.149328678660297, 22.523482276563012 ], [ 73.13960974812916, 22.523370224911581 ], [ 73.139488791059946, 22.532399420536624 ], [ 73.149208352605555, 22.53251152192782 ], [ 73.149328678660297, 22.523482276563012 ] ] ] } },
{ "type": "Feature", "properties": { "FeatureID": "213", "HA_Area": 100.0, "NE": 0.0, "NH": 0.0, "SH": 0.0, "MR": 425.035, "Norm_NE": 0.0, "Norm_NH": 0.0, "Norm_SH": 0.0, "Norm_MR": 0.67532299934700002, "Roads_Sum": 0.675323, "Roads_1_S_": 0.675323, "nor_roads": 0.078188178316500004, "Shape_Leng": 4000.0, "Shape_Area": 1000000.0 }, "geometry": { "type": "Polygon", "coordinates": [ [ [ 73.187969347324284, 22.541983493907523 ], [ 73.178248910841404, 22.541873689680077 ], [ 73.178130357118945, 22.550903061267778 ], [ 73.187851425330535, 22.551012914206687 ], [ 73.187969347324284, 22.541983493907523 ] ] ] } },
{ "type": "Feature", "properties": { "FeatureID": "214", "HA_Area": 100.0, "NE": 0.0, "NH": 0.0, "SH": 0.0, "MR": 0.0, "Norm_NE": 0.0, "Norm_NH": 0.0, "Norm_SH": 0.0, "Norm_MR": 0.0, "Roads_Sum": 0.0, "Roads_1_S_": 0.0, "nor_roads": 0.0, "Shape_Leng": 4000.0, "Shape_Area": 1000000.0 }, "geometry": { "type": "Polygon", "coordinates": [ [ [ 73.176464251287342, 22.677313135981517 ], [ 73.166734365717332, 22.677202009778863 ], [ 73.166614267065569, 22.686231171088473 ], [ 73.176344789184441, 22.686342346355808 ], [ 73.176464251287342, 22.677313135981517 ] ] ] } },
{ "type": "Feature", "properties": { "FeatureID": "215", "HA_Area": 100.0, "NE": 0.0, "NH": 0.0, "SH": 0.0, "MR": 512.695, "Norm_NE": 0.0, "Norm_NH": 0.0, "Norm_SH": 0.0, "Norm_MR": 0.57180594234100002, "Roads_Sum": 0.571806, "Roads_1_S_": 0.571806, "nor_roads": 0.066203090853200003, "Shape_Leng": 4000.0, "Shape_Area": 1000000.0 }, "geometry": { "type": "Polygon", "coordinates": [ [ [ 73.351612255046916, 22.679212391134836 ], [ 73.341881326648291, 22.679111898978764 ], [ 73.341772688515093, 22.688141903557561 ], [ 73.351504253767658, 22.688242440084348 ], [ 73.351612255046916, 22.679212391134836 ] ] ] } },
{ "type": "Feature", "properties": { "FeatureID": "216", "HA_Area": 100.0, "NE": 0.0, "NH": 0.0, "SH": 0.0, "MR": 0.0, "Norm_NE": 0.0, "Norm_NH": 0.0, "Norm_SH": 0.0, "Norm_MR": 0.0, "Roads_Sum": 0.0, "Roads_1_S_": 0.0, "nor_roads": 0.0, "Shape_Leng": 4000.0, "Shape_Area": 1000000.0 }, "geometry": { "type": "Polygon", "coordinates": [ [ [ 73.129282318674299, 22.568403207709238 ], [ 73.119560353692577, 22.568289732370879 ], [ 73.11943782281719, 22.577318773933097 ], [ 73.129160420386455, 22.577432299563139 ], [ 73.129282318674299, 22.568403207709238 ] ] ] } },
{ "type": "Feature", "properties": { "FeatureID": "217", "HA_Area": 100.0, "NE": 0.0, "NH": 0.0, "SH": 0.0, "MR": 957.67, "Norm_NE": 0.0, "Norm_NH": 0.0, "Norm_SH": 0.0, "Norm_MR": 0.046338249101999997, "Roads_Sum": 0.0463382, "Roads_1_S_": 0.0463382, "nor_roads": 0.0053649874771800003, "Shape_Leng": 4000.0, "Shape_Area": 1000000.0 }, "geometry": { "type": "Polygon", "coordinates": [ [ [ 73.129890879266782, 22.523257587090733 ], [ 73.120172072394723, 22.523144363115701 ], [ 73.120049853350451, 22.532173458480859 ], [ 73.129769291201029, 22.532286732715885 ], [ 73.129890879266782, 22.523257587090733 ] ] ] } },
{ "type": "Feature", "properties": { "FeatureID": "218", "HA_Area": 100.0, "NE": 0.0, "NH": 0.0, "SH": 324.162, "MR": 0.0, "Norm_NE": 0.0, "Norm_NH": 0.0, "Norm_SH": 0.91463077343599997, "Norm_MR": 0.0, "Roads_Sum": 1.82926, "Roads_1_S_": 0.914631, "nor_roads": 0.211789772308, "Shape_Leng": 4000.0, "Shape_Area": 1000000.0 }, "geometry": { "type": "Polygon", "coordinates": [ [ [ 73.266073233174069, 22.515751337117191 ], [ 73.256354218601984, 22.515646367270715 ], [ 73.256240892672324, 22.524676153267013 ], [ 73.265960538145023, 22.524781169725319 ], [ 73.266073233174069, 22.515751337117191 ] ] ] } },
{ "type": "Feature", "properties": { "FeatureID": "219", "HA_Area": 100.0, "NE": 0.0, "NH": 0.0, "SH": 317.538, "MR": 0.0, "Norm_NE": 0.0, "Norm_NH": 0.0, "Norm_SH": 0.917415221419, "Norm_MR": 0.0, "Roads_Sum": 1.83483, "Roads_1_S_": 0.917415, "nor_roads": 0.21243466723000001, "Shape_Leng": 4000.0, "Shape_Area": 1000000.0 }, "geometry": { "type": "Polygon", "coordinates": [ [ [ 73.197220324094317, 22.578210522092991 ], [ 73.187497298599169, 22.578101110788712 ], [ 73.187379136046971, 22.587130488199229 ], [ 73.197102794576423, 22.587239947979217 ], [ 73.197220324094317, 22.578210522092991 ] ] ] } },
{ "type": "Feature", "properties": { "FeatureID": "220", "HA_Area": 100.0, "NE": 0.0, "NH": 0.0, "SH": 1195.25, "MR": 0.0, "Norm_NE": 0.0, "Norm_NH": 0.0, "Norm_SH": 0.54846201540600004, "Norm_MR": 0.0, "Roads_Sum": 1.09692, "Roads_1_S_": 0.548462, "nor_roads": 0.12700023011700001, "Shape_Leng": 4000.0, "Shape_Area": 1000000.0 }, "geometry": { "type": "Polygon", "coordinates": [ [ [ 73.256127508933176, 22.533705928598923 ], [ 73.246407290064468, 22.533600278916555 ], [ 73.246293216971765, 22.542629996696771 ], [ 73.256014067367744, 22.542735693262944 ], [ 73.256127508933176, 22.533705928598923 ] ] ] } },
{ "type": "Feature", "properties": { "FeatureID": "221", "HA_Area": 100.0, "NE": 0.0, "NH": 0.0, "SH": 1685.01, "MR": 0.0, "Norm_NE": 0.0, "Norm_NH": 0.0, "Norm_SH": 0.34258750916199998, "Norm_MR": 0.0, "Roads_Sum": 0.685175, "Roads_1_S_": 0.342588, "nor_roads": 0.079328831465699995, "Shape_Leng": 4000.0, "Shape_Area": 1000000.0 }, "geometry": { "type": "Polygon", "coordinates": [ [ [ 73.274443759251838, 22.624213564539495 ], [ 73.284170480904791, 22.624317915652565 ], [ 73.284282540281751, 22.61528810790778 ], [ 73.274556453106641, 22.615183802950181 ], [ 73.274443759251838, 22.624213564539495 ] ] ] } },
{ "type": "Feature", "properties": { "FeatureID": "222", "HA_Area": 100.0, "NE": 0.0, "NH": 0.0, "SH": 0.0, "MR": 0.0, "Norm_NE": 0.0, "Norm_NH": 0.0, "Norm_SH": 0.0, "Norm_MR": 0.0, "Roads_Sum": 0.0, "Roads_1_S_": 0.0, "nor_roads": 0.0, "Shape_Leng": 4000.0, "Shape_Area": 1000000.0 }, "geometry": { "type": "Polygon", "coordinates": [ [ [ 73.129282318674299, 22.568403207709238 ], [ 73.129160420386455, 22.577432299563139 ], [ 73.138883080054342, 22.577545237477835 ], [ 73.139004345736581, 22.568516095592525 ], [ 73.129282318674299, 22.568403207709238 ] ] ] } },
{ "type": "Feature", "properties": { "FeatureID": "223", "HA_Area": 100.0, "NE": 0.0, "NH": 0.0, "SH": 0.0, "MR": 0.0, "Norm_NE": 0.0, "Norm_NH": 0.0, "Norm_SH": 0.0, "Norm_MR": 0.0, "Roads_Sum": 0.0, "Roads_1_S_": 0.0, "nor_roads": 0.0, "Shape_Leng": 4000.0, "Shape_Area": 1000000.0 }, "geometry": { "type": "Polygon", "coordinates": [ [ [ 73.176702993463337, 22.659254682920295 ], [ 73.166974380021614, 22.659143654828341 ], [ 73.166854403363402, 22.668172837690992 ], [ 73.17658365270772, 22.668283914835186 ], [ 73.176702993463337, 22.659254682920295 ] ] ] } },
{ "type": "Feature", "properties": { "FeatureID": "224", "HA_Area": 100.0, "NE": 0.0, "NH": 0.0, "SH": 1605.85, "MR": 651.539, "Norm_NE": 0.0, "Norm_NH": 0.0, "Norm_SH": 0.37586305764700001, "Norm_MR": 0.40784608544099998, "Roads_Sum": 1.15957, "Roads_1_S_": 0.783709, "nor_roads": 0.13425377632900001, "Shape_Leng": 4000.0, "Shape_Area": 1000000.0 }, "geometry": { "type": "Polygon", "coordinates": [ [ [ 73.284170480904791, 22.624317915652565 ], [ 73.274443759251838, 22.624213564539495 ], [ 73.274331008047525, 22.633243315437959 ], [ 73.284058364501021, 22.63334771271235 ], [ 73.284170480904791, 22.624317915652565 ] ] ] } },
{ "type": "Feature", "properties": { "FeatureID": "225", "HA_Area": 100.0, "NE": 0.0, "NH": 0.0, "SH": 279.122, "MR": 0.0, "Norm_NE": 0.0, "Norm_NH": 0.0, "Norm_SH": 0.93356368558199998, "Norm_MR": 0.0, "Roads_Sum": 1.86713, "Roads_1_S_": 0.933564, "nor_roads": 0.216174326276, "Shape_Leng": 4000.0, "Shape_Area": 1000000.0 }, "geometry": { "type": "Polygon", "coordinates": [ [ [ 73.285400001232105, 22.52498944354668 ], [ 73.275680241105505, 22.52488559982325 ], [ 73.275568119827696, 22.533915468130321 ], [ 73.285288511209927, 22.534019357950992 ], [ 73.285400001232105, 22.52498944354668 ] ] ] } },
{ "type": "Feature", "properties": { "FeatureID": "226", "HA_Area": 100.0, "NE": 0.0, "NH": 0.0, "SH": 255.347, "MR": 866.775, "Norm_NE": 0.0, "Norm_NH": 0.0, "Norm_SH": 0.94355769933, "Norm_MR": 0.15367544060400001, "Roads_Sum": 2.04079, "Roads_1_S_": 1.09723, "nor_roads": 0.23628050061899999, "Shape_Leng": 4000.0, "Shape_Area": 1000000.0 }, "geometry": { "type": "Polygon", "coordinates": [ [ [ 73.29322751892461, 22.678600574966858 ], [ 73.283496926497165, 22.678496537615199 ], [ 73.283384467582621, 22.687526270492349 ], [ 73.293115696765724, 22.687630353779646 ], [ 73.29322751892461, 22.678600574966858 ] ] ] } },
{ "type": "Feature", "properties": { "FeatureID": "227", "HA_Area": 100.0, "NE": 0.0, "NH": 0.0, "SH": 1614.69, "MR": 922.198, "Norm_NE": 0.0, "Norm_NH": 0.0, "Norm_SH": 0.372147107872, "Norm_MR": 0.088226856514599994, "Roads_Sum": 0.832521, "Roads_1_S_": 0.460374, "nor_roads": 0.096388396598399997, "Shape_Leng": 4000.0, "Shape_Area": 1000000.0 }, "geometry": { "type": "Polygon", "coordinates": [ [ [ 73.30329138550016, 22.651614483873558 ], [ 73.293562644646443, 22.651511174342787 ], [ 73.293450992848378, 22.660540985244975 ], [ 73.303180369504673, 22.660644340433201 ], [ 73.30329138550016, 22.651614483873558 ] ] ] } },
{ "type": "Feature", "properties": { "FeatureID": "228", "HA_Area": 100.0, "NE": 0.0, "NH": 0.0, "SH": 0.0, "MR": 0.0, "Norm_NE": 0.0, "Norm_NH": 0.0, "Norm_SH": 0.0, "Norm_MR": 0.0, "Roads_Sum": 0.0, "Roads_1_S_": 0.0, "nor_roads": 0.0, "Shape_Leng": 4000.0, "Shape_Area": 1000000.0 }, "geometry": { "type": "Polygon", "coordinates": [ [ [ 73.224998303817102, 22.686889358633369 ], [ 73.22488196563917, 22.695918799675361 ], [ 73.234613484087561, 22.696026476721592 ], [ 73.234729185288202, 22.68699698817327 ], [ 73.224998303817102, 22.686889358633369 ] ] ] } },
{ "type": "Feature", "properties": { "FeatureID": "229", "HA_Area": 100.0, "NE": 0.0, "NH": 0.0, "SH": 649.746, "MR": 0.0, "Norm_NE": 0.0, "Norm_NH": 0.0, "Norm_SH": 0.777768962166, "Norm_MR": 0.0, "Roads_Sum": 1.55554, "Roads_1_S_": 0.777769, "nor_roads": 0.18009875941100001, "Shape_Leng": 4000.0, "Shape_Area": 1000000.0 }, "geometry": { "type": "Polygon", "coordinates": [ [ [ 73.127938019095325, 22.667722625456644 ], [ 73.118209077920838, 22.667608596559916 ], [ 73.1180858594157, 22.676637519445602 ], [ 73.127815436725754, 22.676751598704062 ], [ 73.127938019095325, 22.667722625456644 ] ] ] } },
{ "type": "Feature", "properties": { "FeatureID": "230", "HA_Area": 100.0, "NE": 0.0, "NH": 0.0, "SH": 2194.72, "MR": 334.406, "Norm_NE": 0.0, "Norm_NH": 0.0, "Norm_SH": 0.128326882645, "Norm_MR": 0.78234611981199997, "Roads_Sum": 1.039, "Roads_1_S_": 0.910673, "nor_roads": 0.120294316666, "Shape_Leng": 4000.0, "Shape_Area": 1000000.0 }, "geometry": { "type": "Polygon", "coordinates": [ [ [ 73.293785777997954, 22.633451520473177 ], [ 73.284058364501021, 22.63334771271235 ], [ 73.283946191053801, 22.64237749908369 ], [ 73.293674239690787, 22.642481352751048 ], [ 73.293785777997954, 22.633451520473177 ] ] ] } },
{ "type": "Feature", "properties": { "FeatureID": "231", "HA_Area": 100.0, "NE": 0.0, "NH": 0.0, "SH": 0.0, "MR": 803.816, "Norm_NE": 0.0, "Norm_NH": 0.0, "Norm_SH": 0.0, "Norm_MR": 0.22802331672100001, "Roads_Sum": 0.228023, "Roads_1_S_": 0.228023, "nor_roads": 0.026400259070100001, "Shape_Leng": 4000.0, "Shape_Area": 1000000.0 }, "geometry": { "type": "Polygon", "coordinates": [ [ [ 73.323515685505981, 22.588609404453948 ], [ 73.313791273921879, 22.588507590855201 ], [ 73.313681286155344, 22.597537567485301 ], [ 73.323406331315482, 22.597639426180105 ], [ 73.323515685505981, 22.588609404453948 ] ] ] } },
{ "type": "Feature", "properties": { "FeatureID": "232", "HA_Area": 100.0, "NE": 0.0, "NH": 0.0, "SH": 228.036, "MR": 0.0, "Norm_NE": 0.0, "Norm_NH": 0.0, "Norm_SH": 0.95503809683600005, "Norm_MR": 0.0, "Roads_Sum": 1.91008, "Roads_1_S_": 0.955038, "nor_roads": 0.22114702165299999, "Shape_Leng": 4000.0, "Shape_Area": 1000000.0 }, "geometry": { "type": "Polygon", "coordinates": [ [ [ 73.207643538884255, 22.524142276070215 ], [ 73.207526999287552, 22.533171814410586 ], [ 73.217246983633586, 22.533279810374637 ], [ 73.217362892092964, 22.524250224115573 ], [ 73.207643538884255, 22.524142276070215 ] ] ] } },
{ "type": "Feature", "properties": { "FeatureID": "233", "HA_Area": 100.0, "NE": 0.0, "NH": 0.0, "SH": 547.201, "MR": 0.0, "Norm_NE": 0.0, "Norm_NH": 0.0, "Norm_SH": 0.820874559404, "Norm_MR": 0.0, "Roads_Sum": 1.64175, "Roads_1_S_": 0.820875, "nor_roads": 0.19008006277299999, "Shape_Leng": 4000.0, "Shape_Area": 1000000.0 }, "geometry": { "type": "Polygon", "coordinates": [ [ [ 73.236572424740743, 22.542523713278282 ], [ 73.226851690996511, 22.542416843021872 ], [ 73.226736296091474, 22.55144645556457 ], [ 73.236457661650888, 22.55155337323124 ], [ 73.236572424740743, 22.542523713278282 ] ] ] } },
{ "type": "Feature", "properties": { "FeatureID": "234", "HA_Area": 100.0, "NE": 0.0, "NH": 0.0, "SH": 387.057, "MR": 0.0, "Norm_NE": 0.0, "Norm_NH": 0.0, "Norm_SH": 0.88819235291700005, "Norm_MR": 0.0, "Roads_Sum": 1.77638, "Roads_1_S_": 0.888192, "nor_roads": 0.20566737662000001, "Shape_Leng": 4000.0, "Shape_Area": 1000000.0 }, "geometry": { "type": "Polygon", "coordinates": [ [ [ 73.138518912276467, 22.604632598568713 ], [ 73.128794352858833, 22.604519510521872 ], [ 73.128672206067947, 22.613548559295388 ], [ 73.138397399380111, 22.613661697398925 ], [ 73.138518912276467, 22.604632598568713 ] ] ] } },
{ "type": "Feature", "properties": { "FeatureID": "235", "HA_Area": 100.0, "NE": 0.0, "NH": 0.0, "SH": 0.0, "MR": 0.0, "Norm_NE": 0.0, "Norm_NH": 0.0, "Norm_SH": 0.0, "Norm_MR": 0.0, "Roads_Sum": 0.0, "Roads_1_S_": 0.0, "nor_roads": 0.0, "Shape_Leng": 4000.0, "Shape_Area": 1000000.0 }, "geometry": { "type": "Polygon", "coordinates": [ [ [ 73.224998303817102, 22.686889358633369 ], [ 73.215267481429805, 22.68678113810196 ], [ 73.215150506291863, 22.695810531376839 ], [ 73.22488196563917, 22.695918799675361 ], [ 73.224998303817102, 22.686889358633369 ] ] ] } },
{ "type": "Feature", "properties": { "FeatureID": "236", "HA_Area": 100.0, "NE": 0.0, "NH": 0.0, "SH": 0.0, "MR": 451.527, "Norm_NE": 0.0, "Norm_NH": 0.0, "Norm_SH": 0.0, "Norm_MR": 0.64403878517199997, "Roads_Sum": 0.644039, "Roads_1_S_": 0.644039, "nor_roads": 0.074566146171599998, "Shape_Leng": 4000.0, "Shape_Area": 1000000.0 }, "geometry": { "type": "Polygon", "coordinates": [ [ [ 73.304287992053176, 22.570345294481285 ], [ 73.294564958897368, 22.570242395607686 ], [ 73.294453817287206, 22.579272302591455 ], [ 73.304177483341647, 22.579375247070558 ], [ 73.304287992053176, 22.570345294481285 ] ] ] } },
{ "type": "Feature", "properties": { "FeatureID": "237", "HA_Area": 100.0, "NE": 0.0, "NH": 0.0, "SH": 772.975, "MR": 0.0, "Norm_NE": 0.0, "Norm_NH": 0.0, "Norm_SH": 0.725968672579, "Norm_MR": 0.0, "Roads_Sum": 1.45194, "Roads_1_S_": 0.725969, "nor_roads": 0.168104058907, "Shape_Leng": 4000.0, "Shape_Area": 1000000.0 }, "geometry": { "type": "Polygon", "coordinates": [ [ [ 73.207643538884255, 22.524142276070215 ], [ 73.197924245093276, 22.524033741750952 ], [ 73.197807074376499, 22.533063231912461 ], [ 73.207526999287552, 22.533171814410586 ], [ 73.207643538884255, 22.524142276070215 ] ] ] } },
{ "type": "Feature", "properties": { "FeatureID": "238", "HA_Area": 100.0, "NE": 0.0, "NH": 0.0, "SH": 0.0, "MR": 348.035, "Norm_NE": 0.0, "Norm_NH": 0.0, "Norm_SH": 0.0, "Norm_MR": 0.76625173601600005, "Roads_Sum": 0.766252, "Roads_1_S_": 0.766252, "nor_roads": 0.088715837760699995, "Shape_Leng": 4000.0, "Shape_Area": 1000000.0 }, "geometry": { "type": "Polygon", "coordinates": [ [ [ 73.332913824856504, 22.615800797530017 ], [ 73.323187455857209, 22.61569943767411 ], [ 73.323077934556977, 22.62472942743506 ], [ 73.332804938116325, 22.624830832143545 ], [ 73.332913824856504, 22.615800797530017 ] ] ] } },
{ "type": "Feature", "properties": { "FeatureID": "239", "HA_Area": 100.0, "NE": 0.0, "NH": 0.0, "SH": 0.0, "MR": 439.995, "Norm_NE": 0.0, "Norm_NH": 0.0, "Norm_SH": 0.0, "Norm_MR": 0.65765685488500003, "Roads_Sum": 0.657657, "Roads_1_S_": 0.657657, "nor_roads": 0.076142829719499996, "Shape_Leng": 4000.0, "Shape_Area": 1000000.0 }, "geometry": { "type": "Polygon", "coordinates": [ [ [ 73.323515685505981, 22.588609404453948 ], [ 73.333240152760851, 22.58871062978616 ], [ 73.333348818010734, 22.579680552581937 ], [ 73.323624984025713, 22.579579372079621 ], [ 73.323515685505981, 22.588609404453948 ] ] ] } },
{ "type": "Feature", "properties": { "FeatureID": "240", "HA_Area": 100.0, "NE": 0.0, "NH": 0.0, "SH": 2092.24, "MR": 0.0, "Norm_NE": 0.0, "Norm_NH": 0.0, "Norm_SH": 0.17140515559200001, "Norm_MR": 0.0, "Roads_Sum": 0.34281, "Roads_1_S_": 0.171405, "nor_roads": 0.039690177024899999, "Shape_Leng": 4000.0, "Shape_Area": 1000000.0 }, "geometry": { "type": "Polygon", "coordinates": [ [ [ 73.157727664970835, 22.622915394676781 ], [ 73.148001714030983, 22.622803384590583 ], [ 73.147880711977052, 22.631832511681033 ], [ 73.15760729749249, 22.631944571315628 ], [ 73.157727664970835, 22.622915394676781 ] ] ] } },
{ "type": "Feature", "properties": { "FeatureID": "241", "HA_Area": 100.0, "NE": 0.0, "NH": 0.0, "SH": 0.0, "MR": 664.571, "Norm_NE": 0.0, "Norm_NH": 0.0, "Norm_SH": 0.0, "Norm_MR": 0.39245671274100002, "Roads_Sum": 0.392457, "Roads_1_S_": 0.392457, "nor_roads": 0.045438254168900002, "Shape_Leng": 4000.0, "Shape_Area": 1000000.0 }, "geometry": { "type": "Polygon", "coordinates": [ [ [ 73.28473020785421, 22.579168770147863 ], [ 73.275006655364948, 22.579064649753796 ], [ 73.27489419074108, 22.588094454071832 ], [ 73.28461837641818, 22.588198620598039 ], [ 73.28473020785421, 22.579168770147863 ] ] ] } },
{ "type": "Feature", "properties": { "FeatureID": "242", "HA_Area": 100.0, "NE": 0.0, "NH": 0.0, "SH": 376.17, "MR": 799.973, "Norm_NE": 0.0, "Norm_NH": 0.0, "Norm_SH": 0.89276878698200002, "Norm_MR": 0.232561435988, "Roads_Sum": 2.0181, "Roads_1_S_": 1.12533, "nor_roads": 0.23365346991399999, "Shape_Leng": 4000.0, "Shape_Area": 1000000.0 }, "geometry": { "type": "Polygon", "coordinates": [ [ [ 73.27421819947692, 22.642273055642139 ], [ 73.264490265283058, 22.642168022440554 ], [ 73.26437676389989, 22.651197705513287 ], [ 73.274105333523295, 22.651302785148538 ], [ 73.27421819947692, 22.642273055642139 ] ] ] } },
{ "type": "Feature", "properties": { "FeatureID": "243", "HA_Area": 100.0, "NE": 0.0, "NH": 0.0, "SH": 0.0, "MR": 286.022, "Norm_NE": 0.0, "Norm_NH": 0.0, "Norm_SH": 0.0, "Norm_MR": 0.83948243460600003, "Roads_Sum": 0.839482, "Roads_1_S_": 0.839482, "nor_roads": 0.097194332375600004, "Shape_Leng": 4000.0, "Shape_Area": 1000000.0 }, "geometry": { "type": "Polygon", "coordinates": [ [ [ 73.149448943367801, 22.514453020467094 ], [ 73.139730643529575, 22.514341018549164 ], [ 73.13960974812916, 22.523370224911581 ], [ 73.149328678660297, 22.523482276563012 ], [ 73.149448943367801, 22.514453020467094 ] ] ] } },
{ "type": "Feature", "properties": { "FeatureID": "244", "HA_Area": 100.0, "NE": 0.0, "NH": 0.0, "SH": 0.0, "MR": 229.817, "Norm_NE": 0.0, "Norm_NH": 0.0, "Norm_SH": 0.0, "Norm_MR": 0.90585451007399997, "Roads_Sum": 0.905855, "Roads_1_S_": 0.905855, "nor_roads": 0.10487892649199999, "Shape_Leng": 4000.0, "Shape_Area": 1000000.0 }, "geometry": { "type": "Polygon", "coordinates": [ [ [ 73.313901205695245, 22.579477603571238 ], [ 73.304177483341647, 22.579375247070558 ], [ 73.30406691833096, 22.588405189003716 ], [ 73.313791273921879, 22.588507590855201 ], [ 73.313901205695245, 22.579477603571238 ] ] ] } },
{ "type": "Feature", "properties": { "FeatureID": "245", "HA_Area": 100.0, "NE": 0.0, "NH": 0.0, "SH": 1619.66, "MR": 265.298, "Norm_NE": 0.0, "Norm_NH": 0.0, "Norm_SH": 0.37005788993799998, "Norm_MR": 0.86395525343699997, "Roads_Sum": 1.60407, "Roads_1_S_": 1.23401, "nor_roads": 0.18571750907199999, "Shape_Leng": 4000.0, "Shape_Area": 1000000.0 }, "geometry": { "type": "Polygon", "coordinates": [ [ [ 73.284058364501021, 22.63334771271235 ], [ 73.274331008047525, 22.633243315437959 ], [ 73.27421819947692, 22.642273055642139 ], [ 73.283946191053801, 22.64237749908369 ], [ 73.284058364501021, 22.63334771271235 ] ] ] } },
{ "type": "Feature", "properties": { "FeatureID": "246", "HA_Area": 100.0, "NE": 0.0, "NH": 0.0, "SH": 650.661, "MR": 0.0, "Norm_NE": 0.0, "Norm_NH": 0.0, "Norm_SH": 0.77738431823499998, "Norm_MR": 0.0, "Roads_Sum": 1.55477, "Roads_1_S_": 0.777384, "nor_roads": 0.180009612781, "Shape_Leng": 4000.0, "Shape_Area": 1000000.0 }, "geometry": { "type": "Polygon", "coordinates": [ [ [ 73.157968216280977, 22.604857009112084 ], [ 73.148243533524649, 22.604745098103859 ], [ 73.148122654540856, 22.613774246730351 ], [ 73.15784797122771, 22.613886207274433 ], [ 73.157968216280977, 22.604857009112084 ] ] ] } },
{ "type": "Feature", "properties": { "FeatureID": "247", "HA_Area": 100.0, "NE": 0.0, "NH": 0.0, "SH": 0.0, "MR": 932.837, "Norm_NE": 0.0, "Norm_NH": 0.0, "Norm_SH": 0.0, "Norm_MR": 0.075663366349899994, "Roads_Sum": 0.0756634, "Roads_1_S_": 0.0756634, "nor_roads": 0.00876022812398, "Shape_Leng": 4000.0, "Shape_Area": 1000000.0 }, "geometry": { "type": "Polygon", "coordinates": [ [ [ 73.313350986733369, 22.624627433417864 ], [ 73.303624094968299, 22.624524850105768 ], [ 73.303513248215495, 22.63355473870638 ], [ 73.313240774830803, 22.633657367397973 ], [ 73.313350986733369, 22.624627433417864 ] ] ] } },
{ "type": "Feature", "properties": { "FeatureID": "248", "HA_Area": 100.0, "NE": 0.0, "NH": 0.0, "SH": 2435.26, "MR": 0.0, "Norm_NE": 0.0, "Norm_NH": 0.0, "Norm_SH": 0.027213968592699998, "Norm_MR": 0.0, "Roads_Sum": 0.0544279, "Roads_1_S_": 0.027214, "nor_roads": 0.0063016041886, "Shape_Leng": 4000.0, "Shape_Area": 1000000.0 }, "geometry": { "type": "Polygon", "coordinates": [ [ [ 73.225695092730291, 22.632712486860417 ], [ 73.225579108795912, 22.641741992319613 ], [ 73.235306810228678, 22.641849384418258 ], [ 73.235422159124383, 22.63281983148886 ], [ 73.225695092730291, 22.632712486860417 ] ] ] } },
{ "type": "Feature", "properties": { "FeatureID": "249", "HA_Area": 100.0, "NE": 0.0, "NH": 0.0, "SH": 2481.17, "MR": 0.0, "Norm_NE": 0.0, "Norm_NH": 0.0, "Norm_SH": 0.0079153727524000003, "Norm_MR": 0.0, "Roads_Sum": 0.0158307, "Roads_1_S_": 0.00791537, "nor_roads": 0.00183286149976, "Shape_Leng": 4000.0, "Shape_Area": 1000000.0 }, "geometry": { "type": "Polygon", "coordinates": [ [ [ 73.254419804253217, 22.669151276485859 ], [ 73.244690078637873, 22.66904492292425 ], [ 73.244575131288769, 22.678074480180356 ], [ 73.254305493269086, 22.678180880714777 ], [ 73.254419804253217, 22.669151276485859 ] ] ] } },
{ "type": "Feature", "properties": { "FeatureID": "250", "HA_Area": 100.0, "NE": 0.0, "NH": 0.0, "SH": 2192.99, "MR": 548.67, "Norm_NE": 0.0, "Norm_NH": 0.0, "Norm_SH": 0.12905409366199999, "Norm_MR": 0.52932335686400001, "Roads_Sum": 0.787432, "Roads_1_S_": 0.658377, "nor_roads": 0.091168039487999994, "Shape_Leng": 4000.0, "Shape_Area": 1000000.0 }, "geometry": { "type": "Polygon", "coordinates": [ [ [ 73.303402345064939, 22.642584616630138 ], [ 73.293674239690787, 22.642481352751048 ], [ 73.293562644646443, 22.651511174342787 ], [ 73.30329138550016, 22.651614483873558 ], [ 73.303402345064939, 22.642584616630138 ] ] ] } },
{ "type": "Feature", "properties": { "FeatureID": "251", "HA_Area": 100.0, "NE": 0.0, "NH": 0.0, "SH": 853.859, "MR": 0.0, "Norm_NE": 0.0, "Norm_NH": 0.0, "Norm_SH": 0.69196842742499998, "Norm_MR": 0.0, "Roads_Sum": 1.38394, "Roads_1_S_": 0.691968, "nor_roads": 0.16023109612600001, "Shape_Leng": 4000.0, "Shape_Area": 1000000.0 }, "geometry": { "type": "Polygon", "coordinates": [ [ [ 73.265734975606833, 22.542840802962505 ], [ 73.256014067367744, 22.542735693262944 ], [ 73.255900567959216, 22.551765447255622 ], [ 73.26562210806425, 22.551870603584629 ], [ 73.265734975606833, 22.542840802962505 ] ] ] } },
{ "type": "Feature", "properties": { "FeatureID": "252", "HA_Area": 100.0, "NE": 0.0, "NH": 0.0, "SH": 231.623, "MR": 0.0, "Norm_NE": 0.0, "Norm_NH": 0.0, "Norm_SH": 0.95353027056399997, "Norm_MR": 0.0, "Roads_Sum": 1.90706, "Roads_1_S_": 0.95353, "nor_roads": 0.2207973775, "Shape_Leng": 4000.0, "Shape_Area": 1000000.0 }, "geometry": { "type": "Polygon", "coordinates": [ [ [ 73.264830423264343, 22.615078909014304 ], [ 73.255104451077457, 22.614973426114368 ], [ 73.254990488317304, 22.624003094611073 ], [ 73.264717094948452, 22.624108624187585 ], [ 73.264830423264343, 22.615078909014304 ] ] ] } },
{ "type": "Feature", "properties": { "FeatureID": "253", "HA_Area": 100.0, "NE": 0.0, "NH": 0.0, "SH": 0.0, "MR": 0.0, "Norm_NE": 0.0, "Norm_NH": 0.0, "Norm_SH": 0.0, "Norm_MR": 0.0, "Roads_Sum": 0.0, "Roads_1_S_": 0.0, "nor_roads": 0.0, "Shape_Leng": 4000.0, "Shape_Area": 1000000.0 }, "geometry": { "type": "Polygon", "coordinates": [ [ [ 73.225695092730291, 22.632712486860417 ], [ 73.215968085316462, 22.632604552804469 ], [ 73.215851466360618, 22.641634010532883 ], [ 73.225579108795912, 22.641741992319613 ], [ 73.225695092730291, 22.632712486860417 ] ] ] } },
{ "type": "Feature", "properties": { "FeatureID": "254", "HA_Area": 100.0, "NE": 0.0, "NH": 0.0, "SH": 2162.62, "MR": 0.0, "Norm_NE": 0.0, "Norm_NH": 0.0, "Norm_SH": 0.14182031077599999, "Norm_MR": 0.0, "Roads_Sum": 0.283641, "Roads_1_S_": 0.14182, "nor_roads": 0.0328396539093, "Shape_Leng": 4000.0, "Shape_Area": 1000000.0 }, "geometry": { "type": "Polygon", "coordinates": [ [ [ 73.196867555939718, 22.605298767573796 ], [ 73.19674984678602, 22.614328161275171 ], [ 73.206475466265729, 22.61443717765664 ], [ 73.206592541400624, 22.605407735721645 ], [ 73.196867555939718, 22.605298767573796 ] ] ] } },
{ "type": "Feature", "properties": { "FeatureID": "255", "HA_Area": 100.0, "NE": 0.0, "NH": 0.0, "SH": 1555.47, "MR": 0.0, "Norm_NE": 0.0, "Norm_NH": 0.0, "Norm_SH": 0.39704069245399998, "Norm_MR": 0.0, "Roads_Sum": 0.794081, "Roads_1_S_": 0.397041, "nor_roads": 0.091937848727800003, "Shape_Leng": 4000.0, "Shape_Area": 1000000.0 }, "geometry": { "type": "Polygon", "coordinates": [ [ [ 73.137910729128407, 22.649777984959023 ], [ 73.128182997012445, 22.649664646565348 ], [ 73.128060539184816, 22.658693641409229 ], [ 73.137788906808581, 22.658807029891296 ], [ 73.137910729128407, 22.649777984959023 ] ] ] } },
{ "type": "Feature", "properties": { "FeatureID": "256", "HA_Area": 100.0, "NE": 0.0, "NH": 0.0, "SH": 1102.27, "MR": 0.0, "Norm_NE": 0.0, "Norm_NH": 0.0, "Norm_SH": 0.58754688797200005, "Norm_MR": 0.0, "Roads_Sum": 1.17509, "Roads_1_S_": 0.587547, "nor_roads": 0.136050662682, "Shape_Leng": 4000.0, "Shape_Area": 1000000.0 }, "geometry": { "type": "Polygon", "coordinates": [ [ [ 73.177774333269866, 22.577991111678521 ], [ 73.168051428428612, 22.577880524777331 ], [ 73.167931999860556, 22.586909804455392 ], [ 73.177655537700943, 22.587020440352987 ], [ 73.177774333269866, 22.577991111678521 ] ] ] } },
{ "type": "Feature", "properties": { "FeatureID": "257", "HA_Area": 100.0, "NE": 0.0, "NH": 0.0, "SH": 0.0, "MR": 0.0, "Norm_NE": 0.0, "Norm_NH": 0.0, "Norm_SH": 0.0, "Norm_MR": 0.0, "Roads_Sum": 0.0, "Roads_1_S_": 0.0, "nor_roads": 0.0, "Shape_Leng": 4000.0, "Shape_Area": 1000000.0 }, "geometry": { "type": "Polygon", "coordinates": [ [ [ 73.129525929026499, 22.550344991721065 ], [ 73.119805228253938, 22.550231616947045 ], [ 73.119682822165444, 22.559260680041024 ], [ 73.129404154881641, 22.559374105094037 ], [ 73.129525929026499, 22.550344991721065 ] ] ] } },
{ "type": "Feature", "properties": { "FeatureID": "258", "HA_Area": 100.0, "NE": 0.0, "NH": 0.0, "SH": 1011.0, "MR": 0.0, "Norm_NE": 0.0, "Norm_NH": 0.0, "Norm_SH": 0.62591296489000003, "Norm_MR": 0.0, "Roads_Sum": 1.25183, "Roads_1_S_": 0.625913, "nor_roads": 0.14493554116099999, "Shape_Leng": 4000.0, "Shape_Area": 1000000.0 }, "geometry": { "type": "Polygon", "coordinates": [ [ [ 73.196867555939718, 22.605298767573796 ], [ 73.196985205197365, 22.596269363140646 ], [ 73.187260913311391, 22.596159854878842 ], [ 73.187142630374851, 22.605189210824044 ], [ 73.196867555939718, 22.605298767573796 ] ] ] } },
{ "type": "Feature", "properties": { "FeatureID": "259", "HA_Area": 100.0, "NE": 0.0, "NH": 0.0, "SH": 1716.15, "MR": 0.0, "Norm_NE": 0.0, "Norm_NH": 0.0, "Norm_SH": 0.32949755691600002, "Norm_MR": 0.0, "Roads_Sum": 0.658995, "Roads_1_S_": 0.329498, "nor_roads": 0.076297735619099999, "Shape_Leng": 4000.0, "Shape_Area": 1000000.0 }, "geometry": { "type": "Polygon", "coordinates": [ [ [ 73.255445991557266, 22.587884356443226 ], [ 73.245721978695229, 22.587778425369272 ], [ 73.245607556358692, 22.596808079033696 ], [ 73.255332202680549, 22.596914057026972 ], [ 73.255445991557266, 22.587884356443226 ] ] ] } },
{ "type": "Feature", "properties": { "FeatureID": "260", "HA_Area": 100.0, "NE": 0.0, "NH": 0.0, "SH": 298.233, "MR": 0.0, "Norm_NE": 0.0, "Norm_NH": 0.0, "Norm_SH": 0.92553022827200004, "Norm_MR": 0.0, "Roads_Sum": 1.85106, "Roads_1_S_": 0.92553, "nor_roads": 0.214313757844, "Shape_Leng": 4000.0, "Shape_Area": 1000000.0 }, "geometry": { "type": "Polygon", "coordinates": [ [ [ 73.283833960546488, 22.651407274763091 ], [ 73.274105333523295, 22.651302785148538 ], [ 73.273992410169868, 22.660332503953704 ], [ 73.2837216729624, 22.660437039747112 ], [ 73.283833960546488, 22.651407274763091 ] ] ] } },
{ "type": "Feature", "properties": { "FeatureID": "261", "HA_Area": 100.0, "NE": 0.0, "NH": 0.0, "SH": 1452.97, "MR": 258.874, "Norm_NE": 0.0, "Norm_NH": 0.0, "Norm_SH": 0.44012738076899999, "Norm_MR": 0.87154132130100004, "Roads_Sum": 1.7518, "Roads_1_S_": 1.31167, "nor_roads": 0.20282153020400001, "Shape_Leng": 4000.0, "Shape_Area": 1000000.0 }, "geometry": { "type": "Polygon", "coordinates": [ [ [ 73.26539620034842, 22.56993017281853 ], [ 73.2556733955455, 22.569824923212995 ], [ 73.255559722506618, 22.578854645170733 ], [ 73.265283160141664, 22.578959941423363 ], [ 73.26539620034842, 22.56993017281853 ] ] ] } },
{ "type": "Feature", "properties": { "FeatureID": "262", "HA_Area": 100.0, "NE": 0.0, "NH": 0.0, "SH": 2081.27, "MR": 0.0, "Norm_NE": 0.0, "Norm_NH": 0.0, "Norm_SH": 0.176016469821, "Norm_MR": 0.0, "Roads_Sum": 0.352033, "Roads_1_S_": 0.176016, "nor_roads": 0.0407580043194, "Shape_Leng": 4000.0, "Shape_Area": 1000000.0 }, "geometry": { "type": "Polygon", "coordinates": [ [ [ 73.158328584397523, 22.577769350100105 ], [ 73.148605801498718, 22.577657587661893 ], [ 73.148485106985646, 22.586686768566121 ], [ 73.158208522848057, 22.586798580521414 ], [ 73.158328584397523, 22.577769350100105 ] ] ] } },
{ "type": "Feature", "properties": { "FeatureID": "263", "HA_Area": 100.0, "NE": 0.0, "NH": 0.0, "SH": 457.016, "MR": 0.0, "Norm_NE": 0.0, "Norm_NH": 0.0, "Norm_SH": 0.85878453872600002, "Norm_MR": 0.0, "Roads_Sum": 1.71757, "Roads_1_S_": 0.858785, "nor_roads": 0.198858418, "Shape_Leng": 4000.0, "Shape_Area": 1000000.0 }, "geometry": { "type": "Polygon", "coordinates": [ [ [ 73.256240892672324, 22.524676153267013 ], [ 73.246521305009111, 22.52457055046256 ], [ 73.246407290064468, 22.533600278916555 ], [ 73.256127508933176, 22.533705928598923 ], [ 73.256240892672324, 22.524676153267013 ] ] ] } },
{ "type": "Feature", "properties": { "FeatureID": "264", "HA_Area": 100.0, "NE": 0.0, "NH": 0.0, "SH": 0.0, "MR": 0.0, "Norm_NE": 0.0, "Norm_NH": 0.0, "Norm_SH": 0.0, "Norm_MR": 0.0, "Roads_Sum": 0.0, "Roads_1_S_": 0.0, "nor_roads": 0.0, "Shape_Leng": 4000.0, "Shape_Area": 1000000.0 }, "geometry": { "type": "Polygon", "coordinates": [ [ [ 73.157004541153015, 22.677090292934615 ], [ 73.147274777917545, 22.676977985463907 ], [ 73.147153406221676, 22.686007047862045 ], [ 73.156883805970224, 22.686119404918834 ], [ 73.157004541153015, 22.677090292934615 ] ] ] } },
{ "type": "Feature", "properties": { "FeatureID": "265", "HA_Area": 100.0, "NE": 0.0, "NH": 0.0, "SH": 1065.14, "MR": 0.0, "Norm_NE": 0.0, "Norm_NH": 0.0, "Norm_SH": 0.60315478014299995, "Norm_MR": 0.0, "Roads_Sum": 1.20631, "Roads_1_S_": 0.603155, "nor_roads": 0.139665290094, "Shape_Leng": 4000.0, "Shape_Area": 1000000.0 }, "geometry": { "type": "Polygon", "coordinates": [ [ [ 73.187615400985464, 22.569071722650783 ], [ 73.177893068350784, 22.568961772270505 ], [ 73.177774333269866, 22.577991111678521 ], [ 73.187497298599169, 22.578101110788712 ], [ 73.187615400985464, 22.569071722650783 ] ] ] } },
{ "type": "Feature", "properties": { "FeatureID": "266", "HA_Area": 100.0, "NE": 0.0, "NH": 0.0, "SH": 0.0, "MR": 789.949, "Norm_NE": 0.0, "Norm_NH": 0.0, "Norm_SH": 0.0, "Norm_MR": 0.24439876076, "Roads_Sum": 0.244399, "Roads_1_S_": 0.244399, "nor_roads": 0.028296255316899999, "Shape_Leng": 4000.0, "Shape_Area": 1000000.0 }, "geometry": { "type": "Polygon", "coordinates": [ [ [ 73.35258179962787, 22.597941471047548 ], [ 73.342856588374246, 22.597841377974913 ], [ 73.342748446342441, 22.606871478471373 ], [ 73.352474291543004, 22.606971615864172 ], [ 73.35258179962787, 22.597941471047548 ] ] ] } },
{ "type": "Feature", "properties": { "FeatureID": "267", "HA_Area": 100.0, "NE": 0.0, "NH": 0.0, "SH": 1016.68, "MR": 873.966, "Norm_NE": 0.0, "Norm_NH": 0.0, "Norm_SH": 0.62352533489899997, "Norm_MR": 0.14518366610700001, "Roads_Sum": 1.39223, "Roads_1_S_": 0.768709, "nor_roads": 0.16119090955900001, "Shape_Leng": 4000.0, "Shape_Area": 1000000.0 }, "geometry": { "type": "Polygon", "coordinates": [ [ [ 73.254990488317304, 22.624003094611073 ], [ 73.245263939681109, 22.623896975824241 ], [ 73.245149284175923, 22.632926586675261 ], [ 73.25487646756217, 22.633032752405153 ], [ 73.254990488317304, 22.624003094611073 ] ] ] } },
{ "type": "Feature", "properties": { "FeatureID": "268", "HA_Area": 100.0, "NE": 0.0, "NH": 0.0, "SH": 1133.73, "MR": 991.822, "Norm_NE": 0.0, "Norm_NH": 0.0, "Norm_SH": 0.57432244376399999, "Norm_MR": 0.0060083566055299997, "Roads_Sum": 1.15465, "Roads_1_S_": 0.580331, "nor_roads": 0.13368414330100001, "Shape_Leng": 4000.0, "Shape_Area": 1000000.0 }, "geometry": { "type": "Polygon", "coordinates": [ [ [ 73.283496926497165, 22.678496537615199 ], [ 73.27376639119656, 22.678391909446507 ], [ 73.273653295543085, 22.687421596127216 ], [ 73.283384467582621, 22.687526270492349 ], [ 73.283496926497165, 22.678496537615199 ] ] ] } },
{ "type": "Feature", "properties": { "FeatureID": "269", "HA_Area": 100.0, "NE": 0.0, "NH": 0.0, "SH": 0.0, "MR": 0.0, "Norm_NE": 0.0, "Norm_NH": 0.0, "Norm_SH": 0.0, "Norm_MR": 0.0, "Roads_Sum": 0.0, "Roads_1_S_": 0.0, "nor_roads": 0.0, "Shape_Leng": 4000.0, "Shape_Area": 1000000.0 }, "geometry": { "type": "Polygon", "coordinates": [ [ [ 73.254305493269086, 22.678180880714777 ], [ 73.244575131288769, 22.678074480180356 ], [ 73.244460125519694, 22.687104026707068 ], [ 73.254191124188239, 22.687210474220269 ], [ 73.254305493269086, 22.678180880714777 ] ] ] } },
{ "type": "Feature", "properties": { "FeatureID": "270", "HA_Area": 100.0, "NE": 0.0, "NH": 0.0, "SH": 2263.91, "MR": 0.0, "Norm_NE": 0.0, "Norm_NH": 0.0, "Norm_SH": 0.099242341768099998, "Norm_MR": 0.0, "Roads_Sum": 0.198485, "Roads_1_S_": 0.0992423, "nor_roads": 0.022980381988, "Shape_Leng": 4000.0, "Shape_Area": 1000000.0 }, "geometry": { "type": "Polygon", "coordinates": [ [ [ 73.244919798144437, 22.650985776237725 ], [ 73.235191402658387, 22.650878926626135 ], [ 73.235075936396356, 22.659908458109054 ], [ 73.244804967584074, 22.660015354942221 ], [ 73.244919798144437, 22.650985776237725 ] ] ] } },
{ "type": "Feature", "properties": { "FeatureID": "271", "HA_Area": 100.0, "NE": 0.0, "NH": 0.0, "SH": 0.0, "MR": 811.379, "Norm_NE": 0.0, "Norm_NH": 0.0, "Norm_SH": 0.0, "Norm_MR": 0.21909216711500001, "Roads_Sum": 0.219092, "Roads_1_S_": 0.219092, "nor_roads": 0.025366237864399999, "Shape_Leng": 4000.0, "Shape_Area": 1000000.0 }, "geometry": { "type": "Polygon", "coordinates": [ [ [ 73.294231364186032, 22.59733208456986 ], [ 73.284506488021833, 22.59722846037706 ], [ 73.284394542648556, 22.60625828948146 ], [ 73.294120052662009, 22.60636195955756 ], [ 73.294231364186032, 22.59733208456986 ] ] ] } },
{ "type": "Feature", "properties": { "FeatureID": "272", "HA_Area": 100.0, "NE": 0.0, "NH": 0.0, "SH": 1010.4, "MR": 0.0, "Norm_NE": 0.0, "Norm_NH": 0.0, "Norm_SH": 0.62616516938800004, "Norm_MR": 0.0, "Roads_Sum": 1.25233, "Roads_1_S_": 0.626165, "nor_roads": 0.14499342643300001, "Shape_Leng": 4000.0, "Shape_Area": 1000000.0 }, "geometry": { "type": "Polygon", "coordinates": [ [ [ 73.187024287219828, 22.614218556031332 ], [ 73.177298787889697, 22.614108361939969 ], [ 73.177179750192309, 22.623137647645159 ], [ 73.186905883828729, 22.623247890497233 ], [ 73.187024287219828, 22.614218556031332 ] ] ] } },
{ "type": "Feature", "properties": { "FeatureID": "273", "HA_Area": 100.0, "NE": 0.0, "NH": 0.0, "SH": 0.0, "MR": 0.0, "Norm_NE": 0.0, "Norm_NH": 0.0, "Norm_SH": 0.0, "Norm_MR": 0.0, "Roads_Sum": 0.0, "Roads_1_S_": 0.0, "nor_roads": 0.0, "Shape_Leng": 4000.0, "Shape_Area": 1000000.0 }, "geometry": { "type": "Polygon", "coordinates": [ [ [ 73.176344789184441, 22.686342346355808 ], [ 73.166614267065569, 22.686231171088473 ], [ 73.166494107390264, 22.69526032161632 ], [ 73.17622526638128, 22.695371545954561 ], [ 73.176344789184441, 22.686342346355808 ] ] ] } },
{ "type": "Feature", "properties": { "FeatureID": "274", "HA_Area": 100.0, "NE": 0.0, "NH": 0.0, "SH": 660.565, "MR": 664.76, "Norm_NE": 0.0, "Norm_NH": 0.0, "Norm_SH": 0.77322109673799999, "Norm_MR": 0.39223349346399999, "Roads_Sum": 1.93868, "Roads_1_S_": 1.16545, "nor_roads": 0.22445831036899999, "Shape_Leng": 4000.0, "Shape_Area": 1000000.0 }, "geometry": { "type": "Polygon", "coordinates": [ [ [ 73.294898044163972, 22.543152610719602 ], [ 73.285176964326837, 22.54304926170494 ], [ 73.285065360566264, 22.552079154805078 ], [ 73.294787072319281, 22.552182549668295 ], [ 73.294898044163972, 22.543152610719602 ] ] ] } },
{ "type": "Feature", "properties": { "FeatureID": "275", "HA_Area": 100.0, "NE": 0.0, "NH": 0.0, "SH": 0.0, "MR": 0.0, "Norm_NE": 0.0, "Norm_NH": 0.0, "Norm_SH": 0.0, "Norm_MR": 0.0, "Roads_Sum": 0.0, "Roads_1_S_": 0.0, "nor_roads": 0.0, "Shape_Leng": 4000.0, "Shape_Area": 1000000.0 }, "geometry": { "type": "Polygon", "coordinates": [ [ [ 73.205771763436985, 22.668613603832075 ], [ 73.196042333067609, 22.668504297920656 ], [ 73.195924204151737, 22.67753361640186 ], [ 73.205654270799741, 22.677642970589677 ], [ 73.205771763436985, 22.668613603832075 ] ] ] } },
{ "type": "Feature", "properties": { "FeatureID": "276", "HA_Area": 100.0, "NE": 0.0, "NH": 0.0, "SH": 0.0, "MR": 0.0, "Norm_NE": 0.0, "Norm_NH": 0.0, "Norm_SH": 0.0, "Norm_MR": 0.0, "Roads_Sum": 0.0, "Roads_1_S_": 0.0, "nor_roads": 0.0, "Shape_Leng": 4000.0, "Shape_Area": 1000000.0 }, "geometry": { "type": "Polygon", "coordinates": [ [ [ 73.129647641126951, 22.541315867593834 ], [ 73.119927571976234, 22.541202543092481 ], [ 73.119805228253938, 22.550231616947045 ], [ 73.129525929026499, 22.550344991721065 ], [ 73.129647641126951, 22.541315867593834 ] ] ] } },
{ "type": "Feature", "properties": { "FeatureID": "277", "HA_Area": 100.0, "NE": 0.0, "NH": 0.0, "SH": 0.0, "MR": 384.548, "Norm_NE": 0.0, "Norm_NH": 0.0, "Norm_SH": 0.0, "Norm_MR": 0.72313380086800005, "Roads_Sum": 0.723134, "Roads_1_S_": 0.723134, "nor_roads": 0.083723681669900005, "Shape_Leng": 4000.0, "Shape_Area": 1000000.0 }, "geometry": { "type": "Polygon", "coordinates": [ [ [ 73.352796651655154, 22.579881149513607 ], [ 73.343072707327991, 22.579781145064473 ], [ 73.342964675364087, 22.588811266838125 ], [ 73.352689252993258, 22.588911315596221 ], [ 73.352796651655154, 22.579881149513607 ] ] ] } },
{ "type": "Feature", "properties": { "FeatureID": "278", "HA_Area": 100.0, "NE": 0.0, "NH": 0.0, "SH": 0.0, "MR": 926.288, "Norm_NE": 0.0, "Norm_NH": 0.0, "Norm_SH": 0.0, "Norm_MR": 0.083396973723599999, "Roads_Sum": 0.083397, "Roads_1_S_": 0.083397, "nor_roads": 0.0096556158990700001, "Shape_Leng": 4000.0, "Shape_Area": 1000000.0 }, "geometry": { "type": "Polygon", "coordinates": [ [ [ 73.332150453436483, 22.67901081592224 ], [ 73.322419635734875, 22.678909141978959 ], [ 73.322309723942297, 22.68793905703382 ], [ 73.332041178465474, 22.688040775869482 ], [ 73.332150453436483, 22.67901081592224 ] ] ] } },
{ "type": "Feature", "properties": { "FeatureID": "279", "HA_Area": 100.0, "NE": 0.0, "NH": 0.0, "SH": 232.349, "MR": 0.0, "Norm_NE": 0.0, "Norm_NH": 0.0, "Norm_SH": 0.95322509157599999, "Norm_MR": 0.0, "Roads_Sum": 1.90645, "Roads_1_S_": 0.953225, "nor_roads": 0.22072675305200001, "Shape_Leng": 4000.0, "Shape_Area": 1000000.0 }, "geometry": { "type": "Polygon", "coordinates": [ [ [ 73.285511434409884, 22.515959518495485 ], [ 73.275792305217223, 22.515855720863495 ], [ 73.275680241105505, 22.52488559982325 ], [ 73.285400001232105, 22.52498944354668 ], [ 73.285511434409884, 22.515959518495485 ] ] ] } },
{ "type": "Feature", "properties": { "FeatureID": "280", "HA_Area": 100.0, "NE": 0.0, "NH": 0.0, "SH": 2438.12, "MR": 455.655, "Norm_NE": 0.0, "Norm_NH": 0.0, "Norm_SH": 0.0260116997436, "Norm_MR": 0.639164071128, "Roads_Sum": 0.691187, "Roads_1_S_": 0.665176, "nor_roads": 0.080024897022899999, "Shape_Leng": 4000.0, "Shape_Area": 1000000.0 }, "geometry": { "type": "Polygon", "coordinates": [ [ [ 73.188087209222147, 22.532954062894952 ], [ 73.178367404146215, 22.532844307372844 ], [ 73.178248910841404, 22.541873689680077 ], [ 73.187969347324284, 22.541983493907523 ], [ 73.188087209222147, 22.532954062894952 ] ] ] } },
{ "type": "Feature", "properties": { "FeatureID": "281", "HA_Area": 100.0, "NE": 0.0, "NH": 0.0, "SH": 485.684, "MR": 0.0, "Norm_NE": 0.0, "Norm_NH": 0.0, "Norm_SH": 0.84673371775999995, "Norm_MR": 0.0, "Roads_Sum": 1.69347, "Roads_1_S_": 0.846734, "nor_roads": 0.19606815193400001, "Shape_Leng": 4000.0, "Shape_Area": 1000000.0 }, "geometry": { "type": "Polygon", "coordinates": [ [ [ 73.353332824969499, 22.534730159751913 ], [ 73.343612042319137, 22.534630376763683 ], [ 73.343504285244677, 22.543660551670012 ], [ 73.353225699586289, 22.543760378939261 ], [ 73.353332824969499, 22.534730159751913 ] ] ] } },
{ "type": "Feature", "properties": { "FeatureID": "282", "HA_Area": 100.0, "NE": 0.0, "NH": 0.0, "SH": 0.0, "MR": 0.0, "Norm_NE": 0.0, "Norm_NH": 0.0, "Norm_SH": 0.0, "Norm_MR": 0.0, "Roads_Sum": 0.0, "Roads_1_S_": 0.0, "nor_roads": 0.0, "Shape_Leng": 4000.0, "Shape_Area": 1000000.0 }, "geometry": { "type": "Polygon", "coordinates": [ [ [ 73.196514248720575, 22.632386916468633 ], [ 73.186787420184018, 22.632277214218227 ], [ 73.18666889626806, 22.641306527190853 ], [ 73.196396359773857, 22.641416277953752 ], [ 73.196514248720575, 22.632386916468633 ] ] ] } },
{ "type": "Feature", "properties": { "FeatureID": "283", "HA_Area": 100.0, "NE": 0.0, "NH": 0.0, "SH": 283.562, "MR": 0.0, "Norm_NE": 0.0, "Norm_NH": 0.0, "Norm_SH": 0.93169729532500001, "Norm_MR": 0.0, "Roads_Sum": 1.86339, "Roads_1_S_": 0.931697, "nor_roads": 0.21574130469700001, "Shape_Leng": 4000.0, "Shape_Area": 1000000.0 }, "geometry": { "type": "Polygon", "coordinates": [ [ [ 73.236113021290237, 22.578642288956022 ], [ 73.226389758353321, 22.578535229022691 ], [ 73.22627412804249, 22.587564798773794 ], [ 73.235998024082875, 22.587671906141324 ], [ 73.236113021290237, 22.578642288956022 ] ] ] } },
{ "type": "Feature", "properties": { "FeatureID": "284", "HA_Area": 100.0, "NE": 0.0, "NH": 0.0, "SH": 0.0, "MR": 347.34, "Norm_NE": 0.0, "Norm_NH": 0.0, "Norm_SH": 0.0, "Norm_MR": 0.76707246508100002, "Roads_Sum": 0.767072, "Roads_1_S_": 0.767072, "nor_roads": 0.088810781199299998, "Shape_Leng": 4000.0, "Shape_Area": 1000000.0 }, "geometry": { "type": "Polygon", "coordinates": [ [ [ 73.342531997088642, 22.624931647529575 ], [ 73.342423689834547, 22.633961716084436 ], [ 73.352151438812129, 22.634061986471341 ], [ 73.352259111151113, 22.625031873579502 ], [ 73.342531997088642, 22.624931647529575 ] ] ] } },
{ "type": "Feature", "properties": { "FeatureID": "285", "HA_Area": 100.0, "NE": 0.0, "NH": 0.0, "SH": 1265.68, "MR": 0.0, "Norm_NE": 0.0, "Norm_NH": 0.0, "Norm_SH": 0.51885618348200002, "Norm_MR": 0.0, "Roads_Sum": 1.03771, "Roads_1_S_": 0.518856, "nor_roads": 0.120144952239, "Shape_Leng": 4000.0, "Shape_Area": 1000000.0 }, "geometry": { "type": "Polygon", "coordinates": [ [ [ 73.138761752595556, 22.586574368604659 ], [ 73.12903846, 22.586461380652235 ], [ 73.128916437496812, 22.595490450972985 ], [ 73.138640363342276, 22.595603488969452 ], [ 73.138761752595556, 22.586574368604659 ] ] ] } },
{ "type": "Feature", "properties": { "FeatureID": "286", "HA_Area": 100.0, "NE": 0.0, "NH": 0.0, "SH": 835.503, "MR": 670.638, "Norm_NE": 0.0, "Norm_NH": 0.0, "Norm_SH": 0.69968452527000002, "Norm_MR": 0.385292217223, "Roads_Sum": 1.78466, "Roads_1_S_": 1.08498, "nor_roads": 0.206626030691, "Shape_Leng": 4000.0, "Shape_Area": 1000000.0 }, "geometry": { "type": "Polygon", "coordinates": [ [ [ 73.324170642130014, 22.534429050606285 ], [ 73.314450025234962, 22.534327507464379 ], [ 73.314340373183029, 22.543357547965833 ], [ 73.3240616217211, 22.543459136169673 ], [ 73.324170642130014, 22.534429050606285 ] ] ] } },
{ "type": "Feature", "properties": { "FeatureID": "287", "HA_Area": 100.0, "NE": 0.0, "NH": 0.0, "SH": 0.0, "MR": 266.296, "Norm_NE": 0.0, "Norm_NH": 0.0, "Norm_SH": 0.0, "Norm_MR": 0.86277673925999998, "Roads_Sum": 0.862777, "Roads_1_S_": 0.862777, "nor_roads": 0.099891400946400005, "Shape_Leng": 4000.0, "Shape_Area": 1000000.0 }, "geometry": { "type": "Polygon", "coordinates": [ [ [ 73.168766723442744, 22.523704621297053 ], [ 73.159047670538683, 22.523593742029867 ], [ 73.158927975516249, 22.532623036874298 ], [ 73.168647659470338, 22.532733965360979 ], [ 73.168766723442744, 22.523704621297053 ] ] ] } },
{ "type": "Feature", "properties": { "FeatureID": "288", "HA_Area": 100.0, "NE": 0.0, "NH": 0.0, "SH": 2189.84, "MR": 0.0, "Norm_NE": 0.0, "Norm_NH": 0.0, "Norm_SH": 0.130378180106, "Norm_MR": 0.0, "Roads_Sum": 0.260756, "Roads_1_S_": 0.130378, "nor_roads": 0.0301900501568, "Shape_Leng": 4000.0, "Shape_Area": 1000000.0 }, "geometry": { "type": "Polygon", "coordinates": [ [ [ 73.119315229521106, 22.586347804724149 ], [ 73.109592061481109, 22.586233640835783 ], [ 73.10946877253258, 22.595262610287424 ], [ 73.119192573786151, 22.595376824740509 ], [ 73.119315229521106, 22.586347804724149 ] ] ] } },
{ "type": "Feature", "properties": { "FeatureID": "289", "HA_Area": 100.0, "NE": 0.0, "NH": 0.0, "SH": 539.759, "MR": 854.931, "Norm_NE": 0.0, "Norm_NH": 0.0, "Norm_SH": 0.824002870133, "Norm_MR": 0.16766192663400001, "Roads_Sum": 1.81567, "Roads_1_S_": 0.991665, "nor_roads": 0.210216339113, "Shape_Leng": 4000.0, "Shape_Area": 1000000.0 }, "geometry": { "type": "Polygon", "coordinates": [ [ [ 73.304619180556671, 22.543255372811199 ], [ 73.294898044163972, 22.543152610719602 ], [ 73.294787072319281, 22.552182549668295 ], [ 73.304508840644317, 22.552285357348143 ], [ 73.304619180556671, 22.543255372811199 ] ] ] } },
{ "type": "Feature", "properties": { "FeatureID": "290", "HA_Area": 100.0, "NE": 0.0, "NH": 0.0, "SH": 0.0, "MR": 899.116, "Norm_NE": 0.0, "Norm_NH": 0.0, "Norm_SH": 0.0, "Norm_MR": 0.11548418627400001, "Roads_Sum": 0.115484, "Roads_1_S_": 0.115484, "nor_roads": 0.0133706143569, "Shape_Leng": 4000.0, "Shape_Area": 1000000.0 }, "geometry": { "type": "Polygon", "coordinates": [ [ [ 73.168528534776186, 22.541763298702698 ], [ 73.158808219450378, 22.541652320990323 ], [ 73.158688402323349, 22.550681594374435 ], [ 73.16840934934261, 22.550792621318703 ], [ 73.168528534776186, 22.541763298702698 ] ] ] } },
{ "type": "Feature", "properties": { "FeatureID": "291", "HA_Area": 100.0, "NE": 0.0, "NH": 0.0, "SH": 2431.87, "MR": 0.0, "Norm_NE": 0.0, "Norm_NH": 0.0, "Norm_SH": 0.028638936836, "Norm_MR": 0.0, "Roads_Sum": 0.0572779, "Roads_1_S_": 0.0286389, "nor_roads": 0.0066315741298300004, "Shape_Leng": 4000.0, "Shape_Area": 1000000.0 }, "geometry": { "type": "Polygon", "coordinates": [ [ [ 73.167333944247261, 22.632056041626743 ], [ 73.15760729749249, 22.631944571315628 ], [ 73.157486868774825, 22.64097373718748 ], [ 73.167214150445744, 22.641085256792728 ], [ 73.167333944247261, 22.632056041626743 ] ] ] } },
{ "type": "Feature", "properties": { "FeatureID": "292", "HA_Area": 100.0, "NE": 0.0, "NH": 0.0, "SH": 230.022, "MR": 0.0, "Norm_NE": 0.0, "Norm_NH": 0.0, "Norm_SH": 0.954203262745, "Norm_MR": 0.0, "Roads_Sum": 1.90841, "Roads_1_S_": 0.954203, "nor_roads": 0.22095367049299999, "Shape_Leng": 4000.0, "Shape_Area": 1000000.0 }, "geometry": { "type": "Polygon", "coordinates": [ [ [ 73.207060246377836, 22.569289860759802 ], [ 73.197337793768511, 22.569181085485482 ], [ 73.197220324094317, 22.578210522092991 ], [ 73.20694340943318, 22.57831934557656 ], [ 73.207060246377836, 22.569289860759802 ] ] ] } },
{ "type": "Feature", "properties": { "FeatureID": "293", "HA_Area": 100.0, "NE": 0.0, "NH": 0.0, "SH": 0.0, "MR": 295.35, "Norm_NE": 0.0, "Norm_NH": 0.0, "Norm_SH": 0.0, "Norm_MR": 0.82846706419000005, "Roads_Sum": 0.828467, "Roads_1_S_": 0.828467, "nor_roads": 0.095919027651099997, "Shape_Leng": 4000.0, "Shape_Area": 1000000.0 }, "geometry": { "type": "Polygon", "coordinates": [ [ [ 73.342531997088642, 22.624931647529575 ], [ 73.342640249252582, 22.615901568324077 ], [ 73.332913824856504, 22.615800797530017 ], [ 73.332804938116325, 22.624830832143545 ], [ 73.342531997088642, 22.624931647529575 ] ] ] } },
{ "type": "Feature", "properties": { "FeatureID": "294", "HA_Area": 100.0, "NE": 0.0, "NH": 0.0, "SH": 1699.24, "MR": 0.0, "Norm_NE": 0.0, "Norm_NH": 0.0, "Norm_SH": 0.33660582396099997, "Norm_MR": 0.0, "Roads_Sum": 0.673212, "Roads_1_S_": 0.336606, "nor_roads": 0.077943766936600004, "Shape_Leng": 4000.0, "Shape_Area": 1000000.0 }, "geometry": { "type": "Polygon", "coordinates": [ [ [ 73.244919798144437, 22.650985776237725 ], [ 73.244804967584074, 22.660015354942221 ], [ 73.254534057157628, 22.660121661536969 ], [ 73.254648251999271, 22.651092035871574 ], [ 73.244919798144437, 22.650985776237725 ] ] ] } },
{ "type": "Feature", "properties": { "FeatureID": "295", "HA_Area": 100.0, "NE": 0.0, "NH": 0.0, "SH": 0.0, "MR": 409.846, "Norm_NE": 0.0, "Norm_NH": 0.0, "Norm_SH": 0.0, "Norm_MR": 0.69325957284700002, "Roads_Sum": 0.69326, "Roads_1_S_": 0.69326, "nor_roads": 0.080264905588899996, "Shape_Leng": 4000.0, "Shape_Area": 1000000.0 }, "geometry": { "type": "Polygon", "coordinates": [ [ [ 73.352151438812129, 22.634061986471341 ], [ 73.342423689834547, 22.633961716084436 ], [ 73.342315327474196, 22.642991773985237 ], [ 73.352043711689802, 22.643092088714727 ], [ 73.352151438812129, 22.634061986471341 ] ] ] } },
{ "type": "Feature", "properties": { "FeatureID": "296", "HA_Area": 100.0, "NE": 0.0, "NH": 0.0, "SH": 0.0, "MR": 253.024, "Norm_NE": 0.0, "Norm_NH": 0.0, "Norm_SH": 0.0, "Norm_MR": 0.87844953269100001, "Roads_Sum": 0.87845, "Roads_1_S_": 0.87845, "nor_roads": 0.101706002069, "Shape_Leng": 4000.0, "Shape_Area": 1000000.0 }, "geometry": { "type": "Polygon", "coordinates": [ [ [ 73.313791273921879, 22.588507590855201 ], [ 73.30406691833096, 22.588405189003716 ], [ 73.303956297004689, 22.597435120277261 ], [ 73.313681286155344, 22.597537567485301 ], [ 73.313791273921879, 22.588507590855201 ] ] ] } },
{ "type": "Feature", "properties": { "FeatureID": "297", "HA_Area": 100.0, "NE": 0.0, "NH": 0.0, "SH": 219.566, "MR": 0.0, "Norm_NE": 0.0, "Norm_NH": 0.0, "Norm_SH": 0.95859852905700005, "Norm_MR": 0.0, "Roads_Sum": 1.9172, "Roads_1_S_": 0.958599, "nor_roads": 0.22197136919800001, "Shape_Leng": 4000.0, "Shape_Area": 1000000.0 }, "geometry": { "type": "Polygon", "coordinates": [ [ [ 73.118824231766013, 22.622463820106212 ], [ 73.10909852893775, 22.622349453920609 ], [ 73.108974988762029, 22.631378380212677 ], [ 73.118701326093472, 22.631492796988585 ], [ 73.118824231766013, 22.622463820106212 ] ] ] } },
{ "type": "Feature", "properties": { "FeatureID": "298", "HA_Area": 100.0, "NE": 0.0, "NH": 0.0, "SH": 461.858, "MR": 229.147, "Norm_NE": 0.0, "Norm_NH": 0.0, "Norm_SH": 0.85674916119300004, "Norm_MR": 0.90664570601000005, "Roads_Sum": 2.62014, "Roads_1_S_": 1.76339, "nor_roads": 0.30335702556100003, "Shape_Leng": 4000.0, "Shape_Area": 1000000.0 }, "geometry": { "type": "Polygon", "coordinates": [ [ [ 73.285176964326837, 22.54304926170494 ], [ 73.275455941367156, 22.542945325781226 ], [ 73.275343705707257, 22.551975172772497 ], [ 73.285065360566264, 22.552079154805078 ], [ 73.285176964326837, 22.54304926170494 ] ] ] } },
{ "type": "Feature", "properties": { "FeatureID": "299", "HA_Area": 100.0, "NE": 0.0, "NH": 0.0, "SH": 2415.48, "MR": 0.0, "Norm_NE": 0.0, "Norm_NH": 0.0, "Norm_SH": 0.035528660857800001, "Norm_MR": 0.0, "Roads_Sum": 0.0710573, "Roads_1_S_": 0.0355287, "nor_roads": 0.0082269381511800004, "Shape_Leng": 4000.0, "Shape_Area": 1000000.0 }, "geometry": { "type": "Polygon", "coordinates": [ [ [ 73.147153406221676, 22.686007047862045 ], [ 73.137423068143164, 22.685894099933321 ], [ 73.137300997958988, 22.694923101684051 ], [ 73.147031972855771, 22.695036099465867 ], [ 73.147153406221676, 22.686007047862045 ] ] ] } },
{ "type": "Feature", "properties": { "FeatureID": "300", "HA_Area": 100.0, "NE": 0.0, "NH": 0.0, "SH": 1956.21, "MR": 0.0, "Norm_NE": 0.0, "Norm_NH": 0.0, "Norm_SH": 0.228586457775, "Norm_MR": 0.0, "Roads_Sum": 0.457173, "Roads_1_S_": 0.228586, "nor_roads": 0.052931001534299998, "Shape_Leng": 4000.0, "Shape_Area": 1000000.0 }, "geometry": { "type": "Polygon", "coordinates": [ [ [ 73.206709556961926, 22.596378283060975 ], [ 73.196985205197365, 22.596269363140646 ], [ 73.196867555939718, 22.605298767573796 ], [ 73.206592541400624, 22.605407735721645 ], [ 73.206709556961926, 22.596378283060975 ] ] ] } },
{ "type": "Feature", "properties": { "FeatureID": "301", "HA_Area": 100.0, "NE": 0.0, "NH": 0.0, "SH": 0.0, "MR": 830.947, "Norm_NE": 0.0, "Norm_NH": 0.0, "Norm_SH": 0.0, "Norm_MR": 0.19598446714699999, "Roads_Sum": 0.195984, "Roads_1_S_": 0.195984, "nor_roads": 0.022690819337300001, "Shape_Leng": 4000.0, "Shape_Area": 1000000.0 }, "geometry": { "type": "Polygon", "coordinates": [ [ [ 73.28461837641818, 22.588198620598039 ], [ 73.27489419074108, 22.588094454071832 ], [ 73.274781668834535, 22.597124247712884 ], [ 73.284506488021833, 22.59722846037706 ], [ 73.28461837641818, 22.588198620598039 ] ] ] } },
{ "type": "Feature", "properties": { "FeatureID": "302", "HA_Area": 100.0, "NE": 0.0, "NH": 0.0, "SH": 1058.19, "MR": 954.204, "Norm_NE": 0.0, "Norm_NH": 0.0, "Norm_SH": 0.60607629857800005, "Norm_MR": 0.050431227181099998, "Roads_Sum": 1.26258, "Roads_1_S_": 0.656508, "nor_roads": 0.146180171109, "Shape_Leng": 4000.0, "Shape_Area": 1000000.0 }, "geometry": { "type": "Polygon", "coordinates": [ [ [ 73.323952545722392, 22.552489211102156 ], [ 73.314230665219355, 22.552387577830711 ], [ 73.314120901327684, 22.561417597055542 ], [ 73.323843414117718, 22.561519275400276 ], [ 73.323952545722392, 22.552489211102156 ] ] ] } },
{ "type": "Feature", "properties": { "FeatureID": "303", "HA_Area": 100.0, "NE": 0.0, "NH": 0.0, "SH": 414.743, "MR": 798.723, "Norm_NE": 0.0, "Norm_NH": 0.0, "Norm_SH": 0.87655432118499998, "Norm_MR": 0.23403755184300001, "Roads_Sum": 1.98715, "Roads_1_S_": 1.11059, "nor_roads": 0.23007010386000001, "Shape_Leng": 4000.0, "Shape_Area": 1000000.0 }, "geometry": { "type": "Polygon", "coordinates": [ [ [ 73.304729464235379, 22.534225377631966 ], [ 73.295008959453099, 22.534122661122865 ], [ 73.294898044163972, 22.543152610719602 ], [ 73.304619180556671, 22.543255372811199 ], [ 73.304729464235379, 22.534225377631966 ] ] ] } },
{ "type": "Feature", "properties": { "FeatureID": "304", "HA_Area": 100.0, "NE": 0.0, "NH": 0.0, "SH": 1997.66, "MR": 0.0, "Norm_NE": 0.0, "Norm_NH": 0.0, "Norm_SH": 0.21116259059, "Norm_MR": 0.0, "Roads_Sum": 0.422325, "Roads_1_S_": 0.211163, "nor_roads": 0.048896336703199997, "Shape_Leng": 4000.0, "Shape_Area": 1000000.0 }, "geometry": { "type": "Polygon", "coordinates": [ [ [ 73.244919798144437, 22.650985776237725 ], [ 73.24503457033606, 22.641956186814262 ], [ 73.235306810228678, 22.641849384418258 ], [ 73.235191402658387, 22.650878926626135 ], [ 73.244919798144437, 22.650985776237725 ] ] ] } },
{ "type": "Feature", "properties": { "FeatureID": "305", "HA_Area": 100.0, "NE": 0.0, "NH": 0.0, "SH": 783.677, "MR": 0.0, "Norm_NE": 0.0, "Norm_NH": 0.0, "Norm_SH": 0.72146999087700003, "Norm_MR": 0.0, "Roads_Sum": 1.44294, "Roads_1_S_": 0.72147, "nor_roads": 0.16706205501400001, "Shape_Leng": 4000.0, "Shape_Area": 1000000.0 }, "geometry": { "type": "Polygon", "coordinates": [ [ [ 73.274556453106641, 22.615183802950181 ], [ 73.264830423264343, 22.615078909014304 ], [ 73.264717094948452, 22.624108624187585 ], [ 73.274443759251838, 22.624213564539495 ], [ 73.274556453106641, 22.615183802950181 ] ] ] } },
{ "type": "Feature", "properties": { "FeatureID": "306", "HA_Area": 100.0, "NE": 0.0, "NH": 0.0, "SH": 2438.42, "MR": 249.669, "Norm_NE": 0.0, "Norm_NH": 0.0, "Norm_SH": 0.025885674464299999, "Norm_MR": 0.88241142260100003, "Roads_Sum": 0.934183, "Roads_1_S_": 0.908297, "nor_roads": 0.108158712315, "Shape_Leng": 4000.0, "Shape_Area": 1000000.0 }, "geometry": { "type": "Polygon", "coordinates": [ [ [ 73.313130506853312, 22.642687290706974 ], [ 73.303402345064939, 22.642584616630138 ], [ 73.30329138550016, 22.651614483873558 ], [ 73.31302018278457, 22.651717203341391 ], [ 73.313130506853312, 22.642687290706974 ] ] ] } },
{ "type": "Feature", "properties": { "FeatureID": "307", "HA_Area": 100.0, "NE": 0.0, "NH": 0.0, "SH": 1492.66, "MR": 0.0, "Norm_NE": 0.0, "Norm_NH": 0.0, "Norm_SH": 0.42344334765500002, "Norm_MR": 0.0, "Roads_Sum": 0.846887, "Roads_1_S_": 0.423443, "nor_roads": 0.098051673420600005, "Shape_Leng": 4000.0, "Shape_Area": 1000000.0 }, "geometry": { "type": "Polygon", "coordinates": [ [ [ 73.119192573786151, 22.595376824740509 ], [ 73.10946877253258, 22.595262610287424 ], [ 73.109345420804701, 22.604291568954455 ], [ 73.119069855594134, 22.604405833978653 ], [ 73.119192573786151, 22.595376824740509 ] ] ] } },
{ "type": "Feature", "properties": { "FeatureID": "308", "HA_Area": 100.0, "NE": 0.0, "NH": 0.0, "SH": 2449.98, "MR": 932.947, "Norm_NE": 0.0, "Norm_NH": 0.0, "Norm_SH": 0.0210263121079, "Norm_MR": 0.075533413376900005, "Roads_Sum": 0.117586, "Roads_1_S_": 0.0965597, "nor_roads": 0.013613981966300001, "Shape_Leng": 4000.0, "Shape_Area": 1000000.0 }, "geometry": { "type": "Polygon", "coordinates": [ [ [ 73.334107926358854, 22.516469714451947 ], [ 73.324388516243104, 22.516368847600621 ], [ 73.324279606965291, 22.525398954415451 ], [ 73.333999648096636, 22.525499866057121 ], [ 73.334107926358854, 22.516469714451947 ] ] ] } },
{ "type": "Feature", "properties": { "FeatureID": "309", "HA_Area": 100.0, "NE": 0.0, "NH": 0.0, "SH": 2469.86, "MR": 199.092, "Norm_NE": 0.0, "Norm_NH": 0.0, "Norm_SH": 0.0126695429987, "Norm_MR": 0.94213744499800001, "Roads_Sum": 0.967477, "Roads_1_S_": 0.954807, "nor_roads": 0.112013458708, "Shape_Leng": 4000.0, "Shape_Area": 1000000.0 }, "geometry": { "type": "Polygon", "coordinates": [ [ [ 73.323734226890892, 22.570549329060579 ], [ 73.314011081491756, 22.570447605636872 ], [ 73.313901205695245, 22.579477603571238 ], [ 73.323624984025713, 22.579579372079621 ], [ 73.323734226890892, 22.570549329060579 ] ] ] } },
{ "type": "Feature", "properties": { "FeatureID": "310", "HA_Area": 100.0, "NE": 0.0, "NH": 0.0, "SH": 0.0, "MR": 0.0, "Norm_NE": 0.0, "Norm_NH": 0.0, "Norm_SH": 0.0, "Norm_MR": 0.0, "Roads_Sum": 0.0, "Roads_1_S_": 0.0, "nor_roads": 0.0, "Shape_Leng": 4000.0, "Shape_Area": 1000000.0 }, "geometry": { "type": "Polygon", "coordinates": [ [ [ 73.186194197539876, 22.67742367152751 ], [ 73.176464251287342, 22.677313135981517 ], [ 73.176344789184441, 22.686342346355808 ], [ 73.1860753720036, 22.686452930705769 ], [ 73.186194197539876, 22.67742367152751 ] ] ] } },
{ "type": "Feature", "properties": { "FeatureID": "311", "HA_Area": 100.0, "NE": 0.0, "NH": 0.0, "SH": 1854.28, "MR": 0.0, "Norm_NE": 0.0, "Norm_NH": 0.0, "Norm_SH": 0.271433513332, "Norm_MR": 0.0, "Roads_Sum": 0.542867, "Roads_1_S_": 0.271434, "nor_roads": 0.062852563266, "Shape_Leng": 4000.0, "Shape_Area": 1000000.0 }, "geometry": { "type": "Polygon", "coordinates": [ [ [ 73.137423068143164, 22.685894099933321 ], [ 73.127692792057928, 22.685780561147986 ], [ 73.1275700850736, 22.694809512784904 ], [ 73.137300997958988, 22.694923101684051 ], [ 73.137423068143164, 22.685894099933321 ] ] ] } },
{ "type": "Feature", "properties": { "FeatureID": "312", "HA_Area": 100.0, "NE": 0.0, "NH": 0.0, "SH": 0.0, "MR": 0.0, "Norm_NE": 0.0, "Norm_NH": 0.0, "Norm_SH": 0.0, "Norm_MR": 0.0, "Roads_Sum": 0.0, "Roads_1_S_": 0.0, "nor_roads": 0.0, "Shape_Leng": 4000.0, "Shape_Area": 1000000.0 }, "geometry": { "type": "Polygon", "coordinates": [ [ [ 73.342856588374246, 22.597841377974913 ], [ 73.333131432162617, 22.597740696347881 ], [ 73.333022656199873, 22.60677075226365 ], [ 73.342748446342441, 22.606871478471373 ], [ 73.342856588374246, 22.597841377974913 ] ] ] } },
{ "type": "Feature", "properties": { "FeatureID": "313", "HA_Area": 100.0, "NE": 0.0, "NH": 0.0, "SH": 2274.96, "MR": 0.0, "Norm_NE": 0.0, "Norm_NH": 0.0, "Norm_SH": 0.094597366063499999, "Norm_MR": 0.0, "Roads_Sum": 0.189195, "Roads_1_S_": 0.0945974, "nor_roads": 0.021904796286700001, "Shape_Leng": 4000.0, "Shape_Area": 1000000.0 }, "geometry": { "type": "Polygon", "coordinates": [ [ [ 73.148001714030983, 22.622803384590583 ], [ 73.138275824635173, 22.622690785456573 ], [ 73.13815418802362, 22.631719862738141 ], [ 73.147880711977052, 22.631832511681033 ], [ 73.148001714030983, 22.622803384590583 ] ] ] } },
{ "type": "Feature", "properties": { "FeatureID": "314", "HA_Area": 100.0, "NE": 0.0, "NH": 0.0, "SH": 1505.18, "MR": 894.508, "Norm_NE": 0.0, "Norm_NH": 0.0, "Norm_SH": 0.41818045810100002, "Norm_MR": 0.120925777818, "Roads_Sum": 0.957287, "Roads_1_S_": 0.539106, "nor_roads": 0.110833670202, "Shape_Leng": 4000.0, "Shape_Area": 1000000.0 }, "geometry": { "type": "Polygon", "coordinates": [ [ [ 73.304508840644317, 22.552285357348143 ], [ 73.294787072319281, 22.552182549668295 ], [ 73.294676043902555, 22.561212477965476 ], [ 73.304398444481933, 22.561315331239328 ], [ 73.304508840644317, 22.552285357348143 ] ] ] } },
{ "type": "Feature", "properties": { "FeatureID": "315", "HA_Area": 100.0, "NE": 0.0, "NH": 0.0, "SH": 0.0, "MR": 0.0, "Norm_NE": 0.0, "Norm_NH": 0.0, "Norm_SH": 0.0, "Norm_MR": 0.0, "Roads_Sum": 0.0, "Roads_1_S_": 0.0, "nor_roads": 0.0, "Shape_Leng": 4000.0, "Shape_Area": 1000000.0 }, "geometry": { "type": "Polygon", "coordinates": [ [ [ 73.148847006179523, 22.559599193600313 ], [ 73.139125549660292, 22.55948694295223 ], [ 73.139004345736581, 22.568516095592525 ], [ 73.148726434557389, 22.568628396005455 ], [ 73.148847006179523, 22.559599193600313 ] ] ] } },
{ "type": "Feature", "properties": { "FeatureID": "316", "HA_Area": 100.0, "NE": 0.0, "NH": 0.0, "SH": 0.0, "MR": 0.0, "Norm_NE": 0.0, "Norm_NH": 0.0, "Norm_SH": 0.0, "Norm_MR": 0.0, "Roads_Sum": 0.0, "Roads_1_S_": 0.0, "nor_roads": 0.0, "Shape_Leng": 4000.0, "Shape_Area": 1000000.0 }, "geometry": { "type": "Polygon", "coordinates": [ [ [ 73.168290103151932, 22.559821933205487 ], [ 73.16840934934261, 22.550792621318703 ], [ 73.158688402323349, 22.550681594374435 ], [ 73.158568524117371, 22.559710857023106 ], [ 73.168290103151932, 22.559821933205487 ] ] ] } },
{ "type": "Feature", "properties": { "FeatureID": "317", "HA_Area": 100.0, "NE": 0.0, "NH": 0.0, "SH": 0.0, "MR": 0.0, "Norm_NE": 0.0, "Norm_NH": 0.0, "Norm_SH": 0.0, "Norm_MR": 0.0, "Roads_Sum": 0.0, "Roads_1_S_": 0.0, "nor_roads": 0.0, "Shape_Leng": 4000.0, "Shape_Area": 1000000.0 }, "geometry": { "type": "Polygon", "coordinates": [ [ [ 73.244460125519694, 22.687104026707068 ], [ 73.234729185288202, 22.68699698817327 ], [ 73.234613484087561, 22.696026476721592 ], [ 73.244345061313524, 22.696133562500929 ], [ 73.244460125519694, 22.687104026707068 ] ] ] } },
{ "type": "Feature", "properties": { "FeatureID": "318", "HA_Area": 100.0, "NE": 0.0, "NH": 0.0, "SH": 0.0, "MR": 460.069, "Norm_NE": 0.0, "Norm_NH": 0.0, "Norm_SH": 0.0, "Norm_MR": 0.63395160909100001, "Roads_Sum": 0.633952, "Roads_1_S_": 0.633952, "nor_roads": 0.073398289429300004, "Shape_Leng": 4000.0, "Shape_Area": 1000000.0 }, "geometry": { "type": "Polygon", "coordinates": [ [ [ 73.303956297004689, 22.597435120277261 ], [ 73.294231364186032, 22.59733208456986 ], [ 73.294120052662009, 22.60636195955756 ], [ 73.303845619346447, 22.606465040887755 ], [ 73.303956297004689, 22.597435120277261 ] ] ] } },
{ "type": "Feature", "properties": { "FeatureID": "319", "HA_Area": 100.0, "NE": 0.0, "NH": 0.0, "SH": 2234.55, "MR": 0.0, "Norm_NE": 0.0, "Norm_NH": 0.0, "Norm_SH": 0.111583993262, "Norm_MR": 0.0, "Roads_Sum": 0.223168, "Roads_1_S_": 0.111584, "nor_roads": 0.025838153266800001, "Shape_Leng": 4000.0, "Shape_Area": 1000000.0 }, "geometry": { "type": "Polygon", "coordinates": [ [ [ 73.168290103151932, 22.559821933205487 ], [ 73.168170796186516, 22.568851234359528 ], [ 73.177893068350784, 22.568961772270505 ], [ 73.178011742961274, 22.55993242213242 ], [ 73.168290103151932, 22.559821933205487 ] ] ] } },
{ "type": "Feature", "properties": { "FeatureID": "320", "HA_Area": 100.0, "NE": 0.0, "NH": 0.0, "SH": 763.22, "MR": 0.0, "Norm_NE": 0.0, "Norm_NH": 0.0, "Norm_SH": 0.73006926628500002, "Norm_MR": 0.0, "Roads_Sum": 1.46014, "Roads_1_S_": 0.730069, "nor_roads": 0.169053451888, "Shape_Leng": 4000.0, "Shape_Area": 1000000.0 }, "geometry": { "type": "Polygon", "coordinates": [ [ [ 73.177536681626364, 22.596049758290384 ], [ 73.167812510464614, 22.595939073390184 ], [ 73.167692960223064, 22.604968331578227 ], [ 73.177417765028494, 22.605079065487207 ], [ 73.177536681626364, 22.596049758290384 ] ] ] } },
{ "type": "Feature", "properties": { "FeatureID": "321", "HA_Area": 100.0, "NE": 0.0, "NH": 0.0, "SH": 843.423, "MR": 0.0, "Norm_NE": 0.0, "Norm_NH": 0.0, "Norm_SH": 0.69635529761000003, "Norm_MR": 0.0, "Roads_Sum": 1.39271, "Roads_1_S_": 0.696355, "nor_roads": 0.16124647610699999, "Shape_Leng": 4000.0, "Shape_Area": 1000000.0 }, "geometry": { "type": "Polygon", "coordinates": [ [ [ 73.197102794576423, 22.587239947979217 ], [ 73.187379136046971, 22.587130488199229 ], [ 73.187260913311391, 22.596159854878842 ], [ 73.196985205197365, 22.596269363140646 ], [ 73.197102794576423, 22.587239947979217 ] ] ] } },
{ "type": "Feature", "properties": { "FeatureID": "322", "HA_Area": 100.0, "NE": 0.0, "NH": 0.0, "SH": 0.0, "MR": 0.0, "Norm_NE": 0.0, "Norm_NH": 0.0, "Norm_SH": 0.0, "Norm_MR": 0.0, "Roads_Sum": 0.0, "Roads_1_S_": 0.0, "nor_roads": 0.0, "Shape_Leng": 4000.0, "Shape_Area": 1000000.0 }, "geometry": { "type": "Polygon", "coordinates": [ [ [ 73.166614267065569, 22.686231171088473 ], [ 73.156883805970224, 22.686119404918834 ], [ 73.156763009440638, 22.695148506115036 ], [ 73.166494107390264, 22.69526032161632 ], [ 73.166614267065569, 22.686231171088473 ] ] ] } },
{ "type": "Feature", "properties": { "FeatureID": "323", "HA_Area": 100.0, "NE": 0.0, "NH": 0.0, "SH": 1870.71, "MR": 0.0, "Norm_NE": 0.0, "Norm_NH": 0.0, "Norm_SH": 0.26452706119899999, "Norm_MR": 0.0, "Roads_Sum": 0.529054, "Roads_1_S_": 0.264527, "nor_roads": 0.061253306670700003, "Shape_Leng": 4000.0, "Shape_Area": 1000000.0 }, "geometry": { "type": "Polygon", "coordinates": [ [ [ 73.186905883828729, 22.623247890497233 ], [ 73.177179750192309, 22.623137647645159 ], [ 73.177060651918666, 22.632166922599286 ], [ 73.186787420184018, 22.632277214218227 ], [ 73.186905883828729, 22.623247890497233 ] ] ] } },
{ "type": "Feature", "properties": { "FeatureID": "324", "HA_Area": 100.0, "NE": 0.0, "NH": 0.0, "SH": 0.0, "MR": 0.0, "Norm_NE": 0.0, "Norm_NH": 0.0, "Norm_SH": 0.0, "Norm_MR": 0.0, "Roads_Sum": 0.0, "Roads_1_S_": 0.0, "nor_roads": 0.0, "Shape_Leng": 4000.0, "Shape_Area": 1000000.0 }, "geometry": { "type": "Polygon", "coordinates": [ [ [ 73.129769291201029, 22.532286732715885 ], [ 73.120049853350451, 22.532173458480859 ], [ 73.119927571976234, 22.541202543092481 ], [ 73.129647641126951, 22.541315867593834 ], [ 73.129769291201029, 22.532286732715885 ] ] ] } },
{ "type": "Feature", "properties": { "FeatureID": "325", "HA_Area": 100.0, "NE": 4922.91, "NH": 0.0, "SH": 0.0, "MR": 354.15, "Norm_NE": 0.011480551996299999, "Norm_NH": 0.0, "Norm_SH": 0.0, "Norm_MR": 0.75903058878499996, "Roads_Sum": 0.804953, "Roads_1_S_": 0.770511, "nor_roads": 0.0931965980439, "Shape_Leng": 4000.0, "Shape_Area": 1000000.0 }, "geometry": { "type": "Polygon", "coordinates": [ [ [ 73.139730643529575, 22.514341018549164 ], [ 73.130012405342214, 22.5142284307219 ], [ 73.129890879266782, 22.523257587090733 ], [ 73.13960974812916, 22.523370224911581 ], [ 73.139730643529575, 22.514341018549164 ] ] ] } },
{ "type": "Feature", "properties": { "FeatureID": "326", "HA_Area": 100.0, "NE": 0.0, "NH": 0.0, "SH": 548.088, "MR": 664.927, "Norm_NE": 0.0, "Norm_NH": 0.0, "Norm_SH": 0.82050169185900002, "Norm_MR": 0.39203629361100001, "Roads_Sum": 2.03304, "Roads_1_S_": 1.21254, "nor_roads": 0.23538320990299999, "Shape_Leng": 4000.0, "Shape_Area": 1000000.0 }, "geometry": { "type": "Polygon", "coordinates": [ [ [ 73.265509182983678, 22.560900393537789 ], [ 73.255787010690739, 22.560795190573465 ], [ 73.2556733955455, 22.569824923212995 ], [ 73.26539620034842, 22.56993017281853 ], [ 73.265509182983678, 22.560900393537789 ] ] ] } },
{ "type": "Feature", "properties": { "FeatureID": "327", "HA_Area": 100.0, "NE": 0.0, "NH": 0.0, "SH": 0.0, "MR": 315.219, "Norm_NE": 0.0, "Norm_NH": 0.0, "Norm_SH": 0.0, "Norm_MR": 0.80500392157900003, "Roads_Sum": 0.805004, "Roads_1_S_": 0.805004, "nor_roads": 0.093202505267600003, "Shape_Leng": 4000.0, "Shape_Area": 1000000.0 }, "geometry": { "type": "Polygon", "coordinates": [ [ [ 73.159167304535444, 22.514564436460542 ], [ 73.149448943367801, 22.514453020467094 ], [ 73.149328678660297, 22.523482276563012 ], [ 73.159047670538683, 22.523593742029867 ], [ 73.159167304535444, 22.514564436460542 ] ] ] } },
{ "type": "Feature", "properties": { "FeatureID": "328", "HA_Area": 100.0, "NE": 0.0, "NH": 0.0, "SH": 2453.97, "MR": 0.0, "Norm_NE": 0.0, "Norm_NH": 0.0, "Norm_SH": 0.0193490880532, "Norm_MR": 0.0, "Roads_Sum": 0.0386982, "Roads_1_S_": 0.0193491, "nor_roads": 0.0044804363693699998, "Shape_Leng": 4000.0, "Shape_Area": 1000000.0 }, "geometry": { "type": "Polygon", "coordinates": [ [ [ 73.235306810228678, 22.641849384418258 ], [ 73.225579108795912, 22.641741992319613 ], [ 73.225463065864076, 22.65077148705128 ], [ 73.235191402658387, 22.650878926626135 ], [ 73.235306810228678, 22.641849384418258 ] ] ] } },
{ "type": "Feature", "properties": { "FeatureID": "329", "HA_Area": 100.0, "NE": 0.0, "NH": 0.0, "SH": 2369.12, "MR": 0.0, "Norm_NE": 0.0, "Norm_NH": 0.0, "Norm_SH": 0.0550163972435, "Norm_MR": 0.0, "Roads_Sum": 0.110033, "Roads_1_S_": 0.0550164, "nor_roads": 0.0127395032442, "Shape_Leng": 4000.0, "Shape_Area": 1000000.0 }, "geometry": { "type": "Polygon", "coordinates": [ [ [ 73.177060651918666, 22.632166922599286 ], [ 73.167333944247261, 22.632056041626743 ], [ 73.167214150445744, 22.641085256792728 ], [ 73.176941493051075, 22.641196186798862 ], [ 73.177060651918666, 22.632166922599286 ] ] ] } },
{ "type": "Feature", "properties": { "FeatureID": "330", "HA_Area": 100.0, "NE": 0.0, "NH": 0.0, "SH": 2377.85, "MR": 0.0, "Norm_NE": 0.0, "Norm_NH": 0.0, "Norm_SH": 0.051346680683000002, "Norm_MR": 0.0, "Roads_Sum": 0.102693, "Roads_1_S_": 0.0513467, "nor_roads": 0.0118896859734, "Shape_Leng": 4000.0, "Shape_Area": 1000000.0 }, "geometry": { "type": "Polygon", "coordinates": [ [ [ 73.284506488021833, 22.59722846037706 ], [ 73.274781668834535, 22.597124247712884 ], [ 73.274669089628645, 22.60615403067349 ], [ 73.284394542648556, 22.60625828948146 ], [ 73.284506488021833, 22.59722846037706 ] ] ] } },
{ "type": "Feature", "properties": { "FeatureID": "331", "HA_Area": 100.0, "NE": 0.0, "NH": 0.0, "SH": 0.0, "MR": 0.0, "Norm_NE": 0.0, "Norm_NH": 0.0, "Norm_SH": 0.0, "Norm_MR": 0.0, "Roads_Sum": 0.0, "Roads_1_S_": 0.0, "nor_roads": 0.0, "Shape_Leng": 4000.0, "Shape_Area": 1000000.0 }, "geometry": { "type": "Polygon", "coordinates": [ [ [ 73.225463065864076, 22.65077148705128 ], [ 73.215734788084461, 22.650663457527724 ], [ 73.215618050470638, 22.659692893785536 ], [ 73.225346963917502, 22.659800971051968 ], [ 73.225463065864076, 22.65077148705128 ] ] ] } },
{ "type": "Feature", "properties": { "FeatureID": "332", "HA_Area": 100.0, "NE": 0.0, "NH": 0.0, "SH": 0.0, "MR": 0.0, "Norm_NE": 0.0, "Norm_NH": 0.0, "Norm_SH": 0.0, "Norm_MR": 0.0, "Roads_Sum": 0.0, "Roads_1_S_": 0.0, "nor_roads": 0.0, "Shape_Leng": 4000.0, "Shape_Area": 1000000.0 }, "geometry": { "type": "Polygon", "coordinates": [ [ [ 73.215501253501827, 22.668722319302834 ], [ 73.205771763436985, 22.668613603832075 ], [ 73.205654270799741, 22.677642970589677 ], [ 73.215384397160662, 22.677751734076136 ], [ 73.215501253501827, 22.668722319302834 ] ] ] } },
{ "type": "Feature", "properties": { "FeatureID": "333", "HA_Area": 100.0, "NE": 0.0, "NH": 0.0, "SH": 0.0, "MR": 0.0, "Norm_NE": 0.0, "Norm_NH": 0.0, "Norm_SH": 0.0, "Norm_MR": 0.0, "Roads_Sum": 0.0, "Roads_1_S_": 0.0, "nor_roads": 0.0, "Shape_Leng": 4000.0, "Shape_Area": 1000000.0 }, "geometry": { "type": "Polygon", "coordinates": [ [ [ 73.166734365717332, 22.677202009778863 ], [ 73.157004541153015, 22.677090292934615 ], [ 73.156883805970224, 22.686119404918834 ], [ 73.166614267065569, 22.686231171088473 ], [ 73.166734365717332, 22.677202009778863 ] ] ] } },
{ "type": "Feature", "properties": { "FeatureID": "334", "HA_Area": 100.0, "NE": 0.0, "NH": 0.0, "SH": 1167.7, "MR": 0.0, "Norm_NE": 0.0, "Norm_NH": 0.0, "Norm_SH": 0.56004289703499999, "Norm_MR": 0.0, "Roads_Sum": 1.12009, "Roads_1_S_": 0.560043, "nor_roads": 0.12968282737, "Shape_Leng": 4000.0, "Shape_Area": 1000000.0 }, "geometry": { "type": "Polygon", "coordinates": [ [ [ 73.158208522848057, 22.586798580521414 ], [ 73.148485106985646, 22.586686768566121 ], [ 73.148364351000268, 22.595715938714612 ], [ 73.158088400148472, 22.595827800193245 ], [ 73.158208522848057, 22.586798580521414 ] ] ] } },
{ "type": "Feature", "properties": { "FeatureID": "335", "HA_Area": 100.0, "NE": 0.0, "NH": 0.0, "SH": 1082.65, "MR": 369.672, "Norm_NE": 0.0, "Norm_NH": 0.0, "Norm_SH": 0.5957943086, "Norm_MR": 0.740700768796, "Roads_Sum": 1.93229, "Roads_1_S_": 1.3365, "nor_roads": 0.22371847200799999, "Shape_Leng": 4000.0, "Shape_Area": 1000000.0 }, "geometry": { "type": "Polygon", "coordinates": [ [ [ 73.24595064863621, 22.569719085959903 ], [ 73.24583634278207, 22.578748761010175 ], [ 73.255559722506618, 22.578854645170733 ], [ 73.2556733955455, 22.569824923212995 ], [ 73.24595064863621, 22.569719085959903 ] ] ] } },
{ "type": "Feature", "properties": { "FeatureID": "336", "HA_Area": 100.0, "NE": 0.0, "NH": 0.0, "SH": 0.0, "MR": 0.0, "Norm_NE": 0.0, "Norm_NH": 0.0, "Norm_SH": 0.0, "Norm_MR": 0.0, "Roads_Sum": 0.0, "Roads_1_S_": 0.0, "nor_roads": 0.0, "Shape_Leng": 4000.0, "Shape_Area": 1000000.0 }, "geometry": { "type": "Polygon", "coordinates": [ [ [ 73.244575131288769, 22.678074480180356 ], [ 73.234844827728438, 22.677967488886097 ], [ 73.234729185288202, 22.68699698817327 ], [ 73.244460125519694, 22.687104026707068 ], [ 73.244575131288769, 22.678074480180356 ] ] ] } },
{ "type": "Feature", "properties": { "FeatureID": "337", "HA_Area": 100.0, "NE": 0.0, "NH": 0.0, "SH": 1414.83, "MR": 0.0, "Norm_NE": 0.0, "Norm_NH": 0.0, "Norm_SH": 0.45615983855999997, "Norm_MR": 0.0, "Roads_Sum": 0.91232, "Roads_1_S_": 0.45616, "nor_roads": 0.105627439362, "Shape_Leng": 4000.0, "Shape_Area": 1000000.0 }, "geometry": { "type": "Polygon", "coordinates": [ [ [ 73.256014067367744, 22.542735693262944 ], [ 73.246293216971765, 22.542629996696771 ], [ 73.246179085714104, 22.551659703799722 ], [ 73.255900567959216, 22.551765447255622 ], [ 73.256014067367744, 22.542735693262944 ] ] ] } },
{ "type": "Feature", "properties": { "FeatureID": "338", "HA_Area": 100.0, "NE": 0.0, "NH": 0.0, "SH": 815.449, "MR": 611.145, "Norm_NE": 0.0, "Norm_NH": 0.0, "Norm_SH": 0.70811439006700005, "Norm_MR": 0.455547043185, "Roads_Sum": 1.87178, "Roads_1_S_": 1.16366, "nor_roads": 0.216712697945, "Shape_Leng": 4000.0, "Shape_Area": 1000000.0 }, "geometry": { "type": "Polygon", "coordinates": [ [ [ 73.24595064863621, 22.569719085959903 ], [ 73.236227959942667, 22.569612661073595 ], [ 73.236113021290237, 22.578642288956022 ], [ 73.24583634278207, 22.578748761010175 ], [ 73.24595064863621, 22.569719085959903 ] ] ] } },
{ "type": "Feature", "properties": { "FeatureID": "339", "HA_Area": 100.0, "NE": 0.0, "NH": 0.0, "SH": 0.0, "MR": 0.0, "Norm_NE": 0.0, "Norm_NH": 0.0, "Norm_SH": 0.0, "Norm_MR": 0.0, "Roads_Sum": 0.0, "Roads_1_S_": 0.0, "nor_roads": 0.0, "Shape_Leng": 4000.0, "Shape_Area": 1000000.0 }, "geometry": { "type": "Polygon", "coordinates": [ [ [ 73.166854403363402, 22.668172837690992 ], [ 73.166734365717332, 22.677202009778863 ], [ 73.176464251287342, 22.677313135981517 ], [ 73.17658365270772, 22.668283914835186 ], [ 73.166854403363402, 22.668172837690992 ] ] ] } },
{ "type": "Feature", "properties": { "FeatureID": "340", "HA_Area": 100.0, "NE": 0.0, "NH": 0.0, "SH": 2354.46, "MR": 879.145, "Norm_NE": 0.0, "Norm_NH": 0.0, "Norm_SH": 0.061178910248300002, "Norm_MR": 0.139067803869, "Roads_Sum": 0.261426, "Roads_1_S_": 0.200247, "nor_roads": 0.030267623873399999, "Shape_Leng": 4000.0, "Shape_Area": 1000000.0 }, "geometry": { "type": "Polygon", "coordinates": [ [ [ 73.187851425330535, 22.551012914206687 ], [ 73.178130357118945, 22.550903061267778 ], [ 73.178011742961274, 22.55993242213242 ], [ 73.187733443223422, 22.560042323788942 ], [ 73.187851425330535, 22.551012914206687 ] ] ] } },
{ "type": "Feature", "properties": { "FeatureID": "341", "HA_Area": 100.0, "NE": 0.0, "NH": 0.0, "SH": 1269.64, "MR": 0.0, "Norm_NE": 0.0, "Norm_NH": 0.0, "Norm_SH": 0.51719158247999997, "Norm_MR": 0.0, "Roads_Sum": 1.03438, "Roads_1_S_": 0.517192, "nor_roads": 0.11975940928000001, "Shape_Leng": 4000.0, "Shape_Area": 1000000.0 }, "geometry": { "type": "Polygon", "coordinates": [ [ [ 73.245493075755476, 22.605837722 ], [ 73.255218355859569, 22.605943746918513 ], [ 73.255332202680549, 22.596914057026972 ], [ 73.245607556358692, 22.596808079033696 ], [ 73.245493075755476, 22.605837722 ] ] ] } },
{ "type": "Feature", "properties": { "FeatureID": "342", "HA_Area": 100.0, "NE": 0.0, "NH": 0.0, "SH": 0.0, "MR": 0.0, "Norm_NE": 0.0, "Norm_NH": 0.0, "Norm_SH": 0.0, "Norm_MR": 0.0, "Roads_Sum": 0.0, "Roads_1_S_": 0.0, "nor_roads": 0.0, "Shape_Leng": 4000.0, "Shape_Area": 1000000.0 }, "geometry": { "type": "Polygon", "coordinates": [ [ [ 73.166854403363402, 22.668172837690992 ], [ 73.157125215006943, 22.668061170165867 ], [ 73.157004541153015, 22.677090292934615 ], [ 73.166734365717332, 22.677202009778863 ], [ 73.166854403363402, 22.668172837690992 ] ] ] } },
{ "type": "Feature", "properties": { "FeatureID": "343", "HA_Area": 100.0, "NE": 0.0, "NH": 0.0, "SH": 2448.52, "MR": 0.0, "Norm_NE": 0.0, "Norm_NH": 0.0, "Norm_SH": 0.021640018272399999, "Norm_MR": 0.0, "Roads_Sum": 0.04328, "Roads_1_S_": 0.02164, "nor_roads": 0.0050109124748099997, "Shape_Leng": 4000.0, "Shape_Area": 1000000.0 }, "geometry": { "type": "Polygon", "coordinates": [ [ [ 73.168290103151932, 22.559821933205487 ], [ 73.158568524117371, 22.559710857023106 ], [ 73.158448584814693, 22.568740108932833 ], [ 73.168170796186516, 22.568851234359528 ], [ 73.168290103151932, 22.559821933205487 ] ] ] } },
{ "type": "Feature", "properties": { "FeatureID": "344", "HA_Area": 100.0, "NE": 0.0, "NH": 0.0, "SH": 227.379, "MR": 0.0, "Norm_NE": 0.0, "Norm_NH": 0.0, "Norm_SH": 0.95531427102499999, "Norm_MR": 0.0, "Roads_Sum": 1.91063, "Roads_1_S_": 0.955314, "nor_roads": 0.221210703733, "Shape_Leng": 4000.0, "Shape_Area": 1000000.0 }, "geometry": { "type": "Polygon", "coordinates": [ [ [ 73.245493075755476, 22.605837722 ], [ 73.235767853935059, 22.605731108406562 ], [ 73.235652680960456, 22.614760693479539 ], [ 73.245378536868628, 22.614867354264664 ], [ 73.245493075755476, 22.605837722 ] ] ] } },
{ "type": "Feature", "properties": { "FeatureID": "345", "HA_Area": 100.0, "NE": 0.0, "NH": 0.0, "SH": 2412.64, "MR": 417.794, "Norm_NE": 0.0, "Norm_NH": 0.0, "Norm_SH": 0.036722514338099997, "Norm_MR": 0.6838738401, "Roads_Sum": 0.757319, "Roads_1_S_": 0.720596, "nor_roads": 0.087681583647500005, "Shape_Leng": 4000.0, "Shape_Area": 1000000.0 }, "geometry": { "type": "Polygon", "coordinates": [ [ [ 73.33345742792838, 22.570650464738659 ], [ 73.323734226890892, 22.570549329060579 ], [ 73.323624984025713, 22.579579372079621 ], [ 73.333348818010734, 22.579680552581937 ], [ 73.33345742792838, 22.570650464738659 ] ] ] } },
{ "type": "Feature", "properties": { "FeatureID": "346", "HA_Area": 100.0, "NE": 0.0, "NH": 0.0, "SH": 236.523, "MR": 0.0, "Norm_NE": 0.0, "Norm_NH": 0.0, "Norm_SH": 0.95147051924899995, "Norm_MR": 0.0, "Roads_Sum": 1.90294, "Roads_1_S_": 0.95147, "nor_roads": 0.22032036918699999, "Shape_Leng": 4000.0, "Shape_Area": 1000000.0 }, "geometry": { "type": "Polygon", "coordinates": [ [ [ 73.187379136046971, 22.587130488199229 ], [ 73.177655537700943, 22.587020440352987 ], [ 73.177536681626364, 22.596049758290384 ], [ 73.187260913311391, 22.596159854878842 ], [ 73.187379136046971, 22.587130488199229 ] ] ] } },
{ "type": "Feature", "properties": { "FeatureID": "347", "HA_Area": 100.0, "NE": 0.0, "NH": 0.0, "SH": 1890.4, "MR": 0.0, "Norm_NE": 0.0, "Norm_NH": 0.0, "Norm_SH": 0.25625018678, "Norm_MR": 0.0, "Roads_Sum": 0.5125, "Roads_1_S_": 0.25625, "nor_roads": 0.059336702425300002, "Shape_Leng": 4000.0, "Shape_Area": 1000000.0 }, "geometry": { "type": "Polygon", "coordinates": [ [ [ 73.245149284175923, 22.632926586675261 ], [ 73.235422159124383, 22.63281983148886 ], [ 73.235306810228678, 22.641849384418258 ], [ 73.24503457033606, 22.641956186814262 ], [ 73.245149284175923, 22.632926586675261 ] ] ] } },
{ "type": "Feature", "properties": { "FeatureID": "348", "HA_Area": 100.0, "NE": 0.0, "NH": 0.0, "SH": 1412.34, "MR": 0.0, "Norm_NE": 0.0, "Norm_NH": 0.0, "Norm_SH": 0.45720652571199999, "Norm_MR": 0.0, "Roads_Sum": 0.914413, "Roads_1_S_": 0.457207, "nor_roads": 0.10586975975, "Shape_Leng": 4000.0, "Shape_Area": 1000000.0 }, "geometry": { "type": "Polygon", "coordinates": [ [ [ 73.227197522928151, 22.515327941272652 ], [ 73.217478741456233, 22.515220627168311 ], [ 73.217362892092964, 22.524250224115573 ], [ 73.227082304397754, 22.524357585872426 ], [ 73.227197522928151, 22.515327941272652 ] ] ] } },
{ "type": "Feature", "properties": { "FeatureID": "349", "HA_Area": 100.0, "NE": 0.0, "NH": 0.0, "SH": 286.365, "MR": 0.0, "Norm_NE": 0.0, "Norm_NH": 0.0, "Norm_SH": 0.93051904106500005, "Norm_MR": 0.0, "Roads_Sum": 1.86104, "Roads_1_S_": 0.930519, "nor_roads": 0.21546922735900001, "Shape_Leng": 4000.0, "Shape_Area": 1000000.0 }, "geometry": { "type": "Polygon", "coordinates": [ [ [ 73.293115696765724, 22.687630353779646 ], [ 73.283384467582621, 22.687526270492349 ], [ 73.283271951524526, 22.696555992660304 ], [ 73.293003817786683, 22.696660121889067 ], [ 73.293115696765724, 22.687630353779646 ] ] ] } },
{ "type": "Feature", "properties": { "FeatureID": "350", "HA_Area": 100.0, "NE": 0.0, "NH": 0.0, "SH": 1917.03, "MR": 945.261, "Norm_NE": 0.0, "Norm_NH": 0.0, "Norm_SH": 0.24505605292400001, "Norm_MR": 0.060991942381699998, "Roads_Sum": 0.551104, "Roads_1_S_": 0.306048, "nor_roads": 0.063806234843000006, "Shape_Leng": 4000.0, "Shape_Area": 1000000.0 }, "geometry": { "type": "Polygon", "coordinates": [ [ [ 73.333999648096636, 22.525499866057121 ], [ 73.324279606965291, 22.525398954415451 ], [ 73.324170642130014, 22.534429050606285 ], [ 73.333891314598688, 22.534530007043944 ], [ 73.333999648096636, 22.525499866057121 ] ] ] } },
{ "type": "Feature", "properties": { "FeatureID": "351", "HA_Area": 100.0, "NE": 0.0, "NH": 0.0, "SH": 211.095, "MR": 321.893, "Norm_NE": 0.0, "Norm_NH": 0.0, "Norm_SH": 0.96215937819800001, "Norm_MR": 0.79712263054300003, "Roads_Sum": 2.72144, "Roads_1_S_": 1.75928, "nor_roads": 0.31508543173300002, "Shape_Leng": 4000.0, "Shape_Area": 1000000.0 }, "geometry": { "type": "Polygon", "coordinates": [ [ [ 73.264603708960294, 22.633138328664149 ], [ 73.25487646756217, 22.633032752405153 ], [ 73.254762388795143, 22.642062399493156 ], [ 73.264490265283058, 22.642168022440554 ], [ 73.264603708960294, 22.633138328664149 ] ] ] } },
{ "type": "Feature", "properties": { "FeatureID": "352", "HA_Area": 100.0, "NE": 0.0, "NH": 0.0, "SH": 231.293, "MR": 0.0, "Norm_NE": 0.0, "Norm_NH": 0.0, "Norm_SH": 0.95366898945199996, "Norm_MR": 0.0, "Roads_Sum": 1.90734, "Roads_1_S_": 0.953669, "nor_roads": 0.22082979822099999, "Shape_Leng": 4000.0, "Shape_Area": 1000000.0 }, "geometry": { "type": "Polygon", "coordinates": [ [ [ 73.235998024082875, 22.587671906141324 ], [ 73.22627412804249, 22.587564798773794 ], [ 73.226158438837359, 22.596594357818283 ], [ 73.2358829683035, 22.596701512625994 ], [ 73.235998024082875, 22.587671906141324 ] ] ] } },
{ "type": "Feature", "properties": { "FeatureID": "353", "HA_Area": 100.0, "NE": 0.0, "NH": 0.0, "SH": 0.0, "MR": 848.069, "Norm_NE": 0.0, "Norm_NH": 0.0, "Norm_SH": 0.0, "Norm_MR": 0.175765283731, "Roads_Sum": 0.175765, "Roads_1_S_": 0.175765, "nor_roads": 0.0203498835495, "Shape_Leng": 4000.0, "Shape_Area": 1000000.0 }, "geometry": { "type": "Polygon", "coordinates": [ [ [ 73.342206909991503, 22.652021821228491 ], [ 73.332477945353304, 22.651920872032658 ], [ 73.332368836864177, 22.660950864000384 ], [ 73.342098437370367, 22.66105185781079 ], [ 73.342206909991503, 22.652021821228491 ] ] ] } },
{ "type": "Feature", "properties": { "FeatureID": "354", "HA_Area": 100.0, "NE": 0.0, "NH": 0.0, "SH": 1314.35, "MR": 0.0, "Norm_NE": 0.0, "Norm_NH": 0.0, "Norm_SH": 0.498397395636, "Norm_MR": 0.0, "Roads_Sum": 0.996795, "Roads_1_S_": 0.498397, "nor_roads": 0.115407862614, "Shape_Leng": 4000.0, "Shape_Area": 1000000.0 }, "geometry": { "type": "Polygon", "coordinates": [ [ [ 73.15784797122771, 22.613886207274433 ], [ 73.148122654540856, 22.613774246730351 ], [ 73.148001714030983, 22.622803384590583 ], [ 73.157727664970835, 22.622915394676781 ], [ 73.15784797122771, 22.613886207274433 ] ] ] } },
{ "type": "Feature", "properties": { "FeatureID": "355", "HA_Area": 100.0, "NE": 0.0, "NH": 0.0, "SH": 2233.86, "MR": 503.283, "Norm_NE": 0.0, "Norm_NH": 0.0, "Norm_SH": 0.111874015607, "Norm_MR": 0.58292052533000005, "Roads_Sum": 0.806669, "Roads_1_S_": 0.694795, "nor_roads": 0.093395276747100006, "Shape_Leng": 4000.0, "Shape_Area": 1000000.0 }, "geometry": { "type": "Polygon", "coordinates": [ [ [ 73.304398444481933, 22.561315331239328 ], [ 73.294676043902555, 22.561212477965476 ], [ 73.294564958897368, 22.570242395607686 ], [ 73.304287992053176, 22.570345294481285 ], [ 73.304398444481933, 22.561315331239328 ] ] ] } },
{ "type": "Feature", "properties": { "FeatureID": "356", "HA_Area": 100.0, "NE": 0.0, "NH": 0.0, "SH": 565.594, "MR": 860.855, "Norm_NE": 0.0, "Norm_NH": 0.0, "Norm_SH": 0.81314291365199998, "Norm_MR": 0.160666377188, "Roads_Sum": 1.78695, "Roads_1_S_": 0.973809, "nor_roads": 0.20689116566099999, "Shape_Leng": 4000.0, "Shape_Area": 1000000.0 }, "geometry": { "type": "Polygon", "coordinates": [ [ [ 73.217131016060947, 22.542309385942005 ], [ 73.207410400255839, 22.542201342053229 ], [ 73.207293741771849, 22.551230858994646 ], [ 73.217014989357835, 22.551338950814191 ], [ 73.217131016060947, 22.542309385942005 ] ] ] } },
{ "type": "Feature", "properties": { "FeatureID": "357", "HA_Area": 100.0, "NE": 0.0, "NH": 0.0, "SH": 0.0, "MR": 230.431, "Norm_NE": 0.0, "Norm_NH": 0.0, "Norm_SH": 0.0, "Norm_MR": 0.90512944384000005, "Roads_Sum": 0.905129, "Roads_1_S_": 0.905129, "nor_roads": 0.104794872771, "Shape_Leng": 4000.0, "Shape_Area": 1000000.0 }, "geometry": { "type": "Polygon", "coordinates": [ [ [ 73.322858724732967, 22.642789374967652 ], [ 73.313130506853312, 22.642687290706974 ], [ 73.31302018278457, 22.651717203341391 ], [ 73.322749036176646, 22.651819332732366 ], [ 73.322858724732967, 22.642789374967652 ] ] ] } },
{ "type": "Feature", "properties": { "FeatureID": "358", "HA_Area": 100.0, "NE": 0.0, "NH": 0.0, "SH": 2182.56, "MR": 233.085, "Norm_NE": 0.0, "Norm_NH": 0.0, "Norm_SH": 0.13343839818700001, "Norm_MR": 0.90199534644000001, "Roads_Sum": 1.16887, "Roads_1_S_": 1.03543, "nor_roads": 0.13533051966699999, "Shape_Leng": 4000.0, "Shape_Area": 1000000.0 }, "geometry": { "type": "Polygon", "coordinates": [ [ [ 73.197689843903021, 22.542092711370167 ], [ 73.187969347324284, 22.541983493907523 ], [ 73.187851425330535, 22.551012914206687 ], [ 73.197572553655462, 22.551122180120576 ], [ 73.197689843903021, 22.542092711370167 ] ] ] } },
{ "type": "Feature", "properties": { "FeatureID": "359", "HA_Area": 100.0, "NE": 0.0, "NH": 0.0, "SH": 0.0, "MR": 0.0, "Norm_NE": 0.0, "Norm_NH": 0.0, "Norm_SH": 0.0, "Norm_MR": 0.0, "Roads_Sum": 0.0, "Roads_1_S_": 0.0, "nor_roads": 0.0, "Shape_Leng": 4000.0, "Shape_Area": 1000000.0 }, "geometry": { "type": "Polygon", "coordinates": [ [ [ 73.129404154881641, 22.559374105094037 ], [ 73.119682822165444, 22.559260680041024 ], [ 73.119560353692577, 22.568289732370879 ], [ 73.129282318674299, 22.568403207709238 ], [ 73.129404154881641, 22.559374105094037 ] ] ] } },
{ "type": "Feature", "properties": { "FeatureID": "360", "HA_Area": 100.0, "NE": 0.0, "NH": 0.0, "SH": 0.0, "MR": 697.587, "Norm_NE": 0.0, "Norm_NH": 0.0, "Norm_SH": 0.0, "Norm_MR": 0.353468370265, "Roads_Sum": 0.353468, "Roads_1_S_": 0.353468, "nor_roads": 0.040924148436, "Shape_Leng": 4000.0, "Shape_Area": 1000000.0 }, "geometry": { "type": "Polygon", "coordinates": [ [ [ 73.323187455857209, 22.61569943767411 ], [ 73.313461142577424, 22.615597488770081 ], [ 73.313350986733369, 22.624627433417864 ], [ 73.323077934556977, 22.62472942743506 ], [ 73.323187455857209, 22.61569943767411 ] ] ] } },
{ "type": "Feature", "properties": { "FeatureID": "361", "HA_Area": 100.0, "NE": 0.0, "NH": 0.0, "SH": 2220.61, "MR": 0.0, "Norm_NE": 0.0, "Norm_NH": 0.0, "Norm_SH": 0.117443758243, "Norm_MR": 0.0, "Roads_Sum": 0.234888, "Roads_1_S_": 0.117444, "nor_roads": 0.027195082572800001, "Shape_Leng": 4000.0, "Shape_Area": 1000000.0 }, "geometry": { "type": "Polygon", "coordinates": [ [ [ 73.196632077718803, 22.623357544241284 ], [ 73.186905883828729, 22.623247890497233 ], [ 73.186787420184018, 22.632277214218227 ], [ 73.196514248720575, 22.632386916468633 ], [ 73.196632077718803, 22.623357544241284 ] ] ] } },
{ "type": "Feature", "properties": { "FeatureID": "362", "HA_Area": 100.0, "NE": 0.0, "NH": 0.0, "SH": 0.0, "MR": 726.701, "Norm_NE": 0.0, "Norm_NH": 0.0, "Norm_SH": 0.0, "Norm_MR": 0.31908784451700001, "Roads_Sum": 0.319088, "Roads_1_S_": 0.319088, "nor_roads": 0.036943669960499997, "Shape_Leng": 4000.0, "Shape_Area": 1000000.0 }, "geometry": { "type": "Polygon", "coordinates": [ [ [ 73.342964675364087, 22.588811266838125 ], [ 73.333240152760851, 22.58871062978616 ], [ 73.333131432162617, 22.597740696347881 ], [ 73.342856588374246, 22.597841377974913 ], [ 73.342964675364087, 22.588811266838125 ] ] ] } },
{ "type": "Feature", "properties": { "FeatureID": "363", "HA_Area": 100.0, "NE": 0.0, "NH": 0.0, "SH": 0.0, "MR": 457.027, "Norm_NE": 0.0, "Norm_NH": 0.0, "Norm_SH": 0.0, "Norm_MR": 0.63754387541000002, "Roads_Sum": 0.637544, "Roads_1_S_": 0.637544, "nor_roads": 0.073814162117300006, "Shape_Leng": 4000.0, "Shape_Area": 1000000.0 }, "geometry": { "type": "Polygon", "coordinates": [ [ [ 73.342964675364087, 22.588811266838125 ], [ 73.342856588374246, 22.597841377974913 ], [ 73.35258179962787, 22.597941471047548 ], [ 73.352689252993258, 22.588911315596221 ], [ 73.342964675364087, 22.588811266838125 ] ] ] } },
{ "type": "Feature", "properties": { "FeatureID": "364", "HA_Area": 100.0, "NE": 0.0, "NH": 0.0, "SH": 794.932, "MR": 0.0, "Norm_NE": 0.0, "Norm_NH": 0.0, "Norm_SH": 0.71673886026800004, "Norm_MR": 0.0, "Roads_Sum": 1.43348, "Roads_1_S_": 0.716739, "nor_roads": 0.16596678949300001, "Shape_Leng": 4000.0, "Shape_Area": 1000000.0 }, "geometry": { "type": "Polygon", "coordinates": [ [ [ 73.20694340943318, 22.57831934557656 ], [ 73.197220324094317, 22.578210522092991 ], [ 73.197102794576423, 22.587239947979217 ], [ 73.206826512966984, 22.587348819678116 ], [ 73.20694340943318, 22.57831934557656 ] ] ] } },
{ "type": "Feature", "properties": { "FeatureID": "365", "HA_Area": 100.0, "NE": 0.0, "NH": 0.0, "SH": 0.0, "MR": 0.0, "Norm_NE": 0.0, "Norm_NH": 0.0, "Norm_SH": 0.0, "Norm_MR": 0.0, "Roads_Sum": 0.0, "Roads_1_S_": 0.0, "nor_roads": 0.0, "Shape_Leng": 4000.0, "Shape_Area": 1000000.0 }, "geometry": { "type": "Polygon", "coordinates": [ [ [ 73.225346963917502, 22.659800971051968 ], [ 73.235075936396356, 22.659908458109054 ], [ 73.235191402658387, 22.650878926626135 ], [ 73.225463065864076, 22.65077148705128 ], [ 73.225346963917502, 22.659800971051968 ] ] ] } },
{ "type": "Feature", "properties": { "FeatureID": "366", "HA_Area": 100.0, "NE": 0.0, "NH": 0.0, "SH": 0.0, "MR": 0.0, "Norm_NE": 0.0, "Norm_NH": 0.0, "Norm_SH": 0.0, "Norm_MR": 0.0, "Roads_Sum": 0.0, "Roads_1_S_": 0.0, "nor_roads": 0.0, "Shape_Leng": 4000.0, "Shape_Area": 1000000.0 }, "geometry": { "type": "Polygon", "coordinates": [ [ [ 73.205654270799741, 22.677642970589677 ], [ 73.195924204151737, 22.67753361640186 ], [ 73.195806015199736, 22.686562924123375 ], [ 73.205536718449579, 22.686672326593712 ], [ 73.205654270799741, 22.677642970589677 ] ] ] } },
{ "type": "Feature", "properties": { "FeatureID": "367", "HA_Area": 100.0, "NE": 0.0, "NH": 0.0, "SH": 221.065, "MR": 0.0, "Norm_NE": 0.0, "Norm_NH": 0.0, "Norm_SH": 0.95796840907500003, "Norm_MR": 0.0, "Roads_Sum": 1.91594, "Roads_1_S_": 0.957968, "nor_roads": 0.221825496658, "Shape_Leng": 4000.0, "Shape_Area": 1000000.0 }, "geometry": { "type": "Polygon", "coordinates": [ [ [ 73.333782925848965, 22.543560137408956 ], [ 73.3240616217211, 22.543459136169673 ], [ 73.323952545722392, 22.552489211102156 ], [ 73.333674481831395, 22.552590257148719 ], [ 73.333782925848965, 22.543560137408956 ] ] ] } },
{ "type": "Feature", "properties": { "FeatureID": "368", "HA_Area": 100.0, "NE": 0.0, "NH": 0.0, "SH": 872.357, "MR": 0.0, "Norm_NE": 0.0, "Norm_NH": 0.0, "Norm_SH": 0.68419265229899995, "Norm_MR": 0.0, "Roads_Sum": 1.36839, "Roads_1_S_": 0.684193, "nor_roads": 0.15843073168899999, "Shape_Leng": 4000.0, "Shape_Area": 1000000.0 }, "geometry": { "type": "Polygon", "coordinates": [ [ [ 73.246635261822604, 22.515540811338262 ], [ 73.236916363157462, 22.51543466933412 ], [ 73.236801775477034, 22.524464361326238 ], [ 73.246521305009111, 22.52457055046256 ], [ 73.246635261822604, 22.515540811338262 ] ] ] } },
{ "type": "Feature", "properties": { "FeatureID": "369", "HA_Area": 100.0, "NE": 0.0, "NH": 0.0, "SH": 0.0, "MR": 695.042, "Norm_NE": 0.0, "Norm_NH": 0.0, "Norm_SH": 0.0, "Norm_MR": 0.35647372196400001, "Roads_Sum": 0.356474, "Roads_1_S_": 0.356474, "nor_roads": 0.041272181214699999, "Shape_Leng": 4000.0, "Shape_Area": 1000000.0 }, "geometry": { "type": "Polygon", "coordinates": [ [ [ 73.178248910841404, 22.541873689680077 ], [ 73.168528534776186, 22.541763298702698 ], [ 73.16840934934261, 22.550792621318703 ], [ 73.178130357118945, 22.550903061267778 ], [ 73.178248910841404, 22.541873689680077 ] ] ] } },
{ "type": "Feature", "properties": { "FeatureID": "370", "HA_Area": 100.0, "NE": 0.0, "NH": 0.0, "SH": 0.0, "MR": 630.836, "Norm_NE": 0.0, "Norm_NH": 0.0, "Norm_SH": 0.0, "Norm_MR": 0.43229411013800001, "Roads_Sum": 0.432294, "Roads_1_S_": 0.432294, "nor_roads": 0.050050539891699997, "Shape_Leng": 4000.0, "Shape_Area": 1000000.0 }, "geometry": { "type": "Polygon", "coordinates": [ [ [ 73.313240774830803, 22.633657367397973 ], [ 73.303513248215495, 22.63355473870638 ], [ 73.303402345064939, 22.642584616630138 ], [ 73.313130506853312, 22.642687290706974 ], [ 73.313240774830803, 22.633657367397973 ] ] ] } },
{ "type": "Feature", "properties": { "FeatureID": "371", "HA_Area": 100.0, "NE": 0.0, "NH": 0.0, "SH": 0.0, "MR": 0.0, "Norm_NE": 0.0, "Norm_NH": 0.0, "Norm_SH": 0.0, "Norm_MR": 0.0, "Roads_Sum": 0.0, "Roads_1_S_": 0.0, "nor_roads": 0.0, "Shape_Leng": 4000.0, "Shape_Area": 1000000.0 }, "geometry": { "type": "Polygon", "coordinates": [ [ [ 73.263922180970496, 22.687316330698437 ], [ 73.254191124188239, 22.687210474220269 ], [ 73.254076696993678, 22.696240056998864 ], [ 73.263808390804542, 22.696345960200965 ], [ 73.263922180970496, 22.687316330698437 ] ] ] } },
{ "type": "Feature", "properties": { "FeatureID": "372", "HA_Area": 100.0, "NE": 0.0, "NH": 0.0, "SH": 0.0, "MR": 0.0, "Norm_NE": 0.0, "Norm_NH": 0.0, "Norm_SH": 0.0, "Norm_MR": 0.0, "Roads_Sum": 0.0, "Roads_1_S_": 0.0, "nor_roads": 0.0, "Shape_Leng": 4000.0, "Shape_Area": 1000000.0 }, "geometry": { "type": "Polygon", "coordinates": [ [ [ 73.158688402323349, 22.550681594374435 ], [ 73.148967516383024, 22.550569980449982 ], [ 73.148847006179523, 22.559599193600313 ], [ 73.158568524117371, 22.559710857023106 ], [ 73.158688402323349, 22.550681594374435 ] ] ] } },
{ "type": "Feature", "properties": { "FeatureID": "373", "HA_Area": 100.0, "NE": 0.0, "NH": 0.0, "SH": 299.169, "MR": 0.0, "Norm_NE": 0.0, "Norm_NH": 0.0, "Norm_SH": 0.92513677129500005, "Norm_MR": 0.0, "Roads_Sum": 1.85027, "Roads_1_S_": 0.925137, "nor_roads": 0.214222292491, "Shape_Leng": 4000.0, "Shape_Area": 1000000.0 }, "geometry": { "type": "Polygon", "coordinates": [ [ [ 73.255104451077457, 22.614973426114368 ], [ 73.245378536868628, 22.614867354264664 ], [ 73.245263939681109, 22.623896975824241 ], [ 73.254990488317304, 22.624003094611073 ], [ 73.255104451077457, 22.614973426114368 ] ] ] } },
{ "type": "Feature", "properties": { "FeatureID": "374", "HA_Area": 100.0, "NE": 0.0, "NH": 0.0, "SH": 0.0, "MR": 0.0, "Norm_NE": 0.0, "Norm_NH": 0.0, "Norm_SH": 0.0, "Norm_MR": 0.0, "Roads_Sum": 0.0, "Roads_1_S_": 0.0, "nor_roads": 0.0, "Shape_Leng": 4000.0, "Shape_Area": 1000000.0 }, "geometry": { "type": "Polygon", "coordinates": [ [ [ 73.215851466360618, 22.641634010532883 ], [ 73.206123883245667, 22.641525439072691 ], [ 73.206006569642511, 22.650554838070093 ], [ 73.215734788084461, 22.650663457527724 ], [ 73.215851466360618, 22.641634010532883 ] ] ] } },
{ "type": "Feature", "properties": { "FeatureID": "375", "HA_Area": 100.0, "NE": 0.0, "NH": 0.0, "SH": 480.276, "MR": 888.488, "Norm_NE": 0.0, "Norm_NH": 0.0, "Norm_SH": 0.84900700905799997, "Norm_MR": 0.12803477484, "Roads_Sum": 1.82605, "Roads_1_S_": 0.977042, "nor_roads": 0.21141812788700001, "Shape_Leng": 4000.0, "Shape_Area": 1000000.0 }, "geometry": { "type": "Polygon", "coordinates": [ [ [ 73.275343705707257, 22.551975172772497 ], [ 73.26562210806425, 22.551870603584629 ], [ 73.265509182983678, 22.560900393537789 ], [ 73.27523141283136, 22.561005009100665 ], [ 73.275343705707257, 22.551975172772497 ] ] ] } },
{ "type": "Feature", "properties": { "FeatureID": "376", "HA_Area": 100.0, "NE": 0.0, "NH": 0.0, "SH": 914.514, "MR": 785.989, "Norm_NE": 0.0, "Norm_NH": 0.0, "Norm_SH": 0.66647163023199996, "Norm_MR": 0.24907504966, "Roads_Sum": 1.58202, "Roads_1_S_": 0.915547, "nor_roads": 0.183164594702, "Shape_Leng": 4000.0, "Shape_Area": 1000000.0 }, "geometry": { "type": "Polygon", "coordinates": [ [ [ 73.25487646756217, 22.633032752405153 ], [ 73.245149284175923, 22.632926586675261 ], [ 73.24503457033606, 22.641956186814262 ], [ 73.254762388795143, 22.642062399493156 ], [ 73.25487646756217, 22.633032752405153 ] ] ] } },
{ "type": "Feature", "properties": { "FeatureID": "377", "HA_Area": 100.0, "NE": 0.0, "NH": 0.0, "SH": 1052.16, "MR": 517.857, "Norm_NE": 0.0, "Norm_NH": 0.0, "Norm_SH": 0.60861101792600003, "Norm_MR": 0.56571018929799999, "Roads_Sum": 1.78293, "Roads_1_S_": 1.17432, "nor_roads": 0.206425737163, "Shape_Leng": 4000.0, "Shape_Area": 1000000.0 }, "geometry": { "type": "Polygon", "coordinates": [ [ [ 73.275343705707257, 22.551975172772497 ], [ 73.27523141283136, 22.561005009100665 ], [ 73.284953699911668, 22.561109037247924 ], [ 73.285065360566264, 22.552079154805078 ], [ 73.275343705707257, 22.551975172772497 ] ] ] } },
{ "type": "Feature", "properties": { "FeatureID": "378", "HA_Area": 100.0, "NE": 0.0, "NH": 0.0, "SH": 222.899, "MR": 0.0, "Norm_NE": 0.0, "Norm_NH": 0.0, "Norm_SH": 0.95719747277599998, "Norm_MR": 0.0, "Roads_Sum": 1.91439, "Roads_1_S_": 0.957197, "nor_roads": 0.221646030233, "Shape_Leng": 4000.0, "Shape_Area": 1000000.0 }, "geometry": { "type": "Polygon", "coordinates": [ [ [ 73.118947074926822, 22.613434832435061 ], [ 73.109222006279197, 22.613320516833358 ], [ 73.10909852893775, 22.622349453920609 ], [ 73.118824231766013, 22.622463820106212 ], [ 73.118947074926822, 22.613434832435061 ] ] ] } },
{ "type": "Feature", "properties": { "FeatureID": "379", "HA_Area": 100.0, "NE": 0.0, "NH": 0.0, "SH": 910.949, "MR": 0.0, "Norm_NE": 0.0, "Norm_NH": 0.0, "Norm_SH": 0.66797020729599998, "Norm_MR": 0.0, "Roads_Sum": 1.33594, "Roads_1_S_": 0.66797, "nor_roads": 0.15467370982100001, "Shape_Leng": 4000.0, "Shape_Area": 1000000.0 }, "geometry": { "type": "Polygon", "coordinates": [ [ [ 73.333782925848965, 22.543560137408956 ], [ 73.343504285244677, 22.543660551670012 ], [ 73.343612042319137, 22.534630376763683 ], [ 73.333891314598688, 22.534530007043944 ], [ 73.333782925848965, 22.543560137408956 ] ] ] } },
{ "type": "Feature", "properties": { "FeatureID": "380", "HA_Area": 100.0, "NE": 0.0, "NH": 0.0, "SH": 0.0, "MR": 0.0, "Norm_NE": 0.0, "Norm_NH": 0.0, "Norm_SH": 0.0, "Norm_MR": 0.0, "Roads_Sum": 0.0, "Roads_1_S_": 0.0, "nor_roads": 0.0, "Shape_Leng": 4000.0, "Shape_Area": 1000000.0 }, "geometry": { "type": "Polygon", "coordinates": [ [ [ 73.235075936396356, 22.659908458109054 ], [ 73.225346963917502, 22.659800971051968 ], [ 73.225230802939009, 22.668830444318203 ], [ 73.234960411425433, 22.668937978863536 ], [ 73.235075936396356, 22.659908458109054 ] ] ] } },
{ "type": "Feature", "properties": { "FeatureID": "381", "HA_Area": 100.0, "NE": 0.0, "NH": 0.0, "SH": 964.7, "MR": 0.0, "Norm_NE": 0.0, "Norm_NH": 0.0, "Norm_SH": 0.64537553213900001, "Norm_MR": 0.0, "Roads_Sum": 1.29075, "Roads_1_S_": 0.645376, "nor_roads": 0.14944166248099999, "Shape_Leng": 4000.0, "Shape_Area": 1000000.0 }, "geometry": { "type": "Polygon", "coordinates": [ [ [ 73.128916437496812, 22.595490450972985 ], [ 73.119192573786151, 22.595376824740509 ], [ 73.119069855594134, 22.604405833978653 ], [ 73.128794352858833, 22.604519510521872 ], [ 73.128916437496812, 22.595490450972985 ] ] ] } },
{ "type": "Feature", "properties": { "FeatureID": "382", "HA_Area": 100.0, "NE": 0.0, "NH": 0.0, "SH": 2107.3, "MR": 0.0, "Norm_NE": 0.0, "Norm_NH": 0.0, "Norm_SH": 0.16507454046299999, "Norm_MR": 0.0, "Roads_Sum": 0.330149, "Roads_1_S_": 0.165075, "nor_roads": 0.038224298777400002, "Shape_Leng": 4000.0, "Shape_Area": 1000000.0 }, "geometry": { "type": "Polygon", "coordinates": [ [ [ 73.353546911927694, 22.516669689548813 ], [ 73.343827391694276, 22.516569995105868 ], [ 73.343719744463684, 22.525600191241143 ], [ 73.353439895744685, 22.525699929953948 ], [ 73.353546911927694, 22.516669689548813 ] ] ] } },
{ "type": "Feature", "properties": { "FeatureID": "383", "HA_Area": 100.0, "NE": 0.0, "NH": 0.0, "SH": 0.0, "MR": 480.75, "Norm_NE": 0.0, "Norm_NH": 0.0, "Norm_SH": 0.0, "Norm_MR": 0.60952956778099998, "Roads_Sum": 0.60953, "Roads_1_S_": 0.60953, "nor_roads": 0.070570730563300002, "Shape_Leng": 4000.0, "Shape_Area": 1000000.0 }, "geometry": { "type": "Polygon", "coordinates": [ [ [ 73.159047670538683, 22.523593742029867 ], [ 73.149328678660297, 22.523482276563012 ], [ 73.149208352605555, 22.53251152192782 ], [ 73.158927975516249, 22.532623036874298 ], [ 73.159047670538683, 22.523593742029867 ] ] ] } },
{ "type": "Feature", "properties": { "FeatureID": "384", "HA_Area": 100.0, "NE": 0.0, "NH": 0.0, "SH": 0.0, "MR": 0.0, "Norm_NE": 0.0, "Norm_NH": 0.0, "Norm_SH": 0.0, "Norm_MR": 0.0, "Roads_Sum": 0.0, "Roads_1_S_": 0.0, "nor_roads": 0.0, "Shape_Leng": 4000.0, "Shape_Area": 1000000.0 }, "geometry": { "type": "Polygon", "coordinates": [ [ [ 73.119560353692577, 22.568289732370879 ], [ 73.109838451113347, 22.568175669592808 ], [ 73.109715287668607, 22.577204660603069 ], [ 73.11943782281719, 22.577318773933097 ], [ 73.119560353692577, 22.568289732370879 ] ] ] } },
{ "type": "Feature", "properties": { "FeatureID": "385", "HA_Area": 100.0, "NE": 0.0, "NH": 0.0, "SH": 1553.26, "MR": 433.913, "Norm_NE": 0.0, "Norm_NH": 0.0, "Norm_SH": 0.39796966706999998, "Norm_MR": 0.66483904505400004, "Roads_Sum": 1.46078, "Roads_1_S_": 1.06281, "nor_roads": 0.16912755442, "Shape_Leng": 4000.0, "Shape_Area": 1000000.0 }, "geometry": { "type": "Polygon", "coordinates": [ [ [ 73.314559621391439, 22.525297456329799 ], [ 73.304839691696799, 22.525195371813886 ], [ 73.304729464235379, 22.534225377631966 ], [ 73.314450025234962, 22.534327507464379 ], [ 73.314559621391439, 22.525297456329799 ] ] ] } },
{ "type": "Feature", "properties": { "FeatureID": "386", "HA_Area": 100.0, "NE": 0.0, "NH": 0.0, "SH": 2162.76, "MR": 643.669, "Norm_NE": 0.0, "Norm_NH": 0.0, "Norm_SH": 0.141761505821, "Norm_MR": 0.41713970509800002, "Roads_Sum": 0.700663, "Roads_1_S_": 0.558901, "nor_roads": 0.081122012001200006, "Shape_Leng": 4000.0, "Shape_Area": 1000000.0 }, "geometry": { "type": "Polygon", "coordinates": [ [ [ 73.197572553655462, 22.551122180120576 ], [ 73.187851425330535, 22.551012914206687 ], [ 73.187733443223422, 22.560042323788942 ], [ 73.197455203616414, 22.560151638160182 ], [ 73.197572553655462, 22.551122180120576 ] ] ] } },
{ "type": "Feature", "properties": { "FeatureID": "387", "HA_Area": 100.0, "NE": 0.0, "NH": 0.0, "SH": 2123.6, "MR": 0.0, "Norm_NE": 0.0, "Norm_NH": 0.0, "Norm_SH": 0.158222685601, "Norm_MR": 0.0, "Roads_Sum": 0.316445, "Roads_1_S_": 0.158223, "nor_roads": 0.036637664042000001, "Shape_Leng": 4000.0, "Shape_Area": 1000000.0 }, "geometry": { "type": "Polygon", "coordinates": [ [ [ 73.225926883675498, 22.61465344377347 ], [ 73.216201145336413, 22.614545605160966 ], [ 73.216084644969285, 22.623575084346012 ], [ 73.225811017684421, 22.623682970677216 ], [ 73.225926883675498, 22.61465344377347 ] ] ] } },
{ "type": "Feature", "properties": { "FeatureID": "388", "HA_Area": 100.0, "NE": 0.0, "NH": 0.0, "SH": 2433.35, "MR": 670.417, "Norm_NE": 0.0, "Norm_NH": 0.0, "Norm_SH": 0.028016815302600001, "Norm_MR": 0.385553204308, "Roads_Sum": 0.441587, "Roads_1_S_": 0.41357, "nor_roads": 0.0511264723664, "Shape_Leng": 4000.0, "Shape_Area": 1000000.0 }, "geometry": { "type": "Polygon", "coordinates": [ [ [ 73.34318068428199, 22.570751012657389 ], [ 73.33345742792838, 22.570650464738659 ], [ 73.333348818010734, 22.579680552581937 ], [ 73.343072707327991, 22.579781145064473 ], [ 73.34318068428199, 22.570751012657389 ] ] ] } },
{ "type": "Feature", "properties": { "FeatureID": "389", "HA_Area": 100.0, "NE": 0.0, "NH": 0.0, "SH": 2286.45, "MR": 248.759, "Norm_NE": 0.0, "Norm_NH": 0.0, "Norm_SH": 0.089767457497899994, "Norm_MR": 0.88348603926799996, "Roads_Sum": 1.06302, "Roads_1_S_": 0.973253, "nor_roads": 0.12307532164, "Shape_Leng": 4000.0, "Shape_Area": 1000000.0 }, "geometry": { "type": "Polygon", "coordinates": [ [ [ 73.284841982346521, 22.570138909030007 ], [ 73.275119062722794, 22.570034834762254 ], [ 73.275006655364948, 22.579064649753796 ], [ 73.28473020785421, 22.579168770147863 ], [ 73.284841982346521, 22.570138909030007 ] ] ] } },
{ "type": "Feature", "properties": { "FeatureID": "390", "HA_Area": 100.0, "NE": 0.0, "NH": 0.0, "SH": 0.0, "MR": 0.0, "Norm_NE": 0.0, "Norm_NH": 0.0, "Norm_SH": 0.0, "Norm_MR": 0.0, "Roads_Sum": 0.0, "Roads_1_S_": 0.0, "nor_roads": 0.0, "Shape_Leng": 4000.0, "Shape_Area": 1000000.0 }, "geometry": { "type": "Polygon", "coordinates": [ [ [ 73.166974380021614, 22.659143654828341 ], [ 73.157245827549943, 22.659032036616086 ], [ 73.157125215006943, 22.668061170165867 ], [ 73.166854403363402, 22.668172837690992 ], [ 73.166974380021614, 22.659143654828341 ] ] ] } },
{ "type": "Feature", "properties": { "FeatureID": "391", "HA_Area": 100.0, "NE": 0.0, "NH": 0.0, "SH": 0.0, "MR": 0.0, "Norm_NE": 0.0, "Norm_NH": 0.0, "Norm_SH": 0.0, "Norm_MR": 0.0, "Roads_Sum": 0.0, "Roads_1_S_": 0.0, "nor_roads": 0.0, "Shape_Leng": 4000.0, "Shape_Area": 1000000.0 }, "geometry": { "type": "Polygon", "coordinates": [ [ [ 73.195806015199736, 22.686562924123375 ], [ 73.1860753720036, 22.686452930705769 ], [ 73.185956486090319, 22.695482179114695 ], [ 73.195687766194027, 22.695592221081711 ], [ 73.195806015199736, 22.686562924123375 ] ] ] } },
{ "type": "Feature", "properties": { "FeatureID": "392", "HA_Area": 100.0, "NE": 0.0, "NH": 0.0, "SH": 278.596, "MR": 0.0, "Norm_NE": 0.0, "Norm_NH": 0.0, "Norm_SH": 0.93378479426600003, "Norm_MR": 0.0, "Roads_Sum": 1.86757, "Roads_1_S_": 0.933785, "nor_roads": 0.21622526917900001, "Shape_Leng": 4000.0, "Shape_Area": 1000000.0 }, "geometry": { "type": "Polygon", "coordinates": [ [ [ 73.217246983633586, 22.533279810374637 ], [ 73.207526999287552, 22.533171814410586 ], [ 73.207410400255839, 22.542201342053229 ], [ 73.217131016060947, 22.542309385942005 ], [ 73.217246983633586, 22.533279810374637 ] ] ] } },
{ "type": "Feature", "properties": { "FeatureID": "393", "HA_Area": 100.0, "NE": 0.0, "NH": 0.0, "SH": 2024.7, "MR": 0.0, "Norm_NE": 0.0, "Norm_NH": 0.0, "Norm_SH": 0.19979614692700001, "Norm_MR": 0.0, "Roads_Sum": 0.399592, "Roads_1_S_": 0.199796, "nor_roads": 0.0462643373054, "Shape_Leng": 4000.0, "Shape_Area": 1000000.0 }, "geometry": { "type": "Polygon", "coordinates": [ [ [ 73.148605801498718, 22.577657587661893 ], [ 73.138883080054342, 22.577545237477835 ], [ 73.138761752595556, 22.586574368604659 ], [ 73.148485106985646, 22.586686768566121 ], [ 73.148605801498718, 22.577657587661893 ] ] ] } },
{ "type": "Feature", "properties": { "FeatureID": "394", "HA_Area": 100.0, "NE": 0.0, "NH": 0.0, "SH": 1716.38, "MR": 222.233, "Norm_NE": 0.0, "Norm_NH": 0.0, "Norm_SH": 0.32940088280099999, "Norm_MR": 0.91481039975699996, "Roads_Sum": 1.57361, "Roads_1_S_": 1.24421, "nor_roads": 0.18219088273, "Shape_Leng": 4000.0, "Shape_Area": 1000000.0 }, "geometry": { "type": "Polygon", "coordinates": [ [ [ 73.197572553655462, 22.551122180120576 ], [ 73.197455203616414, 22.560151638160182 ], [ 73.207177023818289, 22.560260365231333 ], [ 73.207293741771849, 22.551230858994646 ], [ 73.197572553655462, 22.551122180120576 ] ] ] } },
{ "type": "Feature", "properties": { "FeatureID": "395", "HA_Area": 100.0, "NE": 0.0, "NH": 0.0, "SH": 0.0, "MR": 859.911, "Norm_NE": 0.0, "Norm_NH": 0.0, "Norm_SH": 0.0, "Norm_MR": 0.161781104132, "Roads_Sum": 0.161781, "Roads_1_S_": 0.161781, "nor_roads": 0.018730831543900001, "Shape_Leng": 4000.0, "Shape_Area": 1000000.0 }, "geometry": { "type": "Polygon", "coordinates": [ [ [ 73.332477945353304, 22.651920872032658 ], [ 73.322749036176646, 22.651819332732366 ], [ 73.322639291835728, 22.660849279824792 ], [ 73.332368836864177, 22.660950864000384 ], [ 73.332477945353304, 22.651920872032658 ] ] ] } },
{ "type": "Feature", "properties": { "FeatureID": "396", "HA_Area": 100.0, "NE": 0.0, "NH": 0.0, "SH": 0.0, "MR": 0.0, "Norm_NE": 0.0, "Norm_NH": 0.0, "Norm_SH": 0.0, "Norm_MR": 0.0, "Roads_Sum": 0.0, "Roads_1_S_": 0.0, "nor_roads": 0.0, "Shape_Leng": 4000.0, "Shape_Area": 1000000.0 }, "geometry": { "type": "Polygon", "coordinates": [ [ [ 73.120172072394723, 22.523144363115701 ], [ 73.110453327834506, 22.523030553001821 ], [ 73.110330477829834, 22.532059597846871 ], [ 73.120049853350451, 22.532173458480859 ], [ 73.120172072394723, 22.523144363115701 ] ] ] } },
{ "type": "Feature", "properties": { "FeatureID": "397", "HA_Area": 100.0, "NE": 0.0, "NH": 0.0, "SH": 468.676, "MR": 0.0, "Norm_NE": 0.0, "Norm_NH": 0.0, "Norm_SH": 0.85388316366700001, "Norm_MR": 0.0, "Roads_Sum": 1.70777, "Roads_1_S_": 0.853883, "nor_roads": 0.19772378939099999, "Shape_Leng": 4000.0, "Shape_Area": 1000000.0 }, "geometry": { "type": "Polygon", "coordinates": [ [ [ 73.2358829683035, 22.596701512625994 ], [ 73.226158438837359, 22.596594357818283 ], [ 73.226042690720746, 22.605623906152665 ], [ 73.235767853935059, 22.605731108406562 ], [ 73.2358829683035, 22.596701512625994 ] ] ] } },
{ "type": "Feature", "properties": { "FeatureID": "398", "HA_Area": 100.0, "NE": 0.0, "NH": 0.0, "SH": 0.0, "MR": 0.0, "Norm_NE": 0.0, "Norm_NH": 0.0, "Norm_SH": 0.0, "Norm_MR": 0.0, "Roads_Sum": 0.0, "Roads_1_S_": 0.0, "nor_roads": 0.0, "Shape_Leng": 4000.0, "Shape_Area": 1000000.0 }, "geometry": { "type": "Polygon", "coordinates": [ [ [ 73.215968085316462, 22.632604552804469 ], [ 73.206241137205637, 22.632496029335641 ], [ 73.206123883245667, 22.641525439072691 ], [ 73.215851466360618, 22.641634010532883 ], [ 73.215968085316462, 22.632604552804469 ] ] ] } },
{ "type": "Feature", "properties": { "FeatureID": "399", "HA_Area": 100.0, "NE": 0.0, "NH": 0.0, "SH": 925.517, "MR": 0.0, "Norm_NE": 0.0, "Norm_NH": 0.0, "Norm_SH": 0.66184641011900003, "Norm_MR": 0.0, "Roads_Sum": 1.32369, "Roads_1_S_": 0.661846, "nor_roads": 0.15325542406000001, "Shape_Leng": 4000.0, "Shape_Area": 1000000.0 }, "geometry": { "type": "Polygon", "coordinates": [ [ [ 73.2837216729624, 22.660437039747112 ], [ 73.293450992848378, 22.660540985244975 ], [ 73.293562644646443, 22.651511174342787 ], [ 73.283833960546488, 22.651407274763091 ], [ 73.2837216729624, 22.660437039747112 ] ] ] } },
{ "type": "Feature", "properties": { "FeatureID": "400", "HA_Area": 100.0, "NE": 0.0, "NH": 0.0, "SH": 0.0, "MR": 0.0, "Norm_NE": 0.0, "Norm_NH": 0.0, "Norm_SH": 0.0, "Norm_MR": 0.0, "Roads_Sum": 0.0, "Roads_1_S_": 0.0, "nor_roads": 0.0, "Shape_Leng": 4000.0, "Shape_Area": 1000000.0 }, "geometry": { "type": "Polygon", "coordinates": [ [ [ 73.205536718449579, 22.686672326593712 ], [ 73.195806015199736, 22.686562924123375 ], [ 73.195687766194027, 22.695592221081711 ], [ 73.205419106368993, 22.695701671840709 ], [ 73.205536718449579, 22.686672326593712 ] ] ] } },
{ "type": "Feature", "properties": { "FeatureID": "401", "HA_Area": 100.0, "NE": 0.0, "NH": 0.0, "SH": 287.309, "MR": 639.295, "Norm_NE": 0.0, "Norm_NH": 0.0, "Norm_SH": 0.93012222307199999, "Norm_MR": 0.42230495737500001, "Roads_Sum": 2.28255, "Roads_1_S_": 1.35243, "nor_roads": 0.264271217557, "Shape_Leng": 4000.0, "Shape_Area": 1000000.0 }, "geometry": { "type": "Polygon", "coordinates": [ [ [ 73.293450992848378, 22.660540985244975 ], [ 73.2837216729624, 22.660437039747112 ], [ 73.283609328284854, 22.669466794032303 ], [ 73.293339284279952, 22.669570785454155 ], [ 73.293450992848378, 22.660540985244975 ] ] ] } },
{ "type": "Feature", "properties": { "FeatureID": "402", "HA_Area": 100.0, "NE": 0.0, "NH": 0.0, "SH": 0.0, "MR": 0.0, "Norm_NE": 0.0, "Norm_NH": 0.0, "Norm_SH": 0.0, "Norm_MR": 0.0, "Roads_Sum": 0.0, "Roads_1_S_": 0.0, "nor_roads": 0.0, "Shape_Leng": 4000.0, "Shape_Area": 1000000.0 }, "geometry": { "type": "Polygon", "coordinates": [ [ [ 73.120049853350451, 22.532173458480859 ], [ 73.110330477829834, 22.532059597846871 ], [ 73.110207565173596, 22.54108863193203 ], [ 73.119927571976234, 22.541202543092481 ], [ 73.120049853350451, 22.532173458480859 ] ] ] } },
{ "type": "Feature", "properties": { "FeatureID": "403", "HA_Area": 100.0, "NE": 0.0, "NH": 0.0, "SH": 2313.63, "MR": 0.0, "Norm_NE": 0.0, "Norm_NH": 0.0, "Norm_SH": 0.078342157565900003, "Norm_MR": 0.0, "Roads_Sum": 0.156684, "Roads_1_S_": 0.0783422, "nor_roads": 0.0181407061087, "Shape_Leng": 4000.0, "Shape_Area": 1000000.0 }, "geometry": { "type": "Polygon", "coordinates": [ [ [ 73.129160420386455, 22.577432299563139 ], [ 73.11943782281719, 22.577318773933097 ], [ 73.119315229521106, 22.586347804724149 ], [ 73.12903846, 22.586461380652235 ], [ 73.129160420386455, 22.577432299563139 ] ] ] } },
{ "type": "Feature", "properties": { "FeatureID": "404", "HA_Area": 100.0, "NE": 0.0, "NH": 0.0, "SH": 0.0, "MR": 0.0, "Norm_NE": 0.0, "Norm_NH": 0.0, "Norm_SH": 0.0, "Norm_MR": 0.0, "Roads_Sum": 0.0, "Roads_1_S_": 0.0, "nor_roads": 0.0, "Shape_Leng": 4000.0, "Shape_Area": 1000000.0 }, "geometry": { "type": "Polygon", "coordinates": [ [ [ 73.27489419074108, 22.588094454071832 ], [ 73.265170062346655, 22.587989699348835 ], [ 73.265056906946626, 22.59701944659146 ], [ 73.274781668834535, 22.597124247712884 ], [ 73.27489419074108, 22.588094454071832 ] ] ] } },
{ "type": "Feature", "properties": { "FeatureID": "405", "HA_Area": 100.0, "NE": 0.0, "NH": 0.0, "SH": 0.0, "MR": 0.0, "Norm_NE": 0.0, "Norm_NH": 0.0, "Norm_SH": 0.0, "Norm_MR": 0.0, "Roads_Sum": 0.0, "Roads_1_S_": 0.0, "nor_roads": 0.0, "Shape_Leng": 4000.0, "Shape_Area": 1000000.0 }, "geometry": { "type": "Polygon", "coordinates": [ [ [ 73.215267481429805, 22.68678113810196 ], [ 73.224998303817102, 22.686889358633369 ], [ 73.225114582911303, 22.677859906846493 ], [ 73.215384397160662, 22.677751734076136 ], [ 73.215267481429805, 22.68678113810196 ] ] ] } },
{ "type": "Feature", "properties": { "FeatureID": "406", "HA_Area": 100.0, "NE": 0.0, "NH": 0.0, "SH": 1152.43, "MR": 984.049, "Norm_NE": 0.0, "Norm_NH": 0.0, "Norm_SH": 0.566461719596, "Norm_MR": 0.0151874475471, "Roads_Sum": 1.14811, "Roads_1_S_": 0.581649, "nor_roads": 0.13292695592199999, "Shape_Leng": 4000.0, "Shape_Area": 1000000.0 }, "geometry": { "type": "Polygon", "coordinates": [ [ [ 73.24583634278207, 22.578748761010175 ], [ 73.236113021290237, 22.578642288956022 ], [ 73.235998024082875, 22.587671906141324 ], [ 73.245721978695229, 22.587778425369272 ], [ 73.24583634278207, 22.578748761010175 ] ] ] } },
{ "type": "Feature", "properties": { "FeatureID": "407", "HA_Area": 100.0, "NE": 0.0, "NH": 0.0, "SH": 0.0, "MR": 0.0, "Norm_NE": 0.0, "Norm_NH": 0.0, "Norm_SH": 0.0, "Norm_MR": 0.0, "Roads_Sum": 0.0, "Roads_1_S_": 0.0, "nor_roads": 0.0, "Shape_Leng": 4000.0, "Shape_Area": 1000000.0 }, "geometry": { "type": "Polygon", "coordinates": [ [ [ 73.157366378799935, 22.650002892288793 ], [ 73.147638523165185, 22.649890733538601 ], [ 73.14751733637128, 22.658919828298671 ], [ 73.157245827549943, 22.659032036616086 ], [ 73.157366378799935, 22.650002892288793 ] ] ] } },
{ "type": "Feature", "properties": { "FeatureID": "408", "HA_Area": 100.0, "NE": 0.0, "NH": 0.0, "SH": 1038.58, "MR": 0.0, "Norm_NE": 0.0, "Norm_NH": 0.0, "Norm_SH": 0.61431951152099995, "Norm_MR": 0.0, "Roads_Sum": 1.22864, "Roads_1_S_": 0.61432, "nor_roads": 0.14225062518500001, "Shape_Leng": 4000.0, "Shape_Area": 1000000.0 }, "geometry": { "type": "Polygon", "coordinates": [ [ [ 73.295119818203105, 22.525092700881551 ], [ 73.285400001232105, 22.52498944354668 ], [ 73.285288511209927, 22.534019357950992 ], [ 73.295008959453099, 22.534122661122865 ], [ 73.295119818203105, 22.525092700881551 ] ] ] } },
{ "type": "Feature", "properties": { "FeatureID": "409", "HA_Area": 100.0, "NE": 0.0, "NH": 0.0, "SH": 398.082, "MR": 0.0, "Norm_NE": 0.0, "Norm_NH": 0.0, "Norm_SH": 0.88355790925199995, "Norm_MR": 0.0, "Roads_Sum": 1.76712, "Roads_1_S_": 0.883558, "nor_roads": 0.204595270729, "Shape_Leng": 4000.0, "Shape_Area": 1000000.0 }, "geometry": { "type": "Polygon", "coordinates": [ [ [ 73.118701326093472, 22.631492796988585 ], [ 73.108974988762029, 22.631378380212677 ], [ 73.108851385733701, 22.640407295706062 ], [ 73.118578357890925, 22.640521763078674 ], [ 73.118701326093472, 22.631492796988585 ] ] ] } },
{ "type": "Feature", "properties": { "FeatureID": "410", "HA_Area": 100.0, "NE": 0.0, "NH": 0.0, "SH": 1540.08, "MR": 0.0, "Norm_NE": 0.0, "Norm_NH": 0.0, "Norm_SH": 0.40351000722800001, "Norm_MR": 0.0, "Roads_Sum": 0.80702, "Roads_1_S_": 0.40351, "nor_roads": 0.093435916513799996, "Shape_Leng": 4000.0, "Shape_Area": 1000000.0 }, "geometry": { "type": "Polygon", "coordinates": [ [ [ 73.236916363157462, 22.51543466933412 ], [ 73.227197522928151, 22.515327941272652 ], [ 73.227082304397754, 22.524357585872426 ], [ 73.236801775477034, 22.524464361326238 ], [ 73.236916363157462, 22.51543466933412 ] ] ] } },
{ "type": "Feature", "properties": { "FeatureID": "411", "HA_Area": 100.0, "NE": 0.0, "NH": 0.0, "SH": 430.04, "MR": 0.0, "Norm_NE": 0.0, "Norm_NH": 0.0, "Norm_SH": 0.87012410708800003, "Norm_MR": 0.0, "Roads_Sum": 1.74025, "Roads_1_S_": 0.870124, "nor_roads": 0.201484289343, "Shape_Leng": 4000.0, "Shape_Area": 1000000.0 }, "geometry": { "type": "Polygon", "coordinates": [ [ [ 73.245607556358692, 22.596808079033696 ], [ 73.2358829683035, 22.596701512625994 ], [ 73.235767853935059, 22.605731108406562 ], [ 73.245493075755476, 22.605837722 ], [ 73.245607556358692, 22.596808079033696 ] ] ] } },
{ "type": "Feature", "properties": { "FeatureID": "412", "HA_Area": 100.0, "NE": 0.0, "NH": 0.0, "SH": 1840.41, "MR": 0.0, "Norm_NE": 0.0, "Norm_NH": 0.0, "Norm_SH": 0.27726387583500001, "Norm_MR": 0.0, "Roads_Sum": 0.554528, "Roads_1_S_": 0.277264, "nor_roads": 0.064202660619399998, "Shape_Leng": 4000.0, "Shape_Area": 1000000.0 }, "geometry": { "type": "Polygon", "coordinates": [ [ [ 73.273879429399884, 22.669362212054182 ], [ 73.264149587948282, 22.669257039533946 ], [ 73.264035913346106, 22.678286690474945 ], [ 73.27376639119656, 22.678391909446507 ], [ 73.273879429399884, 22.669362212054182 ] ] ] } },
{ "type": "Feature", "properties": { "FeatureID": "413", "HA_Area": 100.0, "NE": 0.0, "NH": 0.0, "SH": 526.874, "MR": 0.0, "Norm_NE": 0.0, "Norm_NH": 0.0, "Norm_SH": 0.82941916057099996, "Norm_MR": 0.0, "Roads_Sum": 1.65884, "Roads_1_S_": 0.829419, "nor_roads": 0.19205872047100001, "Shape_Leng": 4000.0, "Shape_Area": 1000000.0 }, "geometry": { "type": "Polygon", "coordinates": [ [ [ 73.118701326093472, 22.631492796988585 ], [ 73.118578357890925, 22.640521763078674 ], [ 73.128305392596417, 22.640635640928508 ], [ 73.128427725954879, 22.631606624502218 ], [ 73.118701326093472, 22.631492796988585 ] ] ] } },
{ "type": "Feature", "properties": { "FeatureID": "414", "HA_Area": 100.0, "NE": 0.0, "NH": 0.0, "SH": 1328.54, "MR": 0.0, "Norm_NE": 0.0, "Norm_NH": 0.0, "Norm_SH": 0.49243248985900001, "Norm_MR": 0.0, "Roads_Sum": 0.984865, "Roads_1_S_": 0.492432, "nor_roads": 0.114026621218, "Shape_Leng": 4000.0, "Shape_Area": 1000000.0 }, "geometry": { "type": "Polygon", "coordinates": [ [ [ 73.167931999860556, 22.586909804455392 ], [ 73.158208522848057, 22.586798580521414 ], [ 73.158088400148472, 22.595827800193245 ], [ 73.167812510464614, 22.595939073390184 ], [ 73.167931999860556, 22.586909804455392 ] ] ] } },
{ "type": "Feature", "properties": { "FeatureID": "415", "HA_Area": 100.0, "NE": 0.0, "NH": 0.0, "SH": 0.0, "MR": 0.0, "Norm_NE": 0.0, "Norm_NH": 0.0, "Norm_SH": 0.0, "Norm_MR": 0.0, "Roads_Sum": 0.0, "Roads_1_S_": 0.0, "nor_roads": 0.0, "Shape_Leng": 4000.0, "Shape_Area": 1000000.0 }, "geometry": { "type": "Polygon", "coordinates": [ [ [ 73.215267481429805, 22.68678113810196 ], [ 73.205536718449579, 22.686672326593712 ], [ 73.205419106368993, 22.695701671840709 ], [ 73.215150506291863, 22.695810531376839 ], [ 73.215267481429805, 22.68678113810196 ] ] ] } },
{ "type": "Feature", "properties": { "FeatureID": "416", "HA_Area": 100.0, "NE": 0.0, "NH": 0.0, "SH": 976.95, "MR": 721.41, "Norm_NE": 0.0, "Norm_NH": 0.0, "Norm_SH": 0.64022614743799999, "Norm_MR": 0.32533596616, "Roads_Sum": 1.60579, "Roads_1_S_": 0.965562, "nor_roads": 0.18591665704099999, "Shape_Leng": 4000.0, "Shape_Area": 1000000.0 }, "geometry": { "type": "Polygon", "coordinates": [ [ [ 73.207177023818289, 22.560260365231333 ], [ 73.197455203616414, 22.560151638160182 ], [ 73.197337793768511, 22.569181085485482 ], [ 73.207060246377836, 22.569289860759802 ], [ 73.207177023818289, 22.560260365231333 ] ] ] } },
{ "type": "Feature", "properties": { "FeatureID": "417", "HA_Area": 100.0, "NE": 0.0, "NH": 0.0, "SH": 299.861, "MR": 0.0, "Norm_NE": 0.0, "Norm_NH": 0.0, "Norm_SH": 0.92484588945400004, "Norm_MR": 0.0, "Roads_Sum": 1.84969, "Roads_1_S_": 0.924846, "nor_roads": 0.214155132326, "Shape_Leng": 4000.0, "Shape_Area": 1000000.0 }, "geometry": { "type": "Polygon", "coordinates": [ [ [ 73.1180858594157, 22.676637519445602 ], [ 73.108356344727028, 22.676522849622053 ], [ 73.108232427160132, 22.685551711069071 ], [ 73.11796257828918, 22.685666431521412 ], [ 73.1180858594157, 22.676637519445602 ] ] ] } },
{ "type": "Feature", "properties": { "FeatureID": "418", "HA_Area": 100.0, "NE": 0.0, "NH": 0.0, "SH": 0.0, "MR": 654.509, "Norm_NE": 0.0, "Norm_NH": 0.0, "Norm_SH": 0.0, "Norm_MR": 0.404338868766, "Roads_Sum": 0.404339, "Roads_1_S_": 0.404339, "nor_roads": 0.046813936839800001, "Shape_Leng": 4000.0, "Shape_Area": 1000000.0 }, "geometry": { "type": "Polygon", "coordinates": [ [ [ 73.323624984025713, 22.579579372079621 ], [ 73.313901205695245, 22.579477603571238 ], [ 73.313791273921879, 22.588507590855201 ], [ 73.323515685505981, 22.588609404453948 ], [ 73.323624984025713, 22.579579372079621 ] ] ] } },
{ "type": "Feature", "properties": { "FeatureID": "419", "HA_Area": 100.0, "NE": 0.0, "NH": 0.0, "SH": 1593.35, "MR": 356.807, "Norm_NE": 0.0, "Norm_NH": 0.0, "Norm_SH": 0.38111753183199998, "Norm_MR": 0.755892941644, "Roads_Sum": 1.51813, "Roads_1_S_": 1.13701, "nor_roads": 0.17576746706900001, "Shape_Leng": 4000.0, "Shape_Area": 1000000.0 }, "geometry": { "type": "Polygon", "coordinates": [ [ [ 73.294787072319281, 22.552182549668295 ], [ 73.285065360566264, 22.552079154805078 ], [ 73.284953699911668, 22.561109037247924 ], [ 73.294676043902555, 22.561212477965476 ], [ 73.294787072319281, 22.552182549668295 ] ] ] } },
{ "type": "Feature", "properties": { "FeatureID": "420", "HA_Area": 100.0, "NE": 0.0, "NH": 0.0, "SH": 0.0, "MR": 813.269, "Norm_NE": 0.0, "Norm_NH": 0.0, "Norm_SH": 0.0, "Norm_MR": 0.21686033472, "Roads_Sum": 0.21686, "Roads_1_S_": 0.21686, "nor_roads": 0.025107819256299999, "Shape_Leng": 4000.0, "Shape_Area": 1000000.0 }, "geometry": { "type": "Polygon", "coordinates": [ [ [ 73.322968357520992, 22.633759406534047 ], [ 73.332695995963192, 22.633860856100789 ], [ 73.332804938116325, 22.624830832143545 ], [ 73.323077934556977, 22.62472942743506 ], [ 73.322968357520992, 22.633759406534047 ] ] ] } },
{ "type": "Feature", "properties": { "FeatureID": "421", "HA_Area": 100.0, "NE": 0.0, "NH": 0.0, "SH": 1829.32, "MR": 0.0, "Norm_NE": 0.0, "Norm_NH": 0.0, "Norm_SH": 0.28192568227699999, "Norm_MR": 0.0, "Roads_Sum": 0.563851, "Roads_1_S_": 0.281926, "nor_roads": 0.065282067728599999, "Shape_Leng": 4000.0, "Shape_Area": 1000000.0 }, "geometry": { "type": "Polygon", "coordinates": [ [ [ 73.343719744463684, 22.525600191241143 ], [ 73.333999648096636, 22.525499866057121 ], [ 73.333891314598688, 22.534530007043944 ], [ 73.343612042319137, 22.534630376763683 ], [ 73.343719744463684, 22.525600191241143 ] ] ] } },
{ "type": "Feature", "properties": { "FeatureID": "422", "HA_Area": 100.0, "NE": 0.0, "NH": 0.0, "SH": 0.0, "MR": 710.355, "Norm_NE": 0.0, "Norm_NH": 0.0, "Norm_SH": 0.0, "Norm_MR": 0.338390726132, "Roads_Sum": 0.338391, "Roads_1_S_": 0.338391, "nor_roads": 0.039178550035200002, "Shape_Leng": 4000.0, "Shape_Area": 1000000.0 }, "geometry": { "type": "Polygon", "coordinates": [ [ [ 73.322968357520992, 22.633759406534047 ], [ 73.313240774830803, 22.633657367397973 ], [ 73.313130506853312, 22.642687290706974 ], [ 73.322858724732967, 22.642789374967652 ], [ 73.322968357520992, 22.633759406534047 ] ] ] } },
{ "type": "Feature", "properties": { "FeatureID": "423", "HA_Area": 100.0, "NE": 0.0, "NH": 0.0, "SH": 851.499, "MR": 0.0, "Norm_NE": 0.0, "Norm_NH": 0.0, "Norm_SH": 0.69296046599299999, "Norm_MR": 0.0, "Roads_Sum": 1.38592, "Roads_1_S_": 0.69296, "nor_roads": 0.16046034609199999, "Shape_Leng": 4000.0, "Shape_Area": 1000000.0 }, "geometry": { "type": "Polygon", "coordinates": [ [ [ 73.128427725954879, 22.631606624502218 ], [ 73.128549997105992, 22.622577597290004 ], [ 73.118824231766013, 22.622463820106212 ], [ 73.118701326093472, 22.631492796988585 ], [ 73.128427725954879, 22.631606624502218 ] ] ] } },
{ "type": "Feature", "properties": { "FeatureID": "424", "HA_Area": 100.0, "NE": 0.0, "NH": 0.0, "SH": 0.0, "MR": 909.491, "Norm_NE": 0.0, "Norm_NH": 0.0, "Norm_SH": 0.0, "Norm_MR": 0.103232424677, "Roads_Sum": 0.103232, "Roads_1_S_": 0.103232, "nor_roads": 0.0119520905123, "Shape_Leng": 4000.0, "Shape_Area": 1000000.0 }, "geometry": { "type": "Polygon", "coordinates": [ [ [ 73.13960974812916, 22.523370224911581 ], [ 73.129890879266782, 22.523257587090733 ], [ 73.129769291201029, 22.532286732715885 ], [ 73.139488791059946, 22.532399420536624 ], [ 73.13960974812916, 22.523370224911581 ] ] ] } },
{ "type": "Feature", "properties": { "FeatureID": "425", "HA_Area": 100.0, "NE": 0.0, "NH": 0.0, "SH": 1393.92, "MR": 885.985, "Norm_NE": 0.0, "Norm_NH": 0.0, "Norm_SH": 0.46494948603000003, "Norm_MR": 0.130990538273, "Roads_Sum": 1.06089, "Roads_1_S_": 0.59594, "nor_roads": 0.122828708853, "Shape_Leng": 4000.0, "Shape_Area": 1000000.0 }, "geometry": { "type": "Polygon", "coordinates": [ [ [ 73.197455203616414, 22.560151638160182 ], [ 73.187733443223422, 22.560042323788942 ], [ 73.187615400985464, 22.569071722650783 ], [ 73.197337793768511, 22.569181085485482 ], [ 73.197455203616414, 22.560151638160182 ] ] ] } },
{ "type": "Feature", "properties": { "FeatureID": "426", "HA_Area": 100.0, "NE": 0.0, "NH": 0.0, "SH": 818.793, "MR": 736.451, "Norm_NE": 0.0, "Norm_NH": 0.0, "Norm_SH": 0.70670868994000002, "Norm_MR": 0.307574140848, "Roads_Sum": 1.72099, "Roads_1_S_": 1.01428, "nor_roads": 0.199254381412, "Shape_Leng": 4000.0, "Shape_Area": 1000000.0 }, "geometry": { "type": "Polygon", "coordinates": [ [ [ 73.302958168155598, 22.678704021487373 ], [ 73.29322751892461, 22.678600574966858 ], [ 73.293115696765724, 22.687630353779646 ], [ 73.302846982768983, 22.687733845974993 ], [ 73.302958168155598, 22.678704021487373 ] ] ] } },
{ "type": "Feature", "properties": { "FeatureID": "427", "HA_Area": 100.0, "NE": 0.0, "NH": 0.0, "SH": 0.0, "MR": 308.824, "Norm_NE": 0.0, "Norm_NH": 0.0, "Norm_SH": 0.0, "Norm_MR": 0.812555717319, "Roads_Sum": 0.812556, "Roads_1_S_": 0.812556, "nor_roads": 0.0940768709865, "Shape_Leng": 4000.0, "Shape_Area": 1000000.0 }, "geometry": { "type": "Polygon", "coordinates": [ [ [ 73.342315327474196, 22.642991773985237 ], [ 73.332586998380918, 22.642890869398315 ], [ 73.332477945353304, 22.651920872032658 ], [ 73.342206909991503, 22.652021821228491 ], [ 73.342315327474196, 22.642991773985237 ] ] ] } },
{ "type": "Feature", "properties": { "FeatureID": "428", "HA_Area": 100.0, "NE": 0.0, "NH": 0.0, "SH": 2279.07, "MR": 0.0, "Norm_NE": 0.0, "Norm_NH": 0.0, "Norm_SH": 0.092869649795899997, "Norm_MR": 0.0, "Roads_Sum": 0.185739, "Roads_1_S_": 0.0928696, "nor_roads": 0.0215046629684, "Shape_Leng": 4000.0, "Shape_Area": 1000000.0 }, "geometry": { "type": "Polygon", "coordinates": [ [ [ 73.264149587948282, 22.669257039533946 ], [ 73.254419804253217, 22.669151276485859 ], [ 73.254305493269086, 22.678180880714777 ], [ 73.264035913346106, 22.678286690474945 ], [ 73.264149587948282, 22.669257039533946 ] ] ] } },
{ "type": "Feature", "properties": { "FeatureID": "429", "HA_Area": 100.0, "NE": 0.0, "NH": 0.0, "SH": 1516.73, "MR": 0.0, "Norm_NE": 0.0, "Norm_NH": 0.0, "Norm_SH": 0.41332535474299997, "Norm_MR": 0.0, "Roads_Sum": 0.826651, "Roads_1_S_": 0.413325, "nor_roads": 0.095708769133299995, "Shape_Leng": 4000.0, "Shape_Area": 1000000.0 }, "geometry": { "type": "Polygon", "coordinates": [ [ [ 73.128427725954879, 22.631606624502218 ], [ 73.128305392596417, 22.640635640928508 ], [ 73.13803248952739, 22.640748929240139 ], [ 73.13815418802362, 22.631719862738141 ], [ 73.128427725954879, 22.631606624502218 ] ] ] } },
{ "type": "Feature", "properties": { "FeatureID": "430", "HA_Area": 100.0, "NE": 0.0, "NH": 0.0, "SH": 1878.94, "MR": 232.967, "Norm_NE": 0.0, "Norm_NH": 0.0, "Norm_SH": 0.261067523606, "Norm_MR": 0.90213470532700002, "Roads_Sum": 1.42427, "Roads_1_S_": 1.1632, "nor_roads": 0.16490046660800001, "Shape_Leng": 4000.0, "Shape_Area": 1000000.0 }, "geometry": { "type": "Polygon", "coordinates": [ [ [ 73.302958168155598, 22.678704021487373 ], [ 73.31268887386679, 22.678806877162721 ], [ 73.312799366307701, 22.669776996572711 ], [ 73.303069297061981, 22.669674186305627 ], [ 73.302958168155598, 22.678704021487373 ] ] ] } },
{ "type": "Feature", "properties": { "FeatureID": "431", "HA_Area": 100.0, "NE": 0.0, "NH": 0.0, "SH": 1383.25, "MR": 0.0, "Norm_NE": 0.0, "Norm_NH": 0.0, "Norm_SH": 0.46943472366700001, "Norm_MR": 0.0, "Roads_Sum": 0.938869, "Roads_1_S_": 0.469435, "nor_roads": 0.108701252165, "Shape_Leng": 4000.0, "Shape_Area": 1000000.0 }, "geometry": { "type": "Polygon", "coordinates": [ [ [ 73.226158438837359, 22.596594357818283 ], [ 73.216433968282715, 22.596486614625078 ], [ 73.216317586435125, 22.605516115252833 ], [ 73.226042690720746, 22.605623906152665 ], [ 73.226158438837359, 22.596594357818283 ] ] ] } },
{ "type": "Feature", "properties": { "FeatureID": "432", "HA_Area": 100.0, "NE": 0.0, "NH": 0.0, "SH": 1178.61, "MR": 895.048, "Norm_NE": 0.0, "Norm_NH": 0.0, "Norm_SH": 0.55545677759800005, "Norm_MR": 0.12028812171599999, "Roads_Sum": 1.2312, "Roads_1_S_": 0.675745, "nor_roads": 0.14254702151400001, "Shape_Leng": 4000.0, "Shape_Area": 1000000.0 }, "geometry": { "type": "Polygon", "coordinates": [ [ [ 73.207526999287552, 22.533171814410586 ], [ 73.197807074376499, 22.533063231912461 ], [ 73.197689843903021, 22.542092711370167 ], [ 73.207410400255839, 22.542201342053229 ], [ 73.207526999287552, 22.533171814410586 ] ] ] } },
{ "type": "Feature", "properties": { "FeatureID": "433", "HA_Area": 100.0, "NE": 0.0, "NH": 0.0, "SH": 0.0, "MR": 525.98, "Norm_NE": 0.0, "Norm_NH": 0.0, "Norm_SH": 0.0, "Norm_MR": 0.55611781474800004, "Roads_Sum": 0.556118, "Roads_1_S_": 0.556118, "nor_roads": 0.064386750688399996, "Shape_Leng": 4000.0, "Shape_Area": 1000000.0 }, "geometry": { "type": "Polygon", "coordinates": [ [ [ 73.168647659470338, 22.532733965360979 ], [ 73.158927975516249, 22.532623036874298 ], [ 73.158808219450378, 22.541652320990323 ], [ 73.168528534776186, 22.541763298702698 ], [ 73.168647659470338, 22.532733965360979 ] ] ] } },
{ "type": "Feature", "properties": { "FeatureID": "434", "HA_Area": 100.0, "NE": 0.0, "NH": 0.0, "SH": 2231.64, "MR": 212.497, "Norm_NE": 0.0, "Norm_NH": 0.0, "Norm_SH": 0.112807300534, "Norm_MR": 0.92630758001000002, "Roads_Sum": 1.15192, "Roads_1_S_": 1.03911, "nor_roads": 0.133368065428, "Shape_Leng": 4000.0, "Shape_Area": 1000000.0 }, "geometry": { "type": "Polygon", "coordinates": [ [ [ 73.294676043902555, 22.561212477965476 ], [ 73.284953699911668, 22.561109037247924 ], [ 73.284841982346521, 22.570138909030007 ], [ 73.294564958897368, 22.570242395607686 ], [ 73.294676043902555, 22.561212477965476 ] ] ] } },
{ "type": "Feature", "properties": { "FeatureID": "435", "HA_Area": 100.0, "NE": 0.0, "NH": 0.0, "SH": 0.0, "MR": 0.0, "Norm_NE": 0.0, "Norm_NH": 0.0, "Norm_SH": 0.0, "Norm_MR": 0.0, "Roads_Sum": 0.0, "Roads_1_S_": 0.0, "nor_roads": 0.0, "Shape_Leng": 4000.0, "Shape_Area": 1000000.0 }, "geometry": { "type": "Polygon", "coordinates": [ [ [ 73.216084644969285, 22.623575084346012 ], [ 73.20635833153986, 22.623466608862472 ], [ 73.206241137205637, 22.632496029335641 ], [ 73.215968085316462, 22.632604552804469 ], [ 73.216084644969285, 22.623575084346012 ] ] ] } },
{ "type": "Feature", "properties": { "FeatureID": "436", "HA_Area": 100.0, "NE": 0.0, "NH": 0.0, "SH": 851.189, "MR": 249.457, "Norm_NE": 0.0, "Norm_NH": 0.0, "Norm_SH": 0.69309077592699997, "Norm_MR": 0.88266177848100003, "Roads_Sum": 2.26884, "Roads_1_S_": 1.57575, "nor_roads": 0.26268388582500002, "Shape_Leng": 4000.0, "Shape_Area": 1000000.0 }, "geometry": { "type": "Polygon", "coordinates": [ [ [ 73.274331008047525, 22.633243315437959 ], [ 73.264603708960294, 22.633138328664149 ], [ 73.264490265283058, 22.642168022440554 ], [ 73.27421819947692, 22.642273055642139 ], [ 73.274331008047525, 22.633243315437959 ] ] ] } },
{ "type": "Feature", "properties": { "FeatureID": "437", "HA_Area": 100.0, "NE": 0.0, "NH": 0.0, "SH": 457.346, "MR": 863.583, "Norm_NE": 0.0, "Norm_NH": 0.0, "Norm_SH": 0.85864581342400004, "Norm_MR": 0.15744486965599999, "Roads_Sum": 1.87474, "Roads_1_S_": 1.01609, "nor_roads": 0.21705539973, "Shape_Leng": 4000.0, "Shape_Area": 1000000.0 }, "geometry": { "type": "Polygon", "coordinates": [ [ [ 73.2837216729624, 22.660437039747112 ], [ 73.273992410169868, 22.660332503953704 ], [ 73.273879429399884, 22.669362212054182 ], [ 73.283609328284854, 22.669466794032303 ], [ 73.2837216729624, 22.660437039747112 ] ] ] } },
{ "type": "Feature", "properties": { "FeatureID": "438", "HA_Area": 100.0, "NE": 0.0, "NH": 0.0, "SH": 246.831, "MR": 779.992, "Norm_NE": 0.0, "Norm_NH": 0.0, "Norm_SH": 0.94713747022200001, "Norm_MR": 0.25615687404199999, "Roads_Sum": 2.15043, "Roads_1_S_": 1.20329, "nor_roads": 0.248974489429, "Shape_Leng": 4000.0, "Shape_Area": 1000000.0 }, "geometry": { "type": "Polygon", "coordinates": [ [ [ 73.236342840057205, 22.560583022497507 ], [ 73.226620842360674, 22.560476057414601 ], [ 73.226505329787003, 22.569505648568466 ], [ 73.236227959942667, 22.569612661073595 ], [ 73.236342840057205, 22.560583022497507 ] ] ] } },
{ "type": "Feature", "properties": { "FeatureID": "439", "HA_Area": 100.0, "NE": 0.0, "NH": 0.0, "SH": 1693.96, "MR": 0.0, "Norm_NE": 0.0, "Norm_NH": 0.0, "Norm_SH": 0.33882532617099997, "Norm_MR": 0.0, "Roads_Sum": 0.677651, "Roads_1_S_": 0.338825, "nor_roads": 0.078457709199100001, "Shape_Leng": 4000.0, "Shape_Area": 1000000.0 }, "geometry": { "type": "Polygon", "coordinates": [ [ [ 73.137545076334078, 22.676865087381952 ], [ 73.127815436725754, 22.676751598704062 ], [ 73.127692792057928, 22.685780561147986 ], [ 73.137423068143164, 22.685894099933321 ], [ 73.137545076334078, 22.676865087381952 ] ] ] } },
{ "type": "Feature", "properties": { "FeatureID": "440", "HA_Area": 100.0, "NE": 0.0, "NH": 0.0, "SH": 798.425, "MR": 0.0, "Norm_NE": 0.0, "Norm_NH": 0.0, "Norm_SH": 0.71527055800700001, "Norm_MR": 0.0, "Roads_Sum": 1.43054, "Roads_1_S_": 0.715271, "nor_roads": 0.165626392629, "Shape_Leng": 4000.0, "Shape_Area": 1000000.0 }, "geometry": { "type": "Polygon", "coordinates": [ [ [ 73.295230620430431, 22.516062729999124 ], [ 73.285511434409884, 22.515959518495485 ], [ 73.285400001232105, 22.52498944354668 ], [ 73.295119818203105, 22.525092700881551 ], [ 73.295230620430431, 22.516062729999124 ] ] ] } },
{ "type": "Feature", "properties": { "FeatureID": "441", "HA_Area": 100.0, "NE": 0.0, "NH": 0.0, "SH": 1815.28, "MR": 754.682, "Norm_NE": 0.0, "Norm_NH": 0.0, "Norm_SH": 0.28782747278800003, "Norm_MR": 0.28604526499100003, "Roads_Sum": 0.8617, "Roads_1_S_": 0.573873, "nor_roads": 0.099766707459599993, "Shape_Leng": 4000.0, "Shape_Area": 1000000.0 }, "geometry": { "type": "Polygon", "coordinates": [ [ [ 73.31268887386679, 22.678806877162721 ], [ 73.302958168155598, 22.678704021487373 ], [ 73.302846982768983, 22.687733845974993 ], [ 73.312578325268987, 22.68783674706437 ], [ 73.31268887386679, 22.678806877162721 ] ] ] } },
{ "type": "Feature", "properties": { "FeatureID": "442", "HA_Area": 100.0, "NE": 0.0, "NH": 0.0, "SH": 690.767, "MR": 0.0, "Norm_NE": 0.0, "Norm_NH": 0.0, "Norm_SH": 0.76052543530899996, "Norm_MR": 0.0, "Roads_Sum": 1.52105, "Roads_1_S_": 0.760525, "nor_roads": 0.17610554521, "Shape_Leng": 4000.0, "Shape_Area": 1000000.0 }, "geometry": { "type": "Polygon", "coordinates": [ [ [ 73.128672206067947, 22.613548559295388 ], [ 73.118947074926822, 22.613434832435061 ], [ 73.118824231766013, 22.622463820106212 ], [ 73.128549997105992, 22.622577597290004 ], [ 73.128672206067947, 22.613548559295388 ] ] ] } },
{ "type": "Feature", "properties": { "FeatureID": "443", "HA_Area": 100.0, "NE": 0.0, "NH": 0.0, "SH": 1649.87, "MR": 865.238, "Norm_NE": 0.0, "Norm_NH": 0.0, "Norm_SH": 0.35735889314800001, "Norm_MR": 0.15549052974300001, "Roads_Sum": 0.870208, "Roads_1_S_": 0.512849, "nor_roads": 0.100751757712, "Shape_Leng": 4000.0, "Shape_Area": 1000000.0 }, "geometry": { "type": "Polygon", "coordinates": [ [ [ 73.293674239690787, 22.642481352751048 ], [ 73.283946191053801, 22.64237749908369 ], [ 73.283833960546488, 22.651407274763091 ], [ 73.293562644646443, 22.651511174342787 ], [ 73.293674239690787, 22.642481352751048 ] ] ] } },
{ "type": "Feature", "properties": { "FeatureID": "444", "HA_Area": 100.0, "NE": 0.0, "NH": 0.0, "SH": 0.0, "MR": 0.0, "Norm_NE": 0.0, "Norm_NH": 0.0, "Norm_SH": 0.0, "Norm_MR": 0.0, "Roads_Sum": 0.0, "Roads_1_S_": 0.0, "nor_roads": 0.0, "Shape_Leng": 4000.0, "Shape_Area": 1000000.0 }, "geometry": { "type": "Polygon", "coordinates": [ [ [ 73.1860753720036, 22.686452930705769 ], [ 73.176344789184441, 22.686342346355808 ], [ 73.17622526638128, 22.695371545954561 ], [ 73.185956486090319, 22.695482179114695 ], [ 73.1860753720036, 22.686452930705769 ] ] ] } },
{ "type": "Feature", "properties": { "FeatureID": "445", "HA_Area": 100.0, "NE": 0.0, "NH": 0.0, "SH": 2301.19, "MR": 568.725, "Norm_NE": 0.0, "Norm_NH": 0.0, "Norm_SH": 0.0835713856443, "Norm_MR": 0.505640562736, "Roads_Sum": 0.672783, "Roads_1_S_": 0.589212, "nor_roads": 0.077894100711299999, "Shape_Leng": 4000.0, "Shape_Area": 1000000.0 }, "geometry": { "type": "Polygon", "coordinates": [ [ [ 73.293897259584512, 22.624421677512679 ], [ 73.284170480904791, 22.624317915652565 ], [ 73.284058364501021, 22.63334771271235 ], [ 73.293785777997954, 22.633451520473177 ], [ 73.293897259584512, 22.624421677512679 ] ] ] } },
{ "type": "Feature", "properties": { "FeatureID": "446", "HA_Area": 100.0, "NE": 0.0, "NH": 0.0, "SH": 254.138, "MR": 0.0, "Norm_NE": 0.0, "Norm_NH": 0.0, "Norm_SH": 0.94406591191900002, "Norm_MR": 0.0, "Roads_Sum": 1.88813, "Roads_1_S_": 0.944066, "nor_roads": 0.218605673296, "Shape_Leng": 4000.0, "Shape_Area": 1000000.0 }, "geometry": { "type": "Polygon", "coordinates": [ [ [ 73.246521305009111, 22.52457055046256 ], [ 73.236801775477034, 22.524464361326238 ], [ 73.236687129343792, 22.533494042642122 ], [ 73.246407290064468, 22.533600278916555 ], [ 73.246521305009111, 22.52457055046256 ] ] ] } },
{ "type": "Feature", "properties": { "FeatureID": "447", "HA_Area": 100.0, "NE": 0.0, "NH": 0.0, "SH": 0.0, "MR": 0.0, "Norm_NE": 0.0, "Norm_NH": 0.0, "Norm_SH": 0.0, "Norm_MR": 0.0, "Roads_Sum": 0.0, "Roads_1_S_": 0.0, "nor_roads": 0.0, "Shape_Leng": 4000.0, "Shape_Area": 1000000.0 }, "geometry": { "type": "Polygon", "coordinates": [ [ [ 73.215384397160662, 22.677751734076136 ], [ 73.205654270799741, 22.677642970589677 ], [ 73.205536718449579, 22.686672326593712 ], [ 73.215267481429805, 22.68678113810196 ], [ 73.215384397160662, 22.677751734076136 ] ] ] } },
{ "type": "Feature", "properties": { "FeatureID": "448", "HA_Area": 100.0, "NE": 0.0, "NH": 0.0, "SH": 0.0, "MR": 728.641, "Norm_NE": 0.0, "Norm_NH": 0.0, "Norm_SH": 0.0, "Norm_MR": 0.31679690982699998, "Roads_Sum": 0.316797, "Roads_1_S_": 0.316797, "nor_roads": 0.036678417674500002, "Shape_Leng": 4000.0, "Shape_Area": 1000000.0 }, "geometry": { "type": "Polygon", "coordinates": [ [ [ 73.293897259584512, 22.624421677512679 ], [ 73.293785777997954, 22.633451520473177 ], [ 73.303513248215495, 22.63355473870638 ], [ 73.303624094968299, 22.624524850105768 ], [ 73.293897259584512, 22.624421677512679 ] ] ] } },
{ "type": "Feature", "properties": { "FeatureID": "449", "HA_Area": 100.0, "NE": 0.0, "NH": 0.0, "SH": 728.247, "MR": 0.0, "Norm_NE": 0.0, "Norm_NH": 0.0, "Norm_SH": 0.74477042812299998, "Norm_MR": 0.0, "Roads_Sum": 1.48954, "Roads_1_S_": 0.74477, "nor_roads": 0.17245735151700001, "Shape_Leng": 4000.0, "Shape_Area": 1000000.0 }, "geometry": { "type": "Polygon", "coordinates": [ [ [ 73.275680241105505, 22.52488559982325 ], [ 73.265960538145023, 22.524781169725319 ], [ 73.265847785628182, 22.533810991674915 ], [ 73.275568119827696, 22.533915468130321 ], [ 73.275680241105505, 22.52488559982325 ] ] ] } },
{ "type": "Feature", "properties": { "FeatureID": "450", "HA_Area": 100.0, "NE": 0.0, "NH": 0.0, "SH": 1900.35, "MR": 0.0, "Norm_NE": 0.0, "Norm_NH": 0.0, "Norm_SH": 0.25206764585399999, "Norm_MR": 0.0, "Roads_Sum": 0.504135, "Roads_1_S_": 0.252068, "nor_roads": 0.058368214482399997, "Shape_Leng": 4000.0, "Shape_Area": 1000000.0 }, "geometry": { "type": "Polygon", "coordinates": [ [ [ 73.187733443223422, 22.560042323788942 ], [ 73.178011742961274, 22.55993242213242 ], [ 73.177893068350784, 22.568961772270505 ], [ 73.187615400985464, 22.569071722650783 ], [ 73.187733443223422, 22.560042323788942 ] ] ] } },
{ "type": "Feature", "properties": { "FeatureID": "451", "HA_Area": 100.0, "NE": 0.0, "NH": 0.0, "SH": 0.0, "MR": 271.065, "Norm_NE": 0.0, "Norm_NH": 0.0, "Norm_SH": 0.0, "Norm_MR": 0.85714504734600006, "Roads_Sum": 0.857145, "Roads_1_S_": 0.857145, "nor_roads": 0.099239335924500002, "Shape_Leng": 4000.0, "Shape_Area": 1000000.0 }, "geometry": { "type": "Polygon", "coordinates": [ [ [ 73.342098437370367, 22.66105185781079 ], [ 73.332368836864177, 22.660950864000384 ], [ 73.332259672897308, 22.66998084529806 ], [ 73.341989909594659, 22.670081883728695 ], [ 73.342098437370367, 22.66105185781079 ] ] ] } },
{ "type": "Feature", "properties": { "FeatureID": "452", "HA_Area": 100.0, "NE": 0.0, "NH": 0.0, "SH": 2104.34, "MR": 0.0, "Norm_NE": 0.0, "Norm_NH": 0.0, "Norm_SH": 0.16631878353, "Norm_MR": 0.0, "Roads_Sum": 0.332638, "Roads_1_S_": 0.166319, "nor_roads": 0.038512472609499998, "Shape_Leng": 4000.0, "Shape_Area": 1000000.0 }, "geometry": { "type": "Polygon", "coordinates": [ [ [ 73.273653295543085, 22.687421596127216 ], [ 73.263922180970496, 22.687316330698437 ], [ 73.263808390804542, 22.696345960200965 ], [ 73.273540142422647, 22.696451272092869 ], [ 73.273653295543085, 22.687421596127216 ] ] ] } },
{ "type": "Feature", "properties": { "FeatureID": "453", "HA_Area": 100.0, "NE": 0.0, "NH": 0.0, "SH": 804.607, "MR": 0.0, "Norm_NE": 0.0, "Norm_NH": 0.0, "Norm_SH": 0.71267190238099998, "Norm_MR": 0.0, "Roads_Sum": 1.42534, "Roads_1_S_": 0.712672, "nor_roads": 0.165024352683, "Shape_Leng": 4000.0, "Shape_Area": 1000000.0 }, "geometry": { "type": "Polygon", "coordinates": [ [ [ 73.245721978695229, 22.587778425369272 ], [ 73.235998024082875, 22.587671906141324 ], [ 73.2358829683035, 22.596701512625994 ], [ 73.245607556358692, 22.596808079033696 ], [ 73.245721978695229, 22.587778425369272 ] ] ] } },
{ "type": "Feature", "properties": { "FeatureID": "454", "HA_Area": 100.0, "NE": 0.0, "NH": 0.0, "SH": 1207.45, "MR": 0.0, "Norm_NE": 0.0, "Norm_NH": 0.0, "Norm_SH": 0.54333366912699999, "Norm_MR": 0.0, "Roads_Sum": 1.08667, "Roads_1_S_": 0.543334, "nor_roads": 0.125813499243, "Shape_Leng": 4000.0, "Shape_Area": 1000000.0 }, "geometry": { "type": "Polygon", "coordinates": [ [ [ 73.138397399380111, 22.613661697398925 ], [ 73.128672206067947, 22.613548559295388 ], [ 73.128549997105992, 22.622577597290004 ], [ 73.138275824635173, 22.622690785456573 ], [ 73.138397399380111, 22.613661697398925 ] ] ] } },
{ "type": "Feature", "properties": { "FeatureID": "455", "HA_Area": 100.0, "NE": 0.0, "NH": 0.0, "SH": 0.0, "MR": 590.008, "Norm_NE": 0.0, "Norm_NH": 0.0, "Norm_SH": 0.0, "Norm_MR": 0.48050760010100002, "Roads_Sum": 0.480508, "Roads_1_S_": 0.480508, "nor_roads": 0.055632704101300001, "Shape_Leng": 4000.0, "Shape_Area": 1000000.0 }, "geometry": { "type": "Polygon", "coordinates": [ [ [ 73.322419635734875, 22.678909141978959 ], [ 73.332150453436483, 22.67901081592224 ], [ 73.332259672897308, 22.66998084529806 ], [ 73.322529491693899, 22.669879216241473 ], [ 73.322419635734875, 22.678909141978959 ] ] ] } },
{ "type": "Feature", "properties": { "FeatureID": "456", "HA_Area": 100.0, "NE": 0.0, "NH": 0.0, "SH": 0.0, "MR": 0.0, "Norm_NE": 0.0, "Norm_NH": 0.0, "Norm_SH": 0.0, "Norm_MR": 0.0, "Roads_Sum": 0.0, "Roads_1_S_": 0.0, "nor_roads": 0.0, "Shape_Leng": 4000.0, "Shape_Area": 1000000.0 }, "geometry": { "type": "Polygon", "coordinates": [ [ [ 73.148726434557389, 22.568628396005455 ], [ 73.139004345736581, 22.568516095592525 ], [ 73.138883080054342, 22.577545237477835 ], [ 73.148605801498718, 22.577657587661893 ], [ 73.148726434557389, 22.568628396005455 ] ] ] } },
{ "type": "Feature", "properties": { "FeatureID": "457", "HA_Area": 100.0, "NE": 0.0, "NH": 0.0, "SH": 0.0, "MR": 710.884, "Norm_NE": 0.0, "Norm_NH": 0.0, "Norm_SH": 0.0, "Norm_MR": 0.33776604370500002, "Roads_Sum": 0.337766, "Roads_1_S_": 0.337766, "nor_roads": 0.039106186545100001, "Shape_Leng": 4000.0, "Shape_Area": 1000000.0 }, "geometry": { "type": "Polygon", "coordinates": [ [ [ 73.168885726711025, 22.514675266514431 ], [ 73.159167304535444, 22.514564436460542 ], [ 73.159047670538683, 22.523593742029867 ], [ 73.168766723442744, 22.523704621297053 ], [ 73.168885726711025, 22.514675266514431 ] ] ] } },
{ "type": "Feature", "properties": { "FeatureID": "458", "HA_Area": 100.0, "NE": 0.0, "NH": 0.0, "SH": 0.0, "MR": 0.0, "Norm_NE": 0.0, "Norm_NH": 0.0, "Norm_SH": 0.0, "Norm_MR": 0.0, "Roads_Sum": 0.0, "Roads_1_S_": 0.0, "nor_roads": 0.0, "Shape_Leng": 4000.0, "Shape_Area": 1000000.0 }, "geometry": { "type": "Polygon", "coordinates": [ [ [ 73.19627841086114, 22.65044562869311 ], [ 73.186550312063289, 22.650335829411574 ], [ 73.186431667552085, 22.65936512087692 ], [ 73.196160401964889, 22.659474968683245 ], [ 73.19627841086114, 22.65044562869311 ] ] ] } },
{ "type": "Feature", "properties": { "FeatureID": "459", "HA_Area": 100.0, "NE": 0.0, "NH": 0.0, "SH": 333.053, "MR": 480.726, "Norm_NE": 0.0, "Norm_NH": 0.0, "Norm_SH": 0.91089336190400005, "Norm_MR": 0.60955789363699997, "Roads_Sum": 2.43134, "Roads_1_S_": 1.52045, "nor_roads": 0.28149795159899998, "Shape_Leng": 4000.0, "Shape_Area": 1000000.0 }, "geometry": { "type": "Polygon", "coordinates": [ [ [ 73.314340373183029, 22.543357547965833 ], [ 73.304619180556671, 22.543255372811199 ], [ 73.304508840644317, 22.552285357348143 ], [ 73.314230665219355, 22.552387577830711 ], [ 73.314340373183029, 22.543357547965833 ] ] ] } },
{ "type": "Feature", "properties": { "FeatureID": "460", "HA_Area": 100.0, "NE": 0.0, "NH": 0.0, "SH": 2397.76, "MR": 0.0, "Norm_NE": 0.0, "Norm_NH": 0.0, "Norm_SH": 0.042977391147, "Norm_MR": 0.0, "Roads_Sum": 0.0859548, "Roads_1_S_": 0.0429774, "nor_roads": 0.0099517551668099995, "Shape_Leng": 4000.0, "Shape_Area": 1000000.0 }, "geometry": { "type": "Polygon", "coordinates": [ [ [ 73.186787420184018, 22.632277214218227 ], [ 73.177060651918666, 22.632166922599286 ], [ 73.176941493051075, 22.641196186798862 ], [ 73.18666889626806, 22.641306527190853 ], [ 73.186787420184018, 22.632277214218227 ] ] ] } },
{ "type": "Feature", "properties": { "FeatureID": "461", "HA_Area": 100.0, "NE": 0.0, "NH": 0.0, "SH": 1890.18, "MR": 0.0, "Norm_NE": 0.0, "Norm_NH": 0.0, "Norm_SH": 0.25634265321100003, "Norm_MR": 0.0, "Roads_Sum": 0.512685, "Roads_1_S_": 0.256343, "nor_roads": 0.059358123012199997, "Shape_Leng": 4000.0, "Shape_Area": 1000000.0 }, "geometry": { "type": "Polygon", "coordinates": [ [ [ 73.16745367713213, 22.623026815700012 ], [ 73.157727664970835, 22.622915394676781 ], [ 73.15760729749249, 22.631944571315628 ], [ 73.167333944247261, 22.632056041626743 ], [ 73.16745367713213, 22.623026815700012 ] ] ] } },
{ "type": "Feature", "properties": { "FeatureID": "462", "HA_Area": 100.0, "NE": 0.0, "NH": 0.0, "SH": 330.182, "MR": 0.0, "Norm_NE": 0.0, "Norm_NH": 0.0, "Norm_SH": 0.91210021045800005, "Norm_MR": 0.0, "Roads_Sum": 1.8242, "Roads_1_S_": 0.9121, "nor_roads": 0.21120393582, "Shape_Leng": 4000.0, "Shape_Area": 1000000.0 }, "geometry": { "type": "Polygon", "coordinates": [ [ [ 73.118209077920838, 22.667608596559916 ], [ 73.108480199349444, 22.667493977358717 ], [ 73.108356344727028, 22.676522849622053 ], [ 73.1180858594157, 22.676637519445602 ], [ 73.118209077920838, 22.667608596559916 ] ] ] } },
{ "type": "Feature", "properties": { "FeatureID": "463", "HA_Area": 100.0, "NE": 0.0, "NH": 0.0, "SH": 1786.02, "MR": 0.0, "Norm_NE": 0.0, "Norm_NH": 0.0, "Norm_SH": 0.30012715006500001, "Norm_MR": 0.0, "Roads_Sum": 0.600254, "Roads_1_S_": 0.300127, "nor_roads": 0.069496768313299997, "Shape_Leng": 4000.0, "Shape_Area": 1000000.0 }, "geometry": { "type": "Polygon", "coordinates": [ [ [ 73.19674984678602, 22.614328161275171 ], [ 73.187024287219828, 22.614218556031332 ], [ 73.186905883828729, 22.623247890497233 ], [ 73.196632077718803, 22.623357544241284 ], [ 73.19674984678602, 22.614328161275171 ] ] ] } },
{ "type": "Feature", "properties": { "FeatureID": "464", "HA_Area": 100.0, "NE": 0.0, "NH": 0.0, "SH": 0.0, "MR": 237.209, "Norm_NE": 0.0, "Norm_NH": 0.0, "Norm_SH": 0.0, "Norm_MR": 0.89712535337199995, "Roads_Sum": 0.897125, "Roads_1_S_": 0.897125, "nor_roads": 0.103868177056, "Shape_Leng": 4000.0, "Shape_Area": 1000000.0 }, "geometry": { "type": "Polygon", "coordinates": [ [ [ 73.294453817287206, 22.579272302591455 ], [ 73.28473020785421, 22.579168770147863 ], [ 73.28461837641818, 22.588198620598039 ], [ 73.294342619055598, 22.588302198913336 ], [ 73.294453817287206, 22.579272302591455 ] ] ] } },
{ "type": "Feature", "properties": { "FeatureID": "465", "HA_Area": 100.0, "NE": 0.0, "NH": 0.0, "SH": 1734.0, "MR": 0.0, "Norm_NE": 0.0, "Norm_NH": 0.0, "Norm_SH": 0.32199417804300001, "Norm_MR": 0.0, "Roads_Sum": 0.643988, "Roads_1_S_": 0.321994, "nor_roads": 0.074560245848900003, "Shape_Leng": 4000.0, "Shape_Area": 1000000.0 }, "geometry": { "type": "Polygon", "coordinates": [ [ [ 73.226042690720746, 22.605623906152665 ], [ 73.216317586435125, 22.605516115252833 ], [ 73.216201145336413, 22.614545605160966 ], [ 73.225926883675498, 22.61465344377347 ], [ 73.226042690720746, 22.605623906152665 ] ] ] } },
{ "type": "Feature", "properties": { "FeatureID": "466", "HA_Area": 100.0, "NE": 0.0, "NH": 0.0, "SH": 2065.77, "MR": 0.0, "Norm_NE": 0.0, "Norm_NH": 0.0, "Norm_SH": 0.18253201781, "Norm_MR": 0.0, "Roads_Sum": 0.365064, "Roads_1_S_": 0.182532, "nor_roads": 0.0422667202901, "Shape_Leng": 4000.0, "Shape_Area": 1000000.0 }, "geometry": { "type": "Polygon", "coordinates": [ [ [ 73.263922180970496, 22.687316330698437 ], [ 73.273653295543085, 22.687421596127216 ], [ 73.27376639119656, 22.678391909446507 ], [ 73.264035913346106, 22.678286690474945 ], [ 73.263922180970496, 22.687316330698437 ] ] ] } },
{ "type": "Feature", "properties": { "FeatureID": "467", "HA_Area": 100.0, "NE": 0.0, "NH": 0.0, "SH": 2405.67, "MR": 873.249, "Norm_NE": 0.0, "Norm_NH": 0.0, "Norm_SH": 0.039652396828400001, "Norm_MR": 0.146030342521, "Roads_Sum": 0.225335, "Roads_1_S_": 0.185683, "nor_roads": 0.0260890463755, "Shape_Leng": 4000.0, "Shape_Area": 1000000.0 }, "geometry": { "type": "Polygon", "coordinates": [ [ [ 73.322419635734875, 22.678909141978959 ], [ 73.31268887386679, 22.678806877162721 ], [ 73.312578325268987, 22.68783674706437 ], [ 73.322309723942297, 22.68793905703382 ], [ 73.322419635734875, 22.678909141978959 ] ] ] } },
{ "type": "Feature", "properties": { "FeatureID": "468", "HA_Area": 100.0, "NE": 0.0, "NH": 0.0, "SH": 0.0, "MR": 861.812, "Norm_NE": 0.0, "Norm_NH": 0.0, "Norm_SH": 0.0, "Norm_MR": 0.15953622598700001, "Roads_Sum": 0.159536, "Roads_1_S_": 0.159536, "nor_roads": 0.018470908526100002, "Shape_Leng": 4000.0, "Shape_Area": 1000000.0 }, "geometry": { "type": "Polygon", "coordinates": [ [ [ 73.351935929768132, 22.652122180306197 ], [ 73.342206909991503, 22.652021821228491 ], [ 73.342098437370367, 22.66105185781079 ], [ 73.351828093031116, 22.661152261242325 ], [ 73.351935929768132, 22.652122180306197 ] ] ] } },
{ "type": "Feature", "properties": { "FeatureID": "469", "HA_Area": 100.0, "NE": 0.0, "NH": 0.0, "SH": 0.0, "MR": 624.419, "Norm_NE": 0.0, "Norm_NH": 0.0, "Norm_SH": 0.0, "Norm_MR": 0.43987188926600002, "Roads_Sum": 0.439872, "Roads_1_S_": 0.439872, "nor_roads": 0.050927910979599998, "Shape_Leng": 4000.0, "Shape_Area": 1000000.0 }, "geometry": { "type": "Polygon", "coordinates": [ [ [ 73.332695995963192, 22.633860856100789 ], [ 73.322968357520992, 22.633759406534047 ], [ 73.322858724732967, 22.642789374967652 ], [ 73.332586998380918, 22.642890869398315 ], [ 73.332695995963192, 22.633860856100789 ] ] ] } },
{ "type": "Feature", "properties": { "FeatureID": "470", "HA_Area": 100.0, "NE": 0.0, "NH": 0.0, "SH": 2221.27, "MR": 0.0, "Norm_NE": 0.0, "Norm_NH": 0.0, "Norm_SH": 0.117166358952, "Norm_MR": 0.0, "Roads_Sum": 0.234333, "Roads_1_S_": 0.117166, "nor_roads": 0.027130824262799998, "Shape_Leng": 4000.0, "Shape_Area": 1000000.0 }, "geometry": { "type": "Polygon", "coordinates": [ [ [ 73.168170796186516, 22.568851234359528 ], [ 73.158448584814693, 22.568740108932833 ], [ 73.158328584397523, 22.577769350100105 ], [ 73.168051428428612, 22.577880524777331 ], [ 73.168170796186516, 22.568851234359528 ] ] ] } },
{ "type": "Feature", "properties": { "FeatureID": "471", "HA_Area": 100.0, "NE": 0.0, "NH": 0.0, "SH": 0.0, "MR": 153.03, "Norm_NE": 0.0, "Norm_NH": 0.0, "Norm_SH": 0.0, "Norm_MR": 0.996531719629, "Roads_Sum": 0.996532, "Roads_1_S_": 0.996532, "nor_roads": 0.11537741556800001, "Shape_Leng": 4000.0, "Shape_Area": 1000000.0 }, "geometry": { "type": "Polygon", "coordinates": [ [ [ 73.313681286155344, 22.597537567485301 ], [ 73.303956297004689, 22.597435120277261 ], [ 73.303845619346447, 22.606465040887755 ], [ 73.313571242379282, 22.606567533458076 ], [ 73.313681286155344, 22.597537567485301 ] ] ] } },
{ "type": "Feature", "properties": { "FeatureID": "472", "HA_Area": 100.0, "NE": 0.0, "NH": 0.0, "SH": 563.552, "MR": 720.08, "Norm_NE": 0.0, "Norm_NH": 0.0, "Norm_SH": 0.81400128127100002, "Norm_MR": 0.326906501535, "Roads_Sum": 1.95491, "Roads_1_S_": 1.14091, "nor_roads": 0.22633740098399999, "Shape_Leng": 4000.0, "Shape_Area": 1000000.0 }, "geometry": { "type": "Polygon", "coordinates": [ [ [ 73.275568119827696, 22.533915468130321 ], [ 73.265847785628182, 22.533810991674915 ], [ 73.265734975606833, 22.542840802962505 ], [ 73.275455941367156, 22.542945325781226 ], [ 73.275568119827696, 22.533915468130321 ] ] ] } },
{ "type": "Feature", "properties": { "FeatureID": "473", "HA_Area": 100.0, "NE": 0.0, "NH": 0.0, "SH": 2339.0, "MR": 0.0, "Norm_NE": 0.0, "Norm_NH": 0.0, "Norm_SH": 0.067677627499799997, "Norm_MR": 0.0, "Roads_Sum": 0.135355, "Roads_1_S_": 0.0676776, "nor_roads": 0.015671257151400001, "Shape_Leng": 4000.0, "Shape_Area": 1000000.0 }, "geometry": { "type": "Polygon", "coordinates": [ [ [ 73.206475466265729, 22.61443717765664 ], [ 73.19674984678602, 22.614328161275171 ], [ 73.196632077718803, 22.623357544241284 ], [ 73.20635833153986, 22.623466608862472 ], [ 73.206475466265729, 22.61443717765664 ] ] ] } },
{ "type": "Feature", "properties": { "FeatureID": "474", "HA_Area": 100.0, "NE": 0.0, "NH": 0.0, "SH": 0.0, "MR": 0.0, "Norm_NE": 0.0, "Norm_NH": 0.0, "Norm_SH": 0.0, "Norm_MR": 0.0, "Roads_Sum": 0.0, "Roads_1_S_": 0.0, "nor_roads": 0.0, "Shape_Leng": 4000.0, "Shape_Area": 1000000.0 }, "geometry": { "type": "Polygon", "coordinates": [ [ [ 73.119927571976234, 22.541202543092481 ], [ 73.110207565173596, 22.54108863193203 ], [ 73.110084589847588, 22.550117655253757 ], [ 73.119805228253938, 22.550231616947045 ], [ 73.119927571976234, 22.541202543092481 ] ] ] } },
{ "type": "Feature", "properties": { "FeatureID": "475", "HA_Area": 100.0, "NE": 0.0, "NH": 0.0, "SH": 2276.45, "MR": 550.943, "Norm_NE": 0.0, "Norm_NH": 0.0, "Norm_SH": 0.093971036845700004, "Norm_MR": 0.52663917568499996, "Roads_Sum": 0.714581, "Roads_1_S_": 0.62061, "nor_roads": 0.082733428092000003, "Shape_Leng": 4000.0, "Shape_Area": 1000000.0 }, "geometry": { "type": "Polygon", "coordinates": [ [ [ 73.314669161668689, 22.516267394565546 ], [ 73.304949862957244, 22.516165355360439 ], [ 73.304839691696799, 22.525195371813886 ], [ 73.314559621391439, 22.525297456329799 ], [ 73.314669161668689, 22.516267394565546 ] ] ] } },
{ "type": "Feature", "properties": { "FeatureID": "476", "HA_Area": 100.0, "NE": 0.0, "NH": 0.0, "SH": 320.859, "MR": 0.0, "Norm_NE": 0.0, "Norm_NH": 0.0, "Norm_SH": 0.91601920666299996, "Norm_MR": 0.0, "Roads_Sum": 1.83204, "Roads_1_S_": 0.916019, "nor_roads": 0.21211163318699999, "Shape_Leng": 4000.0, "Shape_Area": 1000000.0 }, "geometry": { "type": "Polygon", "coordinates": [ [ [ 73.216782758491362, 22.569398048459011 ], [ 73.207060246377836, 22.569289860759802 ], [ 73.20694340943318, 22.57831934557656 ], [ 73.216666554293582, 22.57842758122468 ], [ 73.216782758491362, 22.569398048459011 ] ] ] } },
{ "type": "Feature", "properties": { "FeatureID": "477", "HA_Area": 100.0, "NE": 0.0, "NH": 0.0, "SH": 0.0, "MR": 676.207, "Norm_NE": 0.0, "Norm_NH": 0.0, "Norm_SH": 0.0, "Norm_MR": 0.37871586161499998, "Roads_Sum": 0.378716, "Roads_1_S_": 0.378716, "nor_roads": 0.043847333935899999, "Shape_Leng": 4000.0, "Shape_Area": 1000000.0 }, "geometry": { "type": "Polygon", "coordinates": [ [ [ 73.178485837050914, 22.523814914349565 ], [ 73.168766723442744, 22.523704621297053 ], [ 73.168647659470338, 22.532733965360979 ], [ 73.178367404146215, 22.532844307372844 ], [ 73.178485837050914, 22.523814914349565 ] ] ] } },
{ "type": "Feature", "properties": { "FeatureID": "478", "HA_Area": 100.0, "NE": 0.0, "NH": 0.0, "SH": 754.57, "MR": 0.0, "Norm_NE": 0.0, "Norm_NH": 0.0, "Norm_SH": 0.73370534702699997, "Norm_MR": 0.0, "Roads_Sum": 1.46741, "Roads_1_S_": 0.733705, "nor_roads": 0.169895162253, "Shape_Leng": 4000.0, "Shape_Area": 1000000.0 }, "geometry": { "type": "Polygon", "coordinates": [ [ [ 73.16745367713213, 22.623026815700012 ], [ 73.177179750192309, 22.623137647645159 ], [ 73.177298787889697, 22.614108361939969 ], [ 73.167573349118157, 22.613997579016001 ], [ 73.16745367713213, 22.623026815700012 ] ] ] } },
{ "type": "Feature", "properties": { "FeatureID": "479", "HA_Area": 100.0, "NE": 0.0, "NH": 0.0, "SH": 1915.94, "MR": 0.0, "Norm_NE": 0.0, "Norm_NH": 0.0, "Norm_SH": 0.245514280019, "Norm_MR": 0.0, "Roads_Sum": 0.491029, "Roads_1_S_": 0.245514, "nor_roads": 0.056850813650700001, "Shape_Leng": 4000.0, "Shape_Area": 1000000.0 }, "geometry": { "type": "Polygon", "coordinates": [ [ [ 73.343288606242098, 22.56172086962032 ], [ 73.33356598252989, 22.561620366259771 ], [ 73.33345742792838, 22.570650464738659 ], [ 73.34318068428199, 22.570751012657389 ], [ 73.343288606242098, 22.56172086962032 ] ] ] } },
{ "type": "Feature", "properties": { "FeatureID": "480", "HA_Area": 100.0, "NE": 0.0, "NH": 0.0, "SH": 0.0, "MR": 0.0, "Norm_NE": 0.0, "Norm_NH": 0.0, "Norm_SH": 0.0, "Norm_MR": 0.0, "Roads_Sum": 0.0, "Roads_1_S_": 0.0, "nor_roads": 0.0, "Shape_Leng": 4000.0, "Shape_Area": 1000000.0 }, "geometry": { "type": "Polygon", "coordinates": [ [ [ 73.176702993463337, 22.659254682920295 ], [ 73.17658365270772, 22.668283914835186 ], [ 73.186312962716826, 22.668394401583395 ], [ 73.186431667552085, 22.65936512087692 ], [ 73.176702993463337, 22.659254682920295 ] ] ] } },
{ "type": "Feature", "properties": { "FeatureID": "481", "HA_Area": 100.0, "NE": 0.0, "NH": 0.0, "SH": 1654.51, "MR": 0.0, "Norm_NE": 0.0, "Norm_NH": 0.0, "Norm_SH": 0.355408426173, "Norm_MR": 0.0, "Roads_Sum": 0.710817, "Roads_1_S_": 0.355408, "nor_roads": 0.082297632326, "Shape_Leng": 4000.0, "Shape_Area": 1000000.0 }, "geometry": { "type": "Polygon", "coordinates": [ [ [ 73.168170796186516, 22.568851234359528 ], [ 73.168051428428612, 22.577880524777331 ], [ 73.177774333269866, 22.577991111678521 ], [ 73.177893068350784, 22.568961772270505 ], [ 73.168170796186516, 22.568851234359528 ] ] ] } },
{ "type": "Feature", "properties": { "FeatureID": "482", "HA_Area": 100.0, "NE": 0.0, "NH": 0.0, "SH": 0.0, "MR": 0.0, "Norm_NE": 0.0, "Norm_NH": 0.0, "Norm_SH": 0.0, "Norm_MR": 0.0, "Roads_Sum": 0.0, "Roads_1_S_": 0.0, "nor_roads": 0.0, "Shape_Leng": 4000.0, "Shape_Area": 1000000.0 }, "geometry": { "type": "Polygon", "coordinates": [ [ [ 73.234844827728438, 22.677967488886097 ], [ 73.244575131288769, 22.678074480180356 ], [ 73.244690078637873, 22.66904492292425 ], [ 73.234960411425433, 22.668937978863536 ], [ 73.234844827728438, 22.677967488886097 ] ] ] } },
{ "type": "Feature", "properties": { "FeatureID": "483", "HA_Area": 100.0, "NE": 0.0, "NH": 0.0, "SH": 1977.27, "MR": 683.5, "Norm_NE": 0.0, "Norm_NH": 0.0, "Norm_SH": 0.219733695038, "Norm_MR": 0.37010357609700001, "Roads_Sum": 0.809571, "Roads_1_S_": 0.589837, "nor_roads": 0.093731270797, "Shape_Leng": 4000.0, "Shape_Area": 1000000.0 }, "geometry": { "type": "Polygon", "coordinates": [ [ [ 73.312909802608175, 22.660747105297784 ], [ 73.303180369504673, 22.660644340433201 ], [ 73.303069297061981, 22.669674186305627 ], [ 73.312799366307701, 22.669776996572711 ], [ 73.312909802608175, 22.660747105297784 ] ] ] } },
{ "type": "Feature", "properties": { "FeatureID": "484", "HA_Area": 100.0, "NE": 0.0, "NH": 0.0, "SH": 1745.46, "MR": 0.0, "Norm_NE": 0.0, "Norm_NH": 0.0, "Norm_SH": 0.31717689252999998, "Norm_MR": 0.0, "Roads_Sum": 0.634354, "Roads_1_S_": 0.317177, "nor_roads": 0.073444829518700003, "Shape_Leng": 4000.0, "Shape_Area": 1000000.0 }, "geometry": { "type": "Polygon", "coordinates": [ [ [ 73.177179750192309, 22.623137647645159 ], [ 73.16745367713213, 22.623026815700012 ], [ 73.167333944247261, 22.632056041626743 ], [ 73.177060651918666, 22.632166922599286 ], [ 73.177179750192309, 22.623137647645159 ] ] ] } },
{ "type": "Feature", "properties": { "FeatureID": "485", "HA_Area": 100.0, "NE": 0.0, "NH": 0.0, "SH": 0.0, "MR": 0.0, "Norm_NE": 0.0, "Norm_NH": 0.0, "Norm_SH": 0.0, "Norm_MR": 0.0, "Roads_Sum": 0.0, "Roads_1_S_": 0.0, "nor_roads": 0.0, "Shape_Leng": 4000.0, "Shape_Area": 1000000.0 }, "geometry": { "type": "Polygon", "coordinates": [ [ [ 73.176702993463337, 22.659254682920295 ], [ 73.176822273571887, 22.650225440240355 ], [ 73.167094295709802, 22.65011446119442 ], [ 73.166974380021614, 22.659143654828341 ], [ 73.176702993463337, 22.659254682920295 ] ] ] } },
{ "type": "Feature", "properties": { "FeatureID": "486", "HA_Area": 100.0, "NE": 0.0, "NH": 0.0, "SH": 0.0, "MR": 0.0, "Norm_NE": 0.0, "Norm_NH": 0.0, "Norm_SH": 0.0, "Norm_MR": 0.0, "Roads_Sum": 0.0, "Roads_1_S_": 0.0, "nor_roads": 0.0, "Shape_Leng": 4000.0, "Shape_Area": 1000000.0 }, "geometry": { "type": "Polygon", "coordinates": [ [ [ 73.234844827728438, 22.677967488886097 ], [ 73.225114582911303, 22.677859906846493 ], [ 73.224998303817102, 22.686889358633369 ], [ 73.234729185288202, 22.68699698817327 ], [ 73.234844827728438, 22.677967488886097 ] ] ] } },
{ "type": "Feature", "properties": { "FeatureID": "487", "HA_Area": 100.0, "NE": 0.0, "NH": 0.0, "SH": 0.0, "MR": 718.299, "Norm_NE": 0.0, "Norm_NH": 0.0, "Norm_SH": 0.0, "Norm_MR": 0.32900967832400002, "Roads_Sum": 0.32901, "Roads_1_S_": 0.32901, "nor_roads": 0.038092428289800001, "Shape_Leng": 4000.0, "Shape_Area": 1000000.0 }, "geometry": { "type": "Polygon", "coordinates": [ [ [ 73.341881326648291, 22.679111898978764 ], [ 73.332150453436483, 22.67901081592224 ], [ 73.332041178465474, 22.688040775869482 ], [ 73.341772688515093, 22.688141903557561 ], [ 73.341881326648291, 22.679111898978764 ] ] ] } },
{ "type": "Feature", "properties": { "FeatureID": "488", "HA_Area": 100.0, "NE": 0.0, "NH": 0.0, "SH": 1550.32, "MR": 0.0, "Norm_NE": 0.0, "Norm_NH": 0.0, "Norm_SH": 0.39920554608100001, "Norm_MR": 0.0, "Roads_Sum": 0.798411, "Roads_1_S_": 0.399206, "nor_roads": 0.092439176031400005, "Shape_Leng": 4000.0, "Shape_Area": 1000000.0 }, "geometry": { "type": "Polygon", "coordinates": [ [ [ 73.13803248952739, 22.640748929240139 ], [ 73.128305392596417, 22.640635640928508 ], [ 73.128182997012445, 22.649664646565348 ], [ 73.137910729128407, 22.649777984959023 ], [ 73.13803248952739, 22.640748929240139 ] ] ] } },
{ "type": "Feature", "properties": { "FeatureID": "489", "HA_Area": 100.0, "NE": 0.0, "NH": 0.0, "SH": 0.0, "MR": 558.4, "Norm_NE": 0.0, "Norm_NH": 0.0, "Norm_SH": 0.0, "Norm_MR": 0.517833222037, "Roads_Sum": 0.517833, "Roads_1_S_": 0.517833, "nor_roads": 0.0599541522206, "Shape_Leng": 4000.0, "Shape_Area": 1000000.0 }, "geometry": { "type": "Polygon", "coordinates": [ [ [ 73.341881326648291, 22.679111898978764 ], [ 73.351612255046916, 22.679212391134836 ], [ 73.351720201462726, 22.670182331519687 ], [ 73.341989909594659, 22.670081883728695 ], [ 73.341881326648291, 22.679111898978764 ] ] ] } },
{ "type": "Feature", "properties": { "FeatureID": "490", "HA_Area": 100.0, "NE": 0.0, "NH": 0.0, "SH": 0.0, "MR": 232.503, "Norm_NE": 0.0, "Norm_NH": 0.0, "Norm_SH": 0.0, "Norm_MR": 0.90268262684699996, "Roads_Sum": 0.902683, "Roads_1_S_": 0.902683, "nor_roads": 0.104511677984, "Shape_Leng": 4000.0, "Shape_Area": 1000000.0 }, "geometry": { "type": "Polygon", "coordinates": [ [ [ 73.343072707327991, 22.579781145064473 ], [ 73.333348818010734, 22.579680552581937 ], [ 73.333240152760851, 22.58871062978616 ], [ 73.342964675364087, 22.588811266838125 ], [ 73.343072707327991, 22.579781145064473 ] ] ] } },
{ "type": "Feature", "properties": { "FeatureID": "491", "HA_Area": 100.0, "NE": 0.0, "NH": 0.0, "SH": 0.0, "MR": 0.0, "Norm_NE": 0.0, "Norm_NH": 0.0, "Norm_SH": 0.0, "Norm_MR": 0.0, "Roads_Sum": 0.0, "Roads_1_S_": 0.0, "nor_roads": 0.0, "Shape_Leng": 4000.0, "Shape_Area": 1000000.0 }, "geometry": { "type": "Polygon", "coordinates": [ [ [ 73.139246691843468, 22.550457779560464 ], [ 73.129525929026499, 22.550344991721065 ], [ 73.129404154881641, 22.559374105094037 ], [ 73.139125549660292, 22.55948694295223 ], [ 73.139246691843468, 22.550457779560464 ] ] ] } },
{ "type": "Feature", "properties": { "FeatureID": "492", "HA_Area": 100.0, "NE": 0.0, "NH": 0.0, "SH": 218.805, "MR": 0.0, "Norm_NE": 0.0, "Norm_NH": 0.0, "Norm_SH": 0.95891842211300005, "Norm_MR": 0.0, "Roads_Sum": 1.91784, "Roads_1_S_": 0.958918, "nor_roads": 0.22204547173, "Shape_Leng": 4000.0, "Shape_Area": 1000000.0 }, "geometry": { "type": "Polygon", "coordinates": [ [ [ 73.11796257828918, 22.685666431521412 ], [ 73.108232427160132, 22.685551711069071 ], [ 73.108108446630339, 22.694580561696267 ], [ 73.117839234522961, 22.694695332783816 ], [ 73.11796257828918, 22.685666431521412 ] ] ] } },
{ "type": "Feature", "properties": { "FeatureID": "493", "HA_Area": 100.0, "NE": 0.0, "NH": 0.0, "SH": 412.144, "MR": 0.0, "Norm_NE": 0.0, "Norm_NH": 0.0, "Norm_SH": 0.87764683104700003, "Norm_MR": 0.0, "Roads_Sum": 1.75529, "Roads_1_S_": 0.877647, "nor_roads": 0.203225609147, "Shape_Leng": 4000.0, "Shape_Area": 1000000.0 }, "geometry": { "type": "Polygon", "coordinates": [ [ [ 73.118455327140168, 22.649550718372929 ], [ 73.108727719834391, 22.649436200397197 ], [ 73.108603991045769, 22.658465094282594 ], [ 73.118332233822898, 22.658579662867851 ], [ 73.118455327140168, 22.649550718372929 ] ] ] } },
{ "type": "Feature", "properties": { "FeatureID": "494", "HA_Area": 100.0, "NE": 0.0, "NH": 0.0, "SH": 0.0, "MR": 202.837, "Norm_NE": 0.0, "Norm_NH": 0.0, "Norm_SH": 0.0, "Norm_MR": 0.93771498964300004, "Roads_Sum": 0.937715, "Roads_1_S_": 0.937715, "nor_roads": 0.108567642635, "Shape_Leng": 4000.0, "Shape_Area": 1000000.0 }, "geometry": { "type": "Polygon", "coordinates": [ [ [ 73.294564958897368, 22.570242395607686 ], [ 73.284841982346521, 22.570138909030007 ], [ 73.28473020785421, 22.579168770147863 ], [ 73.294453817287206, 22.579272302591455 ], [ 73.294564958897368, 22.570242395607686 ] ] ] } },
{ "type": "Feature", "properties": { "FeatureID": "495", "HA_Area": 100.0, "NE": 0.0, "NH": 0.0, "SH": 1168.47, "MR": 0.0, "Norm_NE": 0.0, "Norm_NH": 0.0, "Norm_SH": 0.55971921321499996, "Norm_MR": 0.0, "Roads_Sum": 1.11944, "Roads_1_S_": 0.559719, "nor_roads": 0.129607565476, "Shape_Leng": 4000.0, "Shape_Area": 1000000.0 }, "geometry": { "type": "Polygon", "coordinates": [ [ [ 73.216666554293582, 22.57842758122468 ], [ 73.20694340943318, 22.57831934557656 ], [ 73.206826512966984, 22.587348819678116 ], [ 73.216550290896436, 22.587457103281199 ], [ 73.216666554293582, 22.57842758122468 ] ] ] } },
{ "type": "Feature", "properties": { "FeatureID": "496", "HA_Area": 100.0, "NE": 0.0, "NH": 0.0, "SH": 2324.95, "MR": 0.0, "Norm_NE": 0.0, "Norm_NH": 0.0, "Norm_SH": 0.073583677008800003, "Norm_MR": 0.0, "Roads_Sum": 0.147167, "Roads_1_S_": 0.0735837, "nor_roads": 0.017038838092600001, "Shape_Leng": 4000.0, "Shape_Area": 1000000.0 }, "geometry": { "type": "Polygon", "coordinates": [ [ [ 73.29400868446703, 22.61539182387299 ], [ 73.284282540281751, 22.61528810790778 ], [ 73.284170480904791, 22.624317915652565 ], [ 73.293897259584512, 22.624421677512679 ], [ 73.29400868446703, 22.61539182387299 ] ] ] } },
{ "type": "Feature", "properties": { "FeatureID": "497", "HA_Area": 100.0, "NE": 0.0, "NH": 0.0, "SH": 868.479, "MR": 310.449, "Norm_NE": 0.0, "Norm_NH": 0.0, "Norm_SH": 0.68582279647099997, "Norm_MR": 0.810636766708, "Roads_Sum": 2.18228, "Roads_1_S_": 1.49646, "nor_roads": 0.25266206001199998, "Shape_Leng": 4000.0, "Shape_Area": 1000000.0 }, "geometry": { "type": "Polygon", "coordinates": [ [ [ 73.217014989357835, 22.551338950814191 ], [ 73.207293741771849, 22.551230858994646 ], [ 73.207177023818289, 22.560260365231333 ], [ 73.216898903507044, 22.560368504987693 ], [ 73.217014989357835, 22.551338950814191 ] ] ] } },
{ "type": "Feature", "properties": { "FeatureID": "498", "HA_Area": 100.0, "NE": 0.0, "NH": 0.0, "SH": 2094.72, "MR": 0.0, "Norm_NE": 0.0, "Norm_NH": 0.0, "Norm_SH": 0.17036267612299999, "Norm_MR": 0.0, "Roads_Sum": 0.340725, "Roads_1_S_": 0.170363, "nor_roads": 0.039448777914999997, "Shape_Leng": 4000.0, "Shape_Area": 1000000.0 }, "geometry": { "type": "Polygon", "coordinates": [ [ [ 73.138883080054342, 22.577545237477835 ], [ 73.129160420386455, 22.577432299563139 ], [ 73.12903846, 22.586461380652235 ], [ 73.138761752595556, 22.586574368604659 ], [ 73.138883080054342, 22.577545237477835 ] ] ] } },
{ "type": "Feature", "properties": { "FeatureID": "499", "HA_Area": 100.0, "NE": 0.0, "NH": 0.0, "SH": 0.0, "MR": 0.0, "Norm_NE": 0.0, "Norm_NH": 0.0, "Norm_SH": 0.0, "Norm_MR": 0.0, "Roads_Sum": 0.0, "Roads_1_S_": 0.0, "nor_roads": 0.0, "Shape_Leng": 4000.0, "Shape_Area": 1000000.0 }, "geometry": { "type": "Polygon", "coordinates": [ [ [ 73.119682822165444, 22.559260680041024 ], [ 73.109961551833592, 22.559146667808534 ], [ 73.109838451113347, 22.568175669592808 ], [ 73.119560353692577, 22.568289732370879 ], [ 73.119682822165444, 22.559260680041024 ] ] ] } },
{ "type": "Feature", "properties": { "FeatureID": "500", "HA_Area": 100.0, "NE": 0.0, "NH": 0.0, "SH": 976.043, "MR": 0.0, "Norm_NE": 0.0, "Norm_NH": 0.0, "Norm_SH": 0.64060740469499999, "Norm_MR": 0.0, "Roads_Sum": 1.28121, "Roads_1_S_": 0.640607, "nor_roads": 0.148337122067, "Shape_Leng": 4000.0, "Shape_Area": 1000000.0 }, "geometry": { "type": "Polygon", "coordinates": [ [ [ 73.265960538145023, 22.524781169725319 ], [ 73.256240892672324, 22.524676153267013 ], [ 73.256127508933176, 22.533705928598923 ], [ 73.265847785628182, 22.533810991674915 ], [ 73.265960538145023, 22.524781169725319 ] ] ] } }
]
}
