{
"type": "FeatureCollection",
"name": "output",
"crs": { "type": "name", "properties": { "name": "urn:ogc:def:crs:OGC:1.3:CRS84" } },
"features": [
{ "type": "Feature", "properties": { "FeatureID": "1", "HA_Area": 100.0, "SUM_gamtal": 0.0, "Gamtal_Per": 0.0, "N_Gamtal": 0.0, "oneminus": 1.0 }, "geometry": { "type": "Polygon", "coordinates": [ [ [ 73.19674984678602, 22.614328161275171 ], [ 73.206475466265729, 22.61443717765664 ], [ 73.206592541400624, 22.605407735721645 ], [ 73.196867555939718, 22.605298767573796 ], [ 73.19674984678602, 22.614328161275171 ] ] ] } },
{ "type": "Feature", "properties": { "FeatureID": "2", "HA_Area": 100.0, "SUM_gamtal": 0.0, "Gamtal_Per": 0.0, "N_Gamtal": 0.0, "oneminus": 1.0 }, "geometry": { "type": "Polygon", "coordinates": [ [ [ 73.206475466265729, 22.61443717765664 ], [ 73.19674984678602, 22.614328161275171 ], [ 73.196632077718803, 22.623357544241284 ], [ 73.20635833153986, 22.623466608862472 ], [ 73.206475466265729, 22.61443717765664 ] ] ] } },
{ "type": "Feature", "properties": { "FeatureID": "3", "HA_Area": 100.0, "SUM_gamtal": 12.0985013201, "Gamtal_Per": 12.0985013201, "N_Gamtal": 0.120985013201, "oneminus": 0.87901498679900003 }, "geometry": { "type": "Polygon", "coordinates": [ [ [ 73.28473020785421, 22.579168770147863 ], [ 73.275006655364948, 22.579064649753796 ], [ 73.27489419074108, 22.588094454071832 ], [ 73.28461837641818, 22.588198620598039 ], [ 73.28473020785421, 22.579168770147863 ] ] ] } },
{ "type": "Feature", "properties": { "FeatureID": "4", "HA_Area": 100.0, "SUM_gamtal": 1.2116174800699999, "Gamtal_Per": 1.2116174800699999, "N_Gamtal": 0.0121161748007, "oneminus": 0.98788382519899998 }, "geometry": { "type": "Polygon", "coordinates": [ [ [ 73.157968216280977, 22.604857009112084 ], [ 73.148243533524649, 22.604745098103859 ], [ 73.148122654540856, 22.613774246730351 ], [ 73.15784797122771, 22.613886207274433 ], [ 73.157968216280977, 22.604857009112084 ] ] ] } },
{ "type": "Feature", "properties": { "FeatureID": "5", "HA_Area": 100.0, "SUM_gamtal": 1.02844835371, "Gamtal_Per": 1.02844835371, "N_Gamtal": 0.0102844835371, "oneminus": 0.98971551646300004 }, "geometry": { "type": "Polygon", "coordinates": [ [ [ 73.353118519579141, 22.552790587512551 ], [ 73.343396473224331, 22.552690715956714 ], [ 73.343288606242098, 22.56172086962032 ], [ 73.35301128493218, 22.561820785468335 ], [ 73.353118519579141, 22.552790587512551 ] ] ] } },
{ "type": "Feature", "properties": { "FeatureID": "6", "HA_Area": 100.0, "SUM_gamtal": 36.536881967100001, "Gamtal_Per": 36.536881967100001, "N_Gamtal": 0.36536881967099999, "oneminus": 0.63463118032900001 }, "geometry": { "type": "Polygon", "coordinates": [ [ [ 73.167094295709802, 22.65011446119442 ], [ 73.157366378799935, 22.650002892288793 ], [ 73.157245827549943, 22.659032036616086 ], [ 73.166974380021614, 22.659143654828341 ], [ 73.167094295709802, 22.65011446119442 ] ] ] } },
{ "type": "Feature", "properties": { "FeatureID": "7", "HA_Area": 100.0, "SUM_gamtal": 0.0, "Gamtal_Per": 0.0, "N_Gamtal": 0.0, "oneminus": 1.0 }, "geometry": { "type": "Polygon", "coordinates": [ [ [ 73.322858724732967, 22.642789374967652 ], [ 73.313130506853312, 22.642687290706974 ], [ 73.31302018278457, 22.651717203341391 ], [ 73.322749036176646, 22.651819332732366 ], [ 73.322858724732967, 22.642789374967652 ] ] ] } },
{ "type": "Feature", "properties": { "FeatureID": "8", "HA_Area": 100.0, "SUM_gamtal": 26.6573420068, "Gamtal_Per": 26.6573420068, "N_Gamtal": 0.266573420068, "oneminus": 0.733426579932 }, "geometry": { "type": "Polygon", "coordinates": [ [ [ 73.177655537700943, 22.587020440352987 ], [ 73.167931999860556, 22.586909804455392 ], [ 73.167812510464614, 22.595939073390184 ], [ 73.177536681626364, 22.596049758290384 ], [ 73.177655537700943, 22.587020440352987 ] ] ] } },
{ "type": "Feature", "properties": { "FeatureID": "9", "HA_Area": 100.0, "SUM_gamtal": 0.0, "Gamtal_Per": 0.0, "N_Gamtal": 0.0, "oneminus": 1.0 }, "geometry": { "type": "Polygon", "coordinates": [ [ [ 73.168528534776186, 22.541763298702698 ], [ 73.158808219450378, 22.541652320990323 ], [ 73.158688402323349, 22.550681594374435 ], [ 73.16840934934261, 22.550792621318703 ], [ 73.168528534776186, 22.541763298702698 ] ] ] } },
{ "type": "Feature", "properties": { "FeatureID": "10", "HA_Area": 100.0, "SUM_gamtal": 0.0, "Gamtal_Per": 0.0, "N_Gamtal": 0.0, "oneminus": 1.0 }, "geometry": { "type": "Polygon", "coordinates": [ [ [ 73.207643538884255, 22.524142276070215 ], [ 73.197924245093276, 22.524033741750952 ], [ 73.197807074376499, 22.533063231912461 ], [ 73.207526999287552, 22.533171814410586 ], [ 73.207643538884255, 22.524142276070215 ] ] ] } },
{ "type": "Feature", "properties": { "FeatureID": "11", "HA_Area": 100.0, "SUM_gamtal": 0.0, "Gamtal_Per": 0.0, "N_Gamtal": 0.0, "oneminus": 1.0 }, "geometry": { "type": "Polygon", "coordinates": [ [ [ 73.332259672897308, 22.66998084529806 ], [ 73.322529491693899, 22.669879216241473 ], [ 73.322419635734875, 22.678909141978959 ], [ 73.332150453436483, 22.67901081592224 ], [ 73.332259672897308, 22.66998084529806 ] ] ] } },
{ "type": "Feature", "properties": { "FeatureID": "12", "HA_Area": 100.0, "SUM_gamtal": 58.692344448900002, "Gamtal_Per": 58.692344448900002, "N_Gamtal": 0.58692344448900002, "oneminus": 0.41307655551099998 }, "geometry": { "type": "Polygon", "coordinates": [ [ [ 73.324388516243104, 22.516368847600621 ], [ 73.314669161668689, 22.516267394565546 ], [ 73.314559621391439, 22.525297456329799 ], [ 73.324279606965291, 22.525398954415451 ], [ 73.324388516243104, 22.516368847600621 ] ] ] } },
{ "type": "Feature", "properties": { "FeatureID": "13", "HA_Area": 100.0, "SUM_gamtal": 0.0, "Gamtal_Per": 0.0, "N_Gamtal": 0.0, "oneminus": 1.0 }, "geometry": { "type": "Polygon", "coordinates": [ [ [ 73.129404154881641, 22.559374105094037 ], [ 73.119682822165444, 22.559260680041024 ], [ 73.119560353692577, 22.568289732370879 ], [ 73.129282318674299, 22.568403207709238 ], [ 73.129404154881641, 22.559374105094037 ] ] ] } },
{ "type": "Feature", "properties": { "FeatureID": "14", "HA_Area": 100.0, "SUM_gamtal": 18.174980797300002, "Gamtal_Per": 18.174980797300002, "N_Gamtal": 0.181749807973, "oneminus": 0.818250192027 }, "geometry": { "type": "Polygon", "coordinates": [ [ [ 73.147759648361102, 22.640861627998216 ], [ 73.13803248952739, 22.640748929240139 ], [ 73.137910729128407, 22.649777984959023 ], [ 73.147638523165185, 22.649890733538601 ], [ 73.147759648361102, 22.640861627998216 ] ] ] } },
{ "type": "Feature", "properties": { "FeatureID": "15", "HA_Area": 100.0, "SUM_gamtal": 0.0, "Gamtal_Per": 0.0, "N_Gamtal": 0.0, "oneminus": 1.0 }, "geometry": { "type": "Polygon", "coordinates": [ [ [ 73.119069855594134, 22.604405833978653 ], [ 73.109345420804701, 22.604291568954455 ], [ 73.109222006279197, 22.613320516833358 ], [ 73.118947074926822, 22.613434832435061 ], [ 73.119069855594134, 22.604405833978653 ] ] ] } },
{ "type": "Feature", "properties": { "FeatureID": "16", "HA_Area": 100.0, "SUM_gamtal": 31.847740114099999, "Gamtal_Per": 31.847740114099999, "N_Gamtal": 0.31847740114099998, "oneminus": 0.68152259885900002 }, "geometry": { "type": "Polygon", "coordinates": [ [ [ 73.187969347324284, 22.541983493907523 ], [ 73.178248910841404, 22.541873689680077 ], [ 73.178130357118945, 22.550903061267778 ], [ 73.187851425330535, 22.551012914206687 ], [ 73.187969347324284, 22.541983493907523 ] ] ] } },
{ "type": "Feature", "properties": { "FeatureID": "17", "HA_Area": 100.0, "SUM_gamtal": 0.173279501123, "Gamtal_Per": 0.173279501123, "N_Gamtal": 0.0017327950112300001, "oneminus": 0.99826720498900001 }, "geometry": { "type": "Polygon", "coordinates": [ [ [ 73.148605801498718, 22.577657587661893 ], [ 73.138883080054342, 22.577545237477835 ], [ 73.138761752595556, 22.586574368604659 ], [ 73.148485106985646, 22.586686768566121 ], [ 73.148605801498718, 22.577657587661893 ] ] ] } },
{ "type": "Feature", "properties": { "FeatureID": "18", "HA_Area": 100.0, "SUM_gamtal": 0.0, "Gamtal_Per": 0.0, "N_Gamtal": 0.0, "oneminus": 1.0 }, "geometry": { "type": "Polygon", "coordinates": [ [ [ 73.207643538884255, 22.524142276070215 ], [ 73.217362892092964, 22.524250224115573 ], [ 73.217478741456233, 22.515220627168311 ], [ 73.207760019063244, 22.515112727035604 ], [ 73.207643538884255, 22.524142276070215 ] ] ] } },
{ "type": "Feature", "properties": { "FeatureID": "19", "HA_Area": 100.0, "SUM_gamtal": 25.646768575399999, "Gamtal_Per": 25.646768575399999, "N_Gamtal": 0.25646768575399997, "oneminus": 0.74353231424599997 }, "geometry": { "type": "Polygon", "coordinates": [ [ [ 73.147396087961411, 22.667948912274948 ], [ 73.137667022549849, 22.667836064033445 ], [ 73.137545076334078, 22.676865087381952 ], [ 73.147274777917545, 22.676977985463907 ], [ 73.147396087961411, 22.667948912274948 ] ] ] } },
{ "type": "Feature", "properties": { "FeatureID": "20", "HA_Area": 100.0, "SUM_gamtal": 24.1648340592, "Gamtal_Per": 24.1648340592, "N_Gamtal": 0.24164834059199999, "oneminus": 0.75835165940799998 }, "geometry": { "type": "Polygon", "coordinates": [ [ [ 73.188087209222147, 22.532954062894952 ], [ 73.178367404146215, 22.532844307372844 ], [ 73.178248910841404, 22.541873689680077 ], [ 73.187969347324284, 22.541983493907523 ], [ 73.188087209222147, 22.532954062894952 ] ] ] } },
{ "type": "Feature", "properties": { "FeatureID": "21", "HA_Area": 100.0, "SUM_gamtal": 11.4993088502, "Gamtal_Per": 11.4993088502, "N_Gamtal": 0.114993088502, "oneminus": 0.88500691149800004 }, "geometry": { "type": "Polygon", "coordinates": [ [ [ 73.186194197539876, 22.67742367152751 ], [ 73.176464251287342, 22.677313135981517 ], [ 73.176344789184441, 22.686342346355808 ], [ 73.1860753720036, 22.686452930705769 ], [ 73.186194197539876, 22.67742367152751 ] ] ] } },
{ "type": "Feature", "properties": { "FeatureID": "22", "HA_Area": 100.0, "SUM_gamtal": 0.0, "Gamtal_Per": 0.0, "N_Gamtal": 0.0, "oneminus": 1.0 }, "geometry": { "type": "Polygon", "coordinates": [ [ [ 73.235422159124383, 22.63281983148886 ], [ 73.225695092730291, 22.632712486860417 ], [ 73.225579108795912, 22.641741992319613 ], [ 73.235306810228678, 22.641849384418258 ], [ 73.235422159124383, 22.63281983148886 ] ] ] } },
{ "type": "Feature", "properties": { "FeatureID": "23", "HA_Area": 100.0, "SUM_gamtal": 0.0, "Gamtal_Per": 0.0, "N_Gamtal": 0.0, "oneminus": 1.0 }, "geometry": { "type": "Polygon", "coordinates": [ [ [ 73.139488791059946, 22.532399420536624 ], [ 73.139367772304027, 22.541428605420748 ], [ 73.149087965185743, 22.541540756557975 ], [ 73.149208352605555, 22.53251152192782 ], [ 73.139488791059946, 22.532399420536624 ] ] ] } },
{ "type": "Feature", "properties": { "FeatureID": "24", "HA_Area": 100.0, "SUM_gamtal": 21.123039703, "Gamtal_Per": 21.123039703, "N_Gamtal": 0.21123039703, "oneminus": 0.78876960296999998 }, "geometry": { "type": "Polygon", "coordinates": [ [ [ 73.283496926497165, 22.678496537615199 ], [ 73.27376639119656, 22.678391909446507 ], [ 73.273653295543085, 22.687421596127216 ], [ 73.283384467582621, 22.687526270492349 ], [ 73.283496926497165, 22.678496537615199 ] ] ] } },
{ "type": "Feature", "properties": { "FeatureID": "25", "HA_Area": 100.0, "SUM_gamtal": 34.6789048216, "Gamtal_Per": 34.6789048216, "N_Gamtal": 0.34678904821599998, "oneminus": 0.65321095178400002 }, "geometry": { "type": "Polygon", "coordinates": [ [ [ 73.2837216729624, 22.660437039747112 ], [ 73.273992410169868, 22.660332503953704 ], [ 73.273879429399884, 22.669362212054182 ], [ 73.283609328284854, 22.669466794032303 ], [ 73.2837216729624, 22.660437039747112 ] ] ] } },
{ "type": "Feature", "properties": { "FeatureID": "26", "HA_Area": 100.0, "SUM_gamtal": 0.0, "Gamtal_Per": 0.0, "N_Gamtal": 0.0, "oneminus": 1.0 }, "geometry": { "type": "Polygon", "coordinates": [ [ [ 73.265960538145023, 22.524781169725319 ], [ 73.256240892672324, 22.524676153267013 ], [ 73.256127508933176, 22.533705928598923 ], [ 73.265847785628182, 22.533810991674915 ], [ 73.265960538145023, 22.524781169725319 ] ] ] } },
{ "type": "Feature", "properties": { "FeatureID": "27", "HA_Area": 100.0, "SUM_gamtal": 11.0492825214, "Gamtal_Per": 11.0492825214, "N_Gamtal": 0.110492825214, "oneminus": 0.88950717478600005 }, "geometry": { "type": "Polygon", "coordinates": [ [ [ 73.225346963917502, 22.659800971051968 ], [ 73.215618050470638, 22.659692893785536 ], [ 73.215501253501827, 22.668722319302834 ], [ 73.225230802939009, 22.668830444318203 ], [ 73.225346963917502, 22.659800971051968 ] ] ] } },
{ "type": "Feature", "properties": { "FeatureID": "28", "HA_Area": 100.0, "SUM_gamtal": 18.501557418699999, "Gamtal_Per": 18.501557418699999, "N_Gamtal": 0.18501557418699999, "oneminus": 0.81498442581300001 }, "geometry": { "type": "Polygon", "coordinates": [ [ [ 73.342640249252582, 22.615901568324077 ], [ 73.332913824856504, 22.615800797530017 ], [ 73.332804938116325, 22.624830832143545 ], [ 73.342531997088642, 22.624931647529575 ], [ 73.342640249252582, 22.615901568324077 ] ] ] } },
{ "type": "Feature", "properties": { "FeatureID": "29", "HA_Area": 100.0, "SUM_gamtal": 18.2427743097, "Gamtal_Per": 18.2427743097, "N_Gamtal": 0.18242774309699999, "oneminus": 0.81757225690299995 }, "geometry": { "type": "Polygon", "coordinates": [ [ [ 73.332695995963192, 22.633860856100789 ], [ 73.322968357520992, 22.633759406534047 ], [ 73.322858724732967, 22.642789374967652 ], [ 73.332586998380918, 22.642890869398315 ], [ 73.332695995963192, 22.633860856100789 ] ] ] } },
{ "type": "Feature", "properties": { "FeatureID": "30", "HA_Area": 100.0, "SUM_gamtal": 72.886173552700001, "Gamtal_Per": 72.886173552700001, "N_Gamtal": 0.72886173552699995, "oneminus": 0.27113826447299999 }, "geometry": { "type": "Polygon", "coordinates": [ [ [ 73.139488791059946, 22.532399420536624 ], [ 73.129769291201029, 22.532286732715885 ], [ 73.129647641126951, 22.541315867593834 ], [ 73.139367772304027, 22.541428605420748 ], [ 73.139488791059946, 22.532399420536624 ] ] ] } },
{ "type": "Feature", "properties": { "FeatureID": "31", "HA_Area": 100.0, "SUM_gamtal": 0.0, "Gamtal_Per": 0.0, "N_Gamtal": 0.0, "oneminus": 1.0 }, "geometry": { "type": "Polygon", "coordinates": [ [ [ 73.246293216971765, 22.542629996696771 ], [ 73.236572424740743, 22.542523713278282 ], [ 73.236457661650888, 22.55155337323124 ], [ 73.246179085714104, 22.551659703799722 ], [ 73.246293216971765, 22.542629996696771 ] ] ] } },
{ "type": "Feature", "properties": { "FeatureID": "32", "HA_Area": 100.0, "SUM_gamtal": 0.0, "Gamtal_Per": 0.0, "N_Gamtal": 0.0, "oneminus": 1.0 }, "geometry": { "type": "Polygon", "coordinates": [ [ [ 73.129769291201029, 22.532286732715885 ], [ 73.139488791059946, 22.532399420536624 ], [ 73.13960974812916, 22.523370224911581 ], [ 73.129890879266782, 22.523257587090733 ], [ 73.129769291201029, 22.532286732715885 ] ] ] } },
{ "type": "Feature", "properties": { "FeatureID": "33", "HA_Area": 100.0, "SUM_gamtal": 1.9132352346799999, "Gamtal_Per": 1.9132352346799999, "N_Gamtal": 0.0191323523468, "oneminus": 0.98086764765300005 }, "geometry": { "type": "Polygon", "coordinates": [ [ [ 73.264943693924792, 22.606049183147775 ], [ 73.255218355859569, 22.605943746918513 ], [ 73.255104451077457, 22.614973426114368 ], [ 73.264830423264343, 22.615078909014304 ], [ 73.264943693924792, 22.606049183147775 ] ] ] } },
{ "type": "Feature", "properties": { "FeatureID": "34", "HA_Area": 100.0, "SUM_gamtal": 11.7521290477, "Gamtal_Per": 11.7521290477, "N_Gamtal": 0.117521290477, "oneminus": 0.882478709523 }, "geometry": { "type": "Polygon", "coordinates": [ [ [ 73.26437676389989, 22.651197705513287 ], [ 73.254648251999271, 22.651092035871574 ], [ 73.254534057157628, 22.660121661536969 ], [ 73.26426320479392, 22.660227377878904 ], [ 73.26437676389989, 22.651197705513287 ] ] ] } },
{ "type": "Feature", "properties": { "FeatureID": "35", "HA_Area": 100.0, "SUM_gamtal": 24.3553269865, "Gamtal_Per": 24.3553269865, "N_Gamtal": 0.243553269865, "oneminus": 0.75644673013499997 }, "geometry": { "type": "Polygon", "coordinates": [ [ [ 73.148726434557389, 22.568628396005455 ], [ 73.139004345736581, 22.568516095592525 ], [ 73.138883080054342, 22.577545237477835 ], [ 73.148605801498718, 22.577657587661893 ], [ 73.148726434557389, 22.568628396005455 ] ] ] } },
{ "type": "Feature", "properties": { "FeatureID": "36", "HA_Area": 100.0, "SUM_gamtal": 0.0, "Gamtal_Per": 0.0, "N_Gamtal": 0.0, "oneminus": 1.0 }, "geometry": { "type": "Polygon", "coordinates": [ [ [ 73.295008959453099, 22.534122661122865 ], [ 73.285288511209927, 22.534019357950992 ], [ 73.285176964326837, 22.54304926170494 ], [ 73.294898044163972, 22.543152610719602 ], [ 73.295008959453099, 22.534122661122865 ] ] ] } },
{ "type": "Feature", "properties": { "FeatureID": "37", "HA_Area": 100.0, "SUM_gamtal": 0.0, "Gamtal_Per": 0.0, "N_Gamtal": 0.0, "oneminus": 1.0 }, "geometry": { "type": "Polygon", "coordinates": [ [ [ 73.303845619346447, 22.606465040887755 ], [ 73.294120052662009, 22.60636195955756 ], [ 73.29400868446703, 22.61539182387299 ], [ 73.303734885339807, 22.615494950831746 ], [ 73.303845619346447, 22.606465040887755 ] ] ] } },
{ "type": "Feature", "properties": { "FeatureID": "38", "HA_Area": 100.0, "SUM_gamtal": 0.0, "Gamtal_Per": 0.0, "N_Gamtal": 0.0, "oneminus": 1.0 }, "geometry": { "type": "Polygon", "coordinates": [ [ [ 73.118701326093472, 22.631492796988585 ], [ 73.108974988762029, 22.631378380212677 ], [ 73.108851385733701, 22.640407295706062 ], [ 73.118578357890925, 22.640521763078674 ], [ 73.118701326093472, 22.631492796988585 ] ] ] } },
{ "type": "Feature", "properties": { "FeatureID": "39", "HA_Area": 100.0, "SUM_gamtal": 0.0, "Gamtal_Per": 0.0, "N_Gamtal": 0.0, "oneminus": 1.0 }, "geometry": { "type": "Polygon", "coordinates": [ [ [ 73.24503457033606, 22.641956186814262 ], [ 73.235306810228678, 22.641849384418258 ], [ 73.235191402658387, 22.650878926626135 ], [ 73.244919798144437, 22.650985776237725 ], [ 73.24503457033606, 22.641956186814262 ] ] ] } },
{ "type": "Feature", "properties": { "FeatureID": "40", "HA_Area": 100.0, "SUM_gamtal": 28.735798681799999, "Gamtal_Per": 28.735798681799999, "N_Gamtal": 0.28735798681800001, "oneminus": 0.71264201318200004 }, "geometry": { "type": "Polygon", "coordinates": [ [ [ 73.216550290896436, 22.587457103281199 ], [ 73.206826512966984, 22.587348819678116 ], [ 73.206709556961926, 22.596378283060975 ], [ 73.216433968282715, 22.596486614625078 ], [ 73.216550290896436, 22.587457103281199 ] ] ] } },
{ "type": "Feature", "properties": { "FeatureID": "41", "HA_Area": 100.0, "SUM_gamtal": 0.0, "Gamtal_Per": 0.0, "N_Gamtal": 0.0, "oneminus": 1.0 }, "geometry": { "type": "Polygon", "coordinates": [ [ [ 73.246064896274561, 22.560689400221928 ], [ 73.236342840057205, 22.560583022497507 ], [ 73.236227959942667, 22.569612661073595 ], [ 73.24595064863621, 22.569719085959903 ], [ 73.246064896274561, 22.560689400221928 ] ] ] } },
{ "type": "Feature", "properties": { "FeatureID": "42", "HA_Area": 100.0, "SUM_gamtal": 0.0, "Gamtal_Per": 0.0, "N_Gamtal": 0.0, "oneminus": 1.0 }, "geometry": { "type": "Polygon", "coordinates": [ [ [ 73.274331008047525, 22.633243315437959 ], [ 73.264603708960294, 22.633138328664149 ], [ 73.264490265283058, 22.642168022440554 ], [ 73.27421819947692, 22.642273055642139 ], [ 73.274331008047525, 22.633243315437959 ] ] ] } },
{ "type": "Feature", "properties": { "FeatureID": "43", "HA_Area": 100.0, "SUM_gamtal": 4.90769358935, "Gamtal_Per": 4.90769358935, "N_Gamtal": 0.049076935893499998, "oneminus": 0.95092306410600003 }, "geometry": { "type": "Polygon", "coordinates": [ [ [ 73.147638523165185, 22.649890733538601 ], [ 73.137910729128407, 22.649777984959023 ], [ 73.137788906808581, 22.658807029891296 ], [ 73.14751733637128, 22.658919828298671 ], [ 73.147638523165185, 22.649890733538601 ] ] ] } },
{ "type": "Feature", "properties": { "FeatureID": "44", "HA_Area": 100.0, "SUM_gamtal": 0.0, "Gamtal_Per": 0.0, "N_Gamtal": 0.0, "oneminus": 1.0 }, "geometry": { "type": "Polygon", "coordinates": [ [ [ 73.322749036176646, 22.651819332732366 ], [ 73.31302018278457, 22.651717203341391 ], [ 73.312909802608175, 22.660747105297784 ], [ 73.322639291835728, 22.660849279824792 ], [ 73.322749036176646, 22.651819332732366 ] ] ] } },
{ "type": "Feature", "properties": { "FeatureID": "45", "HA_Area": 100.0, "SUM_gamtal": 9.2665049608499999, "Gamtal_Per": 9.2665049608499999, "N_Gamtal": 0.0926650496085, "oneminus": 0.90733495039199996 }, "geometry": { "type": "Polygon", "coordinates": [ [ [ 73.245263939681109, 22.623896975824241 ], [ 73.245378536868628, 22.614867354264664 ], [ 73.235652680960456, 22.614760693479539 ], [ 73.235537449362596, 22.623790267841475 ], [ 73.245263939681109, 22.623896975824241 ] ] ] } },
{ "type": "Feature", "properties": { "FeatureID": "46", "HA_Area": 100.0, "SUM_gamtal": 0.042747437009699997, "Gamtal_Per": 0.042747437009699997, "N_Gamtal": 0.00042747437009699998, "oneminus": 0.99957252563 }, "geometry": { "type": "Polygon", "coordinates": [ [ [ 73.20635833153986, 22.623466608862472 ], [ 73.196632077718803, 22.623357544241284 ], [ 73.196514248720575, 22.632386916468633 ], [ 73.206241137205637, 22.632496029335641 ], [ 73.20635833153986, 22.623466608862472 ] ] ] } },
{ "type": "Feature", "properties": { "FeatureID": "47", "HA_Area": 100.0, "SUM_gamtal": 53.4262472315, "Gamtal_Per": 53.4262472315, "N_Gamtal": 0.53426247231500001, "oneminus": 0.46573752768499999 }, "geometry": { "type": "Polygon", "coordinates": [ [ [ 73.166614267065569, 22.686231171088473 ], [ 73.156883805970224, 22.686119404918834 ], [ 73.156763009440638, 22.695148506115036 ], [ 73.166494107390264, 22.69526032161632 ], [ 73.166614267065569, 22.686231171088473 ] ] ] } },
{ "type": "Feature", "properties": { "FeatureID": "48", "HA_Area": 100.0, "SUM_gamtal": 8.0649847119799993, "Gamtal_Per": 8.0649847119799993, "N_Gamtal": 0.0806498471198, "oneminus": 0.91935015288 }, "geometry": { "type": "Polygon", "coordinates": [ [ [ 73.245607556358692, 22.596808079033696 ], [ 73.2358829683035, 22.596701512625994 ], [ 73.235767853935059, 22.605731108406562 ], [ 73.245493075755476, 22.605837722 ], [ 73.245607556358692, 22.596808079033696 ] ] ] } },
{ "type": "Feature", "properties": { "FeatureID": "49", "HA_Area": 100.0, "SUM_gamtal": 0.0, "Gamtal_Per": 0.0, "N_Gamtal": 0.0, "oneminus": 1.0 }, "geometry": { "type": "Polygon", "coordinates": [ [ [ 73.197807074376499, 22.533063231912461 ], [ 73.188087209222147, 22.532954062894952 ], [ 73.187969347324284, 22.541983493907523 ], [ 73.197689843903021, 22.542092711370167 ], [ 73.197807074376499, 22.533063231912461 ] ] ] } },
{ "type": "Feature", "properties": { "FeatureID": "50", "HA_Area": 100.0, "SUM_gamtal": 20.924798001700001, "Gamtal_Per": 20.924798001700001, "N_Gamtal": 0.20924798001700001, "oneminus": 0.79075201998300004 }, "geometry": { "type": "Polygon", "coordinates": [ [ [ 73.128060539184816, 22.658693641409229 ], [ 73.118332233822898, 22.658579662867851 ], [ 73.118209077920838, 22.667608596559916 ], [ 73.127938019095325, 22.667722625456644 ], [ 73.128060539184816, 22.658693641409229 ] ] ] } },
{ "type": "Feature", "properties": { "FeatureID": "51", "HA_Area": 100.0, "SUM_gamtal": 26.254922882199999, "Gamtal_Per": 26.254922882199999, "N_Gamtal": 0.26254922882199999, "oneminus": 0.73745077117799995 }, "geometry": { "type": "Polygon", "coordinates": [ [ [ 73.139730643529575, 22.514341018549164 ], [ 73.130012405342214, 22.5142284307219 ], [ 73.129890879266782, 22.523257587090733 ], [ 73.13960974812916, 22.523370224911581 ], [ 73.139730643529575, 22.514341018549164 ] ] ] } },
{ "type": "Feature", "properties": { "FeatureID": "52", "HA_Area": 100.0, "SUM_gamtal": 0.0, "Gamtal_Per": 0.0, "N_Gamtal": 0.0, "oneminus": 1.0 }, "geometry": { "type": "Polygon", "coordinates": [ [ [ 73.284282540281751, 22.61528810790778 ], [ 73.274556453106641, 22.615183802950181 ], [ 73.274443759251838, 22.624213564539495 ], [ 73.284170480904791, 22.624317915652565 ], [ 73.284282540281751, 22.61528810790778 ] ] ] } },
{ "type": "Feature", "properties": { "FeatureID": "53", "HA_Area": 100.0, "SUM_gamtal": 0.0, "Gamtal_Per": 0.0, "N_Gamtal": 0.0, "oneminus": 1.0 }, "geometry": { "type": "Polygon", "coordinates": [ [ [ 73.245263939681109, 22.623896975824241 ], [ 73.245149284175923, 22.632926586675261 ], [ 73.25487646756217, 22.633032752405153 ], [ 73.254990488317304, 22.624003094611073 ], [ 73.245263939681109, 22.623896975824241 ] ] ] } },
{ "type": "Feature", "properties": { "FeatureID": "54", "HA_Area": 100.0, "SUM_gamtal": 0.0, "Gamtal_Per": 0.0, "N_Gamtal": 0.0, "oneminus": 1.0 }, "geometry": { "type": "Polygon", "coordinates": [ [ [ 73.332150453436483, 22.67901081592224 ], [ 73.322419635734875, 22.678909141978959 ], [ 73.322309723942297, 22.68793905703382 ], [ 73.332041178465474, 22.688040775869482 ], [ 73.332150453436483, 22.67901081592224 ] ] ] } },
{ "type": "Feature", "properties": { "FeatureID": "55", "HA_Area": 100.0, "SUM_gamtal": 14.780048799599999, "Gamtal_Per": 14.780048799599999, "N_Gamtal": 0.14780048799600001, "oneminus": 0.85219951200400001 }, "geometry": { "type": "Polygon", "coordinates": [ [ [ 73.33356598252989, 22.561620366259771 ], [ 73.343288606242098, 22.56172086962032 ], [ 73.343396473224331, 22.552690715956714 ], [ 73.333674481831395, 22.552590257148719 ], [ 73.33356598252989, 22.561620366259771 ] ] ] } },
{ "type": "Feature", "properties": { "FeatureID": "56", "HA_Area": 100.0, "SUM_gamtal": 0.0, "Gamtal_Per": 0.0, "N_Gamtal": 0.0, "oneminus": 1.0 }, "geometry": { "type": "Polygon", "coordinates": [ [ [ 73.343288606242098, 22.56172086962032 ], [ 73.33356598252989, 22.561620366259771 ], [ 73.33345742792838, 22.570650464738659 ], [ 73.34318068428199, 22.570751012657389 ], [ 73.343288606242098, 22.56172086962032 ] ] ] } },
{ "type": "Feature", "properties": { "FeatureID": "57", "HA_Area": 100.0, "SUM_gamtal": 49.370524139799997, "Gamtal_Per": 49.370524139799997, "N_Gamtal": 0.49370524139799998, "oneminus": 0.50629475860200002 }, "geometry": { "type": "Polygon", "coordinates": [ [ [ 73.167812510464614, 22.595939073390184 ], [ 73.158088400148472, 22.595827800193245 ], [ 73.157968216280977, 22.604857009112084 ], [ 73.167692960223064, 22.604968331578227 ], [ 73.167812510464614, 22.595939073390184 ] ] ] } },
{ "type": "Feature", "properties": { "FeatureID": "58", "HA_Area": 100.0, "SUM_gamtal": 0.0, "Gamtal_Per": 0.0, "N_Gamtal": 0.0, "oneminus": 1.0 }, "geometry": { "type": "Polygon", "coordinates": [ [ [ 73.227082304397754, 22.524357585872426 ], [ 73.217362892092964, 22.524250224115573 ], [ 73.217246983633586, 22.533279810374637 ], [ 73.226967027092911, 22.533387219789997 ], [ 73.227082304397754, 22.524357585872426 ] ] ] } },
{ "type": "Feature", "properties": { "FeatureID": "59", "HA_Area": 100.0, "SUM_gamtal": 1.3059423025900001, "Gamtal_Per": 1.3059423025900001, "N_Gamtal": 0.0130594230259, "oneminus": 0.98694057697399995 }, "geometry": { "type": "Polygon", "coordinates": [ [ [ 73.274669089628645, 22.60615403067349 ], [ 73.264943693924792, 22.606049183147775 ], [ 73.264830423264343, 22.615078909014304 ], [ 73.274556453106641, 22.615183802950181 ], [ 73.274669089628645, 22.60615403067349 ] ] ] } },
{ "type": "Feature", "properties": { "FeatureID": "60", "HA_Area": 100.0, "SUM_gamtal": 0.0, "Gamtal_Per": 0.0, "N_Gamtal": 0.0, "oneminus": 1.0 }, "geometry": { "type": "Polygon", "coordinates": [ [ [ 73.13803248952739, 22.640748929240139 ], [ 73.128305392596417, 22.640635640928508 ], [ 73.128182997012445, 22.649664646565348 ], [ 73.137910729128407, 22.649777984959023 ], [ 73.13803248952739, 22.640748929240139 ] ] ] } },
{ "type": "Feature", "properties": { "FeatureID": "61", "HA_Area": 100.0, "SUM_gamtal": 0.0, "Gamtal_Per": 0.0, "N_Gamtal": 0.0, "oneminus": 1.0 }, "geometry": { "type": "Polygon", "coordinates": [ [ [ 73.265734975606833, 22.542840802962505 ], [ 73.256014067367744, 22.542735693262944 ], [ 73.255900567959216, 22.551765447255622 ], [ 73.26562210806425, 22.551870603584629 ], [ 73.265734975606833, 22.542840802962505 ] ] ] } },
{ "type": "Feature", "properties": { "FeatureID": "62", "HA_Area": 100.0, "SUM_gamtal": 4.4119651083500004, "Gamtal_Per": 4.4119651083500004, "N_Gamtal": 0.044119651083500001, "oneminus": 0.95588034891600004 }, "geometry": { "type": "Polygon", "coordinates": [ [ [ 73.293450992848378, 22.660540985244975 ], [ 73.2837216729624, 22.660437039747112 ], [ 73.283609328284854, 22.669466794032303 ], [ 73.293339284279952, 22.669570785454155 ], [ 73.293450992848378, 22.660540985244975 ] ] ] } },
{ "type": "Feature", "properties": { "FeatureID": "63", "HA_Area": 100.0, "SUM_gamtal": 25.561945371, "Gamtal_Per": 25.561945371, "N_Gamtal": 0.25561945371, "oneminus": 0.74438054628999994 }, "geometry": { "type": "Polygon", "coordinates": [ [ [ 73.342423689834547, 22.633961716084436 ], [ 73.332695995963192, 22.633860856100789 ], [ 73.332586998380918, 22.642890869398315 ], [ 73.342315327474196, 22.642991773985237 ], [ 73.342423689834547, 22.633961716084436 ] ] ] } },
{ "type": "Feature", "properties": { "FeatureID": "64", "HA_Area": 100.0, "SUM_gamtal": 0.0, "Gamtal_Per": 0.0, "N_Gamtal": 0.0, "oneminus": 1.0 }, "geometry": { "type": "Polygon", "coordinates": [ [ [ 73.273653295543085, 22.687421596127216 ], [ 73.263922180970496, 22.687316330698437 ], [ 73.263808390804542, 22.696345960200965 ], [ 73.273540142422647, 22.696451272092869 ], [ 73.273653295543085, 22.687421596127216 ] ] ] } },
{ "type": "Feature", "properties": { "FeatureID": "65", "HA_Area": 100.0, "SUM_gamtal": 46.934768459200001, "Gamtal_Per": 46.934768459200001, "N_Gamtal": 0.46934768459199999, "oneminus": 0.53065231540799995 }, "geometry": { "type": "Polygon", "coordinates": [ [ [ 73.13803248952739, 22.640748929240139 ], [ 73.147759648361102, 22.640861627998216 ], [ 73.147880711977052, 22.631832511681033 ], [ 73.13815418802362, 22.631719862738141 ], [ 73.13803248952739, 22.640748929240139 ] ] ] } },
{ "type": "Feature", "properties": { "FeatureID": "66", "HA_Area": 100.0, "SUM_gamtal": 0.0, "Gamtal_Per": 0.0, "N_Gamtal": 0.0, "oneminus": 1.0 }, "geometry": { "type": "Polygon", "coordinates": [ [ [ 73.129525929026499, 22.550344991721065 ], [ 73.119805228253938, 22.550231616947045 ], [ 73.119682822165444, 22.559260680041024 ], [ 73.129404154881641, 22.559374105094037 ], [ 73.129525929026499, 22.550344991721065 ] ] ] } },
{ "type": "Feature", "properties": { "FeatureID": "67", "HA_Area": 100.0, "SUM_gamtal": 0.0, "Gamtal_Per": 0.0, "N_Gamtal": 0.0, "oneminus": 1.0 }, "geometry": { "type": "Polygon", "coordinates": [ [ [ 73.304398444481933, 22.561315331239328 ], [ 73.294676043902555, 22.561212477965476 ], [ 73.294564958897368, 22.570242395607686 ], [ 73.304287992053176, 22.570345294481285 ], [ 73.304398444481933, 22.561315331239328 ] ] ] } },
{ "type": "Feature", "properties": { "FeatureID": "68", "HA_Area": 100.0, "SUM_gamtal": 31.6741745657, "Gamtal_Per": 31.6741745657, "N_Gamtal": 0.31674174565699997, "oneminus": 0.68325825434300003 }, "geometry": { "type": "Polygon", "coordinates": [ [ [ 73.332150453436483, 22.67901081592224 ], [ 73.332041178465474, 22.688040775869482 ], [ 73.341772688515093, 22.688141903557561 ], [ 73.341881326648291, 22.679111898978764 ], [ 73.332150453436483, 22.67901081592224 ] ] ] } },
{ "type": "Feature", "properties": { "FeatureID": "69", "HA_Area": 100.0, "SUM_gamtal": 0.0, "Gamtal_Per": 0.0, "N_Gamtal": 0.0, "oneminus": 1.0 }, "geometry": { "type": "Polygon", "coordinates": [ [ [ 73.167812510464614, 22.595939073390184 ], [ 73.167692960223064, 22.604968331578227 ], [ 73.177417765028494, 22.605079065487207 ], [ 73.177536681626364, 22.596049758290384 ], [ 73.167812510464614, 22.595939073390184 ] ] ] } },
{ "type": "Feature", "properties": { "FeatureID": "70", "HA_Area": 100.0, "SUM_gamtal": 0.0, "Gamtal_Per": 0.0, "N_Gamtal": 0.0, "oneminus": 1.0 }, "geometry": { "type": "Polygon", "coordinates": [ [ [ 73.195806015199736, 22.686562924123375 ], [ 73.1860753720036, 22.686452930705769 ], [ 73.185956486090319, 22.695482179114695 ], [ 73.195687766194027, 22.695592221081711 ], [ 73.195806015199736, 22.686562924123375 ] ] ] } },
{ "type": "Feature", "properties": { "FeatureID": "71", "HA_Area": 100.0, "SUM_gamtal": 0.0, "Gamtal_Per": 0.0, "N_Gamtal": 0.0, "oneminus": 1.0 }, "geometry": { "type": "Polygon", "coordinates": [ [ [ 73.148122654540856, 22.613774246730351 ], [ 73.138397399380111, 22.613661697398925 ], [ 73.138275824635173, 22.622690785456573 ], [ 73.148001714030983, 22.622803384590583 ], [ 73.148122654540856, 22.613774246730351 ] ] ] } },
{ "type": "Feature", "properties": { "FeatureID": "72", "HA_Area": 100.0, "SUM_gamtal": 0.0, "Gamtal_Per": 0.0, "N_Gamtal": 0.0, "oneminus": 1.0 }, "geometry": { "type": "Polygon", "coordinates": [ [ [ 73.149448943367801, 22.514453020467094 ], [ 73.139730643529575, 22.514341018549164 ], [ 73.13960974812916, 22.523370224911581 ], [ 73.149328678660297, 22.523482276563012 ], [ 73.149448943367801, 22.514453020467094 ] ] ] } },
{ "type": "Feature", "properties": { "FeatureID": "73", "HA_Area": 100.0, "SUM_gamtal": 42.230028711899998, "Gamtal_Per": 42.230028711899998, "N_Gamtal": 0.42230028711899997, "oneminus": 0.57769971288099997 }, "geometry": { "type": "Polygon", "coordinates": [ [ [ 73.197337793768511, 22.569181085485482 ], [ 73.187615400985464, 22.569071722650783 ], [ 73.187497298599169, 22.578101110788712 ], [ 73.197220324094317, 22.578210522092991 ], [ 73.197337793768511, 22.569181085485482 ] ] ] } },
{ "type": "Feature", "properties": { "FeatureID": "74", "HA_Area": 100.0, "SUM_gamtal": 0.0, "Gamtal_Per": 0.0, "N_Gamtal": 0.0, "oneminus": 1.0 }, "geometry": { "type": "Polygon", "coordinates": [ [ [ 73.225811017684421, 22.623682970677216 ], [ 73.216084644969285, 22.623575084346012 ], [ 73.215968085316462, 22.632604552804469 ], [ 73.225695092730291, 22.632712486860417 ], [ 73.225811017684421, 22.623682970677216 ] ] ] } },
{ "type": "Feature", "properties": { "FeatureID": "75", "HA_Area": 100.0, "SUM_gamtal": 0.0, "Gamtal_Per": 0.0, "N_Gamtal": 0.0, "oneminus": 1.0 }, "geometry": { "type": "Polygon", "coordinates": [ [ [ 73.148847006179523, 22.559599193600313 ], [ 73.158568524117371, 22.559710857023106 ], [ 73.158688402323349, 22.550681594374435 ], [ 73.148967516383024, 22.550569980449982 ], [ 73.148847006179523, 22.559599193600313 ] ] ] } },
{ "type": "Feature", "properties": { "FeatureID": "76", "HA_Area": 100.0, "SUM_gamtal": 3.0874223320700001, "Gamtal_Per": 3.0874223320700001, "N_Gamtal": 0.030874223320700001, "oneminus": 0.96912577667900002 }, "geometry": { "type": "Polygon", "coordinates": [ [ [ 73.128182997012445, 22.649664646565348 ], [ 73.118455327140168, 22.649550718372929 ], [ 73.118332233822898, 22.658579662867851 ], [ 73.128060539184816, 22.658693641409229 ], [ 73.128182997012445, 22.649664646565348 ] ] ] } },
{ "type": "Feature", "properties": { "FeatureID": "77", "HA_Area": 100.0, "SUM_gamtal": 3.1993921319699998, "Gamtal_Per": 3.1993921319699998, "N_Gamtal": 0.031993921319699997, "oneminus": 0.96800607868 }, "geometry": { "type": "Polygon", "coordinates": [ [ [ 73.31302018278457, 22.651717203341391 ], [ 73.30329138550016, 22.651614483873558 ], [ 73.303180369504673, 22.660644340433201 ], [ 73.312909802608175, 22.660747105297784 ], [ 73.31302018278457, 22.651717203341391 ] ] ] } },
{ "type": "Feature", "properties": { "FeatureID": "78", "HA_Area": 100.0, "SUM_gamtal": 64.784848179199997, "Gamtal_Per": 64.784848179199997, "N_Gamtal": 0.64784848179200005, "oneminus": 0.352151518208 }, "geometry": { "type": "Polygon", "coordinates": [ [ [ 73.196514248720575, 22.632386916468633 ], [ 73.186787420184018, 22.632277214218227 ], [ 73.18666889626806, 22.641306527190853 ], [ 73.196396359773857, 22.641416277953752 ], [ 73.196514248720575, 22.632386916468633 ] ] ] } },
{ "type": "Feature", "properties": { "FeatureID": "79", "HA_Area": 100.0, "SUM_gamtal": 2.6840390543299999, "Gamtal_Per": 2.6840390543299999, "N_Gamtal": 0.026840390543300001, "oneminus": 0.97315960945699997 }, "geometry": { "type": "Polygon", "coordinates": [ [ [ 73.176941493051075, 22.641196186798862 ], [ 73.167214150445744, 22.641085256792728 ], [ 73.167094295709802, 22.65011446119442 ], [ 73.176822273571887, 22.650225440240355 ], [ 73.176941493051075, 22.641196186798862 ] ] ] } },
{ "type": "Feature", "properties": { "FeatureID": "80", "HA_Area": 100.0, "SUM_gamtal": 0.0, "Gamtal_Per": 0.0, "N_Gamtal": 0.0, "oneminus": 1.0 }, "geometry": { "type": "Polygon", "coordinates": [ [ [ 73.158568524117371, 22.559710857023106 ], [ 73.148847006179523, 22.559599193600313 ], [ 73.148726434557389, 22.568628396005455 ], [ 73.158448584814693, 22.568740108932833 ], [ 73.158568524117371, 22.559710857023106 ] ] ] } },
{ "type": "Feature", "properties": { "FeatureID": "81", "HA_Area": 100.0, "SUM_gamtal": 1.8823792942699999, "Gamtal_Per": 1.8823792942699999, "N_Gamtal": 0.0188237929427, "oneminus": 0.98117620705700004 }, "geometry": { "type": "Polygon", "coordinates": [ [ [ 73.216898903507044, 22.560368504987693 ], [ 73.207177023818289, 22.560260365231333 ], [ 73.207060246377836, 22.569289860759802 ], [ 73.216782758491362, 22.569398048459011 ], [ 73.216898903507044, 22.560368504987693 ] ] ] } },
{ "type": "Feature", "properties": { "FeatureID": "82", "HA_Area": 100.0, "SUM_gamtal": 0.082709442568900005, "Gamtal_Per": 0.082709442568900005, "N_Gamtal": 0.00082709442568900001, "oneminus": 0.99917290557399996 }, "geometry": { "type": "Polygon", "coordinates": [ [ [ 73.313350986733369, 22.624627433417864 ], [ 73.303624094968299, 22.624524850105768 ], [ 73.303513248215495, 22.63355473870638 ], [ 73.313240774830803, 22.633657367397973 ], [ 73.313350986733369, 22.624627433417864 ] ] ] } },
{ "type": "Feature", "properties": { "FeatureID": "83", "HA_Area": 100.0, "SUM_gamtal": 18.738266640100001, "Gamtal_Per": 18.738266640100001, "N_Gamtal": 0.18738266640099999, "oneminus": 0.81261733359900001 }, "geometry": { "type": "Polygon", "coordinates": [ [ [ 73.352366728722757, 22.616001750042628 ], [ 73.342640249252582, 22.615901568324077 ], [ 73.342531997088642, 22.624931647529575 ], [ 73.352259111151113, 22.625031873579502 ], [ 73.352366728722757, 22.616001750042628 ] ] ] } },
{ "type": "Feature", "properties": { "FeatureID": "84", "HA_Area": 100.0, "SUM_gamtal": 0.0, "Gamtal_Per": 0.0, "N_Gamtal": 0.0, "oneminus": 1.0 }, "geometry": { "type": "Polygon", "coordinates": [ [ [ 73.275343705707257, 22.551975172772497 ], [ 73.26562210806425, 22.551870603584629 ], [ 73.265509182983678, 22.560900393537789 ], [ 73.27523141283136, 22.561005009100665 ], [ 73.275343705707257, 22.551975172772497 ] ] ] } },
{ "type": "Feature", "properties": { "FeatureID": "85", "HA_Area": 100.0, "SUM_gamtal": 0.0, "Gamtal_Per": 0.0, "N_Gamtal": 0.0, "oneminus": 1.0 }, "geometry": { "type": "Polygon", "coordinates": [ [ [ 73.178130357118945, 22.550903061267778 ], [ 73.16840934934261, 22.550792621318703 ], [ 73.168290103151932, 22.559821933205487 ], [ 73.178011742961274, 22.55993242213242 ], [ 73.178130357118945, 22.550903061267778 ] ] ] } },
{ "type": "Feature", "properties": { "FeatureID": "86", "HA_Area": 100.0, "SUM_gamtal": 8.1408315992800002, "Gamtal_Per": 8.1408315992800002, "N_Gamtal": 0.081408315992800004, "oneminus": 0.91859168400699998 }, "geometry": { "type": "Polygon", "coordinates": [ [ [ 73.138640363342276, 22.595603488969452 ], [ 73.128916437496812, 22.595490450972985 ], [ 73.128794352858833, 22.604519510521872 ], [ 73.138518912276467, 22.604632598568713 ], [ 73.138640363342276, 22.595603488969452 ] ] ] } },
{ "type": "Feature", "properties": { "FeatureID": "87", "HA_Area": 100.0, "SUM_gamtal": 0.0, "Gamtal_Per": 0.0, "N_Gamtal": 0.0, "oneminus": 1.0 }, "geometry": { "type": "Polygon", "coordinates": [ [ [ 73.313791273921879, 22.588507590855201 ], [ 73.30406691833096, 22.588405189003716 ], [ 73.303956297004689, 22.597435120277261 ], [ 73.313681286155344, 22.597537567485301 ], [ 73.313791273921879, 22.588507590855201 ] ] ] } },
{ "type": "Feature", "properties": { "FeatureID": "88", "HA_Area": 100.0, "SUM_gamtal": 0.88396101513600001, "Gamtal_Per": 0.88396101513600001, "N_Gamtal": 0.0088396101513600004, "oneminus": 0.99116038984900001 }, "geometry": { "type": "Polygon", "coordinates": [ [ [ 73.236227959942667, 22.569612661073595 ], [ 73.226505329787003, 22.569505648568466 ], [ 73.226389758353321, 22.578535229022691 ], [ 73.236113021290237, 22.578642288956022 ], [ 73.236227959942667, 22.569612661073595 ] ] ] } },
{ "type": "Feature", "properties": { "FeatureID": "89", "HA_Area": 100.0, "SUM_gamtal": 0.0, "Gamtal_Per": 0.0, "N_Gamtal": 0.0, "oneminus": 1.0 }, "geometry": { "type": "Polygon", "coordinates": [ [ [ 73.256014067367744, 22.542735693262944 ], [ 73.246293216971765, 22.542629996696771 ], [ 73.246179085714104, 22.551659703799722 ], [ 73.255900567959216, 22.551765447255622 ], [ 73.256014067367744, 22.542735693262944 ] ] ] } },
{ "type": "Feature", "properties": { "FeatureID": "90", "HA_Area": 100.0, "SUM_gamtal": 34.705808652999998, "Gamtal_Per": 34.705808652999998, "N_Gamtal": 0.34705808652999998, "oneminus": 0.65294191346999997 }, "geometry": { "type": "Polygon", "coordinates": [ [ [ 73.128305392596417, 22.640635640928508 ], [ 73.118578357890925, 22.640521763078674 ], [ 73.118455327140168, 22.649550718372929 ], [ 73.128182997012445, 22.649664646565348 ], [ 73.128305392596417, 22.640635640928508 ] ] ] } },
{ "type": "Feature", "properties": { "FeatureID": "91", "HA_Area": 100.0, "SUM_gamtal": 14.1686905858, "Gamtal_Per": 14.1686905858, "N_Gamtal": 0.14168690585800001, "oneminus": 0.85831309414199997 }, "geometry": { "type": "Polygon", "coordinates": [ [ [ 73.303513248215495, 22.63355473870638 ], [ 73.293785777997954, 22.633451520473177 ], [ 73.293674239690787, 22.642481352751048 ], [ 73.303402345064939, 22.642584616630138 ], [ 73.303513248215495, 22.63355473870638 ] ] ] } },
{ "type": "Feature", "properties": { "FeatureID": "92", "HA_Area": 100.0, "SUM_gamtal": 37.885150199900004, "Gamtal_Per": 37.885150199900004, "N_Gamtal": 0.37885150199899997, "oneminus": 0.62114849800100003 }, "geometry": { "type": "Polygon", "coordinates": [ [ [ 73.274556453106641, 22.615183802950181 ], [ 73.264830423264343, 22.615078909014304 ], [ 73.264717094948452, 22.624108624187585 ], [ 73.274443759251838, 22.624213564539495 ], [ 73.274556453106641, 22.615183802950181 ] ] ] } },
{ "type": "Feature", "properties": { "FeatureID": "93", "HA_Area": 100.0, "SUM_gamtal": 29.576158671599998, "Gamtal_Per": 29.576158671599998, "N_Gamtal": 0.295761586716, "oneminus": 0.70423841328400005 }, "geometry": { "type": "Polygon", "coordinates": [ [ [ 73.264490265283058, 22.642168022440554 ], [ 73.254762388795143, 22.642062399493156 ], [ 73.254648251999271, 22.651092035871574 ], [ 73.26437676389989, 22.651197705513287 ], [ 73.264490265283058, 22.642168022440554 ] ] ] } },
{ "type": "Feature", "properties": { "FeatureID": "94", "HA_Area": 100.0, "SUM_gamtal": 33.762016651700002, "Gamtal_Per": 33.762016651700002, "N_Gamtal": 0.337620166517, "oneminus": 0.662379833483 }, "geometry": { "type": "Polygon", "coordinates": [ [ [ 73.312578325268987, 22.68783674706437 ], [ 73.302846982768983, 22.687733845974993 ], [ 73.302735740885637, 22.69676365976505 ], [ 73.312467720497864, 22.69686660627422 ], [ 73.312578325268987, 22.68783674706437 ] ] ] } },
{ "type": "Feature", "properties": { "FeatureID": "95", "HA_Area": 100.0, "SUM_gamtal": 0.0, "Gamtal_Per": 0.0, "N_Gamtal": 0.0, "oneminus": 1.0 }, "geometry": { "type": "Polygon", "coordinates": [ [ [ 73.323843414117718, 22.561519275400276 ], [ 73.314120901327684, 22.561417597055542 ], [ 73.314011081491756, 22.570447605636872 ], [ 73.323734226890892, 22.570549329060579 ], [ 73.323843414117718, 22.561519275400276 ] ] ] } },
{ "type": "Feature", "properties": { "FeatureID": "96", "HA_Area": 100.0, "SUM_gamtal": 0.0, "Gamtal_Per": 0.0, "N_Gamtal": 0.0, "oneminus": 1.0 }, "geometry": { "type": "Polygon", "coordinates": [ [ [ 73.157245827549943, 22.659032036616086 ], [ 73.14751733637128, 22.658919828298671 ], [ 73.147396087961411, 22.667948912274948 ], [ 73.157125215006943, 22.668061170165867 ], [ 73.157245827549943, 22.659032036616086 ] ] ] } },
{ "type": "Feature", "properties": { "FeatureID": "97", "HA_Area": 100.0, "SUM_gamtal": 3.5237907662399999, "Gamtal_Per": 3.5237907662399999, "N_Gamtal": 0.035237907662400002, "oneminus": 0.96476209233800003 }, "geometry": { "type": "Polygon", "coordinates": [ [ [ 73.352259111151113, 22.625031873579502 ], [ 73.342531997088642, 22.624931647529575 ], [ 73.342423689834547, 22.633961716084436 ], [ 73.352151438812129, 22.634061986471341 ], [ 73.352259111151113, 22.625031873579502 ] ] ] } },
{ "type": "Feature", "properties": { "FeatureID": "98", "HA_Area": 100.0, "SUM_gamtal": 0.0, "Gamtal_Per": 0.0, "N_Gamtal": 0.0, "oneminus": 1.0 }, "geometry": { "type": "Polygon", "coordinates": [ [ [ 73.215968085316462, 22.632604552804469 ], [ 73.206241137205637, 22.632496029335641 ], [ 73.206123883245667, 22.641525439072691 ], [ 73.215851466360618, 22.641634010532883 ], [ 73.215968085316462, 22.632604552804469 ] ] ] } },
{ "type": "Feature", "properties": { "FeatureID": "99", "HA_Area": 100.0, "SUM_gamtal": 0.0, "Gamtal_Per": 0.0, "N_Gamtal": 0.0, "oneminus": 1.0 }, "geometry": { "type": "Polygon", "coordinates": [ [ [ 73.187024287219828, 22.614218556031332 ], [ 73.177298787889697, 22.614108361939969 ], [ 73.177179750192309, 22.623137647645159 ], [ 73.186905883828729, 22.623247890497233 ], [ 73.187024287219828, 22.614218556031332 ] ] ] } },
{ "type": "Feature", "properties": { "FeatureID": "100", "HA_Area": 100.0, "SUM_gamtal": 0.0, "Gamtal_Per": 0.0, "N_Gamtal": 0.0, "oneminus": 1.0 }, "geometry": { "type": "Polygon", "coordinates": [ [ [ 73.24583634278207, 22.578748761010175 ], [ 73.236113021290237, 22.578642288956022 ], [ 73.235998024082875, 22.587671906141324 ], [ 73.245721978695229, 22.587778425369272 ], [ 73.24583634278207, 22.578748761010175 ] ] ] } },
{ "type": "Feature", "properties": { "FeatureID": "101", "HA_Area": 100.0, "SUM_gamtal": 0.0, "Gamtal_Per": 0.0, "N_Gamtal": 0.0, "oneminus": 1.0 }, "geometry": { "type": "Polygon", "coordinates": [ [ [ 73.187024287219828, 22.614218556031332 ], [ 73.186905883828729, 22.623247890497233 ], [ 73.196632077718803, 22.623357544241284 ], [ 73.19674984678602, 22.614328161275171 ], [ 73.187024287219828, 22.614218556031332 ] ] ] } },
{ "type": "Feature", "properties": { "FeatureID": "102", "HA_Area": 100.0, "SUM_gamtal": 3.916001291, "Gamtal_Per": 3.916001291, "N_Gamtal": 0.03916001291, "oneminus": 0.96083998708999996 }, "geometry": { "type": "Polygon", "coordinates": [ [ [ 73.215618050470638, 22.659692893785536 ], [ 73.205889196378763, 22.65958422632438 ], [ 73.205771763436985, 22.668613603832075 ], [ 73.215501253501827, 22.668722319302834 ], [ 73.215618050470638, 22.659692893785536 ] ] ] } },
{ "type": "Feature", "properties": { "FeatureID": "103", "HA_Area": 100.0, "SUM_gamtal": 0.0, "Gamtal_Per": 0.0, "N_Gamtal": 0.0, "oneminus": 1.0 }, "geometry": { "type": "Polygon", "coordinates": [ [ [ 73.332477945353304, 22.651920872032658 ], [ 73.322749036176646, 22.651819332732366 ], [ 73.322639291835728, 22.660849279824792 ], [ 73.332368836864177, 22.660950864000384 ], [ 73.332477945353304, 22.651920872032658 ] ] ] } },
{ "type": "Feature", "properties": { "FeatureID": "104", "HA_Area": 100.0, "SUM_gamtal": 26.336717829400001, "Gamtal_Per": 26.336717829400001, "N_Gamtal": 0.26336717829400003, "oneminus": 0.73663282170599997 }, "geometry": { "type": "Polygon", "coordinates": [ [ [ 73.254534057157628, 22.660121661536969 ], [ 73.244804967584074, 22.660015354942221 ], [ 73.244690078637873, 22.66904492292425 ], [ 73.254419804253217, 22.669151276485859 ], [ 73.254534057157628, 22.660121661536969 ] ] ] } },
{ "type": "Feature", "properties": { "FeatureID": "105", "HA_Area": 100.0, "SUM_gamtal": 29.6997792911, "Gamtal_Per": 29.6997792911, "N_Gamtal": 0.29699779291099998, "oneminus": 0.70300220708899996 }, "geometry": { "type": "Polygon", "coordinates": [ [ [ 73.158448584814693, 22.568740108932833 ], [ 73.148726434557389, 22.568628396005455 ], [ 73.148605801498718, 22.577657587661893 ], [ 73.158328584397523, 22.577769350100105 ], [ 73.158448584814693, 22.568740108932833 ] ] ] } },
{ "type": "Feature", "properties": { "FeatureID": "106", "HA_Area": 100.0, "SUM_gamtal": 23.471244896200002, "Gamtal_Per": 23.471244896200002, "N_Gamtal": 0.234712448962, "oneminus": 0.76528755103799995 }, "geometry": { "type": "Polygon", "coordinates": [ [ [ 73.303180369504673, 22.660644340433201 ], [ 73.293450992848378, 22.660540985244975 ], [ 73.293339284279952, 22.669570785454155 ], [ 73.303069297061981, 22.669674186305627 ], [ 73.303180369504673, 22.660644340433201 ] ] ] } },
{ "type": "Feature", "properties": { "FeatureID": "107", "HA_Area": 100.0, "SUM_gamtal": 0.0, "Gamtal_Per": 0.0, "N_Gamtal": 0.0, "oneminus": 1.0 }, "geometry": { "type": "Polygon", "coordinates": [ [ [ 73.168647659470338, 22.532733965360979 ], [ 73.158927975516249, 22.532623036874298 ], [ 73.158808219450378, 22.541652320990323 ], [ 73.168528534776186, 22.541763298702698 ], [ 73.168647659470338, 22.532733965360979 ] ] ] } },
{ "type": "Feature", "properties": { "FeatureID": "108", "HA_Area": 100.0, "SUM_gamtal": 43.362685527399996, "Gamtal_Per": 43.362685527399996, "N_Gamtal": 0.43362685527400002, "oneminus": 0.56637314472599998 }, "geometry": { "type": "Polygon", "coordinates": [ [ [ 73.256354218601984, 22.515646367270715 ], [ 73.246635261822604, 22.515540811338262 ], [ 73.246521305009111, 22.52457055046256 ], [ 73.256240892672324, 22.524676153267013 ], [ 73.256354218601984, 22.515646367270715 ] ] ] } },
{ "type": "Feature", "properties": { "FeatureID": "109", "HA_Area": 100.0, "SUM_gamtal": 80.4946826109, "Gamtal_Per": 80.4946826109, "N_Gamtal": 0.80494682610900004, "oneminus": 0.19505317389099999 }, "geometry": { "type": "Polygon", "coordinates": [ [ [ 73.197220324094317, 22.578210522092991 ], [ 73.187497298599169, 22.578101110788712 ], [ 73.187379136046971, 22.587130488199229 ], [ 73.197102794576423, 22.587239947979217 ], [ 73.197220324094317, 22.578210522092991 ] ] ] } },
{ "type": "Feature", "properties": { "FeatureID": "110", "HA_Area": 100.0, "SUM_gamtal": 0.0, "Gamtal_Per": 0.0, "N_Gamtal": 0.0, "oneminus": 1.0 }, "geometry": { "type": "Polygon", "coordinates": [ [ [ 73.224998303817102, 22.686889358633369 ], [ 73.215267481429805, 22.68678113810196 ], [ 73.215150506291863, 22.695810531376839 ], [ 73.22488196563917, 22.695918799675361 ], [ 73.224998303817102, 22.686889358633369 ] ] ] } },
{ "type": "Feature", "properties": { "FeatureID": "111", "HA_Area": 100.0, "SUM_gamtal": 0.0, "Gamtal_Per": 0.0, "N_Gamtal": 0.0, "oneminus": 1.0 }, "geometry": { "type": "Polygon", "coordinates": [ [ [ 73.120172072394723, 22.523144363115701 ], [ 73.110453327834506, 22.523030553001821 ], [ 73.110330477829834, 22.532059597846871 ], [ 73.120049853350451, 22.532173458480859 ], [ 73.120172072394723, 22.523144363115701 ] ] ] } },
{ "type": "Feature", "properties": { "FeatureID": "112", "HA_Area": 100.0, "SUM_gamtal": 0.0, "Gamtal_Per": 0.0, "N_Gamtal": 0.0, "oneminus": 1.0 }, "geometry": { "type": "Polygon", "coordinates": [ [ [ 73.129160420386455, 22.577432299563139 ], [ 73.11943782281719, 22.577318773933097 ], [ 73.119315229521106, 22.586347804724149 ], [ 73.12903846, 22.586461380652235 ], [ 73.129160420386455, 22.577432299563139 ] ] ] } },
{ "type": "Feature", "properties": { "FeatureID": "113", "HA_Area": 100.0, "SUM_gamtal": 0.0, "Gamtal_Per": 0.0, "N_Gamtal": 0.0, "oneminus": 1.0 }, "geometry": { "type": "Polygon", "coordinates": [ [ [ 73.323406331315482, 22.597639426180105 ], [ 73.313681286155344, 22.597537567485301 ], [ 73.313571242379282, 22.606567533458076 ], [ 73.323296921437958, 22.606669437254642 ], [ 73.323406331315482, 22.597639426180105 ] ] ] } },
{ "type": "Feature", "properties": { "FeatureID": "114", "HA_Area": 100.0, "SUM_gamtal": 56.931094907499997, "Gamtal_Per": 56.931094907499997, "N_Gamtal": 0.56931094907500002, "oneminus": 0.43068905092499998 }, "geometry": { "type": "Polygon", "coordinates": [ [ [ 73.120172072394723, 22.523144363115701 ], [ 73.129890879266782, 22.523257587090733 ], [ 73.130012405342214, 22.5142284307219 ], [ 73.120294229127154, 22.514115257000544 ], [ 73.120172072394723, 22.523144363115701 ] ] ] } },
{ "type": "Feature", "properties": { "FeatureID": "115", "HA_Area": 100.0, "SUM_gamtal": 2.53709470621, "Gamtal_Per": 2.53709470621, "N_Gamtal": 0.0253709470621, "oneminus": 0.97462905293799995 }, "geometry": { "type": "Polygon", "coordinates": [ [ [ 73.314669161668689, 22.516267394565546 ], [ 73.304949862957244, 22.516165355360439 ], [ 73.304839691696799, 22.525195371813886 ], [ 73.314559621391439, 22.525297456329799 ], [ 73.314669161668689, 22.516267394565546 ] ] ] } },
{ "type": "Feature", "properties": { "FeatureID": "116", "HA_Area": 100.0, "SUM_gamtal": 60.231014580999997, "Gamtal_Per": 60.231014580999997, "N_Gamtal": 0.60231014580999997, "oneminus": 0.39768985419000003 }, "geometry": { "type": "Polygon", "coordinates": [ [ [ 73.216433968282715, 22.596486614625078 ], [ 73.206709556961926, 22.596378283060975 ], [ 73.206592541400624, 22.605407735721645 ], [ 73.216317586435125, 22.605516115252833 ], [ 73.216433968282715, 22.596486614625078 ] ] ] } },
{ "type": "Feature", "properties": { "FeatureID": "117", "HA_Area": 100.0, "SUM_gamtal": 68.088053617200003, "Gamtal_Per": 68.088053617200003, "N_Gamtal": 0.68088053617199995, "oneminus": 0.31911946382799999 }, "geometry": { "type": "Polygon", "coordinates": [ [ [ 73.11796257828918, 22.685666431521412 ], [ 73.108232427160132, 22.685551711069071 ], [ 73.108108446630339, 22.694580561696267 ], [ 73.117839234522961, 22.694695332783816 ], [ 73.11796257828918, 22.685666431521412 ] ] ] } },
{ "type": "Feature", "properties": { "FeatureID": "118", "HA_Area": 100.0, "SUM_gamtal": 7.8588573652599996, "Gamtal_Per": 7.8588573652599996, "N_Gamtal": 0.078588573652599997, "oneminus": 0.92141142634700002 }, "geometry": { "type": "Polygon", "coordinates": [ [ [ 73.352151438812129, 22.634061986471341 ], [ 73.342423689834547, 22.633961716084436 ], [ 73.342315327474196, 22.642991773985237 ], [ 73.352043711689802, 22.643092088714727 ], [ 73.352151438812129, 22.634061986471341 ] ] ] } },
{ "type": "Feature", "properties": { "FeatureID": "119", "HA_Area": 100.0, "SUM_gamtal": 0.0, "Gamtal_Per": 0.0, "N_Gamtal": 0.0, "oneminus": 1.0 }, "geometry": { "type": "Polygon", "coordinates": [ [ [ 73.235306810228678, 22.641849384418258 ], [ 73.225579108795912, 22.641741992319613 ], [ 73.225463065864076, 22.65077148705128 ], [ 73.235191402658387, 22.650878926626135 ], [ 73.235306810228678, 22.641849384418258 ] ] ] } },
{ "type": "Feature", "properties": { "FeatureID": "120", "HA_Area": 100.0, "SUM_gamtal": 0.0, "Gamtal_Per": 0.0, "N_Gamtal": 0.0, "oneminus": 1.0 }, "geometry": { "type": "Polygon", "coordinates": [ [ [ 73.16840934934261, 22.550792621318703 ], [ 73.158688402323349, 22.550681594374435 ], [ 73.158568524117371, 22.559710857023106 ], [ 73.168290103151932, 22.559821933205487 ], [ 73.16840934934261, 22.550792621318703 ] ] ] } },
{ "type": "Feature", "properties": { "FeatureID": "121", "HA_Area": 100.0, "SUM_gamtal": 5.4555398229599996, "Gamtal_Per": 5.4555398229599996, "N_Gamtal": 0.054555398229599997, "oneminus": 0.94544460177 }, "geometry": { "type": "Polygon", "coordinates": [ [ [ 73.205771763436985, 22.668613603832075 ], [ 73.196042333067609, 22.668504297920656 ], [ 73.195924204151737, 22.67753361640186 ], [ 73.205654270799741, 22.677642970589677 ], [ 73.205771763436985, 22.668613603832075 ] ] ] } },
{ "type": "Feature", "properties": { "FeatureID": "122", "HA_Area": 100.0, "SUM_gamtal": 4.0268641457500003, "Gamtal_Per": 4.0268641457500003, "N_Gamtal": 0.040268641457499997, "oneminus": 0.95973135854299996 }, "geometry": { "type": "Polygon", "coordinates": [ [ [ 73.177298787889697, 22.614108361939969 ], [ 73.167573349118157, 22.613997579016001 ], [ 73.16745367713213, 22.623026815700012 ], [ 73.177179750192309, 22.623137647645159 ], [ 73.177298787889697, 22.614108361939969 ] ] ] } },
{ "type": "Feature", "properties": { "FeatureID": "123", "HA_Area": 100.0, "SUM_gamtal": 41.176857605899997, "Gamtal_Per": 41.176857605899997, "N_Gamtal": 0.41176857605900002, "oneminus": 0.58823142394100003 }, "geometry": { "type": "Polygon", "coordinates": [ [ [ 73.245263939681109, 22.623896975824241 ], [ 73.235537449362596, 22.623790267841475 ], [ 73.235422159124383, 22.63281983148886 ], [ 73.245149284175923, 22.632926586675261 ], [ 73.245263939681109, 22.623896975824241 ] ] ] } },
{ "type": "Feature", "properties": { "FeatureID": "124", "HA_Area": 100.0, "SUM_gamtal": 2.0757284486000001, "Gamtal_Per": 2.0757284486000001, "N_Gamtal": 0.020757284486000002, "oneminus": 0.979242715514 }, "geometry": { "type": "Polygon", "coordinates": [ [ [ 73.322968357520992, 22.633759406534047 ], [ 73.313240774830803, 22.633657367397973 ], [ 73.313130506853312, 22.642687290706974 ], [ 73.322858724732967, 22.642789374967652 ], [ 73.322968357520992, 22.633759406534047 ] ] ] } },
{ "type": "Feature", "properties": { "FeatureID": "125", "HA_Area": 100.0, "SUM_gamtal": 0.0, "Gamtal_Per": 0.0, "N_Gamtal": 0.0, "oneminus": 1.0 }, "geometry": { "type": "Polygon", "coordinates": [ [ [ 73.158808219450378, 22.541652320990323 ], [ 73.149087965185743, 22.541540756557975 ], [ 73.148967516383024, 22.550569980449982 ], [ 73.158688402323349, 22.550681594374435 ], [ 73.158808219450378, 22.541652320990323 ] ] ] } },
{ "type": "Feature", "properties": { "FeatureID": "126", "HA_Area": 100.0, "SUM_gamtal": 40.208978009, "Gamtal_Per": 40.208978009, "N_Gamtal": 0.40208978009000002, "oneminus": 0.59791021991000004 }, "geometry": { "type": "Polygon", "coordinates": [ [ [ 73.215267481429805, 22.68678113810196 ], [ 73.205536718449579, 22.686672326593712 ], [ 73.205419106368993, 22.695701671840709 ], [ 73.215150506291863, 22.695810531376839 ], [ 73.215267481429805, 22.68678113810196 ] ] ] } },
{ "type": "Feature", "properties": { "FeatureID": "127", "HA_Area": 100.0, "SUM_gamtal": 27.197407735, "Gamtal_Per": 27.197407735, "N_Gamtal": 0.27197407735000001, "oneminus": 0.72802592265 }, "geometry": { "type": "Polygon", "coordinates": [ [ [ 73.351828093031116, 22.661152261242325 ], [ 73.342098437370367, 22.66105185781079 ], [ 73.341989909594659, 22.670081883728695 ], [ 73.351720201462726, 22.670182331519687 ], [ 73.351828093031116, 22.661152261242325 ] ] ] } },
{ "type": "Feature", "properties": { "FeatureID": "128", "HA_Area": 100.0, "SUM_gamtal": 8.5243529177100008, "Gamtal_Per": 8.5243529177100008, "N_Gamtal": 0.0852435291771, "oneminus": 0.91475647082300005 }, "geometry": { "type": "Polygon", "coordinates": [ [ [ 73.196632077718803, 22.623357544241284 ], [ 73.186905883828729, 22.623247890497233 ], [ 73.186787420184018, 22.632277214218227 ], [ 73.196514248720575, 22.632386916468633 ], [ 73.196632077718803, 22.623357544241284 ] ] ] } },
{ "type": "Feature", "properties": { "FeatureID": "129", "HA_Area": 100.0, "SUM_gamtal": 29.733921305500001, "Gamtal_Per": 29.733921305500001, "N_Gamtal": 0.297339213055, "oneminus": 0.702660786945 }, "geometry": { "type": "Polygon", "coordinates": [ [ [ 73.148485106985646, 22.586686768566121 ], [ 73.138761752595556, 22.586574368604659 ], [ 73.138640363342276, 22.595603488969452 ], [ 73.148364351000268, 22.595715938714612 ], [ 73.148485106985646, 22.586686768566121 ] ] ] } },
{ "type": "Feature", "properties": { "FeatureID": "130", "HA_Area": 100.0, "SUM_gamtal": 19.7814282123, "Gamtal_Per": 19.7814282123, "N_Gamtal": 0.19781428212300001, "oneminus": 0.80218571787699999 }, "geometry": { "type": "Polygon", "coordinates": [ [ [ 73.1180858594157, 22.676637519445602 ], [ 73.108356344727028, 22.676522849622053 ], [ 73.108232427160132, 22.685551711069071 ], [ 73.11796257828918, 22.685666431521412 ], [ 73.1180858594157, 22.676637519445602 ] ] ] } },
{ "type": "Feature", "properties": { "FeatureID": "131", "HA_Area": 100.0, "SUM_gamtal": 1.84710336039, "Gamtal_Per": 1.84710336039, "N_Gamtal": 0.018471033603900001, "oneminus": 0.98152896639599996 }, "geometry": { "type": "Polygon", "coordinates": [ [ [ 73.353546911927694, 22.516669689548813 ], [ 73.343827391694276, 22.516569995105868 ], [ 73.343719744463684, 22.525600191241143 ], [ 73.353439895744685, 22.525699929953948 ], [ 73.353546911927694, 22.516669689548813 ] ] ] } },
{ "type": "Feature", "properties": { "FeatureID": "132", "HA_Area": 100.0, "SUM_gamtal": 1.4624813543099999, "Gamtal_Per": 1.4624813543099999, "N_Gamtal": 0.014624813543099999, "oneminus": 0.98537518645699995 }, "geometry": { "type": "Polygon", "coordinates": [ [ [ 73.266073233174069, 22.515751337117191 ], [ 73.256354218601984, 22.515646367270715 ], [ 73.256240892672324, 22.524676153267013 ], [ 73.265960538145023, 22.524781169725319 ], [ 73.266073233174069, 22.515751337117191 ] ] ] } },
{ "type": "Feature", "properties": { "FeatureID": "133", "HA_Area": 100.0, "SUM_gamtal": 0.0, "Gamtal_Per": 0.0, "N_Gamtal": 0.0, "oneminus": 1.0 }, "geometry": { "type": "Polygon", "coordinates": [ [ [ 73.304949862957244, 22.516165355360439 ], [ 73.295230620430431, 22.516062729999124 ], [ 73.295119818203105, 22.525092700881551 ], [ 73.304839691696799, 22.525195371813886 ], [ 73.304949862957244, 22.516165355360439 ] ] ] } },
{ "type": "Feature", "properties": { "FeatureID": "134", "HA_Area": 100.0, "SUM_gamtal": 11.5583557623, "Gamtal_Per": 11.5583557623, "N_Gamtal": 0.115583557623, "oneminus": 0.88441644237700001 }, "geometry": { "type": "Polygon", "coordinates": [ [ [ 73.167692960223064, 22.604968331578227 ], [ 73.157968216280977, 22.604857009112084 ], [ 73.15784797122771, 22.613886207274433 ], [ 73.167573349118157, 22.613997579016001 ], [ 73.167692960223064, 22.604968331578227 ] ] ] } },
{ "type": "Feature", "properties": { "FeatureID": "135", "HA_Area": 100.0, "SUM_gamtal": 0.0, "Gamtal_Per": 0.0, "N_Gamtal": 0.0, "oneminus": 1.0 }, "geometry": { "type": "Polygon", "coordinates": [ [ [ 73.167333944247261, 22.632056041626743 ], [ 73.15760729749249, 22.631944571315628 ], [ 73.157486868774825, 22.64097373718748 ], [ 73.167214150445744, 22.641085256792728 ], [ 73.167333944247261, 22.632056041626743 ] ] ] } },
{ "type": "Feature", "properties": { "FeatureID": "136", "HA_Area": 100.0, "SUM_gamtal": 5.9168752387700003, "Gamtal_Per": 5.9168752387700003, "N_Gamtal": 0.059168752387700002, "oneminus": 0.94083124761199999 }, "geometry": { "type": "Polygon", "coordinates": [ [ [ 73.304177483341647, 22.579375247070558 ], [ 73.294453817287206, 22.579272302591455 ], [ 73.294342619055598, 22.588302198913336 ], [ 73.30406691833096, 22.588405189003716 ], [ 73.304177483341647, 22.579375247070558 ] ] ] } },
{ "type": "Feature", "properties": { "FeatureID": "137", "HA_Area": 100.0, "SUM_gamtal": 0.0, "Gamtal_Per": 0.0, "N_Gamtal": 0.0, "oneminus": 1.0 }, "geometry": { "type": "Polygon", "coordinates": [ [ [ 73.352903995629489, 22.570850972803168 ], [ 73.34318068428199, 22.570751012657389 ], [ 73.343072707327991, 22.579781145064473 ], [ 73.352796651655154, 22.579881149513607 ], [ 73.352903995629489, 22.570850972803168 ] ] ] } },
{ "type": "Feature", "properties": { "FeatureID": "138", "HA_Area": 100.0, "SUM_gamtal": 0.0, "Gamtal_Per": 0.0, "N_Gamtal": 0.0, "oneminus": 1.0 }, "geometry": { "type": "Polygon", "coordinates": [ [ [ 73.216084644969285, 22.623575084346012 ], [ 73.20635833153986, 22.623466608862472 ], [ 73.206241137205637, 22.632496029335641 ], [ 73.215968085316462, 22.632604552804469 ], [ 73.216084644969285, 22.623575084346012 ] ] ] } },
{ "type": "Feature", "properties": { "FeatureID": "139", "HA_Area": 100.0, "SUM_gamtal": 0.0, "Gamtal_Per": 0.0, "N_Gamtal": 0.0, "oneminus": 1.0 }, "geometry": { "type": "Polygon", "coordinates": [ [ [ 73.302846982768983, 22.687733845974993 ], [ 73.293115696765724, 22.687630353779646 ], [ 73.293003817786683, 22.696660121889067 ], [ 73.302735740885637, 22.69676365976505 ], [ 73.302846982768983, 22.687733845974993 ] ] ] } },
{ "type": "Feature", "properties": { "FeatureID": "140", "HA_Area": 100.0, "SUM_gamtal": 0.0, "Gamtal_Per": 0.0, "N_Gamtal": 0.0, "oneminus": 1.0 }, "geometry": { "type": "Polygon", "coordinates": [ [ [ 73.196867555939718, 22.605298767573796 ], [ 73.187142630374851, 22.605189210824044 ], [ 73.187024287219828, 22.614218556031332 ], [ 73.19674984678602, 22.614328161275171 ], [ 73.196867555939718, 22.605298767573796 ] ] ] } },
{ "type": "Feature", "properties": { "FeatureID": "141", "HA_Area": 100.0, "SUM_gamtal": 1.39756481304, "Gamtal_Per": 1.39756481304, "N_Gamtal": 0.0139756481304, "oneminus": 0.98602435187000004 }, "geometry": { "type": "Polygon", "coordinates": [ [ [ 73.1180858594157, 22.676637519445602 ], [ 73.127815436725754, 22.676751598704062 ], [ 73.127938019095325, 22.667722625456644 ], [ 73.118209077920838, 22.667608596559916 ], [ 73.1180858594157, 22.676637519445602 ] ] ] } },
{ "type": "Feature", "properties": { "FeatureID": "142", "HA_Area": 100.0, "SUM_gamtal": 35.9964992771, "Gamtal_Per": 35.9964992771, "N_Gamtal": 0.35996499277100003, "oneminus": 0.64003500722899997 }, "geometry": { "type": "Polygon", "coordinates": [ [ [ 73.20694340943318, 22.57831934557656 ], [ 73.197220324094317, 22.578210522092991 ], [ 73.197102794576423, 22.587239947979217 ], [ 73.206826512966984, 22.587348819678116 ], [ 73.20694340943318, 22.57831934557656 ] ] ] } },
{ "type": "Feature", "properties": { "FeatureID": "143", "HA_Area": 100.0, "SUM_gamtal": 6.7846563826099997, "Gamtal_Per": 6.7846563826099997, "N_Gamtal": 0.067846563826100006, "oneminus": 0.93215343617400004 }, "geometry": { "type": "Polygon", "coordinates": [ [ [ 73.148001714030983, 22.622803384590583 ], [ 73.147880711977052, 22.631832511681033 ], [ 73.15760729749249, 22.631944571315628 ], [ 73.157727664970835, 22.622915394676781 ], [ 73.148001714030983, 22.622803384590583 ] ] ] } },
{ "type": "Feature", "properties": { "FeatureID": "144", "HA_Area": 100.0, "SUM_gamtal": 1.46652111056, "Gamtal_Per": 1.46652111056, "N_Gamtal": 0.0146652111056, "oneminus": 0.98533478889399995 }, "geometry": { "type": "Polygon", "coordinates": [ [ [ 73.284953699911668, 22.561109037247924 ], [ 73.27523141283136, 22.561005009100665 ], [ 73.275119062722794, 22.570034834762254 ], [ 73.284841982346521, 22.570138909030007 ], [ 73.284953699911668, 22.561109037247924 ] ] ] } },
{ "type": "Feature", "properties": { "FeatureID": "145", "HA_Area": 100.0, "SUM_gamtal": 0.0, "Gamtal_Per": 0.0, "N_Gamtal": 0.0, "oneminus": 1.0 }, "geometry": { "type": "Polygon", "coordinates": [ [ [ 73.351504253767658, 22.688242440084348 ], [ 73.341772688515093, 22.688141903557561 ], [ 73.341663995178919, 22.697171897461661 ], [ 73.351396197608921, 22.697272478364802 ], [ 73.351504253767658, 22.688242440084348 ] ] ] } },
{ "type": "Feature", "properties": { "FeatureID": "146", "HA_Area": 100.0, "SUM_gamtal": 6.9530701420299996, "Gamtal_Per": 6.9530701420299996, "N_Gamtal": 0.069530701420300003, "oneminus": 0.93046929858000005 }, "geometry": { "type": "Polygon", "coordinates": [ [ [ 73.197455203616414, 22.560151638160182 ], [ 73.187733443223422, 22.560042323788942 ], [ 73.187615400985464, 22.569071722650783 ], [ 73.197337793768511, 22.569181085485482 ], [ 73.197455203616414, 22.560151638160182 ] ] ] } },
{ "type": "Feature", "properties": { "FeatureID": "147", "HA_Area": 100.0, "SUM_gamtal": 0.0, "Gamtal_Per": 0.0, "N_Gamtal": 0.0, "oneminus": 1.0 }, "geometry": { "type": "Polygon", "coordinates": [ [ [ 73.323515685505981, 22.588609404453948 ], [ 73.313791273921879, 22.588507590855201 ], [ 73.313681286155344, 22.597537567485301 ], [ 73.323406331315482, 22.597639426180105 ], [ 73.323515685505981, 22.588609404453948 ] ] ] } },
{ "type": "Feature", "properties": { "FeatureID": "148", "HA_Area": 100.0, "SUM_gamtal": 0.0, "Gamtal_Per": 0.0, "N_Gamtal": 0.0, "oneminus": 1.0 }, "geometry": { "type": "Polygon", "coordinates": [ [ [ 73.275792305217223, 22.515855720863495 ], [ 73.266073233174069, 22.515751337117191 ], [ 73.265960538145023, 22.524781169725319 ], [ 73.275680241105505, 22.52488559982325 ], [ 73.275792305217223, 22.515855720863495 ] ] ] } },
{ "type": "Feature", "properties": { "FeatureID": "149", "HA_Area": 100.0, "SUM_gamtal": 22.965914428800001, "Gamtal_Per": 22.965914428800001, "N_Gamtal": 0.22965914428799999, "oneminus": 0.77034085571199995 }, "geometry": { "type": "Polygon", "coordinates": [ [ [ 73.157004541153015, 22.677090292934615 ], [ 73.147274777917545, 22.676977985463907 ], [ 73.147153406221676, 22.686007047862045 ], [ 73.156883805970224, 22.686119404918834 ], [ 73.157004541153015, 22.677090292934615 ] ] ] } },
{ "type": "Feature", "properties": { "FeatureID": "150", "HA_Area": 100.0, "SUM_gamtal": 0.0, "Gamtal_Per": 0.0, "N_Gamtal": 0.0, "oneminus": 1.0 }, "geometry": { "type": "Polygon", "coordinates": [ [ [ 73.148847006179523, 22.559599193600313 ], [ 73.139125549660292, 22.55948694295223 ], [ 73.139004345736581, 22.568516095592525 ], [ 73.148726434557389, 22.568628396005455 ], [ 73.148847006179523, 22.559599193600313 ] ] ] } },
{ "type": "Feature", "properties": { "FeatureID": "151", "HA_Area": 100.0, "SUM_gamtal": 12.9585357554, "Gamtal_Per": 12.9585357554, "N_Gamtal": 0.129585357554, "oneminus": 0.87041464244599998 }, "geometry": { "type": "Polygon", "coordinates": [ [ [ 73.118578357890925, 22.640521763078674 ], [ 73.108851385733701, 22.640407295706062 ], [ 73.108727719834391, 22.649436200397197 ], [ 73.118455327140168, 22.649550718372929 ], [ 73.118578357890925, 22.640521763078674 ] ] ] } },
{ "type": "Feature", "properties": { "FeatureID": "152", "HA_Area": 100.0, "SUM_gamtal": 35.819421621899998, "Gamtal_Per": 35.819421621899998, "N_Gamtal": 0.35819421621899999, "oneminus": 0.64180578378099995 }, "geometry": { "type": "Polygon", "coordinates": [ [ [ 73.226505329787003, 22.569505648568466 ], [ 73.216782758491362, 22.569398048459011 ], [ 73.216666554293582, 22.57842758122468 ], [ 73.226389758353321, 22.578535229022691 ], [ 73.226505329787003, 22.569505648568466 ] ] ] } },
{ "type": "Feature", "properties": { "FeatureID": "153", "HA_Area": 100.0, "SUM_gamtal": 0.0, "Gamtal_Per": 0.0, "N_Gamtal": 0.0, "oneminus": 1.0 }, "geometry": { "type": "Polygon", "coordinates": [ [ [ 73.263922180970496, 22.687316330698437 ], [ 73.254191124188239, 22.687210474220269 ], [ 73.254076696993678, 22.696240056998864 ], [ 73.263808390804542, 22.696345960200965 ], [ 73.263922180970496, 22.687316330698437 ] ] ] } },
{ "type": "Feature", "properties": { "FeatureID": "154", "HA_Area": 100.0, "SUM_gamtal": 0.71860907030200005, "Gamtal_Per": 0.71860907030200005, "N_Gamtal": 0.0071860907030199999, "oneminus": 0.99281390929699997 }, "geometry": { "type": "Polygon", "coordinates": [ [ [ 73.246521305009111, 22.52457055046256 ], [ 73.236801775477034, 22.524464361326238 ], [ 73.236687129343792, 22.533494042642122 ], [ 73.246407290064468, 22.533600278916555 ], [ 73.246521305009111, 22.52457055046256 ] ] ] } },
{ "type": "Feature", "properties": { "FeatureID": "155", "HA_Area": 100.0, "SUM_gamtal": 7.5892581861000004, "Gamtal_Per": 7.5892581861000004, "N_Gamtal": 0.075892581860999994, "oneminus": 0.92410741813899999 }, "geometry": { "type": "Polygon", "coordinates": [ [ [ 73.273992410169868, 22.660332503953704 ], [ 73.26426320479392, 22.660227377878904 ], [ 73.264149587948282, 22.669257039533946 ], [ 73.273879429399884, 22.669362212054182 ], [ 73.273992410169868, 22.660332503953704 ] ] ] } },
{ "type": "Feature", "properties": { "FeatureID": "156", "HA_Area": 100.0, "SUM_gamtal": 0.0, "Gamtal_Per": 0.0, "N_Gamtal": 0.0, "oneminus": 1.0 }, "geometry": { "type": "Polygon", "coordinates": [ [ [ 73.244804967584074, 22.660015354942221 ], [ 73.235075936396356, 22.659908458109054 ], [ 73.234960411425433, 22.668937978863536 ], [ 73.244690078637873, 22.66904492292425 ], [ 73.244804967584074, 22.660015354942221 ] ] ] } },
{ "type": "Feature", "properties": { "FeatureID": "157", "HA_Area": 100.0, "SUM_gamtal": 0.0, "Gamtal_Per": 0.0, "N_Gamtal": 0.0, "oneminus": 1.0 }, "geometry": { "type": "Polygon", "coordinates": [ [ [ 73.138883080054342, 22.577545237477835 ], [ 73.129160420386455, 22.577432299563139 ], [ 73.12903846, 22.586461380652235 ], [ 73.138761752595556, 22.586574368604659 ], [ 73.138883080054342, 22.577545237477835 ] ] ] } },
{ "type": "Feature", "properties": { "FeatureID": "158", "HA_Area": 100.0, "SUM_gamtal": 0.0, "Gamtal_Per": 0.0, "N_Gamtal": 0.0, "oneminus": 1.0 }, "geometry": { "type": "Polygon", "coordinates": [ [ [ 73.129890879266782, 22.523257587090733 ], [ 73.120172072394723, 22.523144363115701 ], [ 73.120049853350451, 22.532173458480859 ], [ 73.129769291201029, 22.532286732715885 ], [ 73.129890879266782, 22.523257587090733 ] ] ] } },
{ "type": "Feature", "properties": { "FeatureID": "159", "HA_Area": 100.0, "SUM_gamtal": 65.038768800400007, "Gamtal_Per": 65.038768800400007, "N_Gamtal": 0.65038768800400004, "oneminus": 0.34961231199600001 }, "geometry": { "type": "Polygon", "coordinates": [ [ [ 73.148001714030983, 22.622803384590583 ], [ 73.138275824635173, 22.622690785456573 ], [ 73.13815418802362, 22.631719862738141 ], [ 73.147880711977052, 22.631832511681033 ], [ 73.148001714030983, 22.622803384590583 ] ] ] } },
{ "type": "Feature", "properties": { "FeatureID": "160", "HA_Area": 100.0, "SUM_gamtal": 0.0, "Gamtal_Per": 0.0, "N_Gamtal": 0.0, "oneminus": 1.0 }, "geometry": { "type": "Polygon", "coordinates": [ [ [ 73.294787072319281, 22.552182549668295 ], [ 73.285065360566264, 22.552079154805078 ], [ 73.284953699911668, 22.561109037247924 ], [ 73.294676043902555, 22.561212477965476 ], [ 73.294787072319281, 22.552182549668295 ] ] ] } },
{ "type": "Feature", "properties": { "FeatureID": "161", "HA_Area": 100.0, "SUM_gamtal": 7.7331997441800002, "Gamtal_Per": 7.7331997441800002, "N_Gamtal": 0.077331997441799999, "oneminus": 0.92266800255799997 }, "geometry": { "type": "Polygon", "coordinates": [ [ [ 73.207293741771849, 22.551230858994646 ], [ 73.197572553655462, 22.551122180120576 ], [ 73.197455203616414, 22.560151638160182 ], [ 73.207177023818289, 22.560260365231333 ], [ 73.207293741771849, 22.551230858994646 ] ] ] } },
{ "type": "Feature", "properties": { "FeatureID": "162", "HA_Area": 100.0, "SUM_gamtal": 8.9639701382099997, "Gamtal_Per": 8.9639701382099997, "N_Gamtal": 0.089639701382100007, "oneminus": 0.91036029861800005 }, "geometry": { "type": "Polygon", "coordinates": [ [ [ 73.254648251999271, 22.651092035871574 ], [ 73.244919798144437, 22.650985776237725 ], [ 73.244804967584074, 22.660015354942221 ], [ 73.254534057157628, 22.660121661536969 ], [ 73.254648251999271, 22.651092035871574 ] ] ] } },
{ "type": "Feature", "properties": { "FeatureID": "163", "HA_Area": 100.0, "SUM_gamtal": 0.0, "Gamtal_Per": 0.0, "N_Gamtal": 0.0, "oneminus": 1.0 }, "geometry": { "type": "Polygon", "coordinates": [ [ [ 73.314120901327684, 22.561417597055542 ], [ 73.304398444481933, 22.561315331239328 ], [ 73.304287992053176, 22.570345294481285 ], [ 73.314011081491756, 22.570447605636872 ], [ 73.314120901327684, 22.561417597055542 ] ] ] } },
{ "type": "Feature", "properties": { "FeatureID": "164", "HA_Area": 100.0, "SUM_gamtal": 0.0, "Gamtal_Per": 0.0, "N_Gamtal": 0.0, "oneminus": 1.0 }, "geometry": { "type": "Polygon", "coordinates": [ [ [ 73.295119818203105, 22.525092700881551 ], [ 73.285400001232105, 22.52498944354668 ], [ 73.285288511209927, 22.534019357950992 ], [ 73.295008959453099, 22.534122661122865 ], [ 73.295119818203105, 22.525092700881551 ] ] ] } },
{ "type": "Feature", "properties": { "FeatureID": "165", "HA_Area": 100.0, "SUM_gamtal": 0.0, "Gamtal_Per": 0.0, "N_Gamtal": 0.0, "oneminus": 1.0 }, "geometry": { "type": "Polygon", "coordinates": [ [ [ 73.198041356070704, 22.515004240889144 ], [ 73.188322752800147, 22.51489516874361 ], [ 73.188205011041632, 22.52392462117248 ], [ 73.197924245093276, 22.524033741750952 ], [ 73.198041356070704, 22.515004240889144 ] ] ] } },
{ "type": "Feature", "properties": { "FeatureID": "166", "HA_Area": 100.0, "SUM_gamtal": 0.0, "Gamtal_Per": 0.0, "N_Gamtal": 0.0, "oneminus": 1.0 }, "geometry": { "type": "Polygon", "coordinates": [ [ [ 73.11943782281719, 22.577318773933097 ], [ 73.109715287668607, 22.577204660603069 ], [ 73.109592061481109, 22.586233640835783 ], [ 73.119315229521106, 22.586347804724149 ], [ 73.11943782281719, 22.577318773933097 ] ] ] } },
{ "type": "Feature", "properties": { "FeatureID": "167", "HA_Area": 100.0, "SUM_gamtal": 0.0, "Gamtal_Per": 0.0, "N_Gamtal": 0.0, "oneminus": 1.0 }, "geometry": { "type": "Polygon", "coordinates": [ [ [ 73.293785777997954, 22.633451520473177 ], [ 73.284058364501021, 22.63334771271235 ], [ 73.283946191053801, 22.64237749908369 ], [ 73.293674239690787, 22.642481352751048 ], [ 73.293785777997954, 22.633451520473177 ] ] ] } },
{ "type": "Feature", "properties": { "FeatureID": "168", "HA_Area": 100.0, "SUM_gamtal": 31.734806387500001, "Gamtal_Per": 31.734806387500001, "N_Gamtal": 0.31734806387499997, "oneminus": 0.68265193612499997 }, "geometry": { "type": "Polygon", "coordinates": [ [ [ 73.217131016060947, 22.542309385942005 ], [ 73.217014989357835, 22.551338950814191 ], [ 73.226736296091474, 22.55144645556457 ], [ 73.226851690996511, 22.542416843021872 ], [ 73.217131016060947, 22.542309385942005 ] ] ] } },
{ "type": "Feature", "properties": { "FeatureID": "169", "HA_Area": 100.0, "SUM_gamtal": 0.0, "Gamtal_Per": 0.0, "N_Gamtal": 0.0, "oneminus": 1.0 }, "geometry": { "type": "Polygon", "coordinates": [ [ [ 73.255445991557266, 22.587884356443226 ], [ 73.265170062346655, 22.587989699348835 ], [ 73.265283160141664, 22.578959941423363 ], [ 73.255559722506618, 22.578854645170733 ], [ 73.255445991557266, 22.587884356443226 ] ] ] } },
{ "type": "Feature", "properties": { "FeatureID": "170", "HA_Area": 100.0, "SUM_gamtal": 0.0, "Gamtal_Per": 0.0, "N_Gamtal": 0.0, "oneminus": 1.0 }, "geometry": { "type": "Polygon", "coordinates": [ [ [ 73.158927975516249, 22.532623036874298 ], [ 73.149208352605555, 22.53251152192782 ], [ 73.149087965185743, 22.541540756557975 ], [ 73.158808219450378, 22.541652320990323 ], [ 73.158927975516249, 22.532623036874298 ] ] ] } },
{ "type": "Feature", "properties": { "FeatureID": "171", "HA_Area": 100.0, "SUM_gamtal": 17.011639363099999, "Gamtal_Per": 17.011639363099999, "N_Gamtal": 0.17011639363100001, "oneminus": 0.82988360636900005 }, "geometry": { "type": "Polygon", "coordinates": [ [ [ 73.217131016060947, 22.542309385942005 ], [ 73.207410400255839, 22.542201342053229 ], [ 73.207293741771849, 22.551230858994646 ], [ 73.217014989357835, 22.551338950814191 ], [ 73.217131016060947, 22.542309385942005 ] ] ] } },
{ "type": "Feature", "properties": { "FeatureID": "172", "HA_Area": 100.0, "SUM_gamtal": 12.037334806700001, "Gamtal_Per": 12.037334806700001, "N_Gamtal": 0.12037334806699999, "oneminus": 0.87962665193300005 }, "geometry": { "type": "Polygon", "coordinates": [ [ [ 73.333022656199873, 22.60677075226365 ], [ 73.323296921437958, 22.606669437254642 ], [ 73.323187455857209, 22.61569943767411 ], [ 73.332913824856504, 22.615800797530017 ], [ 73.333022656199873, 22.60677075226365 ] ] ] } },
{ "type": "Feature", "properties": { "FeatureID": "173", "HA_Area": 100.0, "SUM_gamtal": 21.862806590999998, "Gamtal_Per": 21.862806590999998, "N_Gamtal": 0.21862806591, "oneminus": 0.78137193409000005 }, "geometry": { "type": "Polygon", "coordinates": [ [ [ 73.178248910841404, 22.541873689680077 ], [ 73.168528534776186, 22.541763298702698 ], [ 73.16840934934261, 22.550792621318703 ], [ 73.178130357118945, 22.550903061267778 ], [ 73.178248910841404, 22.541873689680077 ] ] ] } },
{ "type": "Feature", "properties": { "FeatureID": "174", "HA_Area": 100.0, "SUM_gamtal": 0.0, "Gamtal_Per": 0.0, "N_Gamtal": 0.0, "oneminus": 1.0 }, "geometry": { "type": "Polygon", "coordinates": [ [ [ 73.255787010690739, 22.560795190573465 ], [ 73.246064896274561, 22.560689400221928 ], [ 73.24595064863621, 22.569719085959903 ], [ 73.2556733955455, 22.569824923212995 ], [ 73.255787010690739, 22.560795190573465 ] ] ] } },
{ "type": "Feature", "properties": { "FeatureID": "175", "HA_Area": 100.0, "SUM_gamtal": 0.0, "Gamtal_Per": 0.0, "N_Gamtal": 0.0, "oneminus": 1.0 }, "geometry": { "type": "Polygon", "coordinates": [ [ [ 73.255445991557266, 22.587884356443226 ], [ 73.245721978695229, 22.587778425369272 ], [ 73.245607556358692, 22.596808079033696 ], [ 73.255332202680549, 22.596914057026972 ], [ 73.255445991557266, 22.587884356443226 ] ] ] } },
{ "type": "Feature", "properties": { "FeatureID": "176", "HA_Area": 100.0, "SUM_gamtal": 9.2917499766699994, "Gamtal_Per": 9.2917499766699994, "N_Gamtal": 0.092917499766699996, "oneminus": 0.90708250023299997 }, "geometry": { "type": "Polygon", "coordinates": [ [ [ 73.293339284279952, 22.669570785454155 ], [ 73.283609328284854, 22.669466794032303 ], [ 73.283496926497165, 22.678496537615199 ], [ 73.29322751892461, 22.678600574966858 ], [ 73.293339284279952, 22.669570785454155 ] ] ] } },
{ "type": "Feature", "properties": { "FeatureID": "177", "HA_Area": 100.0, "SUM_gamtal": 24.786856609600001, "Gamtal_Per": 24.786856609600001, "N_Gamtal": 0.247868566096, "oneminus": 0.75213143390399995 }, "geometry": { "type": "Polygon", "coordinates": [ [ [ 73.225926883675498, 22.61465344377347 ], [ 73.216201145336413, 22.614545605160966 ], [ 73.216084644969285, 22.623575084346012 ], [ 73.225811017684421, 22.623682970677216 ], [ 73.225926883675498, 22.61465344377347 ] ] ] } },
{ "type": "Feature", "properties": { "FeatureID": "178", "HA_Area": 100.0, "SUM_gamtal": 39.479144190299998, "Gamtal_Per": 39.479144190299998, "N_Gamtal": 0.39479144190299997, "oneminus": 0.60520855809700003 }, "geometry": { "type": "Polygon", "coordinates": [ [ [ 73.342531997088642, 22.624931647529575 ], [ 73.332804938116325, 22.624830832143545 ], [ 73.332695995963192, 22.633860856100789 ], [ 73.342423689834547, 22.633961716084436 ], [ 73.342531997088642, 22.624931647529575 ] ] ] } },
{ "type": "Feature", "properties": { "FeatureID": "179", "HA_Area": 100.0, "SUM_gamtal": 33.426693368400002, "Gamtal_Per": 33.426693368400002, "N_Gamtal": 0.33426693368400001, "oneminus": 0.66573306631600004 }, "geometry": { "type": "Polygon", "coordinates": [ [ [ 73.226967027092911, 22.533387219789997 ], [ 73.217246983633586, 22.533279810374637 ], [ 73.217131016060947, 22.542309385942005 ], [ 73.226851690996511, 22.542416843021872 ], [ 73.226967027092911, 22.533387219789997 ] ] ] } },
{ "type": "Feature", "properties": { "FeatureID": "180", "HA_Area": 100.0, "SUM_gamtal": 0.0, "Gamtal_Per": 0.0, "N_Gamtal": 0.0, "oneminus": 1.0 }, "geometry": { "type": "Polygon", "coordinates": [ [ [ 73.254305493269086, 22.678180880714777 ], [ 73.264035913346106, 22.678286690474945 ], [ 73.264149587948282, 22.669257039533946 ], [ 73.254419804253217, 22.669151276485859 ], [ 73.254305493269086, 22.678180880714777 ] ] ] } },
{ "type": "Feature", "properties": { "FeatureID": "181", "HA_Area": 100.0, "SUM_gamtal": 0.0, "Gamtal_Per": 0.0, "N_Gamtal": 0.0, "oneminus": 1.0 }, "geometry": { "type": "Polygon", "coordinates": [ [ [ 73.176344789184441, 22.686342346355808 ], [ 73.166614267065569, 22.686231171088473 ], [ 73.166494107390264, 22.69526032161632 ], [ 73.17622526638128, 22.695371545954561 ], [ 73.176344789184441, 22.686342346355808 ] ] ] } },
{ "type": "Feature", "properties": { "FeatureID": "182", "HA_Area": 100.0, "SUM_gamtal": 0.0, "Gamtal_Per": 0.0, "N_Gamtal": 0.0, "oneminus": 1.0 }, "geometry": { "type": "Polygon", "coordinates": [ [ [ 73.167931999860556, 22.586909804455392 ], [ 73.158208522848057, 22.586798580521414 ], [ 73.158088400148472, 22.595827800193245 ], [ 73.167812510464614, 22.595939073390184 ], [ 73.167931999860556, 22.586909804455392 ] ] ] } },
{ "type": "Feature", "properties": { "FeatureID": "183", "HA_Area": 100.0, "SUM_gamtal": 48.291409598900003, "Gamtal_Per": 48.291409598900003, "N_Gamtal": 0.48291409598899998, "oneminus": 0.51708590401099996 }, "geometry": { "type": "Polygon", "coordinates": [ [ [ 73.15784797122771, 22.613886207274433 ], [ 73.148122654540856, 22.613774246730351 ], [ 73.148001714030983, 22.622803384590583 ], [ 73.157727664970835, 22.622915394676781 ], [ 73.15784797122771, 22.613886207274433 ] ] ] } },
{ "type": "Feature", "properties": { "FeatureID": "184", "HA_Area": 100.0, "SUM_gamtal": 0.0, "Gamtal_Per": 0.0, "N_Gamtal": 0.0, "oneminus": 1.0 }, "geometry": { "type": "Polygon", "coordinates": [ [ [ 73.234729185288202, 22.68699698817327 ], [ 73.224998303817102, 22.686889358633369 ], [ 73.22488196563917, 22.695918799675361 ], [ 73.234613484087561, 22.696026476721592 ], [ 73.234729185288202, 22.68699698817327 ] ] ] } },
{ "type": "Feature", "properties": { "FeatureID": "185", "HA_Area": 100.0, "SUM_gamtal": 0.0, "Gamtal_Per": 0.0, "N_Gamtal": 0.0, "oneminus": 1.0 }, "geometry": { "type": "Polygon", "coordinates": [ [ [ 73.246407290064468, 22.533600278916555 ], [ 73.236687129343792, 22.533494042642122 ], [ 73.236572424740743, 22.542523713278282 ], [ 73.246293216971765, 22.542629996696771 ], [ 73.246407290064468, 22.533600278916555 ] ] ] } },
{ "type": "Feature", "properties": { "FeatureID": "186", "HA_Area": 100.0, "SUM_gamtal": 16.5218050559, "Gamtal_Per": 16.5218050559, "N_Gamtal": 0.16521805055899999, "oneminus": 0.83478194944100004 }, "geometry": { "type": "Polygon", "coordinates": [ [ [ 73.254305493269086, 22.678180880714777 ], [ 73.244575131288769, 22.678074480180356 ], [ 73.244460125519694, 22.687104026707068 ], [ 73.254191124188239, 22.687210474220269 ], [ 73.254305493269086, 22.678180880714777 ] ] ] } },
{ "type": "Feature", "properties": { "FeatureID": "187", "HA_Area": 100.0, "SUM_gamtal": 40.858521823300002, "Gamtal_Per": 40.858521823300002, "N_Gamtal": 0.40858521823299998, "oneminus": 0.59141478176700002 }, "geometry": { "type": "Polygon", "coordinates": [ [ [ 73.313240774830803, 22.633657367397973 ], [ 73.303513248215495, 22.63355473870638 ], [ 73.303402345064939, 22.642584616630138 ], [ 73.313130506853312, 22.642687290706974 ], [ 73.313240774830803, 22.633657367397973 ] ] ] } },
{ "type": "Feature", "properties": { "FeatureID": "188", "HA_Area": 100.0, "SUM_gamtal": 53.932612419400002, "Gamtal_Per": 53.932612419400002, "N_Gamtal": 0.53932612419399995, "oneminus": 0.460673875806 }, "geometry": { "type": "Polygon", "coordinates": [ [ [ 73.294676043902555, 22.561212477965476 ], [ 73.284953699911668, 22.561109037247924 ], [ 73.284841982346521, 22.570138909030007 ], [ 73.294564958897368, 22.570242395607686 ], [ 73.294676043902555, 22.561212477965476 ] ] ] } },
{ "type": "Feature", "properties": { "FeatureID": "189", "HA_Area": 100.0, "SUM_gamtal": 2.5164333977500002, "Gamtal_Per": 2.5164333977500002, "N_Gamtal": 0.025164333977500002, "oneminus": 0.97483566602299998 }, "geometry": { "type": "Polygon", "coordinates": [ [ [ 73.343719744463684, 22.525600191241143 ], [ 73.333999648096636, 22.525499866057121 ], [ 73.333891314598688, 22.534530007043944 ], [ 73.343612042319137, 22.534630376763683 ], [ 73.343719744463684, 22.525600191241143 ] ] ] } },
{ "type": "Feature", "properties": { "FeatureID": "190", "HA_Area": 100.0, "SUM_gamtal": 33.7089612698, "Gamtal_Per": 33.7089612698, "N_Gamtal": 0.33708961269799997, "oneminus": 0.66291038730200003 }, "geometry": { "type": "Polygon", "coordinates": [ [ [ 73.30329138550016, 22.651614483873558 ], [ 73.293562644646443, 22.651511174342787 ], [ 73.293450992848378, 22.660540985244975 ], [ 73.303180369504673, 22.660644340433201 ], [ 73.30329138550016, 22.651614483873558 ] ] ] } },
{ "type": "Feature", "properties": { "FeatureID": "191", "HA_Area": 100.0, "SUM_gamtal": 9.1570863011900006, "Gamtal_Per": 9.1570863011900006, "N_Gamtal": 0.091570863011899997, "oneminus": 0.90842913698799999 }, "geometry": { "type": "Polygon", "coordinates": [ [ [ 73.138518912276467, 22.604632598568713 ], [ 73.128794352858833, 22.604519510521872 ], [ 73.128672206067947, 22.613548559295388 ], [ 73.138397399380111, 22.613661697398925 ], [ 73.138518912276467, 22.604632598568713 ] ] ] } },
{ "type": "Feature", "properties": { "FeatureID": "192", "HA_Area": 100.0, "SUM_gamtal": 0.0, "Gamtal_Per": 0.0, "N_Gamtal": 0.0, "oneminus": 1.0 }, "geometry": { "type": "Polygon", "coordinates": [ [ [ 73.244575131288769, 22.678074480180356 ], [ 73.244690078637873, 22.66904492292425 ], [ 73.234960411425433, 22.668937978863536 ], [ 73.234844827728438, 22.677967488886097 ], [ 73.244575131288769, 22.678074480180356 ] ] ] } },
{ "type": "Feature", "properties": { "FeatureID": "193", "HA_Area": 100.0, "SUM_gamtal": 0.0, "Gamtal_Per": 0.0, "N_Gamtal": 0.0, "oneminus": 1.0 }, "geometry": { "type": "Polygon", "coordinates": [ [ [ 73.294120052662009, 22.60636195955756 ], [ 73.284394542648556, 22.60625828948146 ], [ 73.284282540281751, 22.61528810790778 ], [ 73.29400868446703, 22.61539182387299 ], [ 73.294120052662009, 22.60636195955756 ] ] ] } },
{ "type": "Feature", "properties": { "FeatureID": "194", "HA_Area": 100.0, "SUM_gamtal": 17.517302878599999, "Gamtal_Per": 17.517302878599999, "N_Gamtal": 0.175173028786, "oneminus": 0.82482697121399995 }, "geometry": { "type": "Polygon", "coordinates": [ [ [ 73.313130506853312, 22.642687290706974 ], [ 73.303402345064939, 22.642584616630138 ], [ 73.30329138550016, 22.651614483873558 ], [ 73.31302018278457, 22.651717203341391 ], [ 73.313130506853312, 22.642687290706974 ] ] ] } },
{ "type": "Feature", "properties": { "FeatureID": "195", "HA_Area": 100.0, "SUM_gamtal": 14.5996746848, "Gamtal_Per": 14.5996746848, "N_Gamtal": 0.14599674684799999, "oneminus": 0.85400325315199999 }, "geometry": { "type": "Polygon", "coordinates": [ [ [ 73.167573349118157, 22.613997579016001 ], [ 73.15784797122771, 22.613886207274433 ], [ 73.157727664970835, 22.622915394676781 ], [ 73.16745367713213, 22.623026815700012 ], [ 73.167573349118157, 22.613997579016001 ] ] ] } },
{ "type": "Feature", "properties": { "FeatureID": "196", "HA_Area": 100.0, "SUM_gamtal": 43.247236671899998, "Gamtal_Per": 43.247236671899998, "N_Gamtal": 0.43247236671900002, "oneminus": 0.56752763328099998 }, "geometry": { "type": "Polygon", "coordinates": [ [ [ 73.312799366307701, 22.669776996572711 ], [ 73.303069297061981, 22.669674186305627 ], [ 73.302958168155598, 22.678704021487373 ], [ 73.31268887386679, 22.678806877162721 ], [ 73.312799366307701, 22.669776996572711 ] ] ] } },
{ "type": "Feature", "properties": { "FeatureID": "197", "HA_Area": 100.0, "SUM_gamtal": 0.0, "Gamtal_Per": 0.0, "N_Gamtal": 0.0, "oneminus": 1.0 }, "geometry": { "type": "Polygon", "coordinates": [ [ [ 73.25487646756217, 22.633032752405153 ], [ 73.245149284175923, 22.632926586675261 ], [ 73.24503457033606, 22.641956186814262 ], [ 73.254762388795143, 22.642062399493156 ], [ 73.25487646756217, 22.633032752405153 ] ] ] } },
{ "type": "Feature", "properties": { "FeatureID": "198", "HA_Area": 100.0, "SUM_gamtal": 0.23776353946500001, "Gamtal_Per": 0.23776353946500001, "N_Gamtal": 0.0023776353946500001, "oneminus": 0.99762236460499998 }, "geometry": { "type": "Polygon", "coordinates": [ [ [ 73.312799366307701, 22.669776996572711 ], [ 73.31268887386679, 22.678806877162721 ], [ 73.322419635734875, 22.678909141978959 ], [ 73.322529491693899, 22.669879216241473 ], [ 73.312799366307701, 22.669776996572711 ] ] ] } },
{ "type": "Feature", "properties": { "FeatureID": "199", "HA_Area": 100.0, "SUM_gamtal": 0.0, "Gamtal_Per": 0.0, "N_Gamtal": 0.0, "oneminus": 1.0 }, "geometry": { "type": "Polygon", "coordinates": [ [ [ 73.342206909991503, 22.652021821228491 ], [ 73.332477945353304, 22.651920872032658 ], [ 73.332368836864177, 22.660950864000384 ], [ 73.342098437370367, 22.66105185781079 ], [ 73.342206909991503, 22.652021821228491 ] ] ] } },
{ "type": "Feature", "properties": { "FeatureID": "200", "HA_Area": 100.0, "SUM_gamtal": 0.0, "Gamtal_Per": 0.0, "N_Gamtal": 0.0, "oneminus": 1.0 }, "geometry": { "type": "Polygon", "coordinates": [ [ [ 73.138397399380111, 22.613661697398925 ], [ 73.128672206067947, 22.613548559295388 ], [ 73.128549997105992, 22.622577597290004 ], [ 73.138275824635173, 22.622690785456573 ], [ 73.138397399380111, 22.613661697398925 ] ] ] } },
{ "type": "Feature", "properties": { "FeatureID": "201", "HA_Area": 100.0, "SUM_gamtal": 11.6742054233, "Gamtal_Per": 11.6742054233, "N_Gamtal": 0.11674205423300001, "oneminus": 0.88325794576700001 }, "geometry": { "type": "Polygon", "coordinates": [ [ [ 73.353225699586289, 22.543760378939261 ], [ 73.343504285244677, 22.543660551670012 ], [ 73.343396473224331, 22.552690715956714 ], [ 73.353118519579141, 22.552790587512551 ], [ 73.353225699586289, 22.543760378939261 ] ] ] } },
{ "type": "Feature", "properties": { "FeatureID": "202", "HA_Area": 100.0, "SUM_gamtal": 28.241861481299999, "Gamtal_Per": 28.241861481299999, "N_Gamtal": 0.28241861481300001, "oneminus": 0.71758138518699999 }, "geometry": { "type": "Polygon", "coordinates": [ [ [ 73.235075936396356, 22.659908458109054 ], [ 73.225346963917502, 22.659800971051968 ], [ 73.225230802939009, 22.668830444318203 ], [ 73.234960411425433, 22.668937978863536 ], [ 73.235075936396356, 22.659908458109054 ] ] ] } },
{ "type": "Feature", "properties": { "FeatureID": "203", "HA_Area": 100.0, "SUM_gamtal": 15.8931465567, "Gamtal_Per": 15.8931465567, "N_Gamtal": 0.158931465567, "oneminus": 0.841068534433 }, "geometry": { "type": "Polygon", "coordinates": [ [ [ 73.294564958897368, 22.570242395607686 ], [ 73.284841982346521, 22.570138909030007 ], [ 73.28473020785421, 22.579168770147863 ], [ 73.294453817287206, 22.579272302591455 ], [ 73.294564958897368, 22.570242395607686 ] ] ] } },
{ "type": "Feature", "properties": { "FeatureID": "204", "HA_Area": 100.0, "SUM_gamtal": 30.226912293800002, "Gamtal_Per": 30.226912293800002, "N_Gamtal": 0.30226912293800001, "oneminus": 0.69773087706199999 }, "geometry": { "type": "Polygon", "coordinates": [ [ [ 73.118209077920838, 22.667608596559916 ], [ 73.108480199349444, 22.667493977358717 ], [ 73.108356344727028, 22.676522849622053 ], [ 73.1180858594157, 22.676637519445602 ], [ 73.118209077920838, 22.667608596559916 ] ] ] } },
{ "type": "Feature", "properties": { "FeatureID": "205", "HA_Area": 100.0, "SUM_gamtal": 0.044589356964899997, "Gamtal_Per": 0.044589356964899997, "N_Gamtal": 0.000445893569649, "oneminus": 0.99955410642999998 }, "geometry": { "type": "Polygon", "coordinates": [ [ [ 73.274443759251838, 22.624213564539495 ], [ 73.264717094948452, 22.624108624187585 ], [ 73.264603708960294, 22.633138328664149 ], [ 73.274331008047525, 22.633243315437959 ], [ 73.274443759251838, 22.624213564539495 ] ] ] } },
{ "type": "Feature", "properties": { "FeatureID": "206", "HA_Area": 100.0, "SUM_gamtal": 36.089922685600001, "Gamtal_Per": 36.089922685600001, "N_Gamtal": 0.36089922685600001, "oneminus": 0.63910077314400005 }, "geometry": { "type": "Polygon", "coordinates": [ [ [ 73.178011742961274, 22.55993242213242 ], [ 73.168290103151932, 22.559821933205487 ], [ 73.168170796186516, 22.568851234359528 ], [ 73.177893068350784, 22.568961772270505 ], [ 73.178011742961274, 22.55993242213242 ] ] ] } },
{ "type": "Feature", "properties": { "FeatureID": "207", "HA_Area": 100.0, "SUM_gamtal": 2.0716976218699998, "Gamtal_Per": 2.0716976218699998, "N_Gamtal": 0.020716976218700001, "oneminus": 0.97928302378099996 }, "geometry": { "type": "Polygon", "coordinates": [ [ [ 73.244575131288769, 22.678074480180356 ], [ 73.234844827728438, 22.677967488886097 ], [ 73.234729185288202, 22.68699698817327 ], [ 73.244460125519694, 22.687104026707068 ], [ 73.244575131288769, 22.678074480180356 ] ] ] } },
{ "type": "Feature", "properties": { "FeatureID": "208", "HA_Area": 100.0, "SUM_gamtal": 0.0, "Gamtal_Per": 0.0, "N_Gamtal": 0.0, "oneminus": 1.0 }, "geometry": { "type": "Polygon", "coordinates": [ [ [ 73.342206909991503, 22.652021821228491 ], [ 73.351935929768132, 22.652122180306197 ], [ 73.352043711689802, 22.643092088714727 ], [ 73.342315327474196, 22.642991773985237 ], [ 73.342206909991503, 22.652021821228491 ] ] ] } },
{ "type": "Feature", "properties": { "FeatureID": "209", "HA_Area": 100.0, "SUM_gamtal": 0.0, "Gamtal_Per": 0.0, "N_Gamtal": 0.0, "oneminus": 1.0 }, "geometry": { "type": "Polygon", "coordinates": [ [ [ 73.188322752800147, 22.51489516874361 ], [ 73.178604209573095, 22.514785510613759 ], [ 73.178485837050914, 22.523814914349565 ], [ 73.188205011041632, 22.52392462117248 ], [ 73.188322752800147, 22.51489516874361 ] ] ] } },
{ "type": "Feature", "properties": { "FeatureID": "210", "HA_Area": 100.0, "SUM_gamtal": 0.0, "Gamtal_Per": 0.0, "N_Gamtal": 0.0, "oneminus": 1.0 }, "geometry": { "type": "Polygon", "coordinates": [ [ [ 73.119682822165444, 22.559260680041024 ], [ 73.109961551833592, 22.559146667808534 ], [ 73.109838451113347, 22.568175669592808 ], [ 73.119560353692577, 22.568289732370879 ], [ 73.119682822165444, 22.559260680041024 ] ] ] } },
{ "type": "Feature", "properties": { "FeatureID": "211", "HA_Area": 100.0, "SUM_gamtal": 8.5875762788899994, "Gamtal_Per": 8.5875762788899994, "N_Gamtal": 0.085875762788899995, "oneminus": 0.914124237211 }, "geometry": { "type": "Polygon", "coordinates": [ [ [ 73.177655537700943, 22.587020440352987 ], [ 73.187379136046971, 22.587130488199229 ], [ 73.187497298599169, 22.578101110788712 ], [ 73.177774333269866, 22.577991111678521 ], [ 73.177655537700943, 22.587020440352987 ] ] ] } },
{ "type": "Feature", "properties": { "FeatureID": "212", "HA_Area": 100.0, "SUM_gamtal": 5.3606856071999998, "Gamtal_Per": 5.3606856071999998, "N_Gamtal": 0.053606856071999998, "oneminus": 0.946393143928 }, "geometry": { "type": "Polygon", "coordinates": [ [ [ 73.187379136046971, 22.587130488199229 ], [ 73.177655537700943, 22.587020440352987 ], [ 73.177536681626364, 22.596049758290384 ], [ 73.187260913311391, 22.596159854878842 ], [ 73.187379136046971, 22.587130488199229 ] ] ] } },
{ "type": "Feature", "properties": { "FeatureID": "213", "HA_Area": 100.0, "SUM_gamtal": 9.6810030506799993, "Gamtal_Per": 9.6810030506799993, "N_Gamtal": 0.096810030506799996, "oneminus": 0.90318996949300001 }, "geometry": { "type": "Polygon", "coordinates": [ [ [ 73.235767853935059, 22.605731108406562 ], [ 73.226042690720746, 22.605623906152665 ], [ 73.225926883675498, 22.61465344377347 ], [ 73.235652680960456, 22.614760693479539 ], [ 73.235767853935059, 22.605731108406562 ] ] ] } },
{ "type": "Feature", "properties": { "FeatureID": "214", "HA_Area": 100.0, "SUM_gamtal": 41.320934866199998, "Gamtal_Per": 41.320934866199998, "N_Gamtal": 0.41320934866199999, "oneminus": 0.58679065133800001 }, "geometry": { "type": "Polygon", "coordinates": [ [ [ 73.148967516383024, 22.550569980449982 ], [ 73.139246691843468, 22.550457779560464 ], [ 73.139125549660292, 22.55948694295223 ], [ 73.148847006179523, 22.559599193600313 ], [ 73.148967516383024, 22.550569980449982 ] ] ] } },
{ "type": "Feature", "properties": { "FeatureID": "215", "HA_Area": 100.0, "SUM_gamtal": 79.456720844499998, "Gamtal_Per": 79.456720844499998, "N_Gamtal": 0.79456720844499995, "oneminus": 0.20543279155499999 }, "geometry": { "type": "Polygon", "coordinates": [ [ [ 73.353332824969499, 22.534730159751913 ], [ 73.343612042319137, 22.534630376763683 ], [ 73.343504285244677, 22.543660551670012 ], [ 73.353225699586289, 22.543760378939261 ], [ 73.353332824969499, 22.534730159751913 ] ] ] } },
{ "type": "Feature", "properties": { "FeatureID": "216", "HA_Area": 100.0, "SUM_gamtal": 0.0, "Gamtal_Per": 0.0, "N_Gamtal": 0.0, "oneminus": 1.0 }, "geometry": { "type": "Polygon", "coordinates": [ [ [ 73.188205011041632, 22.52392462117248 ], [ 73.178485837050914, 22.523814914349565 ], [ 73.178367404146215, 22.532844307372844 ], [ 73.188087209222147, 22.532954062894952 ], [ 73.188205011041632, 22.52392462117248 ] ] ] } },
{ "type": "Feature", "properties": { "FeatureID": "217", "HA_Area": 100.0, "SUM_gamtal": 16.5447587265, "Gamtal_Per": 16.5447587265, "N_Gamtal": 0.165447587265, "oneminus": 0.83455241273500003 }, "geometry": { "type": "Polygon", "coordinates": [ [ [ 73.283384467582621, 22.687526270492349 ], [ 73.273653295543085, 22.687421596127216 ], [ 73.273540142422647, 22.696451272092869 ], [ 73.283271951524526, 22.696555992660304 ], [ 73.283384467582621, 22.687526270492349 ] ] ] } },
{ "type": "Feature", "properties": { "FeatureID": "218", "HA_Area": 100.0, "SUM_gamtal": 0.0, "Gamtal_Per": 0.0, "N_Gamtal": 0.0, "oneminus": 1.0 }, "geometry": { "type": "Polygon", "coordinates": [ [ [ 73.35301128493218, 22.561820785468335 ], [ 73.343288606242098, 22.56172086962032 ], [ 73.34318068428199, 22.570751012657389 ], [ 73.352903995629489, 22.570850972803168 ], [ 73.35301128493218, 22.561820785468335 ] ] ] } },
{ "type": "Feature", "properties": { "FeatureID": "219", "HA_Area": 100.0, "SUM_gamtal": 0.0, "Gamtal_Per": 0.0, "N_Gamtal": 0.0, "oneminus": 1.0 }, "geometry": { "type": "Polygon", "coordinates": [ [ [ 73.234960411425433, 22.668937978863536 ], [ 73.225230802939009, 22.668830444318203 ], [ 73.225114582911303, 22.677859906846493 ], [ 73.234844827728438, 22.677967488886097 ], [ 73.234960411425433, 22.668937978863536 ] ] ] } },
{ "type": "Feature", "properties": { "FeatureID": "220", "HA_Area": 100.0, "SUM_gamtal": 0.0, "Gamtal_Per": 0.0, "N_Gamtal": 0.0, "oneminus": 1.0 }, "geometry": { "type": "Polygon", "coordinates": [ [ [ 73.119560353692577, 22.568289732370879 ], [ 73.109838451113347, 22.568175669592808 ], [ 73.109715287668607, 22.577204660603069 ], [ 73.11943782281719, 22.577318773933097 ], [ 73.119560353692577, 22.568289732370879 ] ] ] } },
{ "type": "Feature", "properties": { "FeatureID": "221", "HA_Area": 100.0, "SUM_gamtal": 0.85319246633900003, "Gamtal_Per": 0.85319246633900003, "N_Gamtal": 0.0085319246633900007, "oneminus": 0.99146807533699999 }, "geometry": { "type": "Polygon", "coordinates": [ [ [ 73.324170642130014, 22.534429050606285 ], [ 73.314450025234962, 22.534327507464379 ], [ 73.314340373183029, 22.543357547965833 ], [ 73.3240616217211, 22.543459136169673 ], [ 73.324170642130014, 22.534429050606285 ] ] ] } },
{ "type": "Feature", "properties": { "FeatureID": "222", "HA_Area": 100.0, "SUM_gamtal": 24.910639490499999, "Gamtal_Per": 24.910639490499999, "N_Gamtal": 0.249106394905, "oneminus": 0.75089360509500003 }, "geometry": { "type": "Polygon", "coordinates": [ [ [ 73.256240892672324, 22.524676153267013 ], [ 73.246521305009111, 22.52457055046256 ], [ 73.246407290064468, 22.533600278916555 ], [ 73.256127508933176, 22.533705928598923 ], [ 73.256240892672324, 22.524676153267013 ] ] ] } },
{ "type": "Feature", "properties": { "FeatureID": "223", "HA_Area": 100.0, "SUM_gamtal": 34.369453815599996, "Gamtal_Per": 34.369453815599996, "N_Gamtal": 0.34369453815599998, "oneminus": 0.65630546184399996 }, "geometry": { "type": "Polygon", "coordinates": [ [ [ 73.313901205695245, 22.579477603571238 ], [ 73.304177483341647, 22.579375247070558 ], [ 73.30406691833096, 22.588405189003716 ], [ 73.313791273921879, 22.588507590855201 ], [ 73.313901205695245, 22.579477603571238 ] ] ] } },
{ "type": "Feature", "properties": { "FeatureID": "224", "HA_Area": 100.0, "SUM_gamtal": 0.0, "Gamtal_Per": 0.0, "N_Gamtal": 0.0, "oneminus": 1.0 }, "geometry": { "type": "Polygon", "coordinates": [ [ [ 73.120294229127154, 22.514115257000544 ], [ 73.110576115205845, 22.514001497400407 ], [ 73.110453327834506, 22.523030553001821 ], [ 73.120172072394723, 22.523144363115701 ], [ 73.120294229127154, 22.514115257000544 ] ] ] } },
{ "type": "Feature", "properties": { "FeatureID": "225", "HA_Area": 100.0, "SUM_gamtal": 20.067640045299999, "Gamtal_Per": 20.067640045299999, "N_Gamtal": 0.200676400453, "oneminus": 0.79932359954700005 }, "geometry": { "type": "Polygon", "coordinates": [ [ [ 73.225463065864076, 22.65077148705128 ], [ 73.215734788084461, 22.650663457527724 ], [ 73.215618050470638, 22.659692893785536 ], [ 73.225346963917502, 22.659800971051968 ], [ 73.225463065864076, 22.65077148705128 ] ] ] } },
{ "type": "Feature", "properties": { "FeatureID": "226", "HA_Area": 100.0, "SUM_gamtal": 0.0, "Gamtal_Per": 0.0, "N_Gamtal": 0.0, "oneminus": 1.0 }, "geometry": { "type": "Polygon", "coordinates": [ [ [ 73.119560353692577, 22.568289732370879 ], [ 73.11943782281719, 22.577318773933097 ], [ 73.129160420386455, 22.577432299563139 ], [ 73.129282318674299, 22.568403207709238 ], [ 73.119560353692577, 22.568289732370879 ] ] ] } },
{ "type": "Feature", "properties": { "FeatureID": "227", "HA_Area": 100.0, "SUM_gamtal": 41.599646762500001, "Gamtal_Per": 41.599646762500001, "N_Gamtal": 0.41599646762499998, "oneminus": 0.58400353237500002 }, "geometry": { "type": "Polygon", "coordinates": [ [ [ 73.176702993463337, 22.659254682920295 ], [ 73.166974380021614, 22.659143654828341 ], [ 73.166854403363402, 22.668172837690992 ], [ 73.17658365270772, 22.668283914835186 ], [ 73.176702993463337, 22.659254682920295 ] ] ] } },
{ "type": "Feature", "properties": { "FeatureID": "228", "HA_Area": 100.0, "SUM_gamtal": 0.0, "Gamtal_Per": 0.0, "N_Gamtal": 0.0, "oneminus": 1.0 }, "geometry": { "type": "Polygon", "coordinates": [ [ [ 73.313901205695245, 22.579477603571238 ], [ 73.313791273921879, 22.588507590855201 ], [ 73.323515685505981, 22.588609404453948 ], [ 73.323624984025713, 22.579579372079621 ], [ 73.313901205695245, 22.579477603571238 ] ] ] } },
{ "type": "Feature", "properties": { "FeatureID": "229", "HA_Area": 100.0, "SUM_gamtal": 11.439199285200001, "Gamtal_Per": 11.439199285200001, "N_Gamtal": 0.114391992852, "oneminus": 0.88560800714800003 }, "geometry": { "type": "Polygon", "coordinates": [ [ [ 73.3240616217211, 22.543459136169673 ], [ 73.314340373183029, 22.543357547965833 ], [ 73.314230665219355, 22.552387577830711 ], [ 73.323952545722392, 22.552489211102156 ], [ 73.3240616217211, 22.543459136169673 ] ] ] } },
{ "type": "Feature", "properties": { "FeatureID": "230", "HA_Area": 100.0, "SUM_gamtal": 0.0, "Gamtal_Per": 0.0, "N_Gamtal": 0.0, "oneminus": 1.0 }, "geometry": { "type": "Polygon", "coordinates": [ [ [ 73.147396087961411, 22.667948912274948 ], [ 73.147274777917545, 22.676977985463907 ], [ 73.157004541153015, 22.677090292934615 ], [ 73.157125215006943, 22.668061170165867 ], [ 73.147396087961411, 22.667948912274948 ] ] ] } },
{ "type": "Feature", "properties": { "FeatureID": "231", "HA_Area": 100.0, "SUM_gamtal": 0.0, "Gamtal_Per": 0.0, "N_Gamtal": 0.0, "oneminus": 1.0 }, "geometry": { "type": "Polygon", "coordinates": [ [ [ 73.283833960546488, 22.651407274763091 ], [ 73.293562644646443, 22.651511174342787 ], [ 73.293674239690787, 22.642481352751048 ], [ 73.283946191053801, 22.64237749908369 ], [ 73.283833960546488, 22.651407274763091 ] ] ] } },
{ "type": "Feature", "properties": { "FeatureID": "232", "HA_Area": 100.0, "SUM_gamtal": 0.0, "Gamtal_Per": 0.0, "N_Gamtal": 0.0, "oneminus": 1.0 }, "geometry": { "type": "Polygon", "coordinates": [ [ [ 73.302958168155598, 22.678704021487373 ], [ 73.302846982768983, 22.687733845974993 ], [ 73.312578325268987, 22.68783674706437 ], [ 73.31268887386679, 22.678806877162721 ], [ 73.302958168155598, 22.678704021487373 ] ] ] } },
{ "type": "Feature", "properties": { "FeatureID": "233", "HA_Area": 100.0, "SUM_gamtal": 15.0946427485, "Gamtal_Per": 15.0946427485, "N_Gamtal": 0.15094642748500001, "oneminus": 0.84905357251500002 }, "geometry": { "type": "Polygon", "coordinates": [ [ [ 73.283609328284854, 22.669466794032303 ], [ 73.273879429399884, 22.669362212054182 ], [ 73.27376639119656, 22.678391909446507 ], [ 73.283496926497165, 22.678496537615199 ], [ 73.283609328284854, 22.669466794032303 ] ] ] } },
{ "type": "Feature", "properties": { "FeatureID": "234", "HA_Area": 100.0, "SUM_gamtal": 0.0, "Gamtal_Per": 0.0, "N_Gamtal": 0.0, "oneminus": 1.0 }, "geometry": { "type": "Polygon", "coordinates": [ [ [ 73.313571242379282, 22.606567533458076 ], [ 73.313681286155344, 22.597537567485301 ], [ 73.303956297004689, 22.597435120277261 ], [ 73.303845619346447, 22.606465040887755 ], [ 73.313571242379282, 22.606567533458076 ] ] ] } },
{ "type": "Feature", "properties": { "FeatureID": "235", "HA_Area": 100.0, "SUM_gamtal": 65.835252746199998, "Gamtal_Per": 65.835252746199998, "N_Gamtal": 0.65835252746200001, "oneminus": 0.34164747253799999 }, "geometry": { "type": "Polygon", "coordinates": [ [ [ 73.313571242379282, 22.606567533458076 ], [ 73.313461142577424, 22.615597488770081 ], [ 73.323187455857209, 22.61569943767411 ], [ 73.323296921437958, 22.606669437254642 ], [ 73.313571242379282, 22.606567533458076 ] ] ] } },
{ "type": "Feature", "properties": { "FeatureID": "236", "HA_Area": 100.0, "SUM_gamtal": 13.4930098765, "Gamtal_Per": 13.4930098765, "N_Gamtal": 0.13493009876500001, "oneminus": 0.86506990123500005 }, "geometry": { "type": "Polygon", "coordinates": [ [ [ 73.197689843903021, 22.542092711370167 ], [ 73.197572553655462, 22.551122180120576 ], [ 73.207293741771849, 22.551230858994646 ], [ 73.207410400255839, 22.542201342053229 ], [ 73.197689843903021, 22.542092711370167 ] ] ] } },
{ "type": "Feature", "properties": { "FeatureID": "237", "HA_Area": 100.0, "SUM_gamtal": 0.0, "Gamtal_Per": 0.0, "N_Gamtal": 0.0, "oneminus": 1.0 }, "geometry": { "type": "Polygon", "coordinates": [ [ [ 73.236801775477034, 22.524464361326238 ], [ 73.227082304397754, 22.524357585872426 ], [ 73.226967027092911, 22.533387219789997 ], [ 73.236687129343792, 22.533494042642122 ], [ 73.236801775477034, 22.524464361326238 ] ] ] } },
{ "type": "Feature", "properties": { "FeatureID": "238", "HA_Area": 100.0, "SUM_gamtal": 0.01268487925, "Gamtal_Per": 0.01268487925, "N_Gamtal": 0.0001268487925, "oneminus": 0.99987315120700004 }, "geometry": { "type": "Polygon", "coordinates": [ [ [ 73.264717094948452, 22.624108624187585 ], [ 73.254990488317304, 22.624003094611073 ], [ 73.25487646756217, 22.633032752405153 ], [ 73.264603708960294, 22.633138328664149 ], [ 73.264717094948452, 22.624108624187585 ] ] ] } },
{ "type": "Feature", "properties": { "FeatureID": "239", "HA_Area": 100.0, "SUM_gamtal": 0.0, "Gamtal_Per": 0.0, "N_Gamtal": 0.0, "oneminus": 1.0 }, "geometry": { "type": "Polygon", "coordinates": [ [ [ 73.302958168155598, 22.678704021487373 ], [ 73.29322751892461, 22.678600574966858 ], [ 73.293115696765724, 22.687630353779646 ], [ 73.302846982768983, 22.687733845974993 ], [ 73.302958168155598, 22.678704021487373 ] ] ] } },
{ "type": "Feature", "properties": { "FeatureID": "240", "HA_Area": 100.0, "SUM_gamtal": 7.7343200471599998, "Gamtal_Per": 7.7343200471599998, "N_Gamtal": 0.077343200471599996, "oneminus": 0.92265679952799995 }, "geometry": { "type": "Polygon", "coordinates": [ [ [ 73.34318068428199, 22.570751012657389 ], [ 73.33345742792838, 22.570650464738659 ], [ 73.333348818010734, 22.579680552581937 ], [ 73.343072707327991, 22.579781145064473 ], [ 73.34318068428199, 22.570751012657389 ] ] ] } },
{ "type": "Feature", "properties": { "FeatureID": "241", "HA_Area": 100.0, "SUM_gamtal": 11.920415544100001, "Gamtal_Per": 11.920415544100001, "N_Gamtal": 0.11920415544100001, "oneminus": 0.88079584455899995 }, "geometry": { "type": "Polygon", "coordinates": [ [ [ 73.197689843903021, 22.542092711370167 ], [ 73.187969347324284, 22.541983493907523 ], [ 73.187851425330535, 22.551012914206687 ], [ 73.197572553655462, 22.551122180120576 ], [ 73.197689843903021, 22.542092711370167 ] ] ] } },
{ "type": "Feature", "properties": { "FeatureID": "242", "HA_Area": 100.0, "SUM_gamtal": 30.817328725, "Gamtal_Per": 30.817328725, "N_Gamtal": 0.30817328724999998, "oneminus": 0.69182671274999996 }, "geometry": { "type": "Polygon", "coordinates": [ [ [ 73.283833960546488, 22.651407274763091 ], [ 73.274105333523295, 22.651302785148538 ], [ 73.273992410169868, 22.660332503953704 ], [ 73.2837216729624, 22.660437039747112 ], [ 73.283833960546488, 22.651407274763091 ] ] ] } },
{ "type": "Feature", "properties": { "FeatureID": "243", "HA_Area": 100.0, "SUM_gamtal": 19.3683566809, "Gamtal_Per": 19.3683566809, "N_Gamtal": 0.19368356680900001, "oneminus": 0.80631643319099999 }, "geometry": { "type": "Polygon", "coordinates": [ [ [ 73.352689252993258, 22.588911315596221 ], [ 73.342964675364087, 22.588811266838125 ], [ 73.342856588374246, 22.597841377974913 ], [ 73.35258179962787, 22.597941471047548 ], [ 73.352689252993258, 22.588911315596221 ] ] ] } },
{ "type": "Feature", "properties": { "FeatureID": "244", "HA_Area": 100.0, "SUM_gamtal": 0.019631961981799999, "Gamtal_Per": 0.019631961981799999, "N_Gamtal": 0.00019631961981799999, "oneminus": 0.99980368038 }, "geometry": { "type": "Polygon", "coordinates": [ [ [ 73.147396087961411, 22.667948912274948 ], [ 73.14751733637128, 22.658919828298671 ], [ 73.137788906808581, 22.658807029891296 ], [ 73.137667022549849, 22.667836064033445 ], [ 73.147396087961411, 22.667948912274948 ] ] ] } },
{ "type": "Feature", "properties": { "FeatureID": "245", "HA_Area": 100.0, "SUM_gamtal": 6.1637423619599998, "Gamtal_Per": 6.1637423619599998, "N_Gamtal": 0.0616374236196, "oneminus": 0.93836257637999998 }, "geometry": { "type": "Polygon", "coordinates": [ [ [ 73.197102794576423, 22.587239947979217 ], [ 73.187379136046971, 22.587130488199229 ], [ 73.187260913311391, 22.596159854878842 ], [ 73.196985205197365, 22.596269363140646 ], [ 73.197102794576423, 22.587239947979217 ] ] ] } },
{ "type": "Feature", "properties": { "FeatureID": "246", "HA_Area": 100.0, "SUM_gamtal": 0.0, "Gamtal_Per": 0.0, "N_Gamtal": 0.0, "oneminus": 1.0 }, "geometry": { "type": "Polygon", "coordinates": [ [ [ 73.235537449362596, 22.623790267841475 ], [ 73.225811017684421, 22.623682970677216 ], [ 73.225695092730291, 22.632712486860417 ], [ 73.235422159124383, 22.63281983148886 ], [ 73.235537449362596, 22.623790267841475 ] ] ] } },
{ "type": "Feature", "properties": { "FeatureID": "247", "HA_Area": 100.0, "SUM_gamtal": 0.86303204535199995, "Gamtal_Per": 0.86303204535199995, "N_Gamtal": 0.0086303204535199997, "oneminus": 0.99136967954599997 }, "geometry": { "type": "Polygon", "coordinates": [ [ [ 73.178604209573095, 22.514785510613759 ], [ 73.168885726711025, 22.514675266514431 ], [ 73.168766723442744, 22.523704621297053 ], [ 73.178485837050914, 22.523814914349565 ], [ 73.178604209573095, 22.514785510613759 ] ] ] } },
{ "type": "Feature", "properties": { "FeatureID": "248", "HA_Area": 100.0, "SUM_gamtal": 24.604593745300001, "Gamtal_Per": 24.604593745300001, "N_Gamtal": 0.24604593745299999, "oneminus": 0.75395406254700004 }, "geometry": { "type": "Polygon", "coordinates": [ [ [ 73.22627412804249, 22.587564798773794 ], [ 73.216550290896436, 22.587457103281199 ], [ 73.216433968282715, 22.596486614625078 ], [ 73.226158438837359, 22.596594357818283 ], [ 73.22627412804249, 22.587564798773794 ] ] ] } },
{ "type": "Feature", "properties": { "FeatureID": "249", "HA_Area": 100.0, "SUM_gamtal": 0.0, "Gamtal_Per": 0.0, "N_Gamtal": 0.0, "oneminus": 1.0 }, "geometry": { "type": "Polygon", "coordinates": [ [ [ 73.303956297004689, 22.597435120277261 ], [ 73.294231364186032, 22.59733208456986 ], [ 73.294120052662009, 22.60636195955756 ], [ 73.303845619346447, 22.606465040887755 ], [ 73.303956297004689, 22.597435120277261 ] ] ] } },
{ "type": "Feature", "properties": { "FeatureID": "250", "HA_Area": 100.0, "SUM_gamtal": 10.083083996399999, "Gamtal_Per": 10.083083996399999, "N_Gamtal": 0.100830839964, "oneminus": 0.899169160036 }, "geometry": { "type": "Polygon", "coordinates": [ [ [ 73.293897259584512, 22.624421677512679 ], [ 73.293785777997954, 22.633451520473177 ], [ 73.303513248215495, 22.63355473870638 ], [ 73.303624094968299, 22.624524850105768 ], [ 73.293897259584512, 22.624421677512679 ] ] ] } },
{ "type": "Feature", "properties": { "FeatureID": "251", "HA_Area": 100.0, "SUM_gamtal": 0.0, "Gamtal_Per": 0.0, "N_Gamtal": 0.0, "oneminus": 1.0 }, "geometry": { "type": "Polygon", "coordinates": [ [ [ 73.158208522848057, 22.586798580521414 ], [ 73.148485106985646, 22.586686768566121 ], [ 73.148364351000268, 22.595715938714612 ], [ 73.158088400148472, 22.595827800193245 ], [ 73.158208522848057, 22.586798580521414 ] ] ] } },
{ "type": "Feature", "properties": { "FeatureID": "252", "HA_Area": 100.0, "SUM_gamtal": 0.0, "Gamtal_Per": 0.0, "N_Gamtal": 0.0, "oneminus": 1.0 }, "geometry": { "type": "Polygon", "coordinates": [ [ [ 73.255332202680549, 22.596914057026972 ], [ 73.245607556358692, 22.596808079033696 ], [ 73.245493075755476, 22.605837722 ], [ 73.255218355859569, 22.605943746918513 ], [ 73.255332202680549, 22.596914057026972 ] ] ] } },
{ "type": "Feature", "properties": { "FeatureID": "253", "HA_Area": 100.0, "SUM_gamtal": 1.63021219898, "Gamtal_Per": 1.63021219898, "N_Gamtal": 0.016302121989800002, "oneminus": 0.98369787800999997 }, "geometry": { "type": "Polygon", "coordinates": [ [ [ 73.205654270799741, 22.677642970589677 ], [ 73.195924204151737, 22.67753361640186 ], [ 73.195806015199736, 22.686562924123375 ], [ 73.205536718449579, 22.686672326593712 ], [ 73.205654270799741, 22.677642970589677 ] ] ] } },
{ "type": "Feature", "properties": { "FeatureID": "254", "HA_Area": 100.0, "SUM_gamtal": 0.0, "Gamtal_Per": 0.0, "N_Gamtal": 0.0, "oneminus": 1.0 }, "geometry": { "type": "Polygon", "coordinates": [ [ [ 73.293897259584512, 22.624421677512679 ], [ 73.284170480904791, 22.624317915652565 ], [ 73.284058364501021, 22.63334771271235 ], [ 73.293785777997954, 22.633451520473177 ], [ 73.293897259584512, 22.624421677512679 ] ] ] } },
{ "type": "Feature", "properties": { "FeatureID": "255", "HA_Area": 100.0, "SUM_gamtal": 0.0, "Gamtal_Per": 0.0, "N_Gamtal": 0.0, "oneminus": 1.0 }, "geometry": { "type": "Polygon", "coordinates": [ [ [ 73.285400001232105, 22.52498944354668 ], [ 73.275680241105505, 22.52488559982325 ], [ 73.275568119827696, 22.533915468130321 ], [ 73.285288511209927, 22.534019357950992 ], [ 73.285400001232105, 22.52498944354668 ] ] ] } },
{ "type": "Feature", "properties": { "FeatureID": "256", "HA_Area": 100.0, "SUM_gamtal": 13.241589429599999, "Gamtal_Per": 13.241589429599999, "N_Gamtal": 0.13241589429600001, "oneminus": 0.86758410570400002 }, "geometry": { "type": "Polygon", "coordinates": [ [ [ 73.186550312063289, 22.650335829411574 ], [ 73.176822273571887, 22.650225440240355 ], [ 73.176702993463337, 22.659254682920295 ], [ 73.186431667552085, 22.65936512087692 ], [ 73.186550312063289, 22.650335829411574 ] ] ] } },
{ "type": "Feature", "properties": { "FeatureID": "257", "HA_Area": 100.0, "SUM_gamtal": 0.0, "Gamtal_Per": 0.0, "N_Gamtal": 0.0, "oneminus": 1.0 }, "geometry": { "type": "Polygon", "coordinates": [ [ [ 73.196985205197365, 22.596269363140646 ], [ 73.187260913311391, 22.596159854878842 ], [ 73.187142630374851, 22.605189210824044 ], [ 73.196867555939718, 22.605298767573796 ], [ 73.196985205197365, 22.596269363140646 ] ] ] } },
{ "type": "Feature", "properties": { "FeatureID": "258", "HA_Area": 100.0, "SUM_gamtal": 32.652659738099999, "Gamtal_Per": 32.652659738099999, "N_Gamtal": 0.32652659738099998, "oneminus": 0.67347340261900002 }, "geometry": { "type": "Polygon", "coordinates": [ [ [ 73.13815418802362, 22.631719862738141 ], [ 73.128427725954879, 22.631606624502218 ], [ 73.128305392596417, 22.640635640928508 ], [ 73.13803248952739, 22.640748929240139 ], [ 73.13815418802362, 22.631719862738141 ] ] ] } },
{ "type": "Feature", "properties": { "FeatureID": "259", "HA_Area": 100.0, "SUM_gamtal": 0.0, "Gamtal_Per": 0.0, "N_Gamtal": 0.0, "oneminus": 1.0 }, "geometry": { "type": "Polygon", "coordinates": [ [ [ 73.225695092730291, 22.632712486860417 ], [ 73.215968085316462, 22.632604552804469 ], [ 73.215851466360618, 22.641634010532883 ], [ 73.225579108795912, 22.641741992319613 ], [ 73.225695092730291, 22.632712486860417 ] ] ] } },
{ "type": "Feature", "properties": { "FeatureID": "260", "HA_Area": 100.0, "SUM_gamtal": 52.157041765400002, "Gamtal_Per": 52.157041765400002, "N_Gamtal": 0.52157041765400003, "oneminus": 0.47842958234600003 }, "geometry": { "type": "Polygon", "coordinates": [ [ [ 73.294453817287206, 22.579272302591455 ], [ 73.28473020785421, 22.579168770147863 ], [ 73.28461837641818, 22.588198620598039 ], [ 73.294342619055598, 22.588302198913336 ], [ 73.294453817287206, 22.579272302591455 ] ] ] } },
{ "type": "Feature", "properties": { "FeatureID": "261", "HA_Area": 100.0, "SUM_gamtal": 0.0, "Gamtal_Per": 0.0, "N_Gamtal": 0.0, "oneminus": 1.0 }, "geometry": { "type": "Polygon", "coordinates": [ [ [ 73.207526999287552, 22.533171814410586 ], [ 73.197807074376499, 22.533063231912461 ], [ 73.197689843903021, 22.542092711370167 ], [ 73.207410400255839, 22.542201342053229 ], [ 73.207526999287552, 22.533171814410586 ] ] ] } },
{ "type": "Feature", "properties": { "FeatureID": "262", "HA_Area": 100.0, "SUM_gamtal": 7.6622208658000002, "Gamtal_Per": 7.6622208658000002, "N_Gamtal": 0.076622208658, "oneminus": 0.92337779134200004 }, "geometry": { "type": "Polygon", "coordinates": [ [ [ 73.255104451077457, 22.614973426114368 ], [ 73.245378536868628, 22.614867354264664 ], [ 73.245263939681109, 22.623896975824241 ], [ 73.254990488317304, 22.624003094611073 ], [ 73.255104451077457, 22.614973426114368 ] ] ] } },
{ "type": "Feature", "properties": { "FeatureID": "263", "HA_Area": 100.0, "SUM_gamtal": 11.1811174889, "Gamtal_Per": 11.1811174889, "N_Gamtal": 0.111811174889, "oneminus": 0.88818882511099995 }, "geometry": { "type": "Polygon", "coordinates": [ [ [ 73.226042690720746, 22.605623906152665 ], [ 73.216317586435125, 22.605516115252833 ], [ 73.216201145336413, 22.614545605160966 ], [ 73.225926883675498, 22.61465344377347 ], [ 73.226042690720746, 22.605623906152665 ] ] ] } },
{ "type": "Feature", "properties": { "FeatureID": "264", "HA_Area": 100.0, "SUM_gamtal": 0.0, "Gamtal_Per": 0.0, "N_Gamtal": 0.0, "oneminus": 1.0 }, "geometry": { "type": "Polygon", "coordinates": [ [ [ 73.27421819947692, 22.642273055642139 ], [ 73.264490265283058, 22.642168022440554 ], [ 73.26437676389989, 22.651197705513287 ], [ 73.274105333523295, 22.651302785148538 ], [ 73.27421819947692, 22.642273055642139 ] ] ] } },
{ "type": "Feature", "properties": { "FeatureID": "265", "HA_Area": 100.0, "SUM_gamtal": 0.000887537901464, "Gamtal_Per": 0.000887537901464, "N_Gamtal": 8.8753790146399995e-06, "oneminus": 0.99999112462100004 }, "geometry": { "type": "Polygon", "coordinates": [ [ [ 73.275006655364948, 22.579064649753796 ], [ 73.28473020785421, 22.579168770147863 ], [ 73.284841982346521, 22.570138909030007 ], [ 73.275119062722794, 22.570034834762254 ], [ 73.275006655364948, 22.579064649753796 ] ] ] } },
{ "type": "Feature", "properties": { "FeatureID": "266", "HA_Area": 100.0, "SUM_gamtal": 25.343628772700001, "Gamtal_Per": 25.343628772700001, "N_Gamtal": 0.253436287727, "oneminus": 0.746563712273 }, "geometry": { "type": "Polygon", "coordinates": [ [ [ 73.275006655364948, 22.579064649753796 ], [ 73.265283160141664, 22.578959941423363 ], [ 73.265170062346655, 22.587989699348835 ], [ 73.27489419074108, 22.588094454071832 ], [ 73.275006655364948, 22.579064649753796 ] ] ] } },
{ "type": "Feature", "properties": { "FeatureID": "267", "HA_Area": 100.0, "SUM_gamtal": 7.9448900403899998, "Gamtal_Per": 7.9448900403899998, "N_Gamtal": 0.0794489004039, "oneminus": 0.92055109959600001 }, "geometry": { "type": "Polygon", "coordinates": [ [ [ 73.275455941367156, 22.542945325781226 ], [ 73.265734975606833, 22.542840802962505 ], [ 73.26562210806425, 22.551870603584629 ], [ 73.275343705707257, 22.551975172772497 ], [ 73.275455941367156, 22.542945325781226 ] ] ] } },
{ "type": "Feature", "properties": { "FeatureID": "268", "HA_Area": 100.0, "SUM_gamtal": 13.504439827400001, "Gamtal_Per": 13.504439827400001, "N_Gamtal": 0.135044398274, "oneminus": 0.86495560172599995 }, "geometry": { "type": "Polygon", "coordinates": [ [ [ 73.244460125519694, 22.687104026707068 ], [ 73.234729185288202, 22.68699698817327 ], [ 73.234613484087561, 22.696026476721592 ], [ 73.244345061313524, 22.696133562500929 ], [ 73.244460125519694, 22.687104026707068 ] ] ] } },
{ "type": "Feature", "properties": { "FeatureID": "269", "HA_Area": 100.0, "SUM_gamtal": 52.036661208399998, "Gamtal_Per": 52.036661208399998, "N_Gamtal": 0.52036661208400004, "oneminus": 0.47963338791600002 }, "geometry": { "type": "Polygon", "coordinates": [ [ [ 73.187615400985464, 22.569071722650783 ], [ 73.177893068350784, 22.568961772270505 ], [ 73.177774333269866, 22.577991111678521 ], [ 73.187497298599169, 22.578101110788712 ], [ 73.187615400985464, 22.569071722650783 ] ] ] } },
{ "type": "Feature", "properties": { "FeatureID": "270", "HA_Area": 100.0, "SUM_gamtal": 8.2813941979799992, "Gamtal_Per": 8.2813941979799992, "N_Gamtal": 0.082813941979799993, "oneminus": 0.91718605801999997 }, "geometry": { "type": "Polygon", "coordinates": [ [ [ 73.177179750192309, 22.623137647645159 ], [ 73.16745367713213, 22.623026815700012 ], [ 73.167333944247261, 22.632056041626743 ], [ 73.177060651918666, 22.632166922599286 ], [ 73.177179750192309, 22.623137647645159 ] ] ] } },
{ "type": "Feature", "properties": { "FeatureID": "271", "HA_Area": 100.0, "SUM_gamtal": 0.0, "Gamtal_Per": 0.0, "N_Gamtal": 0.0, "oneminus": 1.0 }, "geometry": { "type": "Polygon", "coordinates": [ [ [ 73.236113021290237, 22.578642288956022 ], [ 73.226389758353321, 22.578535229022691 ], [ 73.22627412804249, 22.587564798773794 ], [ 73.235998024082875, 22.587671906141324 ], [ 73.236113021290237, 22.578642288956022 ] ] ] } },
{ "type": "Feature", "properties": { "FeatureID": "272", "HA_Area": 100.0, "SUM_gamtal": 0.0, "Gamtal_Per": 0.0, "N_Gamtal": 0.0, "oneminus": 1.0 }, "geometry": { "type": "Polygon", "coordinates": [ [ [ 73.342098437370367, 22.66105185781079 ], [ 73.332368836864177, 22.660950864000384 ], [ 73.332259672897308, 22.66998084529806 ], [ 73.341989909594659, 22.670081883728695 ], [ 73.342098437370367, 22.66105185781079 ] ] ] } },
{ "type": "Feature", "properties": { "FeatureID": "273", "HA_Area": 100.0, "SUM_gamtal": 0.0, "Gamtal_Per": 0.0, "N_Gamtal": 0.0, "oneminus": 1.0 }, "geometry": { "type": "Polygon", "coordinates": [ [ [ 73.186312962716826, 22.668394401583395 ], [ 73.196042333067609, 22.668504297920656 ], [ 73.196160401964889, 22.659474968683245 ], [ 73.186431667552085, 22.65936512087692 ], [ 73.186312962716826, 22.668394401583395 ] ] ] } },
{ "type": "Feature", "properties": { "FeatureID": "274", "HA_Area": 100.0, "SUM_gamtal": 0.0, "Gamtal_Per": 0.0, "N_Gamtal": 0.0, "oneminus": 1.0 }, "geometry": { "type": "Polygon", "coordinates": [ [ [ 73.196396359773857, 22.641416277953752 ], [ 73.18666889626806, 22.641306527190853 ], [ 73.186550312063289, 22.650335829411574 ], [ 73.19627841086114, 22.65044562869311 ], [ 73.196396359773857, 22.641416277953752 ] ] ] } },
{ "type": "Feature", "properties": { "FeatureID": "275", "HA_Area": 100.0, "SUM_gamtal": 30.079263318, "Gamtal_Per": 30.079263318, "N_Gamtal": 0.30079263318, "oneminus": 0.69920736681999995 }, "geometry": { "type": "Polygon", "coordinates": [ [ [ 73.118824231766013, 22.622463820106212 ], [ 73.10909852893775, 22.622349453920609 ], [ 73.108974988762029, 22.631378380212677 ], [ 73.118701326093472, 22.631492796988585 ], [ 73.118824231766013, 22.622463820106212 ] ] ] } },
{ "type": "Feature", "properties": { "FeatureID": "276", "HA_Area": 100.0, "SUM_gamtal": 46.263388638400002, "Gamtal_Per": 46.263388638400002, "N_Gamtal": 0.46263388638399999, "oneminus": 0.53736611361599995 }, "geometry": { "type": "Polygon", "coordinates": [ [ [ 73.342315327474196, 22.642991773985237 ], [ 73.332586998380918, 22.642890869398315 ], [ 73.332477945353304, 22.651920872032658 ], [ 73.342206909991503, 22.652021821228491 ], [ 73.342315327474196, 22.642991773985237 ] ] ] } },
{ "type": "Feature", "properties": { "FeatureID": "277", "HA_Area": 100.0, "SUM_gamtal": 0.0, "Gamtal_Per": 0.0, "N_Gamtal": 0.0, "oneminus": 1.0 }, "geometry": { "type": "Polygon", "coordinates": [ [ [ 73.166734365717332, 22.677202009778863 ], [ 73.157004541153015, 22.677090292934615 ], [ 73.156883805970224, 22.686119404918834 ], [ 73.166614267065569, 22.686231171088473 ], [ 73.166734365717332, 22.677202009778863 ] ] ] } },
{ "type": "Feature", "properties": { "FeatureID": "278", "HA_Area": 100.0, "SUM_gamtal": 0.0, "Gamtal_Per": 0.0, "N_Gamtal": 0.0, "oneminus": 1.0 }, "geometry": { "type": "Polygon", "coordinates": [ [ [ 73.314559621391439, 22.525297456329799 ], [ 73.304839691696799, 22.525195371813886 ], [ 73.304729464235379, 22.534225377631966 ], [ 73.314450025234962, 22.534327507464379 ], [ 73.314559621391439, 22.525297456329799 ] ] ] } },
{ "type": "Feature", "properties": { "FeatureID": "279", "HA_Area": 100.0, "SUM_gamtal": 8.1993297813900003, "Gamtal_Per": 8.1993297813900003, "N_Gamtal": 0.081993297813899996, "oneminus": 0.918006702186 }, "geometry": { "type": "Polygon", "coordinates": [ [ [ 73.127815436725754, 22.676751598704062 ], [ 73.1180858594157, 22.676637519445602 ], [ 73.11796257828918, 22.685666431521412 ], [ 73.127692792057928, 22.685780561147986 ], [ 73.127815436725754, 22.676751598704062 ] ] ] } },
{ "type": "Feature", "properties": { "FeatureID": "280", "HA_Area": 100.0, "SUM_gamtal": 0.0, "Gamtal_Per": 0.0, "N_Gamtal": 0.0, "oneminus": 1.0 }, "geometry": { "type": "Polygon", "coordinates": [ [ [ 73.343827391694276, 22.516569995105868 ], [ 73.334107926358854, 22.516469714451947 ], [ 73.333999648096636, 22.525499866057121 ], [ 73.343719744463684, 22.525600191241143 ], [ 73.343827391694276, 22.516569995105868 ] ] ] } },
{ "type": "Feature", "properties": { "FeatureID": "281", "HA_Area": 100.0, "SUM_gamtal": 20.5682303402, "Gamtal_Per": 20.5682303402, "N_Gamtal": 0.205682303402, "oneminus": 0.794317696598 }, "geometry": { "type": "Polygon", "coordinates": [ [ [ 73.119192573786151, 22.595376824740509 ], [ 73.10946877253258, 22.595262610287424 ], [ 73.109345420804701, 22.604291568954455 ], [ 73.119069855594134, 22.604405833978653 ], [ 73.119192573786151, 22.595376824740509 ] ] ] } },
{ "type": "Feature", "properties": { "FeatureID": "282", "HA_Area": 100.0, "SUM_gamtal": 0.0, "Gamtal_Per": 0.0, "N_Gamtal": 0.0, "oneminus": 1.0 }, "geometry": { "type": "Polygon", "coordinates": [ [ [ 73.196042333067609, 22.668504297920656 ], [ 73.186312962716826, 22.668394401583395 ], [ 73.186194197539876, 22.67742367152751 ], [ 73.195924204151737, 22.67753361640186 ], [ 73.196042333067609, 22.668504297920656 ] ] ] } },
{ "type": "Feature", "properties": { "FeatureID": "283", "HA_Area": 100.0, "SUM_gamtal": 24.998840841700002, "Gamtal_Per": 24.998840841700002, "N_Gamtal": 0.24998840841700001, "oneminus": 0.75001159158300001 }, "geometry": { "type": "Polygon", "coordinates": [ [ [ 73.353439895744685, 22.525699929953948 ], [ 73.343719744463684, 22.525600191241143 ], [ 73.343612042319137, 22.534630376763683 ], [ 73.353332824969499, 22.534730159751913 ], [ 73.353439895744685, 22.525699929953948 ] ] ] } },
{ "type": "Feature", "properties": { "FeatureID": "284", "HA_Area": 100.0, "SUM_gamtal": 13.6071062212, "Gamtal_Per": 13.6071062212, "N_Gamtal": 0.13607106221199999, "oneminus": 0.86392893778799995 }, "geometry": { "type": "Polygon", "coordinates": [ [ [ 73.197337793768511, 22.569181085485482 ], [ 73.207060246377836, 22.569289860759802 ], [ 73.207177023818289, 22.560260365231333 ], [ 73.197455203616414, 22.560151638160182 ], [ 73.197337793768511, 22.569181085485482 ] ] ] } },
{ "type": "Feature", "properties": { "FeatureID": "285", "HA_Area": 100.0, "SUM_gamtal": 0.0, "Gamtal_Per": 0.0, "N_Gamtal": 0.0, "oneminus": 1.0 }, "geometry": { "type": "Polygon", "coordinates": [ [ [ 73.295230620430431, 22.516062729999124 ], [ 73.285511434409884, 22.515959518495485 ], [ 73.285400001232105, 22.52498944354668 ], [ 73.295119818203105, 22.525092700881551 ], [ 73.295230620430431, 22.516062729999124 ] ] ] } },
{ "type": "Feature", "properties": { "FeatureID": "286", "HA_Area": 100.0, "SUM_gamtal": 0.0, "Gamtal_Per": 0.0, "N_Gamtal": 0.0, "oneminus": 1.0 }, "geometry": { "type": "Polygon", "coordinates": [ [ [ 73.148364351000268, 22.595715938714612 ], [ 73.148243533524649, 22.604745098103859 ], [ 73.157968216280977, 22.604857009112084 ], [ 73.158088400148472, 22.595827800193245 ], [ 73.148364351000268, 22.595715938714612 ] ] ] } },
{ "type": "Feature", "properties": { "FeatureID": "287", "HA_Area": 100.0, "SUM_gamtal": 41.274297825600001, "Gamtal_Per": 41.274297825600001, "N_Gamtal": 0.41274297825599998, "oneminus": 0.58725702174399996 }, "geometry": { "type": "Polygon", "coordinates": [ [ [ 73.119315229521106, 22.586347804724149 ], [ 73.109592061481109, 22.586233640835783 ], [ 73.10946877253258, 22.595262610287424 ], [ 73.119192573786151, 22.595376824740509 ], [ 73.119315229521106, 22.586347804724149 ] ] ] } },
{ "type": "Feature", "properties": { "FeatureID": "288", "HA_Area": 100.0, "SUM_gamtal": 0.0, "Gamtal_Per": 0.0, "N_Gamtal": 0.0, "oneminus": 1.0 }, "geometry": { "type": "Polygon", "coordinates": [ [ [ 73.265170062346655, 22.587989699348835 ], [ 73.255445991557266, 22.587884356443226 ], [ 73.255332202680549, 22.596914057026972 ], [ 73.265056906946626, 22.59701944659146 ], [ 73.265170062346655, 22.587989699348835 ] ] ] } },
{ "type": "Feature", "properties": { "FeatureID": "289", "HA_Area": 100.0, "SUM_gamtal": 7.2488020940700002, "Gamtal_Per": 7.2488020940700002, "N_Gamtal": 0.072488020940700004, "oneminus": 0.92751197905899996 }, "geometry": { "type": "Polygon", "coordinates": [ [ [ 73.206709556961926, 22.596378283060975 ], [ 73.196985205197365, 22.596269363140646 ], [ 73.196867555939718, 22.605298767573796 ], [ 73.206592541400624, 22.605407735721645 ], [ 73.206709556961926, 22.596378283060975 ] ] ] } },
{ "type": "Feature", "properties": { "FeatureID": "290", "HA_Area": 100.0, "SUM_gamtal": 0.0, "Gamtal_Per": 0.0, "N_Gamtal": 0.0, "oneminus": 1.0 }, "geometry": { "type": "Polygon", "coordinates": [ [ [ 73.236916363157462, 22.51543466933412 ], [ 73.227197522928151, 22.515327941272652 ], [ 73.227082304397754, 22.524357585872426 ], [ 73.236801775477034, 22.524464361326238 ], [ 73.236916363157462, 22.51543466933412 ] ] ] } },
{ "type": "Feature", "properties": { "FeatureID": "291", "HA_Area": 100.0, "SUM_gamtal": 1.06117284262, "Gamtal_Per": 1.06117284262, "N_Gamtal": 0.0106117284262, "oneminus": 0.989388271574 }, "geometry": { "type": "Polygon", "coordinates": [ [ [ 73.139367772304027, 22.541428605420748 ], [ 73.129647641126951, 22.541315867593834 ], [ 73.129525929026499, 22.550344991721065 ], [ 73.139246691843468, 22.550457779560464 ], [ 73.139367772304027, 22.541428605420748 ] ] ] } },
{ "type": "Feature", "properties": { "FeatureID": "292", "HA_Area": 100.0, "SUM_gamtal": 34.3775847251, "Gamtal_Per": 34.3775847251, "N_Gamtal": 0.34377584725100002, "oneminus": 0.65622415274900003 }, "geometry": { "type": "Polygon", "coordinates": [ [ [ 73.148364351000268, 22.595715938714612 ], [ 73.138640363342276, 22.595603488969452 ], [ 73.138518912276467, 22.604632598568713 ], [ 73.148243533524649, 22.604745098103859 ], [ 73.148364351000268, 22.595715938714612 ] ] ] } },
{ "type": "Feature", "properties": { "FeatureID": "293", "HA_Area": 100.0, "SUM_gamtal": 0.0, "Gamtal_Per": 0.0, "N_Gamtal": 0.0, "oneminus": 1.0 }, "geometry": { "type": "Polygon", "coordinates": [ [ [ 73.324279606965291, 22.525398954415451 ], [ 73.314559621391439, 22.525297456329799 ], [ 73.314450025234962, 22.534327507464379 ], [ 73.324170642130014, 22.534429050606285 ], [ 73.324279606965291, 22.525398954415451 ] ] ] } },
{ "type": "Feature", "properties": { "FeatureID": "294", "HA_Area": 100.0, "SUM_gamtal": 23.364099599399999, "Gamtal_Per": 23.364099599399999, "N_Gamtal": 0.23364099599400001, "oneminus": 0.76635900400599999 }, "geometry": { "type": "Polygon", "coordinates": [ [ [ 73.285288511209927, 22.534019357950992 ], [ 73.275568119827696, 22.533915468130321 ], [ 73.275455941367156, 22.542945325781226 ], [ 73.285176964326837, 22.54304926170494 ], [ 73.285288511209927, 22.534019357950992 ] ] ] } },
{ "type": "Feature", "properties": { "FeatureID": "295", "HA_Area": 100.0, "SUM_gamtal": 13.049081133, "Gamtal_Per": 13.049081133, "N_Gamtal": 0.13049081133000001, "oneminus": 0.86950918867000004 }, "geometry": { "type": "Polygon", "coordinates": [ [ [ 73.147153406221676, 22.686007047862045 ], [ 73.137423068143164, 22.685894099933321 ], [ 73.137300997958988, 22.694923101684051 ], [ 73.147031972855771, 22.695036099465867 ], [ 73.147153406221676, 22.686007047862045 ] ] ] } },
{ "type": "Feature", "properties": { "FeatureID": "296", "HA_Area": 100.0, "SUM_gamtal": 0.0, "Gamtal_Per": 0.0, "N_Gamtal": 0.0, "oneminus": 1.0 }, "geometry": { "type": "Polygon", "coordinates": [ [ [ 73.149328678660297, 22.523482276563012 ], [ 73.13960974812916, 22.523370224911581 ], [ 73.139488791059946, 22.532399420536624 ], [ 73.149208352605555, 22.53251152192782 ], [ 73.149328678660297, 22.523482276563012 ] ] ] } },
{ "type": "Feature", "properties": { "FeatureID": "297", "HA_Area": 100.0, "SUM_gamtal": 0.0, "Gamtal_Per": 0.0, "N_Gamtal": 0.0, "oneminus": 1.0 }, "geometry": { "type": "Polygon", "coordinates": [ [ [ 73.333240152760851, 22.58871062978616 ], [ 73.323515685505981, 22.588609404453948 ], [ 73.323406331315482, 22.597639426180105 ], [ 73.333131432162617, 22.597740696347881 ], [ 73.333240152760851, 22.58871062978616 ] ] ] } },
{ "type": "Feature", "properties": { "FeatureID": "298", "HA_Area": 100.0, "SUM_gamtal": 10.8851422974, "Gamtal_Per": 10.8851422974, "N_Gamtal": 0.108851422974, "oneminus": 0.89114857702600003 }, "geometry": { "type": "Polygon", "coordinates": [ [ [ 73.207060246377836, 22.569289860759802 ], [ 73.197337793768511, 22.569181085485482 ], [ 73.197220324094317, 22.578210522092991 ], [ 73.20694340943318, 22.57831934557656 ], [ 73.207060246377836, 22.569289860759802 ] ] ] } },
{ "type": "Feature", "properties": { "FeatureID": "299", "HA_Area": 100.0, "SUM_gamtal": 0.0, "Gamtal_Per": 0.0, "N_Gamtal": 0.0, "oneminus": 1.0 }, "geometry": { "type": "Polygon", "coordinates": [ [ [ 73.177417765028494, 22.605079065487207 ], [ 73.167692960223064, 22.604968331578227 ], [ 73.167573349118157, 22.613997579016001 ], [ 73.177298787889697, 22.614108361939969 ], [ 73.177417765028494, 22.605079065487207 ] ] ] } },
{ "type": "Feature", "properties": { "FeatureID": "300", "HA_Area": 100.0, "SUM_gamtal": 26.0423561476, "Gamtal_Per": 26.0423561476, "N_Gamtal": 0.26042356147599999, "oneminus": 0.73957643852400001 }, "geometry": { "type": "Polygon", "coordinates": [ [ [ 73.293562644646443, 22.651511174342787 ], [ 73.283833960546488, 22.651407274763091 ], [ 73.2837216729624, 22.660437039747112 ], [ 73.293450992848378, 22.660540985244975 ], [ 73.293562644646443, 22.651511174342787 ] ] ] } },
{ "type": "Feature", "properties": { "FeatureID": "301", "HA_Area": 100.0, "SUM_gamtal": 0.0, "Gamtal_Per": 0.0, "N_Gamtal": 0.0, "oneminus": 1.0 }, "geometry": { "type": "Polygon", "coordinates": [ [ [ 73.19627841086114, 22.65044562869311 ], [ 73.206006569642511, 22.650554838070093 ], [ 73.206123883245667, 22.641525439072691 ], [ 73.196396359773857, 22.641416277953752 ], [ 73.19627841086114, 22.65044562869311 ] ] ] } },
{ "type": "Feature", "properties": { "FeatureID": "302", "HA_Area": 100.0, "SUM_gamtal": 0.0, "Gamtal_Per": 0.0, "N_Gamtal": 0.0, "oneminus": 1.0 }, "geometry": { "type": "Polygon", "coordinates": [ [ [ 73.148243533524649, 22.604745098103859 ], [ 73.138518912276467, 22.604632598568713 ], [ 73.138397399380111, 22.613661697398925 ], [ 73.148122654540856, 22.613774246730351 ], [ 73.148243533524649, 22.604745098103859 ] ] ] } },
{ "type": "Feature", "properties": { "FeatureID": "303", "HA_Area": 100.0, "SUM_gamtal": 3.4104569248000001, "Gamtal_Per": 3.4104569248000001, "N_Gamtal": 0.034104569247999997, "oneminus": 0.96589543075200002 }, "geometry": { "type": "Polygon", "coordinates": [ [ [ 73.313571242379282, 22.606567533458076 ], [ 73.303845619346447, 22.606465040887755 ], [ 73.303734885339807, 22.615494950831746 ], [ 73.313461142577424, 22.615597488770081 ], [ 73.313571242379282, 22.606567533458076 ] ] ] } },
{ "type": "Feature", "properties": { "FeatureID": "304", "HA_Area": 100.0, "SUM_gamtal": 6.8343595197100004, "Gamtal_Per": 6.8343595197100004, "N_Gamtal": 0.068343595197099996, "oneminus": 0.93165640480300005 }, "geometry": { "type": "Polygon", "coordinates": [ [ [ 73.351935929768132, 22.652122180306197 ], [ 73.342206909991503, 22.652021821228491 ], [ 73.342098437370367, 22.66105185781079 ], [ 73.351828093031116, 22.661152261242325 ], [ 73.351935929768132, 22.652122180306197 ] ] ] } },
{ "type": "Feature", "properties": { "FeatureID": "305", "HA_Area": 100.0, "SUM_gamtal": 0.0, "Gamtal_Per": 0.0, "N_Gamtal": 0.0, "oneminus": 1.0 }, "geometry": { "type": "Polygon", "coordinates": [ [ [ 73.304839691696799, 22.525195371813886 ], [ 73.295119818203105, 22.525092700881551 ], [ 73.295008959453099, 22.534122661122865 ], [ 73.304729464235379, 22.534225377631966 ], [ 73.304839691696799, 22.525195371813886 ] ] ] } },
{ "type": "Feature", "properties": { "FeatureID": "306", "HA_Area": 100.0, "SUM_gamtal": 0.0, "Gamtal_Per": 0.0, "N_Gamtal": 0.0, "oneminus": 1.0 }, "geometry": { "type": "Polygon", "coordinates": [ [ [ 73.303069297061981, 22.669674186305627 ], [ 73.293339284279952, 22.669570785454155 ], [ 73.29322751892461, 22.678600574966858 ], [ 73.302958168155598, 22.678704021487373 ], [ 73.303069297061981, 22.669674186305627 ] ] ] } },
{ "type": "Feature", "properties": { "FeatureID": "307", "HA_Area": 100.0, "SUM_gamtal": 47.492133979899997, "Gamtal_Per": 47.492133979899997, "N_Gamtal": 0.47492133979899998, "oneminus": 0.52507866020100002 }, "geometry": { "type": "Polygon", "coordinates": [ [ [ 73.255104451077457, 22.614973426114368 ], [ 73.254990488317304, 22.624003094611073 ], [ 73.264717094948452, 22.624108624187585 ], [ 73.264830423264343, 22.615078909014304 ], [ 73.255104451077457, 22.614973426114368 ] ] ] } },
{ "type": "Feature", "properties": { "FeatureID": "308", "HA_Area": 100.0, "SUM_gamtal": 18.2240504058, "Gamtal_Per": 18.2240504058, "N_Gamtal": 0.18224050405799999, "oneminus": 0.81775949594200004 }, "geometry": { "type": "Polygon", "coordinates": [ [ [ 73.255104451077457, 22.614973426114368 ], [ 73.255218355859569, 22.605943746918513 ], [ 73.245493075755476, 22.605837722 ], [ 73.245378536868628, 22.614867354264664 ], [ 73.255104451077457, 22.614973426114368 ] ] ] } },
{ "type": "Feature", "properties": { "FeatureID": "309", "HA_Area": 100.0, "SUM_gamtal": 0.0, "Gamtal_Per": 0.0, "N_Gamtal": 0.0, "oneminus": 1.0 }, "geometry": { "type": "Polygon", "coordinates": [ [ [ 73.139246691843468, 22.550457779560464 ], [ 73.129525929026499, 22.550344991721065 ], [ 73.129404154881641, 22.559374105094037 ], [ 73.139125549660292, 22.55948694295223 ], [ 73.139246691843468, 22.550457779560464 ] ] ] } },
{ "type": "Feature", "properties": { "FeatureID": "310", "HA_Area": 100.0, "SUM_gamtal": 0.0, "Gamtal_Per": 0.0, "N_Gamtal": 0.0, "oneminus": 1.0 }, "geometry": { "type": "Polygon", "coordinates": [ [ [ 73.207760019063244, 22.515112727035604 ], [ 73.198041356070704, 22.515004240889144 ], [ 73.197924245093276, 22.524033741750952 ], [ 73.207643538884255, 22.524142276070215 ], [ 73.207760019063244, 22.515112727035604 ] ] ] } },
{ "type": "Feature", "properties": { "FeatureID": "311", "HA_Area": 100.0, "SUM_gamtal": 0.0, "Gamtal_Per": 0.0, "N_Gamtal": 0.0, "oneminus": 1.0 }, "geometry": { "type": "Polygon", "coordinates": [ [ [ 73.186905883828729, 22.623247890497233 ], [ 73.177179750192309, 22.623137647645159 ], [ 73.177060651918666, 22.632166922599286 ], [ 73.186787420184018, 22.632277214218227 ], [ 73.186905883828729, 22.623247890497233 ] ] ] } },
{ "type": "Feature", "properties": { "FeatureID": "312", "HA_Area": 100.0, "SUM_gamtal": 5.4337329495500004, "Gamtal_Per": 5.4337329495500004, "N_Gamtal": 0.054337329495499999, "oneminus": 0.94566267050499997 }, "geometry": { "type": "Polygon", "coordinates": [ [ [ 73.206006569642511, 22.650554838070093 ], [ 73.19627841086114, 22.65044562869311 ], [ 73.196160401964889, 22.659474968683245 ], [ 73.205889196378763, 22.65958422632438 ], [ 73.206006569642511, 22.650554838070093 ] ] ] } },
{ "type": "Feature", "properties": { "FeatureID": "313", "HA_Area": 100.0, "SUM_gamtal": 0.0, "Gamtal_Per": 0.0, "N_Gamtal": 0.0, "oneminus": 1.0 }, "geometry": { "type": "Polygon", "coordinates": [ [ [ 73.323077934556977, 22.62472942743506 ], [ 73.313350986733369, 22.624627433417864 ], [ 73.313240774830803, 22.633657367397973 ], [ 73.322968357520992, 22.633759406534047 ], [ 73.323077934556977, 22.62472942743506 ] ] ] } },
{ "type": "Feature", "properties": { "FeatureID": "314", "HA_Area": 100.0, "SUM_gamtal": 57.0798528523, "Gamtal_Per": 57.0798528523, "N_Gamtal": 0.57079852852299995, "oneminus": 0.429201471477 }, "geometry": { "type": "Polygon", "coordinates": [ [ [ 73.118947074926822, 22.613434832435061 ], [ 73.109222006279197, 22.613320516833358 ], [ 73.10909852893775, 22.622349453920609 ], [ 73.118824231766013, 22.622463820106212 ], [ 73.118947074926822, 22.613434832435061 ] ] ] } },
{ "type": "Feature", "properties": { "FeatureID": "315", "HA_Area": 100.0, "SUM_gamtal": 44.959146216599997, "Gamtal_Per": 44.959146216599997, "N_Gamtal": 0.44959146216599999, "oneminus": 0.55040853783400001 }, "geometry": { "type": "Polygon", "coordinates": [ [ [ 73.217246983633586, 22.533279810374637 ], [ 73.207526999287552, 22.533171814410586 ], [ 73.207410400255839, 22.542201342053229 ], [ 73.217131016060947, 22.542309385942005 ], [ 73.217246983633586, 22.533279810374637 ] ] ] } },
{ "type": "Feature", "properties": { "FeatureID": "316", "HA_Area": 100.0, "SUM_gamtal": 0.141394079417, "Gamtal_Per": 0.141394079417, "N_Gamtal": 0.00141394079417, "oneminus": 0.99858605920599997 }, "geometry": { "type": "Polygon", "coordinates": [ [ [ 73.158328584397523, 22.577769350100105 ], [ 73.148605801498718, 22.577657587661893 ], [ 73.148485106985646, 22.586686768566121 ], [ 73.158208522848057, 22.586798580521414 ], [ 73.158328584397523, 22.577769350100105 ] ] ] } },
{ "type": "Feature", "properties": { "FeatureID": "317", "HA_Area": 100.0, "SUM_gamtal": 7.5598279590499997, "Gamtal_Per": 7.5598279590499997, "N_Gamtal": 0.0755982795905, "oneminus": 0.92440172040900004 }, "geometry": { "type": "Polygon", "coordinates": [ [ [ 73.293115696765724, 22.687630353779646 ], [ 73.283384467582621, 22.687526270492349 ], [ 73.283271951524526, 22.696555992660304 ], [ 73.293003817786683, 22.696660121889067 ], [ 73.293115696765724, 22.687630353779646 ] ] ] } },
{ "type": "Feature", "properties": { "FeatureID": "318", "HA_Area": 100.0, "SUM_gamtal": 0.0, "Gamtal_Per": 0.0, "N_Gamtal": 0.0, "oneminus": 1.0 }, "geometry": { "type": "Polygon", "coordinates": [ [ [ 73.273879429399884, 22.669362212054182 ], [ 73.264149587948282, 22.669257039533946 ], [ 73.264035913346106, 22.678286690474945 ], [ 73.27376639119656, 22.678391909446507 ], [ 73.273879429399884, 22.669362212054182 ] ] ] } },
{ "type": "Feature", "properties": { "FeatureID": "319", "HA_Area": 100.0, "SUM_gamtal": 31.079521356000001, "Gamtal_Per": 31.079521356000001, "N_Gamtal": 0.31079521356000001, "oneminus": 0.68920478644000005 }, "geometry": { "type": "Polygon", "coordinates": [ [ [ 73.16745367713213, 22.623026815700012 ], [ 73.157727664970835, 22.622915394676781 ], [ 73.15760729749249, 22.631944571315628 ], [ 73.167333944247261, 22.632056041626743 ], [ 73.16745367713213, 22.623026815700012 ] ] ] } },
{ "type": "Feature", "properties": { "FeatureID": "320", "HA_Area": 100.0, "SUM_gamtal": 4.2443449191599996, "Gamtal_Per": 4.2443449191599996, "N_Gamtal": 0.042443449191600001, "oneminus": 0.95755655080799995 }, "geometry": { "type": "Polygon", "coordinates": [ [ [ 73.137788906808581, 22.658807029891296 ], [ 73.128060539184816, 22.658693641409229 ], [ 73.127938019095325, 22.667722625456644 ], [ 73.137667022549849, 22.667836064033445 ], [ 73.137788906808581, 22.658807029891296 ] ] ] } },
{ "type": "Feature", "properties": { "FeatureID": "321", "HA_Area": 100.0, "SUM_gamtal": 0.0, "Gamtal_Per": 0.0, "N_Gamtal": 0.0, "oneminus": 1.0 }, "geometry": { "type": "Polygon", "coordinates": [ [ [ 73.119805228253938, 22.550231616947045 ], [ 73.110084589847588, 22.550117655253757 ], [ 73.109961551833592, 22.559146667808534 ], [ 73.119682822165444, 22.559260680041024 ], [ 73.119805228253938, 22.550231616947045 ] ] ] } },
{ "type": "Feature", "properties": { "FeatureID": "322", "HA_Area": 100.0, "SUM_gamtal": 0.0, "Gamtal_Per": 0.0, "N_Gamtal": 0.0, "oneminus": 1.0 }, "geometry": { "type": "Polygon", "coordinates": [ [ [ 73.285065360566264, 22.552079154805078 ], [ 73.275343705707257, 22.551975172772497 ], [ 73.27523141283136, 22.561005009100665 ], [ 73.284953699911668, 22.561109037247924 ], [ 73.285065360566264, 22.552079154805078 ] ] ] } },
{ "type": "Feature", "properties": { "FeatureID": "323", "HA_Area": 100.0, "SUM_gamtal": 0.0, "Gamtal_Per": 0.0, "N_Gamtal": 0.0, "oneminus": 1.0 }, "geometry": { "type": "Polygon", "coordinates": [ [ [ 73.265847785628182, 22.533810991674915 ], [ 73.256127508933176, 22.533705928598923 ], [ 73.256014067367744, 22.542735693262944 ], [ 73.265734975606833, 22.542840802962505 ], [ 73.265847785628182, 22.533810991674915 ] ] ] } },
{ "type": "Feature", "properties": { "FeatureID": "324", "HA_Area": 100.0, "SUM_gamtal": 0.0, "Gamtal_Per": 0.0, "N_Gamtal": 0.0, "oneminus": 1.0 }, "geometry": { "type": "Polygon", "coordinates": [ [ [ 73.322419635734875, 22.678909141978959 ], [ 73.31268887386679, 22.678806877162721 ], [ 73.312578325268987, 22.68783674706437 ], [ 73.322309723942297, 22.68793905703382 ], [ 73.322419635734875, 22.678909141978959 ] ] ] } },
{ "type": "Feature", "properties": { "FeatureID": "325", "HA_Area": 100.0, "SUM_gamtal": 7.1830659313099998, "Gamtal_Per": 7.1830659313099998, "N_Gamtal": 0.071830659313099995, "oneminus": 0.92816934068699997 }, "geometry": { "type": "Polygon", "coordinates": [ [ [ 73.128549997105992, 22.622577597290004 ], [ 73.118824231766013, 22.622463820106212 ], [ 73.118701326093472, 22.631492796988585 ], [ 73.128427725954879, 22.631606624502218 ], [ 73.128549997105992, 22.622577597290004 ] ] ] } },
{ "type": "Feature", "properties": { "FeatureID": "326", "HA_Area": 100.0, "SUM_gamtal": 0.0, "Gamtal_Per": 0.0, "N_Gamtal": 0.0, "oneminus": 1.0 }, "geometry": { "type": "Polygon", "coordinates": [ [ [ 73.314230665219355, 22.552387577830711 ], [ 73.304508840644317, 22.552285357348143 ], [ 73.304398444481933, 22.561315331239328 ], [ 73.314120901327684, 22.561417597055542 ], [ 73.314230665219355, 22.552387577830711 ] ] ] } },
{ "type": "Feature", "properties": { "FeatureID": "327", "HA_Area": 100.0, "SUM_gamtal": 12.031561335499999, "Gamtal_Per": 12.031561335499999, "N_Gamtal": 0.120315613355, "oneminus": 0.87968438664500004 }, "geometry": { "type": "Polygon", "coordinates": [ [ [ 73.235652680960456, 22.614760693479539 ], [ 73.225926883675498, 22.61465344377347 ], [ 73.225811017684421, 22.623682970677216 ], [ 73.235537449362596, 22.623790267841475 ], [ 73.235652680960456, 22.614760693479539 ] ] ] } },
{ "type": "Feature", "properties": { "FeatureID": "328", "HA_Area": 100.0, "SUM_gamtal": 34.450988680099996, "Gamtal_Per": 34.450988680099996, "N_Gamtal": 0.34450988680099998, "oneminus": 0.65549011319899997 }, "geometry": { "type": "Polygon", "coordinates": [ [ [ 73.128794352858833, 22.604519510521872 ], [ 73.119069855594134, 22.604405833978653 ], [ 73.118947074926822, 22.613434832435061 ], [ 73.128672206067947, 22.613548559295388 ], [ 73.128794352858833, 22.604519510521872 ] ] ] } },
{ "type": "Feature", "properties": { "FeatureID": "329", "HA_Area": 100.0, "SUM_gamtal": 0.0, "Gamtal_Per": 0.0, "N_Gamtal": 0.0, "oneminus": 1.0 }, "geometry": { "type": "Polygon", "coordinates": [ [ [ 73.137545076334078, 22.676865087381952 ], [ 73.127815436725754, 22.676751598704062 ], [ 73.127692792057928, 22.685780561147986 ], [ 73.137423068143164, 22.685894099933321 ], [ 73.137545076334078, 22.676865087381952 ] ] ] } },
{ "type": "Feature", "properties": { "FeatureID": "330", "HA_Area": 100.0, "SUM_gamtal": 0.0, "Gamtal_Per": 0.0, "N_Gamtal": 0.0, "oneminus": 1.0 }, "geometry": { "type": "Polygon", "coordinates": [ [ [ 73.314011081491756, 22.570447605636872 ], [ 73.304287992053176, 22.570345294481285 ], [ 73.304177483341647, 22.579375247070558 ], [ 73.313901205695245, 22.579477603571238 ], [ 73.314011081491756, 22.570447605636872 ] ] ] } },
{ "type": "Feature", "properties": { "FeatureID": "331", "HA_Area": 100.0, "SUM_gamtal": 37.280568171299997, "Gamtal_Per": 37.280568171299997, "N_Gamtal": 0.37280568171299999, "oneminus": 0.62719431828700001 }, "geometry": { "type": "Polygon", "coordinates": [ [ [ 73.236457661650888, 22.55155337323124 ], [ 73.226736296091474, 22.55144645556457 ], [ 73.226620842360674, 22.560476057414601 ], [ 73.236342840057205, 22.560583022497507 ], [ 73.236457661650888, 22.55155337323124 ] ] ] } },
{ "type": "Feature", "properties": { "FeatureID": "332", "HA_Area": 100.0, "SUM_gamtal": 11.1837344309, "Gamtal_Per": 11.1837344309, "N_Gamtal": 0.111837344309, "oneminus": 0.88816265569099995 }, "geometry": { "type": "Polygon", "coordinates": [ [ [ 73.168885726711025, 22.514675266514431 ], [ 73.159167304535444, 22.514564436460542 ], [ 73.159047670538683, 22.523593742029867 ], [ 73.168766723442744, 22.523704621297053 ], [ 73.168885726711025, 22.514675266514431 ] ] ] } },
{ "type": "Feature", "properties": { "FeatureID": "333", "HA_Area": 100.0, "SUM_gamtal": 0.0, "Gamtal_Per": 0.0, "N_Gamtal": 0.0, "oneminus": 1.0 }, "geometry": { "type": "Polygon", "coordinates": [ [ [ 73.168290103151932, 22.559821933205487 ], [ 73.158568524117371, 22.559710857023106 ], [ 73.158448584814693, 22.568740108932833 ], [ 73.168170796186516, 22.568851234359528 ], [ 73.168290103151932, 22.559821933205487 ] ] ] } },
{ "type": "Feature", "properties": { "FeatureID": "334", "HA_Area": 100.0, "SUM_gamtal": 36.042097320899998, "Gamtal_Per": 36.042097320899998, "N_Gamtal": 0.36042097320900002, "oneminus": 0.63957902679099998 }, "geometry": { "type": "Polygon", "coordinates": [ [ [ 73.227197522928151, 22.515327941272652 ], [ 73.217478741456233, 22.515220627168311 ], [ 73.217362892092964, 22.524250224115573 ], [ 73.227082304397754, 22.524357585872426 ], [ 73.227197522928151, 22.515327941272652 ] ] ] } },
{ "type": "Feature", "properties": { "FeatureID": "335", "HA_Area": 100.0, "SUM_gamtal": 0.0, "Gamtal_Per": 0.0, "N_Gamtal": 0.0, "oneminus": 1.0 }, "geometry": { "type": "Polygon", "coordinates": [ [ [ 73.29400868446703, 22.61539182387299 ], [ 73.284282540281751, 22.61528810790778 ], [ 73.284170480904791, 22.624317915652565 ], [ 73.293897259584512, 22.624421677512679 ], [ 73.29400868446703, 22.61539182387299 ] ] ] } },
{ "type": "Feature", "properties": { "FeatureID": "336", "HA_Area": 100.0, "SUM_gamtal": 0.0, "Gamtal_Per": 0.0, "N_Gamtal": 0.0, "oneminus": 1.0 }, "geometry": { "type": "Polygon", "coordinates": [ [ [ 73.342964675364087, 22.588811266838125 ], [ 73.333240152760851, 22.58871062978616 ], [ 73.333131432162617, 22.597740696347881 ], [ 73.342856588374246, 22.597841377974913 ], [ 73.342964675364087, 22.588811266838125 ] ] ] } },
{ "type": "Feature", "properties": { "FeatureID": "337", "HA_Area": 100.0, "SUM_gamtal": 0.0, "Gamtal_Per": 0.0, "N_Gamtal": 0.0, "oneminus": 1.0 }, "geometry": { "type": "Polygon", "coordinates": [ [ [ 73.157486868774825, 22.64097373718748 ], [ 73.147759648361102, 22.640861627998216 ], [ 73.147638523165185, 22.649890733538601 ], [ 73.157366378799935, 22.650002892288793 ], [ 73.157486868774825, 22.64097373718748 ] ] ] } },
{ "type": "Feature", "properties": { "FeatureID": "338", "HA_Area": 100.0, "SUM_gamtal": 3.76357369653, "Gamtal_Per": 3.76357369653, "N_Gamtal": 0.037635736965300003, "oneminus": 0.962364263035 }, "geometry": { "type": "Polygon", "coordinates": [ [ [ 73.147274777917545, 22.676977985463907 ], [ 73.137545076334078, 22.676865087381952 ], [ 73.137423068143164, 22.685894099933321 ], [ 73.147153406221676, 22.686007047862045 ], [ 73.147274777917545, 22.676977985463907 ] ] ] } },
{ "type": "Feature", "properties": { "FeatureID": "339", "HA_Area": 100.0, "SUM_gamtal": 0.0, "Gamtal_Per": 0.0, "N_Gamtal": 0.0, "oneminus": 1.0 }, "geometry": { "type": "Polygon", "coordinates": [ [ [ 73.244919798144437, 22.650985776237725 ], [ 73.235191402658387, 22.650878926626135 ], [ 73.235075936396356, 22.659908458109054 ], [ 73.244804967584074, 22.660015354942221 ], [ 73.244919798144437, 22.650985776237725 ] ] ] } },
{ "type": "Feature", "properties": { "FeatureID": "340", "HA_Area": 100.0, "SUM_gamtal": 35.285925809399998, "Gamtal_Per": 35.285925809399998, "N_Gamtal": 0.35285925809399998, "oneminus": 0.64714074190600002 }, "geometry": { "type": "Polygon", "coordinates": [ [ [ 73.254191124188239, 22.687210474220269 ], [ 73.244460125519694, 22.687104026707068 ], [ 73.244345061313524, 22.696133562500929 ], [ 73.254076696993678, 22.696240056998864 ], [ 73.254191124188239, 22.687210474220269 ] ] ] } },
{ "type": "Feature", "properties": { "FeatureID": "341", "HA_Area": 100.0, "SUM_gamtal": 20.546535026400001, "Gamtal_Per": 20.546535026400001, "N_Gamtal": 0.20546535026400001, "oneminus": 0.79453464973599996 }, "geometry": { "type": "Polygon", "coordinates": [ [ [ 73.226158438837359, 22.596594357818283 ], [ 73.216433968282715, 22.596486614625078 ], [ 73.216317586435125, 22.605516115252833 ], [ 73.226042690720746, 22.605623906152665 ], [ 73.226158438837359, 22.596594357818283 ] ] ] } },
{ "type": "Feature", "properties": { "FeatureID": "342", "HA_Area": 100.0, "SUM_gamtal": 4.1225798771599997, "Gamtal_Per": 4.1225798771599997, "N_Gamtal": 0.0412257987716, "oneminus": 0.95877420122799994 }, "geometry": { "type": "Polygon", "coordinates": [ [ [ 73.2556733955455, 22.569824923212995 ], [ 73.255559722506618, 22.578854645170733 ], [ 73.265283160141664, 22.578959941423363 ], [ 73.26539620034842, 22.56993017281853 ], [ 73.2556733955455, 22.569824923212995 ] ] ] } },
{ "type": "Feature", "properties": { "FeatureID": "343", "HA_Area": 100.0, "SUM_gamtal": 0.0, "Gamtal_Per": 0.0, "N_Gamtal": 0.0, "oneminus": 1.0 }, "geometry": { "type": "Polygon", "coordinates": [ [ [ 73.186431667552085, 22.65936512087692 ], [ 73.176702993463337, 22.659254682920295 ], [ 73.17658365270772, 22.668283914835186 ], [ 73.186312962716826, 22.668394401583395 ], [ 73.186431667552085, 22.65936512087692 ] ] ] } },
{ "type": "Feature", "properties": { "FeatureID": "344", "HA_Area": 100.0, "SUM_gamtal": 0.0, "Gamtal_Per": 0.0, "N_Gamtal": 0.0, "oneminus": 1.0 }, "geometry": { "type": "Polygon", "coordinates": [ [ [ 73.275680241105505, 22.52488559982325 ], [ 73.265960538145023, 22.524781169725319 ], [ 73.265847785628182, 22.533810991674915 ], [ 73.275568119827696, 22.533915468130321 ], [ 73.275680241105505, 22.52488559982325 ] ] ] } },
{ "type": "Feature", "properties": { "FeatureID": "345", "HA_Area": 100.0, "SUM_gamtal": 46.748005595800002, "Gamtal_Per": 46.748005595800002, "N_Gamtal": 0.46748005595800002, "oneminus": 0.53251994404199998 }, "geometry": { "type": "Polygon", "coordinates": [ [ [ 73.2556733955455, 22.569824923212995 ], [ 73.24595064863621, 22.569719085959903 ], [ 73.24583634278207, 22.578748761010175 ], [ 73.255559722506618, 22.578854645170733 ], [ 73.2556733955455, 22.569824923212995 ] ] ] } },
{ "type": "Feature", "properties": { "FeatureID": "346", "HA_Area": 100.0, "SUM_gamtal": 24.351647361600001, "Gamtal_Per": 24.351647361600001, "N_Gamtal": 0.24351647361600001, "oneminus": 0.75648352638399996 }, "geometry": { "type": "Polygon", "coordinates": [ [ [ 73.341989909594659, 22.670081883728695 ], [ 73.341881326648291, 22.679111898978764 ], [ 73.351612255046916, 22.679212391134836 ], [ 73.351720201462726, 22.670182331519687 ], [ 73.341989909594659, 22.670081883728695 ] ] ] } },
{ "type": "Feature", "properties": { "FeatureID": "347", "HA_Area": 100.0, "SUM_gamtal": 0.0, "Gamtal_Per": 0.0, "N_Gamtal": 0.0, "oneminus": 1.0 }, "geometry": { "type": "Polygon", "coordinates": [ [ [ 73.304729464235379, 22.534225377631966 ], [ 73.295008959453099, 22.534122661122865 ], [ 73.294898044163972, 22.543152610719602 ], [ 73.304619180556671, 22.543255372811199 ], [ 73.304729464235379, 22.534225377631966 ] ] ] } },
{ "type": "Feature", "properties": { "FeatureID": "348", "HA_Area": 100.0, "SUM_gamtal": 0.242475971604, "Gamtal_Per": 0.242475971604, "N_Gamtal": 0.0024247597160400002, "oneminus": 0.99757524028400002 }, "geometry": { "type": "Polygon", "coordinates": [ [ [ 73.332913824856504, 22.615800797530017 ], [ 73.323187455857209, 22.61569943767411 ], [ 73.323077934556977, 22.62472942743506 ], [ 73.332804938116325, 22.624830832143545 ], [ 73.332913824856504, 22.615800797530017 ] ] ] } },
{ "type": "Feature", "properties": { "FeatureID": "349", "HA_Area": 100.0, "SUM_gamtal": 14.4389613387, "Gamtal_Per": 14.4389613387, "N_Gamtal": 0.14438961338699999, "oneminus": 0.85561038661300004 }, "geometry": { "type": "Polygon", "coordinates": [ [ [ 73.341989909594659, 22.670081883728695 ], [ 73.332259672897308, 22.66998084529806 ], [ 73.332150453436483, 22.67901081592224 ], [ 73.341881326648291, 22.679111898978764 ], [ 73.341989909594659, 22.670081883728695 ] ] ] } },
{ "type": "Feature", "properties": { "FeatureID": "350", "HA_Area": 100.0, "SUM_gamtal": 0.0, "Gamtal_Per": 0.0, "N_Gamtal": 0.0, "oneminus": 1.0 }, "geometry": { "type": "Polygon", "coordinates": [ [ [ 73.304508840644317, 22.552285357348143 ], [ 73.294787072319281, 22.552182549668295 ], [ 73.294676043902555, 22.561212477965476 ], [ 73.304398444481933, 22.561315331239328 ], [ 73.304508840644317, 22.552285357348143 ] ] ] } },
{ "type": "Feature", "properties": { "FeatureID": "351", "HA_Area": 100.0, "SUM_gamtal": 7.8247032088299999, "Gamtal_Per": 7.8247032088299999, "N_Gamtal": 0.0782470320883, "oneminus": 0.92175296791200001 }, "geometry": { "type": "Polygon", "coordinates": [ [ [ 73.206241137205637, 22.632496029335641 ], [ 73.196514248720575, 22.632386916468633 ], [ 73.196396359773857, 22.641416277953752 ], [ 73.206123883245667, 22.641525439072691 ], [ 73.206241137205637, 22.632496029335641 ] ] ] } },
{ "type": "Feature", "properties": { "FeatureID": "352", "HA_Area": 100.0, "SUM_gamtal": 18.508952798100001, "Gamtal_Per": 18.508952798100001, "N_Gamtal": 0.18508952798100001, "oneminus": 0.81491047201900002 }, "geometry": { "type": "Polygon", "coordinates": [ [ [ 73.168051428428612, 22.577880524777331 ], [ 73.158328584397523, 22.577769350100105 ], [ 73.158208522848057, 22.586798580521414 ], [ 73.167931999860556, 22.586909804455392 ], [ 73.168051428428612, 22.577880524777331 ] ] ] } },
{ "type": "Feature", "properties": { "FeatureID": "353", "HA_Area": 100.0, "SUM_gamtal": 0.0, "Gamtal_Per": 0.0, "N_Gamtal": 0.0, "oneminus": 1.0 }, "geometry": { "type": "Polygon", "coordinates": [ [ [ 73.265056906946626, 22.59701944659146 ], [ 73.255332202680549, 22.596914057026972 ], [ 73.255218355859569, 22.605943746918513 ], [ 73.264943693924792, 22.606049183147775 ], [ 73.265056906946626, 22.59701944659146 ] ] ] } },
{ "type": "Feature", "properties": { "FeatureID": "354", "HA_Area": 100.0, "SUM_gamtal": 0.0, "Gamtal_Per": 0.0, "N_Gamtal": 0.0, "oneminus": 1.0 }, "geometry": { "type": "Polygon", "coordinates": [ [ [ 73.1860753720036, 22.686452930705769 ], [ 73.176344789184441, 22.686342346355808 ], [ 73.17622526638128, 22.695371545954561 ], [ 73.185956486090319, 22.695482179114695 ], [ 73.1860753720036, 22.686452930705769 ] ] ] } },
{ "type": "Feature", "properties": { "FeatureID": "355", "HA_Area": 100.0, "SUM_gamtal": 8.2318323797499993, "Gamtal_Per": 8.2318323797499993, "N_Gamtal": 0.082318323797499995, "oneminus": 0.91768167620200003 }, "geometry": { "type": "Polygon", "coordinates": [ [ [ 73.187851425330535, 22.551012914206687 ], [ 73.178130357118945, 22.550903061267778 ], [ 73.178011742961274, 22.55993242213242 ], [ 73.187733443223422, 22.560042323788942 ], [ 73.187851425330535, 22.551012914206687 ] ] ] } },
{ "type": "Feature", "properties": { "FeatureID": "356", "HA_Area": 100.0, "SUM_gamtal": 0.0, "Gamtal_Per": 0.0, "N_Gamtal": 0.0, "oneminus": 1.0 }, "geometry": { "type": "Polygon", "coordinates": [ [ [ 73.284506488021833, 22.59722846037706 ], [ 73.274781668834535, 22.597124247712884 ], [ 73.274669089628645, 22.60615403067349 ], [ 73.284394542648556, 22.60625828948146 ], [ 73.284506488021833, 22.59722846037706 ] ] ] } },
{ "type": "Feature", "properties": { "FeatureID": "357", "HA_Area": 100.0, "SUM_gamtal": 41.411415101099998, "Gamtal_Per": 41.411415101099998, "N_Gamtal": 0.41411415101100002, "oneminus": 0.58588584898899998 }, "geometry": { "type": "Polygon", "coordinates": [ [ [ 73.187142630374851, 22.605189210824044 ], [ 73.177417765028494, 22.605079065487207 ], [ 73.177298787889697, 22.614108361939969 ], [ 73.187024287219828, 22.614218556031332 ], [ 73.187142630374851, 22.605189210824044 ] ] ] } },
{ "type": "Feature", "properties": { "FeatureID": "358", "HA_Area": 100.0, "SUM_gamtal": 0.0, "Gamtal_Per": 0.0, "N_Gamtal": 0.0, "oneminus": 1.0 }, "geometry": { "type": "Polygon", "coordinates": [ [ [ 73.19627841086114, 22.65044562869311 ], [ 73.186550312063289, 22.650335829411574 ], [ 73.186431667552085, 22.65936512087692 ], [ 73.196160401964889, 22.659474968683245 ], [ 73.19627841086114, 22.65044562869311 ] ] ] } },
{ "type": "Feature", "properties": { "FeatureID": "359", "HA_Area": 100.0, "SUM_gamtal": 25.559004423299999, "Gamtal_Per": 25.559004423299999, "N_Gamtal": 0.25559004423300002, "oneminus": 0.74440995576699998 }, "geometry": { "type": "Polygon", "coordinates": [ [ [ 73.303402345064939, 22.642584616630138 ], [ 73.293674239690787, 22.642481352751048 ], [ 73.293562644646443, 22.651511174342787 ], [ 73.30329138550016, 22.651614483873558 ], [ 73.303402345064939, 22.642584616630138 ] ] ] } },
{ "type": "Feature", "properties": { "FeatureID": "360", "HA_Area": 100.0, "SUM_gamtal": 0.0, "Gamtal_Per": 0.0, "N_Gamtal": 0.0, "oneminus": 1.0 }, "geometry": { "type": "Polygon", "coordinates": [ [ [ 73.265509182983678, 22.560900393537789 ], [ 73.26539620034842, 22.56993017281853 ], [ 73.275119062722794, 22.570034834762254 ], [ 73.27523141283136, 22.561005009100665 ], [ 73.265509182983678, 22.560900393537789 ] ] ] } },
{ "type": "Feature", "properties": { "FeatureID": "361", "HA_Area": 100.0, "SUM_gamtal": 0.0, "Gamtal_Per": 0.0, "N_Gamtal": 0.0, "oneminus": 1.0 }, "geometry": { "type": "Polygon", "coordinates": [ [ [ 73.217362892092964, 22.524250224115573 ], [ 73.207643538884255, 22.524142276070215 ], [ 73.207526999287552, 22.533171814410586 ], [ 73.217246983633586, 22.533279810374637 ], [ 73.217362892092964, 22.524250224115573 ] ] ] } },
{ "type": "Feature", "properties": { "FeatureID": "362", "HA_Area": 100.0, "SUM_gamtal": 0.0, "Gamtal_Per": 0.0, "N_Gamtal": 0.0, "oneminus": 1.0 }, "geometry": { "type": "Polygon", "coordinates": [ [ [ 73.332804938116325, 22.624830832143545 ], [ 73.323077934556977, 22.62472942743506 ], [ 73.322968357520992, 22.633759406534047 ], [ 73.332695995963192, 22.633860856100789 ], [ 73.332804938116325, 22.624830832143545 ] ] ] } },
{ "type": "Feature", "properties": { "FeatureID": "363", "HA_Area": 100.0, "SUM_gamtal": 0.0, "Gamtal_Per": 0.0, "N_Gamtal": 0.0, "oneminus": 1.0 }, "geometry": { "type": "Polygon", "coordinates": [ [ [ 73.197924245093276, 22.524033741750952 ], [ 73.188205011041632, 22.52392462117248 ], [ 73.188087209222147, 22.532954062894952 ], [ 73.197807074376499, 22.533063231912461 ], [ 73.197924245093276, 22.524033741750952 ] ] ] } },
{ "type": "Feature", "properties": { "FeatureID": "364", "HA_Area": 100.0, "SUM_gamtal": 0.0, "Gamtal_Per": 0.0, "N_Gamtal": 0.0, "oneminus": 1.0 }, "geometry": { "type": "Polygon", "coordinates": [ [ [ 73.265509182983678, 22.560900393537789 ], [ 73.26562210806425, 22.551870603584629 ], [ 73.255900567959216, 22.551765447255622 ], [ 73.255787010690739, 22.560795190573465 ], [ 73.265509182983678, 22.560900393537789 ] ] ] } },
{ "type": "Feature", "properties": { "FeatureID": "365", "HA_Area": 100.0, "SUM_gamtal": 34.064740756900001, "Gamtal_Per": 34.064740756900001, "N_Gamtal": 0.34064740756900003, "oneminus": 0.65935259243099997 }, "geometry": { "type": "Polygon", "coordinates": [ [ [ 73.274105333523295, 22.651302785148538 ], [ 73.26437676389989, 22.651197705513287 ], [ 73.26426320479392, 22.660227377878904 ], [ 73.273992410169868, 22.660332503953704 ], [ 73.274105333523295, 22.651302785148538 ] ] ] } },
{ "type": "Feature", "properties": { "FeatureID": "366", "HA_Area": 100.0, "SUM_gamtal": 0.0, "Gamtal_Per": 0.0, "N_Gamtal": 0.0, "oneminus": 1.0 }, "geometry": { "type": "Polygon", "coordinates": [ [ [ 73.323734226890892, 22.570549329060579 ], [ 73.314011081491756, 22.570447605636872 ], [ 73.313901205695245, 22.579477603571238 ], [ 73.323624984025713, 22.579579372079621 ], [ 73.323734226890892, 22.570549329060579 ] ] ] } },
{ "type": "Feature", "properties": { "FeatureID": "367", "HA_Area": 100.0, "SUM_gamtal": 12.234514175799999, "Gamtal_Per": 12.234514175799999, "N_Gamtal": 0.122345141758, "oneminus": 0.87765485824199996 }, "geometry": { "type": "Polygon", "coordinates": [ [ [ 73.342748446342441, 22.606871478471373 ], [ 73.333022656199873, 22.60677075226365 ], [ 73.332913824856504, 22.615800797530017 ], [ 73.342640249252582, 22.615901568324077 ], [ 73.342748446342441, 22.606871478471373 ] ] ] } },
{ "type": "Feature", "properties": { "FeatureID": "368", "HA_Area": 100.0, "SUM_gamtal": 47.012939697, "Gamtal_Per": 47.012939697, "N_Gamtal": 0.47012939697, "oneminus": 0.52987060303 }, "geometry": { "type": "Polygon", "coordinates": [ [ [ 73.342748446342441, 22.606871478471373 ], [ 73.342640249252582, 22.615901568324077 ], [ 73.352366728722757, 22.616001750042628 ], [ 73.352474291543004, 22.606971615864172 ], [ 73.342748446342441, 22.606871478471373 ] ] ] } },
{ "type": "Feature", "properties": { "FeatureID": "369", "HA_Area": 100.0, "SUM_gamtal": 13.792522794, "Gamtal_Per": 13.792522794, "N_Gamtal": 0.13792522794000001, "oneminus": 0.86207477206000005 }, "geometry": { "type": "Polygon", "coordinates": [ [ [ 73.333348818010734, 22.579680552581937 ], [ 73.323624984025713, 22.579579372079621 ], [ 73.323515685505981, 22.588609404453948 ], [ 73.333240152760851, 22.58871062978616 ], [ 73.333348818010734, 22.579680552581937 ] ] ] } },
{ "type": "Feature", "properties": { "FeatureID": "370", "HA_Area": 100.0, "SUM_gamtal": 0.0, "Gamtal_Per": 0.0, "N_Gamtal": 0.0, "oneminus": 1.0 }, "geometry": { "type": "Polygon", "coordinates": [ [ [ 73.167094295709802, 22.65011446119442 ], [ 73.167214150445744, 22.641085256792728 ], [ 73.157486868774825, 22.64097373718748 ], [ 73.157366378799935, 22.650002892288793 ], [ 73.167094295709802, 22.65011446119442 ] ] ] } },
{ "type": "Feature", "properties": { "FeatureID": "371", "HA_Area": 100.0, "SUM_gamtal": 27.1351820428, "Gamtal_Per": 27.1351820428, "N_Gamtal": 0.27135182042799999, "oneminus": 0.72864817957200001 }, "geometry": { "type": "Polygon", "coordinates": [ [ [ 73.322309723942297, 22.68793905703382 ], [ 73.312578325268987, 22.68783674706437 ], [ 73.312467720497864, 22.69686660627422 ], [ 73.322199756299852, 22.696968961402614 ], [ 73.322309723942297, 22.68793905703382 ] ] ] } },
{ "type": "Feature", "properties": { "FeatureID": "372", "HA_Area": 100.0, "SUM_gamtal": 0.0, "Gamtal_Per": 0.0, "N_Gamtal": 0.0, "oneminus": 1.0 }, "geometry": { "type": "Polygon", "coordinates": [ [ [ 73.120049853350451, 22.532173458480859 ], [ 73.110330477829834, 22.532059597846871 ], [ 73.110207565173596, 22.54108863193203 ], [ 73.119927571976234, 22.541202543092481 ], [ 73.120049853350451, 22.532173458480859 ] ] ] } },
{ "type": "Feature", "properties": { "FeatureID": "373", "HA_Area": 100.0, "SUM_gamtal": 50.0185004732, "Gamtal_Per": 50.0185004732, "N_Gamtal": 0.500185004732, "oneminus": 0.499814995268 }, "geometry": { "type": "Polygon", "coordinates": [ [ [ 73.178485837050914, 22.523814914349565 ], [ 73.168766723442744, 22.523704621297053 ], [ 73.168647659470338, 22.532733965360979 ], [ 73.178367404146215, 22.532844307372844 ], [ 73.178485837050914, 22.523814914349565 ] ] ] } },
{ "type": "Feature", "properties": { "FeatureID": "374", "HA_Area": 100.0, "SUM_gamtal": 0.0, "Gamtal_Per": 0.0, "N_Gamtal": 0.0, "oneminus": 1.0 }, "geometry": { "type": "Polygon", "coordinates": [ [ [ 73.159047670538683, 22.523593742029867 ], [ 73.149328678660297, 22.523482276563012 ], [ 73.149208352605555, 22.53251152192782 ], [ 73.158927975516249, 22.532623036874298 ], [ 73.159047670538683, 22.523593742029867 ] ] ] } },
{ "type": "Feature", "properties": { "FeatureID": "375", "HA_Area": 100.0, "SUM_gamtal": 0.0, "Gamtal_Per": 0.0, "N_Gamtal": 0.0, "oneminus": 1.0 }, "geometry": { "type": "Polygon", "coordinates": [ [ [ 73.333131432162617, 22.597740696347881 ], [ 73.323406331315482, 22.597639426180105 ], [ 73.323296921437958, 22.606669437254642 ], [ 73.333022656199873, 22.60677075226365 ], [ 73.333131432162617, 22.597740696347881 ] ] ] } },
{ "type": "Feature", "properties": { "FeatureID": "376", "HA_Area": 100.0, "SUM_gamtal": 0.0, "Gamtal_Per": 0.0, "N_Gamtal": 0.0, "oneminus": 1.0 }, "geometry": { "type": "Polygon", "coordinates": [ [ [ 73.351612255046916, 22.679212391134836 ], [ 73.341881326648291, 22.679111898978764 ], [ 73.341772688515093, 22.688141903557561 ], [ 73.351504253767658, 22.688242440084348 ], [ 73.351612255046916, 22.679212391134836 ] ] ] } },
{ "type": "Feature", "properties": { "FeatureID": "377", "HA_Area": 100.0, "SUM_gamtal": 0.0, "Gamtal_Per": 0.0, "N_Gamtal": 0.0, "oneminus": 1.0 }, "geometry": { "type": "Polygon", "coordinates": [ [ [ 73.256127508933176, 22.533705928598923 ], [ 73.246407290064468, 22.533600278916555 ], [ 73.246293216971765, 22.542629996696771 ], [ 73.256014067367744, 22.542735693262944 ], [ 73.256127508933176, 22.533705928598923 ] ] ] } },
{ "type": "Feature", "properties": { "FeatureID": "378", "HA_Area": 100.0, "SUM_gamtal": 67.2907967692, "Gamtal_Per": 67.2907967692, "N_Gamtal": 0.67290796769200001, "oneminus": 0.32709203230799999 }, "geometry": { "type": "Polygon", "coordinates": [ [ [ 73.167094295709802, 22.65011446119442 ], [ 73.166974380021614, 22.659143654828341 ], [ 73.176702993463337, 22.659254682920295 ], [ 73.176822273571887, 22.650225440240355 ], [ 73.167094295709802, 22.65011446119442 ] ] ] } },
{ "type": "Feature", "properties": { "FeatureID": "379", "HA_Area": 100.0, "SUM_gamtal": 0.0, "Gamtal_Per": 0.0, "N_Gamtal": 0.0, "oneminus": 1.0 }, "geometry": { "type": "Polygon", "coordinates": [ [ [ 73.216201145336413, 22.614545605160966 ], [ 73.206475466265729, 22.61443717765664 ], [ 73.20635833153986, 22.623466608862472 ], [ 73.216084644969285, 22.623575084346012 ], [ 73.216201145336413, 22.614545605160966 ] ] ] } },
{ "type": "Feature", "properties": { "FeatureID": "380", "HA_Area": 100.0, "SUM_gamtal": 0.0, "Gamtal_Per": 0.0, "N_Gamtal": 0.0, "oneminus": 1.0 }, "geometry": { "type": "Polygon", "coordinates": [ [ [ 73.294898044163972, 22.543152610719602 ], [ 73.285176964326837, 22.54304926170494 ], [ 73.285065360566264, 22.552079154805078 ], [ 73.294787072319281, 22.552182549668295 ], [ 73.294898044163972, 22.543152610719602 ] ] ] } },
{ "type": "Feature", "properties": { "FeatureID": "381", "HA_Area": 100.0, "SUM_gamtal": 0.0, "Gamtal_Per": 0.0, "N_Gamtal": 0.0, "oneminus": 1.0 }, "geometry": { "type": "Polygon", "coordinates": [ [ [ 73.274781668834535, 22.597124247712884 ], [ 73.265056906946626, 22.59701944659146 ], [ 73.264943693924792, 22.606049183147775 ], [ 73.274669089628645, 22.60615403067349 ], [ 73.274781668834535, 22.597124247712884 ] ] ] } },
{ "type": "Feature", "properties": { "FeatureID": "382", "HA_Area": 100.0, "SUM_gamtal": 0.0, "Gamtal_Per": 0.0, "N_Gamtal": 0.0, "oneminus": 1.0 }, "geometry": { "type": "Polygon", "coordinates": [ [ [ 73.294898044163972, 22.543152610719602 ], [ 73.294787072319281, 22.552182549668295 ], [ 73.304508840644317, 22.552285357348143 ], [ 73.304619180556671, 22.543255372811199 ], [ 73.294898044163972, 22.543152610719602 ] ] ] } },
{ "type": "Feature", "properties": { "FeatureID": "383", "HA_Area": 100.0, "SUM_gamtal": 0.039116286140500001, "Gamtal_Per": 0.039116286140500001, "N_Gamtal": 0.00039116286140499998, "oneminus": 0.99960883713899995 }, "geometry": { "type": "Polygon", "coordinates": [ [ [ 73.215851466360618, 22.641634010532883 ], [ 73.206123883245667, 22.641525439072691 ], [ 73.206006569642511, 22.650554838070093 ], [ 73.215734788084461, 22.650663457527724 ], [ 73.215851466360618, 22.641634010532883 ] ] ] } },
{ "type": "Feature", "properties": { "FeatureID": "384", "HA_Area": 100.0, "SUM_gamtal": 0.0, "Gamtal_Per": 0.0, "N_Gamtal": 0.0, "oneminus": 1.0 }, "geometry": { "type": "Polygon", "coordinates": [ [ [ 73.285511434409884, 22.515959518495485 ], [ 73.275792305217223, 22.515855720863495 ], [ 73.275680241105505, 22.52488559982325 ], [ 73.285400001232105, 22.52498944354668 ], [ 73.285511434409884, 22.515959518495485 ] ] ] } },
{ "type": "Feature", "properties": { "FeatureID": "385", "HA_Area": 100.0, "SUM_gamtal": 17.276762101599999, "Gamtal_Per": 17.276762101599999, "N_Gamtal": 0.17276762101599999, "oneminus": 0.82723237898400004 }, "geometry": { "type": "Polygon", "coordinates": [ [ [ 73.26426320479392, 22.660227377878904 ], [ 73.254534057157628, 22.660121661536969 ], [ 73.254419804253217, 22.669151276485859 ], [ 73.264149587948282, 22.669257039533946 ], [ 73.26426320479392, 22.660227377878904 ] ] ] } },
{ "type": "Feature", "properties": { "FeatureID": "386", "HA_Area": 100.0, "SUM_gamtal": 23.375488743999998, "Gamtal_Per": 23.375488743999998, "N_Gamtal": 0.23375488744, "oneminus": 0.76624511256000005 }, "geometry": { "type": "Polygon", "coordinates": [ [ [ 73.128672206067947, 22.613548559295388 ], [ 73.118947074926822, 22.613434832435061 ], [ 73.118824231766013, 22.622463820106212 ], [ 73.128549997105992, 22.622577597290004 ], [ 73.128672206067947, 22.613548559295388 ] ] ] } },
{ "type": "Feature", "properties": { "FeatureID": "387", "HA_Area": 100.0, "SUM_gamtal": 29.581596663199999, "Gamtal_Per": 29.581596663199999, "N_Gamtal": 0.29581596663199999, "oneminus": 0.70418403336799995 }, "geometry": { "type": "Polygon", "coordinates": [ [ [ 73.275568119827696, 22.533915468130321 ], [ 73.265847785628182, 22.533810991674915 ], [ 73.265734975606833, 22.542840802962505 ], [ 73.275455941367156, 22.542945325781226 ], [ 73.275568119827696, 22.533915468130321 ] ] ] } },
{ "type": "Feature", "properties": { "FeatureID": "388", "HA_Area": 100.0, "SUM_gamtal": 0.0, "Gamtal_Per": 0.0, "N_Gamtal": 0.0, "oneminus": 1.0 }, "geometry": { "type": "Polygon", "coordinates": [ [ [ 73.333891314598688, 22.534530007043944 ], [ 73.324170642130014, 22.534429050606285 ], [ 73.3240616217211, 22.543459136169673 ], [ 73.333782925848965, 22.543560137408956 ], [ 73.333891314598688, 22.534530007043944 ] ] ] } },
{ "type": "Feature", "properties": { "FeatureID": "389", "HA_Area": 100.0, "SUM_gamtal": 1.75015515091, "Gamtal_Per": 1.75015515091, "N_Gamtal": 0.017501551509099999, "oneminus": 0.98249844849099999 }, "geometry": { "type": "Polygon", "coordinates": [ [ [ 73.18666889626806, 22.641306527190853 ], [ 73.176941493051075, 22.641196186798862 ], [ 73.176822273571887, 22.650225440240355 ], [ 73.186550312063289, 22.650335829411574 ], [ 73.18666889626806, 22.641306527190853 ] ] ] } },
{ "type": "Feature", "properties": { "FeatureID": "390", "HA_Area": 100.0, "SUM_gamtal": 39.028828964399999, "Gamtal_Per": 39.028828964399999, "N_Gamtal": 0.39028828964399997, "oneminus": 0.60971171035600003 }, "geometry": { "type": "Polygon", "coordinates": [ [ [ 73.137910729128407, 22.649777984959023 ], [ 73.128182997012445, 22.649664646565348 ], [ 73.128060539184816, 22.658693641409229 ], [ 73.137788906808581, 22.658807029891296 ], [ 73.137910729128407, 22.649777984959023 ] ] ] } },
{ "type": "Feature", "properties": { "FeatureID": "391", "HA_Area": 100.0, "SUM_gamtal": 33.848989645499998, "Gamtal_Per": 33.848989645499998, "N_Gamtal": 0.33848989645499999, "oneminus": 0.66151010354499995 }, "geometry": { "type": "Polygon", "coordinates": [ [ [ 73.177774333269866, 22.577991111678521 ], [ 73.168051428428612, 22.577880524777331 ], [ 73.167931999860556, 22.586909804455392 ], [ 73.177655537700943, 22.587020440352987 ], [ 73.177774333269866, 22.577991111678521 ] ] ] } },
{ "type": "Feature", "properties": { "FeatureID": "392", "HA_Area": 100.0, "SUM_gamtal": 0.231499654503, "Gamtal_Per": 0.231499654503, "N_Gamtal": 0.00231499654503, "oneminus": 0.997685003455 }, "geometry": { "type": "Polygon", "coordinates": [ [ [ 73.304287992053176, 22.570345294481285 ], [ 73.294564958897368, 22.570242395607686 ], [ 73.294453817287206, 22.579272302591455 ], [ 73.304177483341647, 22.579375247070558 ], [ 73.304287992053176, 22.570345294481285 ] ] ] } },
{ "type": "Feature", "properties": { "FeatureID": "393", "HA_Area": 100.0, "SUM_gamtal": 51.899453544700002, "Gamtal_Per": 51.899453544700002, "N_Gamtal": 0.51899453544700003, "oneminus": 0.48100546455299997 }, "geometry": { "type": "Polygon", "coordinates": [ [ [ 73.157245827549943, 22.659032036616086 ], [ 73.157125215006943, 22.668061170165867 ], [ 73.166854403363402, 22.668172837690992 ], [ 73.166974380021614, 22.659143654828341 ], [ 73.157245827549943, 22.659032036616086 ] ] ] } },
{ "type": "Feature", "properties": { "FeatureID": "394", "HA_Area": 100.0, "SUM_gamtal": 0.0, "Gamtal_Per": 0.0, "N_Gamtal": 0.0, "oneminus": 1.0 }, "geometry": { "type": "Polygon", "coordinates": [ [ [ 73.234844827728438, 22.677967488886097 ], [ 73.225114582911303, 22.677859906846493 ], [ 73.224998303817102, 22.686889358633369 ], [ 73.234729185288202, 22.68699698817327 ], [ 73.234844827728438, 22.677967488886097 ] ] ] } },
{ "type": "Feature", "properties": { "FeatureID": "395", "HA_Area": 100.0, "SUM_gamtal": 41.1683487106, "Gamtal_Per": 41.1683487106, "N_Gamtal": 0.411683487106, "oneminus": 0.588316512894 }, "geometry": { "type": "Polygon", "coordinates": [ [ [ 73.236342840057205, 22.560583022497507 ], [ 73.226620842360674, 22.560476057414601 ], [ 73.226505329787003, 22.569505648568466 ], [ 73.236227959942667, 22.569612661073595 ], [ 73.236342840057205, 22.560583022497507 ] ] ] } },
{ "type": "Feature", "properties": { "FeatureID": "396", "HA_Area": 100.0, "SUM_gamtal": 2.7845708226000001, "Gamtal_Per": 2.7845708226000001, "N_Gamtal": 0.027845708226, "oneminus": 0.97215429177400003 }, "geometry": { "type": "Polygon", "coordinates": [ [ [ 73.255559722506618, 22.578854645170733 ], [ 73.24583634278207, 22.578748761010175 ], [ 73.245721978695229, 22.587778425369272 ], [ 73.255445991557266, 22.587884356443226 ], [ 73.255559722506618, 22.578854645170733 ] ] ] } },
{ "type": "Feature", "properties": { "FeatureID": "397", "HA_Area": 100.0, "SUM_gamtal": 0.0, "Gamtal_Per": 0.0, "N_Gamtal": 0.0, "oneminus": 1.0 }, "geometry": { "type": "Polygon", "coordinates": [ [ [ 73.119927571976234, 22.541202543092481 ], [ 73.110207565173596, 22.54108863193203 ], [ 73.110084589847588, 22.550117655253757 ], [ 73.119805228253938, 22.550231616947045 ], [ 73.119927571976234, 22.541202543092481 ] ] ] } },
{ "type": "Feature", "properties": { "FeatureID": "398", "HA_Area": 100.0, "SUM_gamtal": 0.0, "Gamtal_Per": 0.0, "N_Gamtal": 0.0, "oneminus": 1.0 }, "geometry": { "type": "Polygon", "coordinates": [ [ [ 73.157245827549943, 22.659032036616086 ], [ 73.157366378799935, 22.650002892288793 ], [ 73.147638523165185, 22.649890733538601 ], [ 73.14751733637128, 22.658919828298671 ], [ 73.157245827549943, 22.659032036616086 ] ] ] } },
{ "type": "Feature", "properties": { "FeatureID": "399", "HA_Area": 100.0, "SUM_gamtal": 19.8064870515, "Gamtal_Per": 19.8064870515, "N_Gamtal": 0.19806487051499999, "oneminus": 0.80193512948500001 }, "geometry": { "type": "Polygon", "coordinates": [ [ [ 73.314450025234962, 22.534327507464379 ], [ 73.304729464235379, 22.534225377631966 ], [ 73.304619180556671, 22.543255372811199 ], [ 73.314340373183029, 22.543357547965833 ], [ 73.314450025234962, 22.534327507464379 ] ] ] } },
{ "type": "Feature", "properties": { "FeatureID": "400", "HA_Area": 100.0, "SUM_gamtal": 3.7058856716699999, "Gamtal_Per": 3.7058856716699999, "N_Gamtal": 0.037058856716699999, "oneminus": 0.96294114328299996 }, "geometry": { "type": "Polygon", "coordinates": [ [ [ 73.313461142577424, 22.615597488770081 ], [ 73.303734885339807, 22.615494950831746 ], [ 73.303624094968299, 22.624524850105768 ], [ 73.313350986733369, 22.624627433417864 ], [ 73.313461142577424, 22.615597488770081 ] ] ] } },
{ "type": "Feature", "properties": { "FeatureID": "401", "HA_Area": 100.0, "SUM_gamtal": 0.0, "Gamtal_Per": 0.0, "N_Gamtal": 0.0, "oneminus": 1.0 }, "geometry": { "type": "Polygon", "coordinates": [ [ [ 73.187260913311391, 22.596159854878842 ], [ 73.177536681626364, 22.596049758290384 ], [ 73.177417765028494, 22.605079065487207 ], [ 73.187142630374851, 22.605189210824044 ], [ 73.187260913311391, 22.596159854878842 ] ] ] } },
{ "type": "Feature", "properties": { "FeatureID": "402", "HA_Area": 100.0, "SUM_gamtal": 0.0, "Gamtal_Per": 0.0, "N_Gamtal": 0.0, "oneminus": 1.0 }, "geometry": { "type": "Polygon", "coordinates": [ [ [ 73.283946191053801, 22.64237749908369 ], [ 73.27421819947692, 22.642273055642139 ], [ 73.274105333523295, 22.651302785148538 ], [ 73.283833960546488, 22.651407274763091 ], [ 73.283946191053801, 22.64237749908369 ] ] ] } },
{ "type": "Feature", "properties": { "FeatureID": "403", "HA_Area": 100.0, "SUM_gamtal": 0.0, "Gamtal_Per": 0.0, "N_Gamtal": 0.0, "oneminus": 1.0 }, "geometry": { "type": "Polygon", "coordinates": [ [ [ 73.264035913346106, 22.678286690474945 ], [ 73.254305493269086, 22.678180880714777 ], [ 73.254191124188239, 22.687210474220269 ], [ 73.263922180970496, 22.687316330698437 ], [ 73.264035913346106, 22.678286690474945 ] ] ] } },
{ "type": "Feature", "properties": { "FeatureID": "404", "HA_Area": 100.0, "SUM_gamtal": 0.095345457448499996, "Gamtal_Per": 0.095345457448499996, "N_Gamtal": 0.000953454574485, "oneminus": 0.99904654542600002 }, "geometry": { "type": "Polygon", "coordinates": [ [ [ 73.322639291835728, 22.660849279824792 ], [ 73.312909802608175, 22.660747105297784 ], [ 73.312799366307701, 22.669776996572711 ], [ 73.322529491693899, 22.669879216241473 ], [ 73.322639291835728, 22.660849279824792 ] ] ] } },
{ "type": "Feature", "properties": { "FeatureID": "405", "HA_Area": 100.0, "SUM_gamtal": 99.999999999899998, "Gamtal_Per": 99.999999999899998, "N_Gamtal": 0.99999999999900002, "oneminus": 9.9997787828000007e-13 }, "geometry": { "type": "Polygon", "coordinates": [ [ [ 73.226736296091474, 22.55144645556457 ], [ 73.217014989357835, 22.551338950814191 ], [ 73.216898903507044, 22.560368504987693 ], [ 73.226620842360674, 22.560476057414601 ], [ 73.226736296091474, 22.55144645556457 ] ] ] } },
{ "type": "Feature", "properties": { "FeatureID": "406", "HA_Area": 100.0, "SUM_gamtal": 5.7481819401700003, "Gamtal_Per": 5.7481819401700003, "N_Gamtal": 0.057481819401700003, "oneminus": 0.94251818059799997 }, "geometry": { "type": "Polygon", "coordinates": [ [ [ 73.216666554293582, 22.57842758122468 ], [ 73.20694340943318, 22.57831934557656 ], [ 73.206826512966984, 22.587348819678116 ], [ 73.216550290896436, 22.587457103281199 ], [ 73.216666554293582, 22.57842758122468 ] ] ] } },
{ "type": "Feature", "properties": { "FeatureID": "407", "HA_Area": 100.0, "SUM_gamtal": 36.328945818900003, "Gamtal_Per": 36.328945818900003, "N_Gamtal": 0.36328945818899999, "oneminus": 0.63671054181099995 }, "geometry": { "type": "Polygon", "coordinates": [ [ [ 73.235767853935059, 22.605731108406562 ], [ 73.235652680960456, 22.614760693479539 ], [ 73.245378536868628, 22.614867354264664 ], [ 73.245493075755476, 22.605837722 ], [ 73.235767853935059, 22.605731108406562 ] ] ] } },
{ "type": "Feature", "properties": { "FeatureID": "408", "HA_Area": 100.0, "SUM_gamtal": 12.722869560299999, "Gamtal_Per": 12.722869560299999, "N_Gamtal": 0.12722869560300001, "oneminus": 0.87277130439700001 }, "geometry": { "type": "Polygon", "coordinates": [ [ [ 73.341772688515093, 22.688141903557561 ], [ 73.332041178465474, 22.688040775869482 ], [ 73.33193184796805, 22.697070725136363 ], [ 73.341663995178919, 22.697171897461661 ], [ 73.341772688515093, 22.688141903557561 ] ] ] } },
{ "type": "Feature", "properties": { "FeatureID": "409", "HA_Area": 100.0, "SUM_gamtal": 10.286087910599999, "Gamtal_Per": 10.286087910599999, "N_Gamtal": 0.102860879106, "oneminus": 0.89713912089400005 }, "geometry": { "type": "Polygon", "coordinates": [ [ [ 73.138761752595556, 22.586574368604659 ], [ 73.12903846, 22.586461380652235 ], [ 73.128916437496812, 22.595490450972985 ], [ 73.138640363342276, 22.595603488969452 ], [ 73.138761752595556, 22.586574368604659 ] ] ] } },
{ "type": "Feature", "properties": { "FeatureID": "410", "HA_Area": 100.0, "SUM_gamtal": 0.0, "Gamtal_Per": 0.0, "N_Gamtal": 0.0, "oneminus": 1.0 }, "geometry": { "type": "Polygon", "coordinates": [ [ [ 73.245149284175923, 22.632926586675261 ], [ 73.235422159124383, 22.63281983148886 ], [ 73.235306810228678, 22.641849384418258 ], [ 73.24503457033606, 22.641956186814262 ], [ 73.245149284175923, 22.632926586675261 ] ] ] } },
{ "type": "Feature", "properties": { "FeatureID": "411", "HA_Area": 100.0, "SUM_gamtal": 39.415668473700002, "Gamtal_Per": 39.415668473700002, "N_Gamtal": 0.394156684737, "oneminus": 0.60584331526299995 }, "geometry": { "type": "Polygon", "coordinates": [ [ [ 73.343504285244677, 22.543660551670012 ], [ 73.333782925848965, 22.543560137408956 ], [ 73.333674481831395, 22.552590257148719 ], [ 73.343396473224331, 22.552690715956714 ], [ 73.343504285244677, 22.543660551670012 ] ] ] } },
{ "type": "Feature", "properties": { "FeatureID": "412", "HA_Area": 100.0, "SUM_gamtal": 0.0, "Gamtal_Per": 0.0, "N_Gamtal": 0.0, "oneminus": 1.0 }, "geometry": { "type": "Polygon", "coordinates": [ [ [ 73.28461837641818, 22.588198620598039 ], [ 73.27489419074108, 22.588094454071832 ], [ 73.274781668834535, 22.597124247712884 ], [ 73.284506488021833, 22.59722846037706 ], [ 73.28461837641818, 22.588198620598039 ] ] ] } },
{ "type": "Feature", "properties": { "FeatureID": "413", "HA_Area": 100.0, "SUM_gamtal": 30.191193953700001, "Gamtal_Per": 30.191193953700001, "N_Gamtal": 0.30191193953700002, "oneminus": 0.69808806046299998 }, "geometry": { "type": "Polygon", "coordinates": [ [ [ 73.168766723442744, 22.523704621297053 ], [ 73.159047670538683, 22.523593742029867 ], [ 73.158927975516249, 22.532623036874298 ], [ 73.168647659470338, 22.532733965360979 ], [ 73.168766723442744, 22.523704621297053 ] ] ] } },
{ "type": "Feature", "properties": { "FeatureID": "414", "HA_Area": 100.0, "SUM_gamtal": 23.37637455, "Gamtal_Per": 23.37637455, "N_Gamtal": 0.2337637455, "oneminus": 0.7662362545 }, "geometry": { "type": "Polygon", "coordinates": [ [ [ 73.323187455857209, 22.61569943767411 ], [ 73.313461142577424, 22.615597488770081 ], [ 73.313350986733369, 22.624627433417864 ], [ 73.323077934556977, 22.62472942743506 ], [ 73.323187455857209, 22.61569943767411 ] ] ] } },
{ "type": "Feature", "properties": { "FeatureID": "415", "HA_Area": 100.0, "SUM_gamtal": 23.192294629300001, "Gamtal_Per": 23.192294629300001, "N_Gamtal": 0.231922946293, "oneminus": 0.76807705370699997 }, "geometry": { "type": "Polygon", "coordinates": [ [ [ 73.225114582911303, 22.677859906846493 ], [ 73.215384397160662, 22.677751734076136 ], [ 73.215267481429805, 22.68678113810196 ], [ 73.224998303817102, 22.686889358633369 ], [ 73.225114582911303, 22.677859906846493 ] ] ] } },
{ "type": "Feature", "properties": { "FeatureID": "416", "HA_Area": 100.0, "SUM_gamtal": 0.0, "Gamtal_Per": 0.0, "N_Gamtal": 0.0, "oneminus": 1.0 }, "geometry": { "type": "Polygon", "coordinates": [ [ [ 73.28461837641818, 22.588198620598039 ], [ 73.284506488021833, 22.59722846037706 ], [ 73.294231364186032, 22.59733208456986 ], [ 73.294342619055598, 22.588302198913336 ], [ 73.28461837641818, 22.588198620598039 ] ] ] } },
{ "type": "Feature", "properties": { "FeatureID": "417", "HA_Area": 100.0, "SUM_gamtal": 1.8276889565500001, "Gamtal_Per": 1.8276889565500001, "N_Gamtal": 0.018276889565499999, "oneminus": 0.98172311043500005 }, "geometry": { "type": "Polygon", "coordinates": [ [ [ 73.235767853935059, 22.605731108406562 ], [ 73.2358829683035, 22.596701512625994 ], [ 73.226158438837359, 22.596594357818283 ], [ 73.226042690720746, 22.605623906152665 ], [ 73.235767853935059, 22.605731108406562 ] ] ] } },
{ "type": "Feature", "properties": { "FeatureID": "418", "HA_Area": 100.0, "SUM_gamtal": 0.0, "Gamtal_Per": 0.0, "N_Gamtal": 0.0, "oneminus": 1.0 }, "geometry": { "type": "Polygon", "coordinates": [ [ [ 73.264035913346106, 22.678286690474945 ], [ 73.263922180970496, 22.687316330698437 ], [ 73.273653295543085, 22.687421596127216 ], [ 73.27376639119656, 22.678391909446507 ], [ 73.264035913346106, 22.678286690474945 ] ] ] } },
{ "type": "Feature", "properties": { "FeatureID": "419", "HA_Area": 100.0, "SUM_gamtal": 54.895159360900003, "Gamtal_Per": 54.895159360900003, "N_Gamtal": 0.54895159360900003, "oneminus": 0.45104840639100002 }, "geometry": { "type": "Polygon", "coordinates": [ [ [ 73.156883805970224, 22.686119404918834 ], [ 73.147153406221676, 22.686007047862045 ], [ 73.147031972855771, 22.695036099465867 ], [ 73.156763009440638, 22.695148506115036 ], [ 73.156883805970224, 22.686119404918834 ] ] ] } },
{ "type": "Feature", "properties": { "FeatureID": "420", "HA_Area": 100.0, "SUM_gamtal": 42.2803252585, "Gamtal_Per": 42.2803252585, "N_Gamtal": 0.42280325258500001, "oneminus": 0.57719674741500004 }, "geometry": { "type": "Polygon", "coordinates": [ [ [ 73.235998024082875, 22.587671906141324 ], [ 73.22627412804249, 22.587564798773794 ], [ 73.226158438837359, 22.596594357818283 ], [ 73.2358829683035, 22.596701512625994 ], [ 73.235998024082875, 22.587671906141324 ] ] ] } },
{ "type": "Feature", "properties": { "FeatureID": "421", "HA_Area": 100.0, "SUM_gamtal": 0.0, "Gamtal_Per": 0.0, "N_Gamtal": 0.0, "oneminus": 1.0 }, "geometry": { "type": "Polygon", "coordinates": [ [ [ 73.333782925848965, 22.543560137408956 ], [ 73.3240616217211, 22.543459136169673 ], [ 73.323952545722392, 22.552489211102156 ], [ 73.333674481831395, 22.552590257148719 ], [ 73.333782925848965, 22.543560137408956 ] ] ] } },
{ "type": "Feature", "properties": { "FeatureID": "422", "HA_Area": 100.0, "SUM_gamtal": 13.4588984569, "Gamtal_Per": 13.4588984569, "N_Gamtal": 0.13458898456900001, "oneminus": 0.86541101543099996 }, "geometry": { "type": "Polygon", "coordinates": [ [ [ 73.216898903507044, 22.560368504987693 ], [ 73.217014989357835, 22.551338950814191 ], [ 73.207293741771849, 22.551230858994646 ], [ 73.207177023818289, 22.560260365231333 ], [ 73.216898903507044, 22.560368504987693 ] ] ] } },
{ "type": "Feature", "properties": { "FeatureID": "423", "HA_Area": 100.0, "SUM_gamtal": 0.0, "Gamtal_Per": 0.0, "N_Gamtal": 0.0, "oneminus": 1.0 }, "geometry": { "type": "Polygon", "coordinates": [ [ [ 73.235998024082875, 22.587671906141324 ], [ 73.2358829683035, 22.596701512625994 ], [ 73.245607556358692, 22.596808079033696 ], [ 73.245721978695229, 22.587778425369272 ], [ 73.235998024082875, 22.587671906141324 ] ] ] } },
{ "type": "Feature", "properties": { "FeatureID": "424", "HA_Area": 100.0, "SUM_gamtal": 28.107774231400001, "Gamtal_Per": 28.107774231400001, "N_Gamtal": 0.28107774231400001, "oneminus": 0.71892225768600004 }, "geometry": { "type": "Polygon", "coordinates": [ [ [ 73.187733443223422, 22.560042323788942 ], [ 73.197455203616414, 22.560151638160182 ], [ 73.197572553655462, 22.551122180120576 ], [ 73.187851425330535, 22.551012914206687 ], [ 73.187733443223422, 22.560042323788942 ] ] ] } },
{ "type": "Feature", "properties": { "FeatureID": "425", "HA_Area": 100.0, "SUM_gamtal": 0.0, "Gamtal_Per": 0.0, "N_Gamtal": 0.0, "oneminus": 1.0 }, "geometry": { "type": "Polygon", "coordinates": [ [ [ 73.342856588374246, 22.597841377974913 ], [ 73.333131432162617, 22.597740696347881 ], [ 73.333022656199873, 22.60677075226365 ], [ 73.342748446342441, 22.606871478471373 ], [ 73.342856588374246, 22.597841377974913 ] ] ] } },
{ "type": "Feature", "properties": { "FeatureID": "426", "HA_Area": 100.0, "SUM_gamtal": 31.257772232699999, "Gamtal_Per": 31.257772232699999, "N_Gamtal": 0.31257772232699998, "oneminus": 0.68742227767300002 }, "geometry": { "type": "Polygon", "coordinates": [ [ [ 73.118332233822898, 22.658579662867851 ], [ 73.108603991045769, 22.658465094282594 ], [ 73.108480199349444, 22.667493977358717 ], [ 73.118209077920838, 22.667608596559916 ], [ 73.118332233822898, 22.658579662867851 ] ] ] } },
{ "type": "Feature", "properties": { "FeatureID": "427", "HA_Area": 100.0, "SUM_gamtal": 10.450785978900001, "Gamtal_Per": 10.450785978900001, "N_Gamtal": 0.104507859789, "oneminus": 0.89549214021099999 }, "geometry": { "type": "Polygon", "coordinates": [ [ [ 73.333782925848965, 22.543560137408956 ], [ 73.343504285244677, 22.543660551670012 ], [ 73.343612042319137, 22.534630376763683 ], [ 73.333891314598688, 22.534530007043944 ], [ 73.333782925848965, 22.543560137408956 ] ] ] } },
{ "type": "Feature", "properties": { "FeatureID": "428", "HA_Area": 100.0, "SUM_gamtal": 0.0, "Gamtal_Per": 0.0, "N_Gamtal": 0.0, "oneminus": 1.0 }, "geometry": { "type": "Polygon", "coordinates": [ [ [ 73.333674481831395, 22.552590257148719 ], [ 73.323952545722392, 22.552489211102156 ], [ 73.323843414117718, 22.561519275400276 ], [ 73.33356598252989, 22.561620366259771 ], [ 73.333674481831395, 22.552590257148719 ] ] ] } },
{ "type": "Feature", "properties": { "FeatureID": "429", "HA_Area": 100.0, "SUM_gamtal": 0.0, "Gamtal_Per": 0.0, "N_Gamtal": 0.0, "oneminus": 1.0 }, "geometry": { "type": "Polygon", "coordinates": [ [ [ 73.166854403363402, 22.668172837690992 ], [ 73.157125215006943, 22.668061170165867 ], [ 73.157004541153015, 22.677090292934615 ], [ 73.166734365717332, 22.677202009778863 ], [ 73.166854403363402, 22.668172837690992 ] ] ] } },
{ "type": "Feature", "properties": { "FeatureID": "430", "HA_Area": 100.0, "SUM_gamtal": 0.0, "Gamtal_Per": 0.0, "N_Gamtal": 0.0, "oneminus": 1.0 }, "geometry": { "type": "Polygon", "coordinates": [ [ [ 73.128427725954879, 22.631606624502218 ], [ 73.118701326093472, 22.631492796988585 ], [ 73.118578357890925, 22.640521763078674 ], [ 73.128305392596417, 22.640635640928508 ], [ 73.128427725954879, 22.631606624502218 ] ] ] } },
{ "type": "Feature", "properties": { "FeatureID": "431", "HA_Area": 100.0, "SUM_gamtal": 9.0216150088799996, "Gamtal_Per": 9.0216150088799996, "N_Gamtal": 0.090216150088800004, "oneminus": 0.90978384991100003 }, "geometry": { "type": "Polygon", "coordinates": [ [ [ 73.215384397160662, 22.677751734076136 ], [ 73.205654270799741, 22.677642970589677 ], [ 73.205536718449579, 22.686672326593712 ], [ 73.215267481429805, 22.68678113810196 ], [ 73.215384397160662, 22.677751734076136 ] ] ] } },
{ "type": "Feature", "properties": { "FeatureID": "432", "HA_Area": 100.0, "SUM_gamtal": 0.0, "Gamtal_Per": 0.0, "N_Gamtal": 0.0, "oneminus": 1.0 }, "geometry": { "type": "Polygon", "coordinates": [ [ [ 73.30406691833096, 22.588405189003716 ], [ 73.294342619055598, 22.588302198913336 ], [ 73.294231364186032, 22.59733208456986 ], [ 73.303956297004689, 22.597435120277261 ], [ 73.30406691833096, 22.588405189003716 ] ] ] } },
{ "type": "Feature", "properties": { "FeatureID": "433", "HA_Area": 100.0, "SUM_gamtal": 18.710566765500001, "Gamtal_Per": 18.710566765500001, "N_Gamtal": 0.187105667655, "oneminus": 0.81289433234499997 }, "geometry": { "type": "Polygon", "coordinates": [ [ [ 73.29322751892461, 22.678600574966858 ], [ 73.283496926497165, 22.678496537615199 ], [ 73.283384467582621, 22.687526270492349 ], [ 73.293115696765724, 22.687630353779646 ], [ 73.29322751892461, 22.678600574966858 ] ] ] } },
{ "type": "Feature", "properties": { "FeatureID": "434", "HA_Area": 100.0, "SUM_gamtal": 59.607345168000002, "Gamtal_Per": 59.607345168000002, "N_Gamtal": 0.59607345168000003, "oneminus": 0.40392654832000002 }, "geometry": { "type": "Polygon", "coordinates": [ [ [ 73.303734885339807, 22.615494950831746 ], [ 73.29400868446703, 22.61539182387299 ], [ 73.293897259584512, 22.624421677512679 ], [ 73.303624094968299, 22.624524850105768 ], [ 73.303734885339807, 22.615494950831746 ] ] ] } },
{ "type": "Feature", "properties": { "FeatureID": "435", "HA_Area": 100.0, "SUM_gamtal": 99.047975445000006, "Gamtal_Per": 99.047975445000006, "N_Gamtal": 0.99047975445000003, "oneminus": 0.00952024555 }, "geometry": { "type": "Polygon", "coordinates": [ [ [ 73.216898903507044, 22.560368504987693 ], [ 73.216782758491362, 22.569398048459011 ], [ 73.226505329787003, 22.569505648568466 ], [ 73.226620842360674, 22.560476057414601 ], [ 73.216898903507044, 22.560368504987693 ] ] ] } },
{ "type": "Feature", "properties": { "FeatureID": "436", "HA_Area": 100.0, "SUM_gamtal": 0.14959814642700001, "Gamtal_Per": 0.14959814642700001, "N_Gamtal": 0.00149598146427, "oneminus": 0.99850401853600002 }, "geometry": { "type": "Polygon", "coordinates": [ [ [ 73.187733443223422, 22.560042323788942 ], [ 73.178011742961274, 22.55993242213242 ], [ 73.177893068350784, 22.568961772270505 ], [ 73.187615400985464, 22.569071722650783 ], [ 73.187733443223422, 22.560042323788942 ] ] ] } },
{ "type": "Feature", "properties": { "FeatureID": "437", "HA_Area": 100.0, "SUM_gamtal": 0.0, "Gamtal_Per": 0.0, "N_Gamtal": 0.0, "oneminus": 1.0 }, "geometry": { "type": "Polygon", "coordinates": [ [ [ 73.265509182983678, 22.560900393537789 ], [ 73.255787010690739, 22.560795190573465 ], [ 73.2556733955455, 22.569824923212995 ], [ 73.26539620034842, 22.56993017281853 ], [ 73.265509182983678, 22.560900393537789 ] ] ] } },
{ "type": "Feature", "properties": { "FeatureID": "438", "HA_Area": 100.0, "SUM_gamtal": 0.0, "Gamtal_Per": 0.0, "N_Gamtal": 0.0, "oneminus": 1.0 }, "geometry": { "type": "Polygon", "coordinates": [ [ [ 73.294231364186032, 22.59733208456986 ], [ 73.284506488021833, 22.59722846037706 ], [ 73.284394542648556, 22.60625828948146 ], [ 73.294120052662009, 22.60636195955756 ], [ 73.294231364186032, 22.59733208456986 ] ] ] } },
{ "type": "Feature", "properties": { "FeatureID": "439", "HA_Area": 100.0, "SUM_gamtal": 31.352817395300001, "Gamtal_Per": 31.352817395300001, "N_Gamtal": 0.31352817395299998, "oneminus": 0.68647182604699997 }, "geometry": { "type": "Polygon", "coordinates": [ [ [ 73.312909802608175, 22.660747105297784 ], [ 73.303180369504673, 22.660644340433201 ], [ 73.303069297061981, 22.669674186305627 ], [ 73.312799366307701, 22.669776996572711 ], [ 73.312909802608175, 22.660747105297784 ] ] ] } },
{ "type": "Feature", "properties": { "FeatureID": "440", "HA_Area": 100.0, "SUM_gamtal": 0.0, "Gamtal_Per": 0.0, "N_Gamtal": 0.0, "oneminus": 1.0 }, "geometry": { "type": "Polygon", "coordinates": [ [ [ 73.139125549660292, 22.55948694295223 ], [ 73.129404154881641, 22.559374105094037 ], [ 73.129282318674299, 22.568403207709238 ], [ 73.139004345736581, 22.568516095592525 ], [ 73.139125549660292, 22.55948694295223 ] ] ] } },
{ "type": "Feature", "properties": { "FeatureID": "441", "HA_Area": 100.0, "SUM_gamtal": 21.283647974600001, "Gamtal_Per": 21.283647974600001, "N_Gamtal": 0.21283647974600001, "oneminus": 0.78716352025400005 }, "geometry": { "type": "Polygon", "coordinates": [ [ [ 73.205536718449579, 22.686672326593712 ], [ 73.195806015199736, 22.686562924123375 ], [ 73.195687766194027, 22.695592221081711 ], [ 73.205419106368993, 22.695701671840709 ], [ 73.205536718449579, 22.686672326593712 ] ] ] } },
{ "type": "Feature", "properties": { "FeatureID": "442", "HA_Area": 100.0, "SUM_gamtal": 5.6781983580200004, "Gamtal_Per": 5.6781983580200004, "N_Gamtal": 0.0567819835802, "oneminus": 0.94321801642000003 }, "geometry": { "type": "Polygon", "coordinates": [ [ [ 73.129769291201029, 22.532286732715885 ], [ 73.120049853350451, 22.532173458480859 ], [ 73.119927571976234, 22.541202543092481 ], [ 73.129647641126951, 22.541315867593834 ], [ 73.129769291201029, 22.532286732715885 ] ] ] } },
{ "type": "Feature", "properties": { "FeatureID": "443", "HA_Area": 100.0, "SUM_gamtal": 0.0, "Gamtal_Per": 0.0, "N_Gamtal": 0.0, "oneminus": 1.0 }, "geometry": { "type": "Polygon", "coordinates": [ [ [ 73.166734365717332, 22.677202009778863 ], [ 73.176464251287342, 22.677313135981517 ], [ 73.17658365270772, 22.668283914835186 ], [ 73.166854403363402, 22.668172837690992 ], [ 73.166734365717332, 22.677202009778863 ] ] ] } },
{ "type": "Feature", "properties": { "FeatureID": "444", "HA_Area": 100.0, "SUM_gamtal": 32.812132503299999, "Gamtal_Per": 32.812132503299999, "N_Gamtal": 0.32812132503300001, "oneminus": 0.67187867496700004 }, "geometry": { "type": "Polygon", "coordinates": [ [ [ 73.225579108795912, 22.641741992319613 ], [ 73.215851466360618, 22.641634010532883 ], [ 73.215734788084461, 22.650663457527724 ], [ 73.225463065864076, 22.65077148705128 ], [ 73.225579108795912, 22.641741992319613 ] ] ] } },
{ "type": "Feature", "properties": { "FeatureID": "445", "HA_Area": 100.0, "SUM_gamtal": 0.0, "Gamtal_Per": 0.0, "N_Gamtal": 0.0, "oneminus": 1.0 }, "geometry": { "type": "Polygon", "coordinates": [ [ [ 73.284170480904791, 22.624317915652565 ], [ 73.274443759251838, 22.624213564539495 ], [ 73.274331008047525, 22.633243315437959 ], [ 73.284058364501021, 22.63334771271235 ], [ 73.284170480904791, 22.624317915652565 ] ] ] } },
{ "type": "Feature", "properties": { "FeatureID": "446", "HA_Area": 100.0, "SUM_gamtal": 0.0, "Gamtal_Per": 0.0, "N_Gamtal": 0.0, "oneminus": 1.0 }, "geometry": { "type": "Polygon", "coordinates": [ [ [ 73.176464251287342, 22.677313135981517 ], [ 73.166734365717332, 22.677202009778863 ], [ 73.166614267065569, 22.686231171088473 ], [ 73.176344789184441, 22.686342346355808 ], [ 73.176464251287342, 22.677313135981517 ] ] ] } },
{ "type": "Feature", "properties": { "FeatureID": "447", "HA_Area": 100.0, "SUM_gamtal": 0.0, "Gamtal_Per": 0.0, "N_Gamtal": 0.0, "oneminus": 1.0 }, "geometry": { "type": "Polygon", "coordinates": [ [ [ 73.352796651655154, 22.579881149513607 ], [ 73.343072707327991, 22.579781145064473 ], [ 73.342964675364087, 22.588811266838125 ], [ 73.352689252993258, 22.588911315596221 ], [ 73.352796651655154, 22.579881149513607 ] ] ] } },
{ "type": "Feature", "properties": { "FeatureID": "448", "HA_Area": 100.0, "SUM_gamtal": 1.5466282519200001, "Gamtal_Per": 1.5466282519200001, "N_Gamtal": 0.0154662825192, "oneminus": 0.98453371748100005 }, "geometry": { "type": "Polygon", "coordinates": [ [ [ 73.236572424740743, 22.542523713278282 ], [ 73.226851690996511, 22.542416843021872 ], [ 73.226736296091474, 22.55144645556457 ], [ 73.236457661650888, 22.55155337323124 ], [ 73.236572424740743, 22.542523713278282 ] ] ] } },
{ "type": "Feature", "properties": { "FeatureID": "449", "HA_Area": 100.0, "SUM_gamtal": 20.329361865900001, "Gamtal_Per": 20.329361865900001, "N_Gamtal": 0.203293618659, "oneminus": 0.79670638134100003 }, "geometry": { "type": "Polygon", "coordinates": [ [ [ 73.332041178465474, 22.688040775869482 ], [ 73.322309723942297, 22.68793905703382 ], [ 73.322199756299852, 22.696968961402614 ], [ 73.33193184796805, 22.697070725136363 ], [ 73.332041178465474, 22.688040775869482 ] ] ] } },
{ "type": "Feature", "properties": { "FeatureID": "450", "HA_Area": 100.0, "SUM_gamtal": 0.0, "Gamtal_Per": 0.0, "N_Gamtal": 0.0, "oneminus": 1.0 }, "geometry": { "type": "Polygon", "coordinates": [ [ [ 73.12903846, 22.586461380652235 ], [ 73.119315229521106, 22.586347804724149 ], [ 73.119192573786151, 22.595376824740509 ], [ 73.128916437496812, 22.595490450972985 ], [ 73.12903846, 22.586461380652235 ] ] ] } },
{ "type": "Feature", "properties": { "FeatureID": "451", "HA_Area": 100.0, "SUM_gamtal": 32.142744712400003, "Gamtal_Per": 32.142744712400003, "N_Gamtal": 0.32142744712400001, "oneminus": 0.67857255287600005 }, "geometry": { "type": "Polygon", "coordinates": [ [ [ 73.314230665219355, 22.552387577830711 ], [ 73.314340373183029, 22.543357547965833 ], [ 73.304619180556671, 22.543255372811199 ], [ 73.304508840644317, 22.552285357348143 ], [ 73.314230665219355, 22.552387577830711 ] ] ] } },
{ "type": "Feature", "properties": { "FeatureID": "452", "HA_Area": 100.0, "SUM_gamtal": 0.0, "Gamtal_Per": 0.0, "N_Gamtal": 0.0, "oneminus": 1.0 }, "geometry": { "type": "Polygon", "coordinates": [ [ [ 73.314230665219355, 22.552387577830711 ], [ 73.314120901327684, 22.561417597055542 ], [ 73.323843414117718, 22.561519275400276 ], [ 73.323952545722392, 22.552489211102156 ], [ 73.314230665219355, 22.552387577830711 ] ] ] } },
{ "type": "Feature", "properties": { "FeatureID": "453", "HA_Area": 100.0, "SUM_gamtal": 34.536464699600003, "Gamtal_Per": 34.536464699600003, "N_Gamtal": 0.345364646996, "oneminus": 0.654635353004 }, "geometry": { "type": "Polygon", "coordinates": [ [ [ 73.137667022549849, 22.667836064033445 ], [ 73.127938019095325, 22.667722625456644 ], [ 73.127815436725754, 22.676751598704062 ], [ 73.137545076334078, 22.676865087381952 ], [ 73.137667022549849, 22.667836064033445 ] ] ] } },
{ "type": "Feature", "properties": { "FeatureID": "454", "HA_Area": 100.0, "SUM_gamtal": 0.0, "Gamtal_Per": 0.0, "N_Gamtal": 0.0, "oneminus": 1.0 }, "geometry": { "type": "Polygon", "coordinates": [ [ [ 73.137423068143164, 22.685894099933321 ], [ 73.127692792057928, 22.685780561147986 ], [ 73.1275700850736, 22.694809512784904 ], [ 73.137300997958988, 22.694923101684051 ], [ 73.137423068143164, 22.685894099933321 ] ] ] } },
{ "type": "Feature", "properties": { "FeatureID": "455", "HA_Area": 100.0, "SUM_gamtal": 6.0013413379499996, "Gamtal_Per": 6.0013413379499996, "N_Gamtal": 0.060013413379500002, "oneminus": 0.93998658662000001 }, "geometry": { "type": "Polygon", "coordinates": [ [ [ 73.216317586435125, 22.605516115252833 ], [ 73.206592541400624, 22.605407735721645 ], [ 73.206475466265729, 22.61443717765664 ], [ 73.216201145336413, 22.614545605160966 ], [ 73.216317586435125, 22.605516115252833 ] ] ] } },
{ "type": "Feature", "properties": { "FeatureID": "456", "HA_Area": 100.0, "SUM_gamtal": 9.2565242033399997, "Gamtal_Per": 9.2565242033399997, "N_Gamtal": 0.092565242033399997, "oneminus": 0.90743475796700002 }, "geometry": { "type": "Polygon", "coordinates": [ [ [ 73.254762388795143, 22.642062399493156 ], [ 73.24503457033606, 22.641956186814262 ], [ 73.244919798144437, 22.650985776237725 ], [ 73.254648251999271, 22.651092035871574 ], [ 73.254762388795143, 22.642062399493156 ] ] ] } },
{ "type": "Feature", "properties": { "FeatureID": "457", "HA_Area": 100.0, "SUM_gamtal": 0.0, "Gamtal_Per": 0.0, "N_Gamtal": 0.0, "oneminus": 1.0 }, "geometry": { "type": "Polygon", "coordinates": [ [ [ 73.139004345736581, 22.568516095592525 ], [ 73.129282318674299, 22.568403207709238 ], [ 73.129160420386455, 22.577432299563139 ], [ 73.138883080054342, 22.577545237477835 ], [ 73.139004345736581, 22.568516095592525 ] ] ] } },
{ "type": "Feature", "properties": { "FeatureID": "458", "HA_Area": 100.0, "SUM_gamtal": 0.177418513684, "Gamtal_Per": 0.177418513684, "N_Gamtal": 0.00177418513684, "oneminus": 0.99822581486299999 }, "geometry": { "type": "Polygon", "coordinates": [ [ [ 73.246635261822604, 22.515540811338262 ], [ 73.236916363157462, 22.51543466933412 ], [ 73.236801775477034, 22.524464361326238 ], [ 73.246521305009111, 22.52457055046256 ], [ 73.246635261822604, 22.515540811338262 ] ] ] } },
{ "type": "Feature", "properties": { "FeatureID": "459", "HA_Area": 100.0, "SUM_gamtal": 0.0, "Gamtal_Per": 0.0, "N_Gamtal": 0.0, "oneminus": 1.0 }, "geometry": { "type": "Polygon", "coordinates": [ [ [ 73.284058364501021, 22.63334771271235 ], [ 73.274331008047525, 22.633243315437959 ], [ 73.27421819947692, 22.642273055642139 ], [ 73.283946191053801, 22.64237749908369 ], [ 73.284058364501021, 22.63334771271235 ] ] ] } },
{ "type": "Feature", "properties": { "FeatureID": "460", "HA_Area": 100.0, "SUM_gamtal": 0.0, "Gamtal_Per": 0.0, "N_Gamtal": 0.0, "oneminus": 1.0 }, "geometry": { "type": "Polygon", "coordinates": [ [ [ 73.333999648096636, 22.525499866057121 ], [ 73.324279606965291, 22.525398954415451 ], [ 73.324170642130014, 22.534429050606285 ], [ 73.333891314598688, 22.534530007043944 ], [ 73.333999648096636, 22.525499866057121 ] ] ] } },
{ "type": "Feature", "properties": { "FeatureID": "461", "HA_Area": 100.0, "SUM_gamtal": 0.0, "Gamtal_Per": 0.0, "N_Gamtal": 0.0, "oneminus": 1.0 }, "geometry": { "type": "Polygon", "coordinates": [ [ [ 73.128916437496812, 22.595490450972985 ], [ 73.119192573786151, 22.595376824740509 ], [ 73.119069855594134, 22.604405833978653 ], [ 73.128794352858833, 22.604519510521872 ], [ 73.128916437496812, 22.595490450972985 ] ] ] } },
{ "type": "Feature", "properties": { "FeatureID": "462", "HA_Area": 100.0, "SUM_gamtal": 0.0, "Gamtal_Per": 0.0, "N_Gamtal": 0.0, "oneminus": 1.0 }, "geometry": { "type": "Polygon", "coordinates": [ [ [ 73.24595064863621, 22.569719085959903 ], [ 73.236227959942667, 22.569612661073595 ], [ 73.236113021290237, 22.578642288956022 ], [ 73.24583634278207, 22.578748761010175 ], [ 73.24595064863621, 22.569719085959903 ] ] ] } },
{ "type": "Feature", "properties": { "FeatureID": "463", "HA_Area": 100.0, "SUM_gamtal": 0.0, "Gamtal_Per": 0.0, "N_Gamtal": 0.0, "oneminus": 1.0 }, "geometry": { "type": "Polygon", "coordinates": [ [ [ 73.177060651918666, 22.632166922599286 ], [ 73.167333944247261, 22.632056041626743 ], [ 73.167214150445744, 22.641085256792728 ], [ 73.176941493051075, 22.641196186798862 ], [ 73.177060651918666, 22.632166922599286 ] ] ] } },
{ "type": "Feature", "properties": { "FeatureID": "464", "HA_Area": 100.0, "SUM_gamtal": 17.880031564, "Gamtal_Per": 17.880031564, "N_Gamtal": 0.17880031564000001, "oneminus": 0.82119968436000002 }, "geometry": { "type": "Polygon", "coordinates": [ [ [ 73.215501253501827, 22.668722319302834 ], [ 73.205771763436985, 22.668613603832075 ], [ 73.205654270799741, 22.677642970589677 ], [ 73.215384397160662, 22.677751734076136 ], [ 73.215501253501827, 22.668722319302834 ] ] ] } },
{ "type": "Feature", "properties": { "FeatureID": "465", "HA_Area": 100.0, "SUM_gamtal": 40.645978073099997, "Gamtal_Per": 40.645978073099997, "N_Gamtal": 0.40645978073099998, "oneminus": 0.59354021926900002 }, "geometry": { "type": "Polygon", "coordinates": [ [ [ 73.206826512966984, 22.587348819678116 ], [ 73.197102794576423, 22.587239947979217 ], [ 73.196985205197365, 22.596269363140646 ], [ 73.206709556961926, 22.596378283060975 ], [ 73.206826512966984, 22.587348819678116 ] ] ] } },
{ "type": "Feature", "properties": { "FeatureID": "466", "HA_Area": 100.0, "SUM_gamtal": 0.79834299634100003, "Gamtal_Per": 0.79834299634100003, "N_Gamtal": 0.0079834299634099996, "oneminus": 0.99201657003699995 }, "geometry": { "type": "Polygon", "coordinates": [ [ [ 73.15760729749249, 22.631944571315628 ], [ 73.147880711977052, 22.631832511681033 ], [ 73.147759648361102, 22.640861627998216 ], [ 73.157486868774825, 22.64097373718748 ], [ 73.15760729749249, 22.631944571315628 ] ] ] } },
{ "type": "Feature", "properties": { "FeatureID": "467", "HA_Area": 100.0, "SUM_gamtal": 0.0, "Gamtal_Per": 0.0, "N_Gamtal": 0.0, "oneminus": 1.0 }, "geometry": { "type": "Polygon", "coordinates": [ [ [ 73.332368836864177, 22.660950864000384 ], [ 73.322639291835728, 22.660849279824792 ], [ 73.322529491693899, 22.669879216241473 ], [ 73.332259672897308, 22.66998084529806 ], [ 73.332368836864177, 22.660950864000384 ] ] ] } },
{ "type": "Feature", "properties": { "FeatureID": "468", "HA_Area": 100.0, "SUM_gamtal": 0.0, "Gamtal_Per": 0.0, "N_Gamtal": 0.0, "oneminus": 1.0 }, "geometry": { "type": "Polygon", "coordinates": [ [ [ 73.186312962716826, 22.668394401583395 ], [ 73.17658365270772, 22.668283914835186 ], [ 73.176464251287342, 22.677313135981517 ], [ 73.186194197539876, 22.67742367152751 ], [ 73.186312962716826, 22.668394401583395 ] ] ] } },
{ "type": "Feature", "properties": { "FeatureID": "469", "HA_Area": 100.0, "SUM_gamtal": 0.0, "Gamtal_Per": 0.0, "N_Gamtal": 0.0, "oneminus": 1.0 }, "geometry": { "type": "Polygon", "coordinates": [ [ [ 73.215734788084461, 22.650663457527724 ], [ 73.206006569642511, 22.650554838070093 ], [ 73.205889196378763, 22.65958422632438 ], [ 73.215618050470638, 22.659692893785536 ], [ 73.215734788084461, 22.650663457527724 ] ] ] } },
{ "type": "Feature", "properties": { "FeatureID": "470", "HA_Area": 100.0, "SUM_gamtal": 0.0, "Gamtal_Per": 0.0, "N_Gamtal": 0.0, "oneminus": 1.0 }, "geometry": { "type": "Polygon", "coordinates": [ [ [ 73.35258179962787, 22.597941471047548 ], [ 73.342856588374246, 22.597841377974913 ], [ 73.342748446342441, 22.606871478471373 ], [ 73.352474291543004, 22.606971615864172 ], [ 73.35258179962787, 22.597941471047548 ] ] ] } },
{ "type": "Feature", "properties": { "FeatureID": "471", "HA_Area": 100.0, "SUM_gamtal": 24.234119403099999, "Gamtal_Per": 24.234119403099999, "N_Gamtal": 0.24234119403099999, "oneminus": 0.75765880596900004 }, "geometry": { "type": "Polygon", "coordinates": [ [ [ 73.168170796186516, 22.568851234359528 ], [ 73.158448584814693, 22.568740108932833 ], [ 73.158328584397523, 22.577769350100105 ], [ 73.168051428428612, 22.577880524777331 ], [ 73.168170796186516, 22.568851234359528 ] ] ] } },
{ "type": "Feature", "properties": { "FeatureID": "472", "HA_Area": 100.0, "SUM_gamtal": 36.277839804499997, "Gamtal_Per": 36.277839804499997, "N_Gamtal": 0.36277839804500001, "oneminus": 0.63722160195499999 }, "geometry": { "type": "Polygon", "coordinates": [ [ [ 73.138275824635173, 22.622690785456573 ], [ 73.128549997105992, 22.622577597290004 ], [ 73.128427725954879, 22.631606624502218 ], [ 73.13815418802362, 22.631719862738141 ], [ 73.138275824635173, 22.622690785456573 ] ] ] } },
{ "type": "Feature", "properties": { "FeatureID": "473", "HA_Area": 100.0, "SUM_gamtal": 0.0, "Gamtal_Per": 0.0, "N_Gamtal": 0.0, "oneminus": 1.0 }, "geometry": { "type": "Polygon", "coordinates": [ [ [ 73.159167304535444, 22.514564436460542 ], [ 73.149448943367801, 22.514453020467094 ], [ 73.149328678660297, 22.523482276563012 ], [ 73.159047670538683, 22.523593742029867 ], [ 73.159167304535444, 22.514564436460542 ] ] ] } },
{ "type": "Feature", "properties": { "FeatureID": "474", "HA_Area": 100.0, "SUM_gamtal": 15.3461269066, "Gamtal_Per": 15.3461269066, "N_Gamtal": 0.15346126906599999, "oneminus": 0.84653873093400001 }, "geometry": { "type": "Polygon", "coordinates": [ [ [ 73.118455327140168, 22.649550718372929 ], [ 73.108727719834391, 22.649436200397197 ], [ 73.108603991045769, 22.658465094282594 ], [ 73.118332233822898, 22.658579662867851 ], [ 73.118455327140168, 22.649550718372929 ] ] ] } },
{ "type": "Feature", "properties": { "FeatureID": "475", "HA_Area": 100.0, "SUM_gamtal": 0.0, "Gamtal_Per": 0.0, "N_Gamtal": 0.0, "oneminus": 1.0 }, "geometry": { "type": "Polygon", "coordinates": [ [ [ 73.334107926358854, 22.516469714451947 ], [ 73.324388516243104, 22.516368847600621 ], [ 73.324279606965291, 22.525398954415451 ], [ 73.333999648096636, 22.525499866057121 ], [ 73.334107926358854, 22.516469714451947 ] ] ] } },
{ "type": "Feature", "properties": { "FeatureID": "476", "HA_Area": 100.0, "SUM_gamtal": 45.779350794599999, "Gamtal_Per": 45.779350794599999, "N_Gamtal": 0.45779350794599999, "oneminus": 0.54220649205399996 }, "geometry": { "type": "Polygon", "coordinates": [ [ [ 73.178367404146215, 22.532844307372844 ], [ 73.168647659470338, 22.532733965360979 ], [ 73.168528534776186, 22.541763298702698 ], [ 73.178248910841404, 22.541873689680077 ], [ 73.178367404146215, 22.532844307372844 ] ] ] } },
{ "type": "Feature", "properties": { "FeatureID": "477", "HA_Area": 100.0, "SUM_gamtal": 4.9338684171000002, "Gamtal_Per": 4.9338684171000002, "N_Gamtal": 0.049338684171, "oneminus": 0.95066131582900004 }, "geometry": { "type": "Polygon", "coordinates": [ [ [ 73.216782758491362, 22.569398048459011 ], [ 73.207060246377836, 22.569289860759802 ], [ 73.20694340943318, 22.57831934557656 ], [ 73.216666554293582, 22.57842758122468 ], [ 73.216782758491362, 22.569398048459011 ] ] ] } },
{ "type": "Feature", "properties": { "FeatureID": "478", "HA_Area": 100.0, "SUM_gamtal": 17.826009313899998, "Gamtal_Per": 17.826009313899998, "N_Gamtal": 0.17826009313899999, "oneminus": 0.82173990686099996 }, "geometry": { "type": "Polygon", "coordinates": [ [ [ 73.149087965185743, 22.541540756557975 ], [ 73.139367772304027, 22.541428605420748 ], [ 73.139246691843468, 22.550457779560464 ], [ 73.148967516383024, 22.550569980449982 ], [ 73.149087965185743, 22.541540756557975 ] ] ] } },
{ "type": "Feature", "properties": { "FeatureID": "479", "HA_Area": 100.0, "SUM_gamtal": 38.423064537599998, "Gamtal_Per": 38.423064537599998, "N_Gamtal": 0.38423064537599999, "oneminus": 0.61576935462399995 }, "geometry": { "type": "Polygon", "coordinates": [ [ [ 73.332586998380918, 22.642890869398315 ], [ 73.322858724732967, 22.642789374967652 ], [ 73.322749036176646, 22.651819332732366 ], [ 73.332477945353304, 22.651920872032658 ], [ 73.332586998380918, 22.642890869398315 ] ] ] } },
{ "type": "Feature", "properties": { "FeatureID": "480", "HA_Area": 100.0, "SUM_gamtal": 0.0, "Gamtal_Per": 0.0, "N_Gamtal": 0.0, "oneminus": 1.0 }, "geometry": { "type": "Polygon", "coordinates": [ [ [ 73.33356598252989, 22.561620366259771 ], [ 73.323843414117718, 22.561519275400276 ], [ 73.323734226890892, 22.570549329060579 ], [ 73.33345742792838, 22.570650464738659 ], [ 73.33356598252989, 22.561620366259771 ] ] ] } },
{ "type": "Feature", "properties": { "FeatureID": "481", "HA_Area": 100.0, "SUM_gamtal": 42.555184543800003, "Gamtal_Per": 42.555184543800003, "N_Gamtal": 0.42555184543800001, "oneminus": 0.57444815456200005 }, "geometry": { "type": "Polygon", "coordinates": [ [ [ 73.205889196378763, 22.65958422632438 ], [ 73.196160401964889, 22.659474968683245 ], [ 73.196042333067609, 22.668504297920656 ], [ 73.205771763436985, 22.668613603832075 ], [ 73.205889196378763, 22.65958422632438 ] ] ] } },
{ "type": "Feature", "properties": { "FeatureID": "482", "HA_Area": 100.0, "SUM_gamtal": 1.6243243350800001, "Gamtal_Per": 1.6243243350800001, "N_Gamtal": 0.016243243350800001, "oneminus": 0.98375675664899997 }, "geometry": { "type": "Polygon", "coordinates": [ [ [ 73.168170796186516, 22.568851234359528 ], [ 73.168051428428612, 22.577880524777331 ], [ 73.177774333269866, 22.577991111678521 ], [ 73.177893068350784, 22.568961772270505 ], [ 73.168170796186516, 22.568851234359528 ] ] ] } },
{ "type": "Feature", "properties": { "FeatureID": "483", "HA_Area": 100.0, "SUM_gamtal": 39.585535517899999, "Gamtal_Per": 39.585535517899999, "N_Gamtal": 0.395855355179, "oneminus": 0.60414464482100005 }, "geometry": { "type": "Polygon", "coordinates": [ [ [ 73.195924204151737, 22.67753361640186 ], [ 73.186194197539876, 22.67742367152751 ], [ 73.1860753720036, 22.686452930705769 ], [ 73.195806015199736, 22.686562924123375 ], [ 73.195924204151737, 22.67753361640186 ] ] ] } },
{ "type": "Feature", "properties": { "FeatureID": "484", "HA_Area": 100.0, "SUM_gamtal": 0.0, "Gamtal_Per": 0.0, "N_Gamtal": 0.0, "oneminus": 1.0 }, "geometry": { "type": "Polygon", "coordinates": [ [ [ 73.275119062722794, 22.570034834762254 ], [ 73.26539620034842, 22.56993017281853 ], [ 73.265283160141664, 22.578959941423363 ], [ 73.275006655364948, 22.579064649753796 ], [ 73.275119062722794, 22.570034834762254 ] ] ] } },
{ "type": "Feature", "properties": { "FeatureID": "485", "HA_Area": 100.0, "SUM_gamtal": 0.0, "Gamtal_Per": 0.0, "N_Gamtal": 0.0, "oneminus": 1.0 }, "geometry": { "type": "Polygon", "coordinates": [ [ [ 73.264603708960294, 22.633138328664149 ], [ 73.25487646756217, 22.633032752405153 ], [ 73.254762388795143, 22.642062399493156 ], [ 73.264490265283058, 22.642168022440554 ], [ 73.264603708960294, 22.633138328664149 ] ] ] } },
{ "type": "Feature", "properties": { "FeatureID": "486", "HA_Area": 100.0, "SUM_gamtal": 0.0, "Gamtal_Per": 0.0, "N_Gamtal": 0.0, "oneminus": 1.0 }, "geometry": { "type": "Polygon", "coordinates": [ [ [ 73.225230802939009, 22.668830444318203 ], [ 73.215501253501827, 22.668722319302834 ], [ 73.215384397160662, 22.677751734076136 ], [ 73.225114582911303, 22.677859906846493 ], [ 73.225230802939009, 22.668830444318203 ] ] ] } },
{ "type": "Feature", "properties": { "FeatureID": "487", "HA_Area": 100.0, "SUM_gamtal": 0.0, "Gamtal_Per": 0.0, "N_Gamtal": 0.0, "oneminus": 1.0 }, "geometry": { "type": "Polygon", "coordinates": [ [ [ 73.284394542648556, 22.60625828948146 ], [ 73.274669089628645, 22.60615403067349 ], [ 73.274556453106641, 22.615183802950181 ], [ 73.284282540281751, 22.61528810790778 ], [ 73.284394542648556, 22.60625828948146 ] ] ] } },
{ "type": "Feature", "properties": { "FeatureID": "488", "HA_Area": 100.0, "SUM_gamtal": 0.0, "Gamtal_Per": 0.0, "N_Gamtal": 0.0, "oneminus": 1.0 }, "geometry": { "type": "Polygon", "coordinates": [ [ [ 73.246179085714104, 22.551659703799722 ], [ 73.236457661650888, 22.55155337323124 ], [ 73.236342840057205, 22.560583022497507 ], [ 73.246064896274561, 22.560689400221928 ], [ 73.246179085714104, 22.551659703799722 ] ] ] } },
{ "type": "Feature", "properties": { "FeatureID": "489", "HA_Area": 100.0, "SUM_gamtal": 26.904070983299999, "Gamtal_Per": 26.904070983299999, "N_Gamtal": 0.26904070983299999, "oneminus": 0.73095929016700001 }, "geometry": { "type": "Polygon", "coordinates": [ [ [ 73.127692792057928, 22.685780561147986 ], [ 73.11796257828918, 22.685666431521412 ], [ 73.117839234522961, 22.694695332783816 ], [ 73.1275700850736, 22.694809512784904 ], [ 73.127692792057928, 22.685780561147986 ] ] ] } },
{ "type": "Feature", "properties": { "FeatureID": "490", "HA_Area": 100.0, "SUM_gamtal": 0.0, "Gamtal_Per": 0.0, "N_Gamtal": 0.0, "oneminus": 1.0 }, "geometry": { "type": "Polygon", "coordinates": [ [ [ 73.236687129343792, 22.533494042642122 ], [ 73.226967027092911, 22.533387219789997 ], [ 73.226851690996511, 22.542416843021872 ], [ 73.236572424740743, 22.542523713278282 ], [ 73.236687129343792, 22.533494042642122 ] ] ] } },
{ "type": "Feature", "properties": { "FeatureID": "491", "HA_Area": 100.0, "SUM_gamtal": 0.0, "Gamtal_Per": 0.0, "N_Gamtal": 0.0, "oneminus": 1.0 }, "geometry": { "type": "Polygon", "coordinates": [ [ [ 73.254419804253217, 22.669151276485859 ], [ 73.244690078637873, 22.66904492292425 ], [ 73.244575131288769, 22.678074480180356 ], [ 73.254305493269086, 22.678180880714777 ], [ 73.254419804253217, 22.669151276485859 ] ] ] } },
{ "type": "Feature", "properties": { "FeatureID": "492", "HA_Area": 100.0, "SUM_gamtal": 0.0, "Gamtal_Per": 0.0, "N_Gamtal": 0.0, "oneminus": 1.0 }, "geometry": { "type": "Polygon", "coordinates": [ [ [ 73.186787420184018, 22.632277214218227 ], [ 73.177060651918666, 22.632166922599286 ], [ 73.176941493051075, 22.641196186798862 ], [ 73.18666889626806, 22.641306527190853 ], [ 73.186787420184018, 22.632277214218227 ] ] ] } },
{ "type": "Feature", "properties": { "FeatureID": "493", "HA_Area": 100.0, "SUM_gamtal": 5.2794827817299996, "Gamtal_Per": 5.2794827817299996, "N_Gamtal": 0.052794827817300001, "oneminus": 0.94720517218300004 }, "geometry": { "type": "Polygon", "coordinates": [ [ [ 73.333348818010734, 22.579680552581937 ], [ 73.33345742792838, 22.570650464738659 ], [ 73.323734226890892, 22.570549329060579 ], [ 73.323624984025713, 22.579579372079621 ], [ 73.333348818010734, 22.579680552581937 ] ] ] } },
{ "type": "Feature", "properties": { "FeatureID": "494", "HA_Area": 100.0, "SUM_gamtal": 20.726249106899999, "Gamtal_Per": 20.726249106899999, "N_Gamtal": 0.20726249106899999, "oneminus": 0.79273750893100003 }, "geometry": { "type": "Polygon", "coordinates": [ [ [ 73.333348818010734, 22.579680552581937 ], [ 73.333240152760851, 22.58871062978616 ], [ 73.342964675364087, 22.588811266838125 ], [ 73.343072707327991, 22.579781145064473 ], [ 73.333348818010734, 22.579680552581937 ] ] ] } },
{ "type": "Feature", "properties": { "FeatureID": "495", "HA_Area": 100.0, "SUM_gamtal": 29.302940442099999, "Gamtal_Per": 29.302940442099999, "N_Gamtal": 0.29302940442100001, "oneminus": 0.70697059557899999 }, "geometry": { "type": "Polygon", "coordinates": [ [ [ 73.235191402658387, 22.650878926626135 ], [ 73.225463065864076, 22.65077148705128 ], [ 73.225346963917502, 22.659800971051968 ], [ 73.235075936396356, 22.659908458109054 ], [ 73.235191402658387, 22.650878926626135 ] ] ] } },
{ "type": "Feature", "properties": { "FeatureID": "496", "HA_Area": 100.0, "SUM_gamtal": 0.0, "Gamtal_Per": 0.0, "N_Gamtal": 0.0, "oneminus": 1.0 }, "geometry": { "type": "Polygon", "coordinates": [ [ [ 73.129647641126951, 22.541315867593834 ], [ 73.119927571976234, 22.541202543092481 ], [ 73.119805228253938, 22.550231616947045 ], [ 73.129525929026499, 22.550344991721065 ], [ 73.129647641126951, 22.541315867593834 ] ] ] } },
{ "type": "Feature", "properties": { "FeatureID": "497", "HA_Area": 100.0, "SUM_gamtal": 14.3841629845, "Gamtal_Per": 14.3841629845, "N_Gamtal": 0.14384162984500001, "oneminus": 0.85615837015499996 }, "geometry": { "type": "Polygon", "coordinates": [ [ [ 73.226389758353321, 22.578535229022691 ], [ 73.216666554293582, 22.57842758122468 ], [ 73.216550290896436, 22.587457103281199 ], [ 73.22627412804249, 22.587564798773794 ], [ 73.226389758353321, 22.578535229022691 ] ] ] } },
{ "type": "Feature", "properties": { "FeatureID": "498", "HA_Area": 100.0, "SUM_gamtal": 0.0, "Gamtal_Per": 0.0, "N_Gamtal": 0.0, "oneminus": 1.0 }, "geometry": { "type": "Polygon", "coordinates": [ [ [ 73.246179085714104, 22.551659703799722 ], [ 73.246064896274561, 22.560689400221928 ], [ 73.255787010690739, 22.560795190573465 ], [ 73.255900567959216, 22.551765447255622 ], [ 73.246179085714104, 22.551659703799722 ] ] ] } },
{ "type": "Feature", "properties": { "FeatureID": "499", "HA_Area": 100.0, "SUM_gamtal": 0.0, "Gamtal_Per": 0.0, "N_Gamtal": 0.0, "oneminus": 1.0 }, "geometry": { "type": "Polygon", "coordinates": [ [ [ 73.27489419074108, 22.588094454071832 ], [ 73.265170062346655, 22.587989699348835 ], [ 73.265056906946626, 22.59701944659146 ], [ 73.274781668834535, 22.597124247712884 ], [ 73.27489419074108, 22.588094454071832 ] ] ] } },
{ "type": "Feature", "properties": { "FeatureID": "500", "HA_Area": 100.0, "SUM_gamtal": 20.817911189099998, "Gamtal_Per": 20.817911189099998, "N_Gamtal": 0.208179111891, "oneminus": 0.79182088810899998 }, "geometry": { "type": "Polygon", "coordinates": [ [ [ 73.285176964326837, 22.54304926170494 ], [ 73.275455941367156, 22.542945325781226 ], [ 73.275343705707257, 22.551975172772497 ], [ 73.285065360566264, 22.552079154805078 ], [ 73.285176964326837, 22.54304926170494 ] ] ] } }
]
}
