{
"type": "FeatureCollection",
"name": "output",
"crs": { "type": "name", "properties": { "name": "urn:ogc:def:crs:OGC:1.3:CRS84" } },
"features": [
{ "type": "Feature", "properties": { "FeatureID": "1", "HA_Area": 100.0, "OBJECTID_1": 1702, "Join_Count": 1, "TARGET_FID": 1701, "Id": 0, "Slope_Max": 6.80336, "nor_score": 0.098453737084000001, "oneminus": 0.90154626291600004, "Shape_Leng": 4000.0, "Shape_Area": 1000000.0 }, "geometry": { "type": "Polygon", "coordinates": [ [ [ 73.128305392596417, 22.640635640928508 ], [ 73.118578357890925, 22.640521763078674 ], [ 73.118455327140168, 22.649550718372929 ], [ 73.128182997012445, 22.649664646565348 ], [ 73.128305392596417, 22.640635640928508 ] ] ] } },
{ "type": "Feature", "properties": { "FeatureID": "2", "HA_Area": 100.0, "OBJECTID_1": 1710, "Join_Count": 1, "TARGET_FID": 1709, "Id": 0, "Slope_Max": 4.92617, "nor_score": 0.071288280273400007, "oneminus": 0.92871171972699995, "Shape_Leng": 4000.0, "Shape_Area": 1000000.0 }, "geometry": { "type": "Polygon", "coordinates": [ [ [ 73.206123883245667, 22.641525439072691 ], [ 73.196396359773857, 22.641416277953752 ], [ 73.19627841086114, 22.65044562869311 ], [ 73.206006569642511, 22.650554838070093 ], [ 73.206123883245667, 22.641525439072691 ] ] ] } },
{ "type": "Feature", "properties": { "FeatureID": "3", "HA_Area": 100.0, "OBJECTID_1": 1356, "Join_Count": 1, "TARGET_FID": 1355, "Id": 0, "Slope_Max": 11.1599, "nor_score": 0.16149870570700001, "oneminus": 0.83850129429300002, "Shape_Leng": 4000.0, "Shape_Area": 1000000.0 }, "geometry": { "type": "Polygon", "coordinates": [ [ [ 73.168051428428612, 22.577880524777331 ], [ 73.158328584397523, 22.577769350100105 ], [ 73.158208522848057, 22.586798580521414 ], [ 73.167931999860556, 22.586909804455392 ], [ 73.168051428428612, 22.577880524777331 ] ] ] } },
{ "type": "Feature", "properties": { "FeatureID": "4", "HA_Area": 100.0, "OBJECTID_1": 1411, "Join_Count": 1, "TARGET_FID": 1410, "Id": 0, "Slope_Max": 3.02575, "nor_score": 0.0437866565821, "oneminus": 0.95621334341800002, "Shape_Leng": 4000.0, "Shape_Area": 1000000.0 }, "geometry": { "type": "Polygon", "coordinates": [ [ [ 73.216550290896436, 22.587457103281199 ], [ 73.206826512966984, 22.587348819678116 ], [ 73.206709556961926, 22.596378283060975 ], [ 73.216433968282715, 22.596486614625078 ], [ 73.216550290896436, 22.587457103281199 ] ] ] } },
{ "type": "Feature", "properties": { "FeatureID": "5", "HA_Area": 100.0, "OBJECTID_1": 1104, "Join_Count": 1, "TARGET_FID": 1103, "Id": 0, "Slope_Max": 16.2304, "nor_score": 0.234875641774, "oneminus": 0.765124358226, "Shape_Leng": 4000.0, "Shape_Area": 1000000.0 }, "geometry": { "type": "Polygon", "coordinates": [ [ [ 73.149208352605555, 22.53251152192782 ], [ 73.139488791059946, 22.532399420536624 ], [ 73.139367772304027, 22.541428605420748 ], [ 73.149087965185743, 22.541540756557975 ], [ 73.149208352605555, 22.53251152192782 ] ] ] } },
{ "type": "Feature", "properties": { "FeatureID": "6", "HA_Area": 100.0, "OBJECTID_1": 1564, "Join_Count": 1, "TARGET_FID": 1563, "Id": 0, "Slope_Max": 4.91531, "nor_score": 0.0711311220065, "oneminus": 0.928868877993, "Shape_Leng": 4000.0, "Shape_Area": 1000000.0 }, "geometry": { "type": "Polygon", "coordinates": [ [ [ 73.245378536868628, 22.614867354264664 ], [ 73.235652680960456, 22.614760693479539 ], [ 73.235537449362596, 22.623790267841475 ], [ 73.245263939681109, 22.623896975824241 ], [ 73.245378536868628, 22.614867354264664 ] ] ] } },
{ "type": "Feature", "properties": { "FeatureID": "7", "HA_Area": 100.0, "OBJECTID_1": 1771, "Join_Count": 1, "TARGET_FID": 1770, "Id": 0, "Slope_Max": 9.32904, "nor_score": 0.135003705729, "oneminus": 0.864996294271, "Shape_Leng": 4000.0, "Shape_Area": 1000000.0 }, "geometry": { "type": "Polygon", "coordinates": [ [ [ 73.31302018278457, 22.651717203341391 ], [ 73.30329138550016, 22.651614483873558 ], [ 73.303180369504673, 22.660644340433201 ], [ 73.312909802608175, 22.660747105297784 ], [ 73.31302018278457, 22.651717203341391 ] ] ] } },
{ "type": "Feature", "properties": { "FeatureID": "8", "HA_Area": 100.0, "OBJECTID_1": 1366, "Join_Count": 1, "TARGET_FID": 1365, "Id": 0, "Slope_Max": 5.11758, "nor_score": 0.074058240443899997, "oneminus": 0.925941759556, "Shape_Leng": 4000.0, "Shape_Area": 1000000.0 }, "geometry": { "type": "Polygon", "coordinates": [ [ [ 73.265283160141664, 22.578959941423363 ], [ 73.255559722506618, 22.578854645170733 ], [ 73.255445991557266, 22.587884356443226 ], [ 73.265170062346655, 22.587989699348835 ], [ 73.265283160141664, 22.578959941423363 ] ] ] } },
{ "type": "Feature", "properties": { "FeatureID": "9", "HA_Area": 100.0, "OBJECTID_1": 1213, "Join_Count": 1, "TARGET_FID": 1212, "Id": 0, "Slope_Max": 4.69279, "nor_score": 0.067910961192700001, "oneminus": 0.932089038807, "Shape_Leng": 4000.0, "Shape_Area": 1000000.0 }, "geometry": { "type": "Polygon", "coordinates": [ [ [ 73.226620842360674, 22.560476057414601 ], [ 73.236342840057205, 22.560583022497507 ], [ 73.236457661650888, 22.55155337323124 ], [ 73.226736296091474, 22.55144645556457 ], [ 73.226620842360674, 22.560476057414601 ] ] ] } },
{ "type": "Feature", "properties": { "FeatureID": "10", "HA_Area": 100.0, "OBJECTID_1": 1160, "Join_Count": 1, "TARGET_FID": 1159, "Id": 0, "Slope_Max": 4.37414, "nor_score": 0.063299665071900005, "oneminus": 0.93670033492799998, "Shape_Leng": 4000.0, "Shape_Area": 1000000.0 }, "geometry": { "type": "Polygon", "coordinates": [ [ [ 73.207410400255839, 22.542201342053229 ], [ 73.197689843903021, 22.542092711370167 ], [ 73.197572553655462, 22.551122180120576 ], [ 73.207293741771849, 22.551230858994646 ], [ 73.207410400255839, 22.542201342053229 ] ] ] } },
{ "type": "Feature", "properties": { "FeatureID": "11", "HA_Area": 100.0, "OBJECTID_1": 1955, "Join_Count": 1, "TARGET_FID": 1954, "Id": 0, "Slope_Max": 5.4213, "nor_score": 0.078453475862300004, "oneminus": 0.92154652413799998, "Shape_Leng": 4000.0, "Shape_Area": 1000000.0 }, "geometry": { "type": "Polygon", "coordinates": [ [ [ 73.156883805970224, 22.686119404918834 ], [ 73.147153406221676, 22.686007047862045 ], [ 73.147031972855771, 22.695036099465867 ], [ 73.156763009440638, 22.695148506115036 ], [ 73.156883805970224, 22.686119404918834 ] ] ] } },
{ "type": "Feature", "properties": { "FeatureID": "12", "HA_Area": 100.0, "OBJECTID_1": 1010, "Join_Count": 1, "TARGET_FID": 1009, "Id": 0, "Slope_Max": 6.20832, "nor_score": 0.089842713041100003, "oneminus": 0.910157286959, "Shape_Leng": 4000.0, "Shape_Area": 1000000.0 }, "geometry": { "type": "Polygon", "coordinates": [ [ [ 73.197924245093276, 22.524033741750952 ], [ 73.207643538884255, 22.524142276070215 ], [ 73.207760019063244, 22.515112727035604 ], [ 73.198041356070704, 22.515004240889144 ], [ 73.197924245093276, 22.524033741750952 ] ] ] } },
{ "type": "Feature", "properties": { "FeatureID": "13", "HA_Area": 100.0, "OBJECTID_1": 1262, "Join_Count": 1, "TARGET_FID": 1261, "Id": 0, "Slope_Max": 8.15679, "nor_score": 0.118039680121, "oneminus": 0.88196031987900003, "Shape_Leng": 4000.0, "Shape_Area": 1000000.0 }, "geometry": { "type": "Polygon", "coordinates": [ [ [ 73.226620842360674, 22.560476057414601 ], [ 73.216898903507044, 22.560368504987693 ], [ 73.216782758491362, 22.569398048459011 ], [ 73.226505329787003, 22.569505648568466 ], [ 73.226620842360674, 22.560476057414601 ] ] ] } },
{ "type": "Feature", "properties": { "FeatureID": "14", "HA_Area": 100.0, "OBJECTID_1": 1524, "Join_Count": 1, "TARGET_FID": 1523, "Id": 0, "Slope_Max": 3.5335, "nor_score": 0.051134480082799999, "oneminus": 0.94886551991699997, "Shape_Leng": 4000.0, "Shape_Area": 1000000.0 }, "geometry": { "type": "Polygon", "coordinates": [ [ [ 73.342748446342441, 22.606871478471373 ], [ 73.333022656199873, 22.60677075226365 ], [ 73.332913824856504, 22.615800797530017 ], [ 73.342640249252582, 22.615901568324077 ], [ 73.342748446342441, 22.606871478471373 ] ] ] } },
{ "type": "Feature", "properties": { "FeatureID": "15", "HA_Area": 100.0, "OBJECTID_1": 1674, "Join_Count": 1, "TARGET_FID": 1673, "Id": 0, "Slope_Max": 9.75932, "nor_score": 0.141230443924, "oneminus": 0.85876955607600003, "Shape_Leng": 4000.0, "Shape_Area": 1000000.0 }, "geometry": { "type": "Polygon", "coordinates": [ [ [ 73.342423689834547, 22.633961716084436 ], [ 73.332695995963192, 22.633860856100789 ], [ 73.332586998380918, 22.642890869398315 ], [ 73.342315327474196, 22.642991773985237 ], [ 73.342423689834547, 22.633961716084436 ] ] ] } },
{ "type": "Feature", "properties": { "FeatureID": "16", "HA_Area": 100.0, "OBJECTID_1": 1059, "Join_Count": 1, "TARGET_FID": 1058, "Id": 0, "Slope_Max": 5.60496, "nor_score": 0.081111282649200006, "oneminus": 0.91888871735099997, "Shape_Leng": 4000.0, "Shape_Area": 1000000.0 }, "geometry": { "type": "Polygon", "coordinates": [ [ [ 73.197924245093276, 22.524033741750952 ], [ 73.188205011041632, 22.52392462117248 ], [ 73.188087209222147, 22.532954062894952 ], [ 73.197807074376499, 22.533063231912461 ], [ 73.197924245093276, 22.524033741750952 ] ] ] } },
{ "type": "Feature", "properties": { "FeatureID": "17", "HA_Area": 100.0, "OBJECTID_1": 1321, "Join_Count": 1, "TARGET_FID": 1320, "Id": 0, "Slope_Max": 4.05645, "nor_score": 0.058702266503300002, "oneminus": 0.94129773349699997, "Shape_Leng": 4000.0, "Shape_Area": 1000000.0 }, "geometry": { "type": "Polygon", "coordinates": [ [ [ 73.314011081491756, 22.570447605636872 ], [ 73.304287992053176, 22.570345294481285 ], [ 73.304177483341647, 22.579375247070558 ], [ 73.313901205695245, 22.579477603571238 ], [ 73.314011081491756, 22.570447605636872 ] ] ] } },
{ "type": "Feature", "properties": { "FeatureID": "18", "HA_Area": 100.0, "OBJECTID_1": 1121, "Join_Count": 1, "TARGET_FID": 1120, "Id": 0, "Slope_Max": 3.83917, "nor_score": 0.055557934984499999, "oneminus": 0.94444206501500005, "Shape_Leng": 4000.0, "Shape_Area": 1000000.0 }, "geometry": { "type": "Polygon", "coordinates": [ [ [ 73.314450025234962, 22.534327507464379 ], [ 73.304729464235379, 22.534225377631966 ], [ 73.304619180556671, 22.543255372811199 ], [ 73.314340373183029, 22.543357547965833 ], [ 73.314450025234962, 22.534327507464379 ] ] ] } },
{ "type": "Feature", "properties": { "FeatureID": "19", "HA_Area": 100.0, "OBJECTID_1": 1825, "Join_Count": 1, "TARGET_FID": 1824, "Id": 0, "Slope_Max": 4.3125, "nor_score": 0.062407654760099997, "oneminus": 0.93759234524000001, "Shape_Leng": 4000.0, "Shape_Area": 1000000.0 }, "geometry": { "type": "Polygon", "coordinates": [ [ [ 73.351828093031116, 22.661152261242325 ], [ 73.342098437370367, 22.66105185781079 ], [ 73.341989909594659, 22.670081883728695 ], [ 73.351720201462726, 22.670182331519687 ], [ 73.351828093031116, 22.661152261242325 ] ] ] } },
{ "type": "Feature", "properties": { "FeatureID": "20", "HA_Area": 100.0, "OBJECTID_1": 1022, "Join_Count": 1, "TARGET_FID": 1021, "Id": 0, "Slope_Max": 4.91531, "nor_score": 0.0711311220065, "oneminus": 0.928868877993, "Shape_Leng": 4000.0, "Shape_Area": 1000000.0 }, "geometry": { "type": "Polygon", "coordinates": [ [ [ 73.324388516243104, 22.516368847600621 ], [ 73.314669161668689, 22.516267394565546 ], [ 73.314559621391439, 22.525297456329799 ], [ 73.324279606965291, 22.525398954415451 ], [ 73.324388516243104, 22.516368847600621 ] ] ] } },
{ "type": "Feature", "properties": { "FeatureID": "21", "HA_Area": 100.0, "OBJECTID_1": 1863, "Join_Count": 1, "TARGET_FID": 1862, "Id": 0, "Slope_Max": 5.56681, "nor_score": 0.080559203426099998, "oneminus": 0.91944079657400002, "Shape_Leng": 4000.0, "Shape_Area": 1000000.0 }, "geometry": { "type": "Polygon", "coordinates": [ [ [ 73.234960411425433, 22.668937978863536 ], [ 73.225230802939009, 22.668830444318203 ], [ 73.225114582911303, 22.677859906846493 ], [ 73.234844827728438, 22.677967488886097 ], [ 73.234960411425433, 22.668937978863536 ] ] ] } },
{ "type": "Feature", "properties": { "FeatureID": "22", "HA_Area": 100.0, "OBJECTID_1": 1754, "Join_Count": 1, "TARGET_FID": 1753, "Id": 0, "Slope_Max": 5.29188, "nor_score": 0.076580597851099996, "oneminus": 0.92341940214899998, "Shape_Leng": 4000.0, "Shape_Area": 1000000.0 }, "geometry": { "type": "Polygon", "coordinates": [ [ [ 73.147638523165185, 22.649890733538601 ], [ 73.137910729128407, 22.649777984959023 ], [ 73.137788906808581, 22.658807029891296 ], [ 73.14751733637128, 22.658919828298671 ], [ 73.147638523165185, 22.649890733538601 ] ] ] } },
{ "type": "Feature", "properties": { "FeatureID": "23", "HA_Area": 100.0, "OBJECTID_1": 1174, "Join_Count": 1, "TARGET_FID": 1173, "Id": 0, "Slope_Max": 4.05645, "nor_score": 0.058702266503300002, "oneminus": 0.94129773349699997, "Shape_Leng": 4000.0, "Shape_Area": 1000000.0 }, "geometry": { "type": "Polygon", "coordinates": [ [ [ 73.343504285244677, 22.543660551670012 ], [ 73.333782925848965, 22.543560137408956 ], [ 73.333674481831395, 22.552590257148719 ], [ 73.343396473224331, 22.552690715956714 ], [ 73.343504285244677, 22.543660551670012 ] ] ] } },
{ "type": "Feature", "properties": { "FeatureID": "24", "HA_Area": 100.0, "OBJECTID_1": 1870, "Join_Count": 1, "TARGET_FID": 1869, "Id": 0, "Slope_Max": 3.98984, "nor_score": 0.057738332564000003, "oneminus": 0.94226166743600004, "Shape_Leng": 4000.0, "Shape_Area": 1000000.0 }, "geometry": { "type": "Polygon", "coordinates": [ [ [ 73.303069297061981, 22.669674186305627 ], [ 73.293339284279952, 22.669570785454155 ], [ 73.29322751892461, 22.678600574966858 ], [ 73.302958168155598, 22.678704021487373 ], [ 73.303069297061981, 22.669674186305627 ] ] ] } },
{ "type": "Feature", "properties": { "FeatureID": "25", "HA_Area": 100.0, "OBJECTID_1": 1815, "Join_Count": 1, "TARGET_FID": 1814, "Id": 0, "Slope_Max": 9.31228, "nor_score": 0.134761167913, "oneminus": 0.86523883208700003, "Shape_Leng": 4000.0, "Shape_Area": 1000000.0 }, "geometry": { "type": "Polygon", "coordinates": [ [ [ 73.254534057157628, 22.660121661536969 ], [ 73.244804967584074, 22.660015354942221 ], [ 73.244690078637873, 22.66904492292425 ], [ 73.254419804253217, 22.669151276485859 ], [ 73.254534057157628, 22.660121661536969 ] ] ] } },
{ "type": "Feature", "properties": { "FeatureID": "26", "HA_Area": 100.0, "OBJECTID_1": 1164, "Join_Count": 1, "TARGET_FID": 1163, "Id": 0, "Slope_Max": 4.87164, "nor_score": 0.070499162910899998, "oneminus": 0.929500837089, "Shape_Leng": 4000.0, "Shape_Area": 1000000.0 }, "geometry": { "type": "Polygon", "coordinates": [ [ [ 73.246293216971765, 22.542629996696771 ], [ 73.236572424740743, 22.542523713278282 ], [ 73.236457661650888, 22.55155337323124 ], [ 73.246179085714104, 22.551659703799722 ], [ 73.246293216971765, 22.542629996696771 ] ] ] } },
{ "type": "Feature", "properties": { "FeatureID": "27", "HA_Area": 100.0, "OBJECTID_1": 1810, "Join_Count": 1, "TARGET_FID": 1809, "Id": 0, "Slope_Max": 5.2514, "nor_score": 0.075994796017699998, "oneminus": 0.92400520398200003, "Shape_Leng": 4000.0, "Shape_Area": 1000000.0 }, "geometry": { "type": "Polygon", "coordinates": [ [ [ 73.205889196378763, 22.65958422632438 ], [ 73.196160401964889, 22.659474968683245 ], [ 73.196042333067609, 22.668504297920656 ], [ 73.205771763436985, 22.668613603832075 ], [ 73.205889196378763, 22.65958422632438 ] ] ] } },
{ "type": "Feature", "properties": { "FeatureID": "28", "HA_Area": 100.0, "OBJECTID_1": 1466, "Join_Count": 1, "TARGET_FID": 1465, "Id": 0, "Slope_Max": 6.89609, "nor_score": 0.099795665119700006, "oneminus": 0.90020433487999996, "Shape_Leng": 4000.0, "Shape_Area": 1000000.0 }, "geometry": { "type": "Polygon", "coordinates": [ [ [ 73.265056906946626, 22.59701944659146 ], [ 73.255332202680549, 22.596914057026972 ], [ 73.255218355859569, 22.605943746918513 ], [ 73.264943693924792, 22.606049183147775 ], [ 73.265056906946626, 22.59701944659146 ] ] ] } },
{ "type": "Feature", "properties": { "FeatureID": "29", "HA_Area": 100.0, "OBJECTID_1": 1518, "Join_Count": 1, "TARGET_FID": 1517, "Id": 0, "Slope_Max": 6.28483, "nor_score": 0.090949914595699996, "oneminus": 0.90905008540400001, "Shape_Leng": 4000.0, "Shape_Area": 1000000.0 }, "geometry": { "type": "Polygon", "coordinates": [ [ [ 73.284394542648556, 22.60625828948146 ], [ 73.274669089628645, 22.60615403067349 ], [ 73.274556453106641, 22.615183802950181 ], [ 73.284282540281751, 22.61528810790778 ], [ 73.284394542648556, 22.60625828948146 ] ] ] } },
{ "type": "Feature", "properties": { "FeatureID": "30", "HA_Area": 100.0, "OBJECTID_1": 1020, "Join_Count": 1, "TARGET_FID": 1019, "Id": 0, "Slope_Max": 6.03471, "nor_score": 0.087330340618000005, "oneminus": 0.91266965938199995, "Shape_Leng": 4000.0, "Shape_Area": 1000000.0 }, "geometry": { "type": "Polygon", "coordinates": [ [ [ 73.304949862957244, 22.516165355360439 ], [ 73.295230620430431, 22.516062729999124 ], [ 73.295119818203105, 22.525092700881551 ], [ 73.304839691696799, 22.525195371813886 ], [ 73.304949862957244, 22.516165355360439 ] ] ] } },
{ "type": "Feature", "properties": { "FeatureID": "31", "HA_Area": 100.0, "OBJECTID_1": 1214, "Join_Count": 1, "TARGET_FID": 1213, "Id": 0, "Slope_Max": 7.7604, "nor_score": 0.11230338612599999, "oneminus": 0.88769661387400001, "Shape_Leng": 4000.0, "Shape_Area": 1000000.0 }, "geometry": { "type": "Polygon", "coordinates": [ [ [ 73.246179085714104, 22.551659703799722 ], [ 73.236457661650888, 22.55155337323124 ], [ 73.236342840057205, 22.560583022497507 ], [ 73.246064896274561, 22.560689400221928 ], [ 73.246179085714104, 22.551659703799722 ] ] ] } },
{ "type": "Feature", "properties": { "FeatureID": "32", "HA_Area": 100.0, "OBJECTID_1": 1155, "Join_Count": 1, "TARGET_FID": 1154, "Id": 0, "Slope_Max": 13.5575, "nor_score": 0.19619519357000001, "oneminus": 0.80380480642999996, "Shape_Leng": 4000.0, "Shape_Area": 1000000.0 }, "geometry": { "type": "Polygon", "coordinates": [ [ [ 73.158808219450378, 22.541652320990323 ], [ 73.149087965185743, 22.541540756557975 ], [ 73.148967516383024, 22.550569980449982 ], [ 73.158688402323349, 22.550681594374435 ], [ 73.158808219450378, 22.541652320990323 ] ] ] } },
{ "type": "Feature", "properties": { "FeatureID": "33", "HA_Area": 100.0, "OBJECTID_1": 1419, "Join_Count": 1, "TARGET_FID": 1418, "Id": 0, "Slope_Max": 3.74008, "nor_score": 0.054123971893500003, "oneminus": 0.945876028107, "Shape_Leng": 4000.0, "Shape_Area": 1000000.0 }, "geometry": { "type": "Polygon", "coordinates": [ [ [ 73.294342619055598, 22.588302198913336 ], [ 73.28461837641818, 22.588198620598039 ], [ 73.284506488021833, 22.59722846037706 ], [ 73.294231364186032, 22.59733208456986 ], [ 73.294342619055598, 22.588302198913336 ] ] ] } },
{ "type": "Feature", "properties": { "FeatureID": "34", "HA_Area": 100.0, "OBJECTID_1": 1571, "Join_Count": 1, "TARGET_FID": 1570, "Id": 0, "Slope_Max": 7.51903, "nor_score": 0.10881044272400001, "oneminus": 0.89118955727600002, "Shape_Leng": 4000.0, "Shape_Area": 1000000.0 }, "geometry": { "type": "Polygon", "coordinates": [ [ [ 73.313461142577424, 22.615597488770081 ], [ 73.303734885339807, 22.615494950831746 ], [ 73.303624094968299, 22.624524850105768 ], [ 73.313350986733369, 22.624627433417864 ], [ 73.313461142577424, 22.615597488770081 ] ] ] } },
{ "type": "Feature", "properties": { "FeatureID": "35", "HA_Area": 100.0, "OBJECTID_1": 1114, "Join_Count": 1, "TARGET_FID": 1113, "Id": 0, "Slope_Max": 4.05645, "nor_score": 0.058702266503300002, "oneminus": 0.94129773349699997, "Shape_Leng": 4000.0, "Shape_Area": 1000000.0 }, "geometry": { "type": "Polygon", "coordinates": [ [ [ 73.236572424740743, 22.542523713278282 ], [ 73.246293216971765, 22.542629996696771 ], [ 73.246407290064468, 22.533600278916555 ], [ 73.236687129343792, 22.533494042642122 ], [ 73.236572424740743, 22.542523713278282 ] ] ] } },
{ "type": "Feature", "properties": { "FeatureID": "36", "HA_Area": 100.0, "OBJECTID_1": 1207, "Join_Count": 1, "TARGET_FID": 1206, "Id": 0, "Slope_Max": 4.4107, "nor_score": 0.063828738118799994, "oneminus": 0.93617126188099997, "Shape_Leng": 4000.0, "Shape_Area": 1000000.0 }, "geometry": { "type": "Polygon", "coordinates": [ [ [ 73.178130357118945, 22.550903061267778 ], [ 73.16840934934261, 22.550792621318703 ], [ 73.168290103151932, 22.559821933205487 ], [ 73.178011742961274, 22.55993242213242 ], [ 73.178130357118945, 22.550903061267778 ] ] ] } },
{ "type": "Feature", "properties": { "FeatureID": "37", "HA_Area": 100.0, "OBJECTID_1": 1705, "Join_Count": 1, "TARGET_FID": 1704, "Id": 0, "Slope_Max": 7.34154, "nor_score": 0.106241921154, "oneminus": 0.893758078846, "Shape_Leng": 4000.0, "Shape_Area": 1000000.0 }, "geometry": { "type": "Polygon", "coordinates": [ [ [ 73.157486868774825, 22.64097373718748 ], [ 73.147759648361102, 22.640861627998216 ], [ 73.147638523165185, 22.649890733538601 ], [ 73.157366378799935, 22.650002892288793 ], [ 73.157486868774825, 22.64097373718748 ] ] ] } },
{ "type": "Feature", "properties": { "FeatureID": "38", "HA_Area": 100.0, "OBJECTID_1": 1723, "Join_Count": 1, "TARGET_FID": 1722, "Id": 0, "Slope_Max": 5.57637, "nor_score": 0.080697544103899996, "oneminus": 0.91930245589600001, "Shape_Leng": 4000.0, "Shape_Area": 1000000.0 }, "geometry": { "type": "Polygon", "coordinates": [ [ [ 73.332586998380918, 22.642890869398315 ], [ 73.322858724732967, 22.642789374967652 ], [ 73.322749036176646, 22.651819332732366 ], [ 73.332477945353304, 22.651920872032658 ], [ 73.332586998380918, 22.642890869398315 ] ] ] } },
{ "type": "Feature", "properties": { "FeatureID": "39", "HA_Area": 100.0, "OBJECTID_1": 1767, "Join_Count": 1, "TARGET_FID": 1766, "Id": 0, "Slope_Max": 16.5574, "nor_score": 0.239607765173, "oneminus": 0.76039223482700002, "Shape_Leng": 4000.0, "Shape_Area": 1000000.0 }, "geometry": { "type": "Polygon", "coordinates": [ [ [ 73.274105333523295, 22.651302785148538 ], [ 73.26437676389989, 22.651197705513287 ], [ 73.26426320479392, 22.660227377878904 ], [ 73.273992410169868, 22.660332503953704 ], [ 73.274105333523295, 22.651302785148538 ] ] ] } },
{ "type": "Feature", "properties": { "FeatureID": "40", "HA_Area": 100.0, "OBJECTID_1": 1370, "Join_Count": 1, "TARGET_FID": 1369, "Id": 0, "Slope_Max": 4.00325, "nor_score": 0.057932394559199997, "oneminus": 0.94206760544099999, "Shape_Leng": 4000.0, "Shape_Area": 1000000.0 }, "geometry": { "type": "Polygon", "coordinates": [ [ [ 73.304177483341647, 22.579375247070558 ], [ 73.294453817287206, 22.579272302591455 ], [ 73.294342619055598, 22.588302198913336 ], [ 73.30406691833096, 22.588405189003716 ], [ 73.304177483341647, 22.579375247070558 ] ] ] } },
{ "type": "Feature", "properties": { "FeatureID": "41", "HA_Area": 100.0, "OBJECTID_1": 1267, "Join_Count": 1, "TARGET_FID": 1266, "Id": 0, "Slope_Max": 4.5657, "nor_score": 0.066071798891299993, "oneminus": 0.93392820110899999, "Shape_Leng": 4000.0, "Shape_Area": 1000000.0 }, "geometry": { "type": "Polygon", "coordinates": [ [ [ 73.27523141283136, 22.561005009100665 ], [ 73.265509182983678, 22.560900393537789 ], [ 73.26539620034842, 22.56993017281853 ], [ 73.275119062722794, 22.570034834762254 ], [ 73.27523141283136, 22.561005009100665 ] ] ] } },
{ "type": "Feature", "properties": { "FeatureID": "42", "HA_Area": 100.0, "OBJECTID_1": 1758, "Join_Count": 1, "TARGET_FID": 1757, "Id": 0, "Slope_Max": 5.6334, "nor_score": 0.081522847545600005, "oneminus": 0.91847715245399997, "Shape_Leng": 4000.0, "Shape_Area": 1000000.0 }, "geometry": { "type": "Polygon", "coordinates": [ [ [ 73.186550312063289, 22.650335829411574 ], [ 73.176822273571887, 22.650225440240355 ], [ 73.176702993463337, 22.659254682920295 ], [ 73.186431667552085, 22.65936512087692 ], [ 73.186550312063289, 22.650335829411574 ] ] ] } },
{ "type": "Feature", "properties": { "FeatureID": "43", "HA_Area": 100.0, "OBJECTID_1": 1563, "Join_Count": 1, "TARGET_FID": 1562, "Id": 0, "Slope_Max": 7.23285, "nor_score": 0.104669034295, "oneminus": 0.89533096570500004, "Shape_Leng": 4000.0, "Shape_Area": 1000000.0 }, "geometry": { "type": "Polygon", "coordinates": [ [ [ 73.235652680960456, 22.614760693479539 ], [ 73.225926883675498, 22.61465344377347 ], [ 73.225811017684421, 22.623682970677216 ], [ 73.235537449362596, 22.623790267841475 ], [ 73.235652680960456, 22.614760693479539 ] ] ] } },
{ "type": "Feature", "properties": { "FeatureID": "44", "HA_Area": 100.0, "OBJECTID_1": 1521, "Join_Count": 1, "TARGET_FID": 1520, "Id": 0, "Slope_Max": 7.59576, "nor_score": 0.109920825396, "oneminus": 0.89007917460399999, "Shape_Leng": 4000.0, "Shape_Area": 1000000.0 }, "geometry": { "type": "Polygon", "coordinates": [ [ [ 73.313571242379282, 22.606567533458076 ], [ 73.303845619346447, 22.606465040887755 ], [ 73.303734885339807, 22.615494950831746 ], [ 73.313461142577424, 22.615597488770081 ], [ 73.313571242379282, 22.606567533458076 ] ] ] } },
{ "type": "Feature", "properties": { "FeatureID": "45", "HA_Area": 100.0, "OBJECTID_1": 1801, "Join_Count": 1, "TARGET_FID": 1800, "Id": 0, "Slope_Max": 11.7708, "nor_score": 0.170339246374, "oneminus": 0.829660753626, "Shape_Leng": 4000.0, "Shape_Area": 1000000.0 }, "geometry": { "type": "Polygon", "coordinates": [ [ [ 73.118332233822898, 22.658579662867851 ], [ 73.108603991045769, 22.658465094282594 ], [ 73.108480199349444, 22.667493977358717 ], [ 73.118209077920838, 22.667608596559916 ], [ 73.118332233822898, 22.658579662867851 ] ] ] } },
{ "type": "Feature", "properties": { "FeatureID": "46", "HA_Area": 100.0, "OBJECTID_1": 1458, "Join_Count": 1, "TARGET_FID": 1457, "Id": 0, "Slope_Max": 16.9135, "nor_score": 0.24476101062300001, "oneminus": 0.75523898937699996, "Shape_Leng": 4000.0, "Shape_Area": 1000000.0 }, "geometry": { "type": "Polygon", "coordinates": [ [ [ 73.177536681626364, 22.596049758290384 ], [ 73.177417765028494, 22.605079065487207 ], [ 73.187142630374851, 22.605189210824044 ], [ 73.187260913311391, 22.596159854878842 ], [ 73.177536681626364, 22.596049758290384 ] ] ] } },
{ "type": "Feature", "properties": { "FeatureID": "47", "HA_Area": 100.0, "OBJECTID_1": 1501, "Join_Count": 1, "TARGET_FID": 1500, "Id": 0, "Slope_Max": 9.78587, "nor_score": 0.141614648446, "oneminus": 0.85838535155399998, "Shape_Leng": 4000.0, "Shape_Area": 1000000.0 }, "geometry": { "type": "Polygon", "coordinates": [ [ [ 73.119069855594134, 22.604405833978653 ], [ 73.109345420804701, 22.604291568954455 ], [ 73.109222006279197, 22.613320516833358 ], [ 73.118947074926822, 22.613434832435061 ], [ 73.119069855594134, 22.604405833978653 ] ] ] } },
{ "type": "Feature", "properties": { "FeatureID": "48", "HA_Area": 100.0, "OBJECTID_1": 1902, "Join_Count": 1, "TARGET_FID": 1901, "Id": 0, "Slope_Max": 5.79184, "nor_score": 0.083815688328500004, "oneminus": 0.91618431167100001, "Shape_Leng": 4000.0, "Shape_Area": 1000000.0 }, "geometry": { "type": "Polygon", "coordinates": [ [ [ 73.127815436725754, 22.676751598704062 ], [ 73.1180858594157, 22.676637519445602 ], [ 73.11796257828918, 22.685666431521412 ], [ 73.127692792057928, 22.685780561147986 ], [ 73.127815436725754, 22.676751598704062 ] ] ] } },
{ "type": "Feature", "properties": { "FeatureID": "49", "HA_Area": 100.0, "OBJECTID_1": 1407, "Join_Count": 1, "TARGET_FID": 1406, "Id": 0, "Slope_Max": 19.1026, "nor_score": 0.27644022537200003, "oneminus": 0.72355977462800003, "Shape_Leng": 4000.0, "Shape_Area": 1000000.0 }, "geometry": { "type": "Polygon", "coordinates": [ [ [ 73.177536681626364, 22.596049758290384 ], [ 73.177655537700943, 22.587020440352987 ], [ 73.167931999860556, 22.586909804455392 ], [ 73.167812510464614, 22.595939073390184 ], [ 73.177536681626364, 22.596049758290384 ] ] ] } },
{ "type": "Feature", "properties": { "FeatureID": "50", "HA_Area": 100.0, "OBJECTID_1": 1201, "Join_Count": 1, "TARGET_FID": 1200, "Id": 0, "Slope_Max": 12.9164, "nor_score": 0.18691761836099999, "oneminus": 0.81308238163900004, "Shape_Leng": 4000.0, "Shape_Area": 1000000.0 }, "geometry": { "type": "Polygon", "coordinates": [ [ [ 73.119805228253938, 22.550231616947045 ], [ 73.110084589847588, 22.550117655253757 ], [ 73.109961551833592, 22.559146667808534 ], [ 73.119682822165444, 22.559260680041024 ], [ 73.119805228253938, 22.550231616947045 ] ] ] } },
{ "type": "Feature", "properties": { "FeatureID": "51", "HA_Area": 100.0, "OBJECTID_1": 1603, "Join_Count": 1, "TARGET_FID": 1602, "Id": 0, "Slope_Max": 9.32904, "nor_score": 0.135003705729, "oneminus": 0.864996294271, "Shape_Leng": 4000.0, "Shape_Area": 1000000.0 }, "geometry": { "type": "Polygon", "coordinates": [ [ [ 73.138275824635173, 22.622690785456573 ], [ 73.128549997105992, 22.622577597290004 ], [ 73.128427725954879, 22.631606624502218 ], [ 73.13815418802362, 22.631719862738141 ], [ 73.138275824635173, 22.622690785456573 ] ] ] } },
{ "type": "Feature", "properties": { "FeatureID": "52", "HA_Area": 100.0, "OBJECTID_1": 1002, "Join_Count": 1, "TARGET_FID": 1001, "Id": 0, "Slope_Max": 19.3624, "nor_score": 0.28019987894600001, "oneminus": 0.71980012105400004, "Shape_Leng": 4000.0, "Shape_Area": 1000000.0 }, "geometry": { "type": "Polygon", "coordinates": [ [ [ 73.130012405342214, 22.5142284307219 ], [ 73.120294229127154, 22.514115257000544 ], [ 73.120172072394723, 22.523144363115701 ], [ 73.129890879266782, 22.523257587090733 ], [ 73.130012405342214, 22.5142284307219 ] ] ] } },
{ "type": "Feature", "properties": { "FeatureID": "53", "HA_Area": 100.0, "OBJECTID_1": 1712, "Join_Count": 1, "TARGET_FID": 1711, "Id": 0, "Slope_Max": 11.1047, "nor_score": 0.16069989318, "oneminus": 0.83930010682, "Shape_Leng": 4000.0, "Shape_Area": 1000000.0 }, "geometry": { "type": "Polygon", "coordinates": [ [ [ 73.225579108795912, 22.641741992319613 ], [ 73.215851466360618, 22.641634010532883 ], [ 73.215734788084461, 22.650663457527724 ], [ 73.225463065864076, 22.65077148705128 ], [ 73.225579108795912, 22.641741992319613 ] ] ] } },
{ "type": "Feature", "properties": { "FeatureID": "54", "HA_Area": 100.0, "OBJECTID_1": 1718, "Join_Count": 1, "TARGET_FID": 1717, "Id": 0, "Slope_Max": 14.3291, "nor_score": 0.20736127636000001, "oneminus": 0.79263872364, "Shape_Leng": 4000.0, "Shape_Area": 1000000.0 }, "geometry": { "type": "Polygon", "coordinates": [ [ [ 73.274105333523295, 22.651302785148538 ], [ 73.283833960546488, 22.651407274763091 ], [ 73.283946191053801, 22.64237749908369 ], [ 73.27421819947692, 22.642273055642139 ], [ 73.274105333523295, 22.651302785148538 ] ] ] } },
{ "type": "Feature", "properties": { "FeatureID": "55", "HA_Area": 100.0, "OBJECTID_1": 1965, "Join_Count": 1, "TARGET_FID": 1964, "Id": 0, "Slope_Max": 7.94797, "nor_score": 0.11501777678900001, "oneminus": 0.88498222321099995, "Shape_Leng": 4000.0, "Shape_Area": 1000000.0 }, "geometry": { "type": "Polygon", "coordinates": [ [ [ 73.254191124188239, 22.687210474220269 ], [ 73.244460125519694, 22.687104026707068 ], [ 73.244345061313524, 22.696133562500929 ], [ 73.254076696993678, 22.696240056998864 ], [ 73.254191124188239, 22.687210474220269 ] ] ] } },
{ "type": "Feature", "properties": { "FeatureID": "56", "HA_Area": 100.0, "OBJECTID_1": 1103, "Join_Count": 1, "TARGET_FID": 1102, "Id": 0, "Slope_Max": 13.5575, "nor_score": 0.19619519357000001, "oneminus": 0.80380480642999996, "Shape_Leng": 4000.0, "Shape_Area": 1000000.0 }, "geometry": { "type": "Polygon", "coordinates": [ [ [ 73.139488791059946, 22.532399420536624 ], [ 73.129769291201029, 22.532286732715885 ], [ 73.129647641126951, 22.541315867593834 ], [ 73.139367772304027, 22.541428605420748 ], [ 73.139488791059946, 22.532399420536624 ] ] ] } },
{ "type": "Feature", "properties": { "FeatureID": "57", "HA_Area": 100.0, "OBJECTID_1": 1275, "Join_Count": 1, "TARGET_FID": 1274, "Id": 0, "Slope_Max": 4.26254, "nor_score": 0.061684664627900003, "oneminus": 0.93831533537199996, "Shape_Leng": 4000.0, "Shape_Area": 1000000.0 }, "geometry": { "type": "Polygon", "coordinates": [ [ [ 73.35301128493218, 22.561820785468335 ], [ 73.343288606242098, 22.56172086962032 ], [ 73.34318068428199, 22.570751012657389 ], [ 73.352903995629489, 22.570850972803168 ], [ 73.35301128493218, 22.561820785468335 ] ] ] } },
{ "type": "Feature", "properties": { "FeatureID": "58", "HA_Area": 100.0, "OBJECTID_1": 1402, "Join_Count": 1, "TARGET_FID": 1401, "Id": 0, "Slope_Max": 6.11346, "nor_score": 0.088469960593600003, "oneminus": 0.91153003940599997, "Shape_Leng": 4000.0, "Shape_Area": 1000000.0 }, "geometry": { "type": "Polygon", "coordinates": [ [ [ 73.12903846, 22.586461380652235 ], [ 73.119315229521106, 22.586347804724149 ], [ 73.119192573786151, 22.595376824740509 ], [ 73.128916437496812, 22.595490450972985 ], [ 73.12903846, 22.586461380652235 ] ] ] } },
{ "type": "Feature", "properties": { "FeatureID": "59", "HA_Area": 100.0, "OBJECTID_1": 1162, "Join_Count": 1, "TARGET_FID": 1161, "Id": 0, "Slope_Max": 4.65848, "nor_score": 0.067414451476699999, "oneminus": 0.93258554852300002, "Shape_Leng": 4000.0, "Shape_Area": 1000000.0 }, "geometry": { "type": "Polygon", "coordinates": [ [ [ 73.226851690996511, 22.542416843021872 ], [ 73.217131016060947, 22.542309385942005 ], [ 73.217014989357835, 22.551338950814191 ], [ 73.226736296091474, 22.55144645556457 ], [ 73.226851690996511, 22.542416843021872 ] ] ] } },
{ "type": "Feature", "properties": { "FeatureID": "60", "HA_Area": 100.0, "OBJECTID_1": 1420, "Join_Count": 1, "TARGET_FID": 1419, "Id": 0, "Slope_Max": 7.3055, "nor_score": 0.105720376523, "oneminus": 0.89427962347699996, "Shape_Leng": 4000.0, "Shape_Area": 1000000.0 }, "geometry": { "type": "Polygon", "coordinates": [ [ [ 73.30406691833096, 22.588405189003716 ], [ 73.294342619055598, 22.588302198913336 ], [ 73.294231364186032, 22.59733208456986 ], [ 73.303956297004689, 22.597435120277261 ], [ 73.30406691833096, 22.588405189003716 ] ] ] } },
{ "type": "Feature", "properties": { "FeatureID": "61", "HA_Area": 100.0, "OBJECTID_1": 1761, "Join_Count": 1, "TARGET_FID": 1760, "Id": 0, "Slope_Max": 4.27508, "nor_score": 0.061866140160900002, "oneminus": 0.93813385983899999, "Shape_Leng": 4000.0, "Shape_Area": 1000000.0 }, "geometry": { "type": "Polygon", "coordinates": [ [ [ 73.215734788084461, 22.650663457527724 ], [ 73.206006569642511, 22.650554838070093 ], [ 73.205889196378763, 22.65958422632438 ], [ 73.215618050470638, 22.659692893785536 ], [ 73.215734788084461, 22.650663457527724 ] ] ] } },
{ "type": "Feature", "properties": { "FeatureID": "62", "HA_Area": 100.0, "OBJECTID_1": 1216, "Join_Count": 1, "TARGET_FID": 1215, "Id": 0, "Slope_Max": 3.83917, "nor_score": 0.055557934984499999, "oneminus": 0.94444206501500005, "Shape_Leng": 4000.0, "Shape_Area": 1000000.0 }, "geometry": { "type": "Polygon", "coordinates": [ [ [ 73.26562210806425, 22.551870603584629 ], [ 73.255900567959216, 22.551765447255622 ], [ 73.255787010690739, 22.560795190573465 ], [ 73.265509182983678, 22.560900393537789 ], [ 73.26562210806425, 22.551870603584629 ] ] ] } },
{ "type": "Feature", "properties": { "FeatureID": "63", "HA_Area": 100.0, "OBJECTID_1": 1816, "Join_Count": 1, "TARGET_FID": 1815, "Id": 0, "Slope_Max": 13.5538, "nor_score": 0.196141645901, "oneminus": 0.80385835409899997, "Shape_Leng": 4000.0, "Shape_Area": 1000000.0 }, "geometry": { "type": "Polygon", "coordinates": [ [ [ 73.26426320479392, 22.660227377878904 ], [ 73.254534057157628, 22.660121661536969 ], [ 73.254419804253217, 22.669151276485859 ], [ 73.264149587948282, 22.669257039533946 ], [ 73.26426320479392, 22.660227377878904 ] ] ] } },
{ "type": "Feature", "properties": { "FeatureID": "64", "HA_Area": 100.0, "OBJECTID_1": 1519, "Join_Count": 1, "TARGET_FID": 1518, "Id": 0, "Slope_Max": 5.97272, "nor_score": 0.086433265359199998, "oneminus": 0.91356673464100002, "Shape_Leng": 4000.0, "Shape_Area": 1000000.0 }, "geometry": { "type": "Polygon", "coordinates": [ [ [ 73.294120052662009, 22.60636195955756 ], [ 73.284394542648556, 22.60625828948146 ], [ 73.284282540281751, 22.61528810790778 ], [ 73.29400868446703, 22.61539182387299 ], [ 73.294120052662009, 22.60636195955756 ] ] ] } },
{ "type": "Feature", "properties": { "FeatureID": "65", "HA_Area": 100.0, "OBJECTID_1": 1974, "Join_Count": 1, "TARGET_FID": 1973, "Id": 0, "Slope_Max": 5.01216, "nor_score": 0.072532670126799995, "oneminus": 0.92746732987299996, "Shape_Leng": 4000.0, "Shape_Area": 1000000.0 }, "geometry": { "type": "Polygon", "coordinates": [ [ [ 73.341772688515093, 22.688141903557561 ], [ 73.332041178465474, 22.688040775869482 ], [ 73.33193184796805, 22.697070725136363 ], [ 73.341663995178919, 22.697171897461661 ], [ 73.341772688515093, 22.688141903557561 ] ] ] } },
{ "type": "Feature", "properties": { "FeatureID": "66", "HA_Area": 100.0, "OBJECTID_1": 1511, "Join_Count": 1, "TARGET_FID": 1510, "Id": 0, "Slope_Max": 7.94135, "nor_score": 0.114921977526, "oneminus": 0.88507802247400003, "Shape_Leng": 4000.0, "Shape_Area": 1000000.0 }, "geometry": { "type": "Polygon", "coordinates": [ [ [ 73.216317586435125, 22.605516115252833 ], [ 73.206592541400624, 22.605407735721645 ], [ 73.206475466265729, 22.61443717765664 ], [ 73.216201145336413, 22.614545605160966 ], [ 73.216317586435125, 22.605516115252833 ] ] ] } },
{ "type": "Feature", "properties": { "FeatureID": "67", "HA_Area": 100.0, "OBJECTID_1": 1221, "Join_Count": 1, "TARGET_FID": 1220, "Id": 0, "Slope_Max": 3.66765, "nor_score": 0.053075810783700002, "oneminus": 0.94692418921599997, "Shape_Leng": 4000.0, "Shape_Area": 1000000.0 }, "geometry": { "type": "Polygon", "coordinates": [ [ [ 73.304398444481933, 22.561315331239328 ], [ 73.314120901327684, 22.561417597055542 ], [ 73.314230665219355, 22.552387577830711 ], [ 73.304508840644317, 22.552285357348143 ], [ 73.304398444481933, 22.561315331239328 ] ] ] } },
{ "type": "Feature", "properties": { "FeatureID": "68", "HA_Area": 100.0, "OBJECTID_1": 1271, "Join_Count": 1, "TARGET_FID": 1270, "Id": 0, "Slope_Max": 3.94932, "nor_score": 0.057151954541100003, "oneminus": 0.94284804545900003, "Shape_Leng": 4000.0, "Shape_Area": 1000000.0 }, "geometry": { "type": "Polygon", "coordinates": [ [ [ 73.314120901327684, 22.561417597055542 ], [ 73.304398444481933, 22.561315331239328 ], [ 73.304287992053176, 22.570345294481285 ], [ 73.314011081491756, 22.570447605636872 ], [ 73.314120901327684, 22.561417597055542 ] ] ] } },
{ "type": "Feature", "properties": { "FeatureID": "69", "HA_Area": 100.0, "OBJECTID_1": 1872, "Join_Count": 1, "TARGET_FID": 1871, "Id": 0, "Slope_Max": 10.2056, "nor_score": 0.14768870678099999, "oneminus": 0.85231129321900001, "Shape_Leng": 4000.0, "Shape_Area": 1000000.0 }, "geometry": { "type": "Polygon", "coordinates": [ [ [ 73.322529491693899, 22.669879216241473 ], [ 73.312799366307701, 22.669776996572711 ], [ 73.31268887386679, 22.678806877162721 ], [ 73.322419635734875, 22.678909141978959 ], [ 73.322529491693899, 22.669879216241473 ] ] ] } },
{ "type": "Feature", "properties": { "FeatureID": "70", "HA_Area": 100.0, "OBJECTID_1": 1660, "Join_Count": 1, "TARGET_FID": 1659, "Id": 0, "Slope_Max": 5.45072, "nor_score": 0.078879221230199997, "oneminus": 0.92112077876999998, "Shape_Leng": 4000.0, "Shape_Area": 1000000.0 }, "geometry": { "type": "Polygon", "coordinates": [ [ [ 73.206241137205637, 22.632496029335641 ], [ 73.196514248720575, 22.632386916468633 ], [ 73.196396359773857, 22.641416277953752 ], [ 73.206123883245667, 22.641525439072691 ], [ 73.206241137205637, 22.632496029335641 ] ] ] } },
{ "type": "Feature", "properties": { "FeatureID": "71", "HA_Area": 100.0, "OBJECTID_1": 1970, "Join_Count": 1, "TARGET_FID": 1969, "Id": 0, "Slope_Max": 4.5657, "nor_score": 0.066071798891299993, "oneminus": 0.93392820110899999, "Shape_Leng": 4000.0, "Shape_Area": 1000000.0 }, "geometry": { "type": "Polygon", "coordinates": [ [ [ 73.302846982768983, 22.687733845974993 ], [ 73.293115696765724, 22.687630353779646 ], [ 73.293003817786683, 22.696660121889067 ], [ 73.302735740885637, 22.69676365976505 ], [ 73.302846982768983, 22.687733845974993 ] ] ] } },
{ "type": "Feature", "properties": { "FeatureID": "72", "HA_Area": 100.0, "OBJECTID_1": 1707, "Join_Count": 1, "TARGET_FID": 1706, "Id": 0, "Slope_Max": 5.4897, "nor_score": 0.079443314176400007, "oneminus": 0.92055668582399997, "Shape_Leng": 4000.0, "Shape_Area": 1000000.0 }, "geometry": { "type": "Polygon", "coordinates": [ [ [ 73.176941493051075, 22.641196186798862 ], [ 73.167214150445744, 22.641085256792728 ], [ 73.167094295709802, 22.65011446119442 ], [ 73.176822273571887, 22.650225440240355 ], [ 73.176941493051075, 22.641196186798862 ] ] ] } },
{ "type": "Feature", "properties": { "FeatureID": "73", "HA_Area": 100.0, "OBJECTID_1": 1509, "Join_Count": 1, "TARGET_FID": 1508, "Id": 0, "Slope_Max": 13.8527, "nor_score": 0.20046713824099999, "oneminus": 0.79953286175899996, "Shape_Leng": 4000.0, "Shape_Area": 1000000.0 }, "geometry": { "type": "Polygon", "coordinates": [ [ [ 73.196867555939718, 22.605298767573796 ], [ 73.187142630374851, 22.605189210824044 ], [ 73.187024287219828, 22.614218556031332 ], [ 73.19674984678602, 22.614328161275171 ], [ 73.196867555939718, 22.605298767573796 ] ] ] } },
{ "type": "Feature", "properties": { "FeatureID": "74", "HA_Area": 100.0, "OBJECTID_1": 1116, "Join_Count": 1, "TARGET_FID": 1115, "Id": 0, "Slope_Max": 5.17979, "nor_score": 0.074958503721099995, "oneminus": 0.92504149627900001, "Shape_Leng": 4000.0, "Shape_Area": 1000000.0 }, "geometry": { "type": "Polygon", "coordinates": [ [ [ 73.265847785628182, 22.533810991674915 ], [ 73.256127508933176, 22.533705928598923 ], [ 73.256014067367744, 22.542735693262944 ], [ 73.265734975606833, 22.542840802962505 ], [ 73.265847785628182, 22.533810991674915 ] ] ] } },
{ "type": "Feature", "properties": { "FeatureID": "75", "HA_Area": 100.0, "OBJECTID_1": 1309, "Join_Count": 1, "TARGET_FID": 1308, "Id": 0, "Slope_Max": 5.92803, "nor_score": 0.085786539251899996, "oneminus": 0.91421346074800003, "Shape_Leng": 4000.0, "Shape_Area": 1000000.0 }, "geometry": { "type": "Polygon", "coordinates": [ [ [ 73.197337793768511, 22.569181085485482 ], [ 73.187615400985464, 22.569071722650783 ], [ 73.187497298599169, 22.578101110788712 ], [ 73.197220324094317, 22.578210522092991 ], [ 73.197337793768511, 22.569181085485482 ] ] ] } },
{ "type": "Feature", "properties": { "FeatureID": "76", "HA_Area": 100.0, "OBJECTID_1": 1716, "Join_Count": 1, "TARGET_FID": 1715, "Id": 0, "Slope_Max": 7.45564, "nor_score": 0.107893100777, "oneminus": 0.89210689922300002, "Shape_Leng": 4000.0, "Shape_Area": 1000000.0 }, "geometry": { "type": "Polygon", "coordinates": [ [ [ 73.264490265283058, 22.642168022440554 ], [ 73.254762388795143, 22.642062399493156 ], [ 73.254648251999271, 22.651092035871574 ], [ 73.26437676389989, 22.651197705513287 ], [ 73.264490265283058, 22.642168022440554 ] ] ] } },
{ "type": "Feature", "properties": { "FeatureID": "77", "HA_Area": 100.0, "OBJECTID_1": 1223, "Join_Count": 1, "TARGET_FID": 1222, "Id": 0, "Slope_Max": 5.17979, "nor_score": 0.074958503721099995, "oneminus": 0.92504149627900001, "Shape_Leng": 4000.0, "Shape_Area": 1000000.0 }, "geometry": { "type": "Polygon", "coordinates": [ [ [ 73.333674481831395, 22.552590257148719 ], [ 73.323952545722392, 22.552489211102156 ], [ 73.323843414117718, 22.561519275400276 ], [ 73.33356598252989, 22.561620366259771 ], [ 73.333674481831395, 22.552590257148719 ] ] ] } },
{ "type": "Feature", "properties": { "FeatureID": "78", "HA_Area": 100.0, "OBJECTID_1": 1561, "Join_Count": 1, "TARGET_FID": 1560, "Id": 0, "Slope_Max": 13.9316, "nor_score": 0.201608918065, "oneminus": 0.79839108193499997, "Shape_Leng": 4000.0, "Shape_Area": 1000000.0 }, "geometry": { "type": "Polygon", "coordinates": [ [ [ 73.216201145336413, 22.614545605160966 ], [ 73.206475466265729, 22.61443717765664 ], [ 73.20635833153986, 22.623466608862472 ], [ 73.216084644969285, 22.623575084346012 ], [ 73.216201145336413, 22.614545605160966 ] ] ] } },
{ "type": "Feature", "properties": { "FeatureID": "79", "HA_Area": 100.0, "OBJECTID_1": 1513, "Join_Count": 1, "TARGET_FID": 1512, "Id": 0, "Slope_Max": 4.63546, "nor_score": 0.067081317353599998, "oneminus": 0.93291868264599997, "Shape_Leng": 4000.0, "Shape_Area": 1000000.0 }, "geometry": { "type": "Polygon", "coordinates": [ [ [ 73.235767853935059, 22.605731108406562 ], [ 73.226042690720746, 22.605623906152665 ], [ 73.225926883675498, 22.61465344377347 ], [ 73.235652680960456, 22.614760693479539 ], [ 73.235767853935059, 22.605731108406562 ] ] ] } },
{ "type": "Feature", "properties": { "FeatureID": "80", "HA_Area": 100.0, "OBJECTID_1": 1525, "Join_Count": 1, "TARGET_FID": 1524, "Id": 0, "Slope_Max": 3.74008, "nor_score": 0.054123971893500003, "oneminus": 0.945876028107, "Shape_Leng": 4000.0, "Shape_Area": 1000000.0 }, "geometry": { "type": "Polygon", "coordinates": [ [ [ 73.352474291543004, 22.606971615864172 ], [ 73.342748446342441, 22.606871478471373 ], [ 73.342640249252582, 22.615901568324077 ], [ 73.352366728722757, 22.616001750042628 ], [ 73.352474291543004, 22.606971615864172 ] ] ] } },
{ "type": "Feature", "properties": { "FeatureID": "81", "HA_Area": 100.0, "OBJECTID_1": 1265, "Join_Count": 1, "TARGET_FID": 1264, "Id": 0, "Slope_Max": 6.31853, "nor_score": 0.091437598607000001, "oneminus": 0.90856240139300004, "Shape_Leng": 4000.0, "Shape_Area": 1000000.0 }, "geometry": { "type": "Polygon", "coordinates": [ [ [ 73.255787010690739, 22.560795190573465 ], [ 73.246064896274561, 22.560689400221928 ], [ 73.24595064863621, 22.569719085959903 ], [ 73.2556733955455, 22.569824923212995 ], [ 73.255787010690739, 22.560795190573465 ] ] ] } },
{ "type": "Feature", "properties": { "FeatureID": "82", "HA_Area": 100.0, "OBJECTID_1": 1109, "Join_Count": 1, "TARGET_FID": 1108, "Id": 0, "Slope_Max": 3.98984, "nor_score": 0.057738332564000003, "oneminus": 0.94226166743600004, "Shape_Leng": 4000.0, "Shape_Area": 1000000.0 }, "geometry": { "type": "Polygon", "coordinates": [ [ [ 73.197807074376499, 22.533063231912461 ], [ 73.188087209222147, 22.532954062894952 ], [ 73.187969347324284, 22.541983493907523 ], [ 73.197689843903021, 22.542092711370167 ], [ 73.197807074376499, 22.533063231912461 ] ] ] } },
{ "type": "Feature", "properties": { "FeatureID": "83", "HA_Area": 100.0, "OBJECTID_1": 1506, "Join_Count": 1, "TARGET_FID": 1505, "Id": 0, "Slope_Max": 8.45985, "nor_score": 0.12242537218500001, "oneminus": 0.87757462781499995, "Shape_Leng": 4000.0, "Shape_Area": 1000000.0 }, "geometry": { "type": "Polygon", "coordinates": [ [ [ 73.167692960223064, 22.604968331578227 ], [ 73.157968216280977, 22.604857009112084 ], [ 73.15784797122771, 22.613886207274433 ], [ 73.167573349118157, 22.613997579016001 ], [ 73.167692960223064, 22.604968331578227 ] ] ] } },
{ "type": "Feature", "properties": { "FeatureID": "84", "HA_Area": 100.0, "OBJECTID_1": 1467, "Join_Count": 1, "TARGET_FID": 1466, "Id": 0, "Slope_Max": 3.66765, "nor_score": 0.053075810783700002, "oneminus": 0.94692418921599997, "Shape_Leng": 4000.0, "Shape_Area": 1000000.0 }, "geometry": { "type": "Polygon", "coordinates": [ [ [ 73.274781668834535, 22.597124247712884 ], [ 73.265056906946626, 22.59701944659146 ], [ 73.264943693924792, 22.606049183147775 ], [ 73.274669089628645, 22.60615403067349 ], [ 73.274781668834535, 22.597124247712884 ] ] ] } },
{ "type": "Feature", "properties": { "FeatureID": "85", "HA_Area": 100.0, "OBJECTID_1": 1253, "Join_Count": 1, "TARGET_FID": 1252, "Id": 0, "Slope_Max": 6.20832, "nor_score": 0.089842713041100003, "oneminus": 0.910157286959, "Shape_Leng": 4000.0, "Shape_Area": 1000000.0 }, "geometry": { "type": "Polygon", "coordinates": [ [ [ 73.139125549660292, 22.55948694295223 ], [ 73.129404154881641, 22.559374105094037 ], [ 73.129282318674299, 22.568403207709238 ], [ 73.139004345736581, 22.568516095592525 ], [ 73.139125549660292, 22.55948694295223 ] ] ] } },
{ "type": "Feature", "properties": { "FeatureID": "86", "HA_Area": 100.0, "OBJECTID_1": 1225, "Join_Count": 1, "TARGET_FID": 1224, "Id": 0, "Slope_Max": 3.82517, "nor_score": 0.055355337104500003, "oneminus": 0.94464466289500004, "Shape_Leng": 4000.0, "Shape_Area": 1000000.0 }, "geometry": { "type": "Polygon", "coordinates": [ [ [ 73.353118519579141, 22.552790587512551 ], [ 73.343396473224331, 22.552690715956714 ], [ 73.343288606242098, 22.56172086962032 ], [ 73.35301128493218, 22.561820785468335 ], [ 73.353118519579141, 22.552790587512551 ] ] ] } },
{ "type": "Feature", "properties": { "FeatureID": "87", "HA_Area": 100.0, "OBJECTID_1": 1654, "Join_Count": 1, "TARGET_FID": 1653, "Id": 0, "Slope_Max": 7.16682, "nor_score": 0.103713491331, "oneminus": 0.89628650866899995, "Shape_Leng": 4000.0, "Shape_Area": 1000000.0 }, "geometry": { "type": "Polygon", "coordinates": [ [ [ 73.147880711977052, 22.631832511681033 ], [ 73.13815418802362, 22.631719862738141 ], [ 73.13803248952739, 22.640748929240139 ], [ 73.147759648361102, 22.640861627998216 ], [ 73.147880711977052, 22.631832511681033 ] ] ] } },
{ "type": "Feature", "properties": { "FeatureID": "88", "HA_Area": 100.0, "OBJECTID_1": 1313, "Join_Count": 1, "TARGET_FID": 1312, "Id": 0, "Slope_Max": 5.92803, "nor_score": 0.085786539251899996, "oneminus": 0.91421346074800003, "Shape_Leng": 4000.0, "Shape_Area": 1000000.0 }, "geometry": { "type": "Polygon", "coordinates": [ [ [ 73.236227959942667, 22.569612661073595 ], [ 73.226505329787003, 22.569505648568466 ], [ 73.226389758353321, 22.578535229022691 ], [ 73.236113021290237, 22.578642288956022 ], [ 73.236227959942667, 22.569612661073595 ] ] ] } },
{ "type": "Feature", "properties": { "FeatureID": "89", "HA_Area": 100.0, "OBJECTID_1": 1215, "Join_Count": 1, "TARGET_FID": 1214, "Id": 0, "Slope_Max": 5.24123, "nor_score": 0.075847622734900005, "oneminus": 0.92415237726499999, "Shape_Leng": 4000.0, "Shape_Area": 1000000.0 }, "geometry": { "type": "Polygon", "coordinates": [ [ [ 73.255900567959216, 22.551765447255622 ], [ 73.246179085714104, 22.551659703799722 ], [ 73.246064896274561, 22.560689400221928 ], [ 73.255787010690739, 22.560795190573465 ], [ 73.255900567959216, 22.551765447255622 ] ] ] } },
{ "type": "Feature", "properties": { "FeatureID": "90", "HA_Area": 100.0, "OBJECTID_1": 1523, "Join_Count": 1, "TARGET_FID": 1522, "Id": 0, "Slope_Max": 4.19924, "nor_score": 0.0607686337705, "oneminus": 0.93923136623000003, "Shape_Leng": 4000.0, "Shape_Area": 1000000.0 }, "geometry": { "type": "Polygon", "coordinates": [ [ [ 73.333022656199873, 22.60677075226365 ], [ 73.323296921437958, 22.606669437254642 ], [ 73.323187455857209, 22.61569943767411 ], [ 73.332913824856504, 22.615800797530017 ], [ 73.333022656199873, 22.60677075226365 ] ] ] } },
{ "type": "Feature", "properties": { "FeatureID": "91", "HA_Area": 100.0, "OBJECTID_1": 1515, "Join_Count": 1, "TARGET_FID": 1514, "Id": 0, "Slope_Max": 5.17979, "nor_score": 0.074958503721099995, "oneminus": 0.92504149627900001, "Shape_Leng": 4000.0, "Shape_Area": 1000000.0 }, "geometry": { "type": "Polygon", "coordinates": [ [ [ 73.255218355859569, 22.605943746918513 ], [ 73.245493075755476, 22.605837722 ], [ 73.245378536868628, 22.614867354264664 ], [ 73.255104451077457, 22.614973426114368 ], [ 73.255218355859569, 22.605943746918513 ] ] ] } },
{ "type": "Feature", "properties": { "FeatureID": "92", "HA_Area": 100.0, "OBJECTID_1": 1461, "Join_Count": 1, "TARGET_FID": 1460, "Id": 0, "Slope_Max": 6.08733, "nor_score": 0.088091821587199998, "oneminus": 0.91190817841299998, "Shape_Leng": 4000.0, "Shape_Area": 1000000.0 }, "geometry": { "type": "Polygon", "coordinates": [ [ [ 73.216433968282715, 22.596486614625078 ], [ 73.206709556961926, 22.596378283060975 ], [ 73.206592541400624, 22.605407735721645 ], [ 73.216317586435125, 22.605516115252833 ], [ 73.216433968282715, 22.596486614625078 ] ] ] } },
{ "type": "Feature", "properties": { "FeatureID": "93", "HA_Area": 100.0, "OBJECTID_1": 1554, "Join_Count": 1, "TARGET_FID": 1553, "Id": 0, "Slope_Max": 8.17608, "nor_score": 0.118318831845, "oneminus": 0.88168116815499997, "Shape_Leng": 4000.0, "Shape_Area": 1000000.0 }, "geometry": { "type": "Polygon", "coordinates": [ [ [ 73.148122654540856, 22.613774246730351 ], [ 73.138397399380111, 22.613661697398925 ], [ 73.138275824635173, 22.622690785456573 ], [ 73.148001714030983, 22.622803384590583 ], [ 73.148122654540856, 22.613774246730351 ] ] ] } },
{ "type": "Feature", "properties": { "FeatureID": "94", "HA_Area": 100.0, "OBJECTID_1": 1909, "Join_Count": 1, "TARGET_FID": 1908, "Id": 0, "Slope_Max": 4.87164, "nor_score": 0.070499162910899998, "oneminus": 0.929500837089, "Shape_Leng": 4000.0, "Shape_Area": 1000000.0 }, "geometry": { "type": "Polygon", "coordinates": [ [ [ 73.195924204151737, 22.67753361640186 ], [ 73.186194197539876, 22.67742367152751 ], [ 73.1860753720036, 22.686452930705769 ], [ 73.195806015199736, 22.686562924123375 ], [ 73.195924204151737, 22.67753361640186 ] ] ] } },
{ "type": "Feature", "properties": { "FeatureID": "95", "HA_Area": 100.0, "OBJECTID_1": 1273, "Join_Count": 1, "TARGET_FID": 1272, "Id": 0, "Slope_Max": 3.94932, "nor_score": 0.057151954541100003, "oneminus": 0.94284804545900003, "Shape_Leng": 4000.0, "Shape_Area": 1000000.0 }, "geometry": { "type": "Polygon", "coordinates": [ [ [ 73.33356598252989, 22.561620366259771 ], [ 73.323843414117718, 22.561519275400276 ], [ 73.323734226890892, 22.570549329060579 ], [ 73.33345742792838, 22.570650464738659 ], [ 73.33356598252989, 22.561620366259771 ] ] ] } },
{ "type": "Feature", "properties": { "FeatureID": "96", "HA_Area": 100.0, "OBJECTID_1": 1805, "Join_Count": 1, "TARGET_FID": 1804, "Id": 0, "Slope_Max": 5.0015, "nor_score": 0.072378410058399997, "oneminus": 0.92762158994199995, "Shape_Leng": 4000.0, "Shape_Area": 1000000.0 }, "geometry": { "type": "Polygon", "coordinates": [ [ [ 73.157245827549943, 22.659032036616086 ], [ 73.14751733637128, 22.658919828298671 ], [ 73.147396087961411, 22.667948912274948 ], [ 73.157125215006943, 22.668061170165867 ], [ 73.157245827549943, 22.659032036616086 ] ] ] } },
{ "type": "Feature", "properties": { "FeatureID": "97", "HA_Area": 100.0, "OBJECTID_1": 1508, "Join_Count": 1, "TARGET_FID": 1507, "Id": 0, "Slope_Max": 15.8431, "nor_score": 0.22927088459100001, "oneminus": 0.77072911540900002, "Shape_Leng": 4000.0, "Shape_Area": 1000000.0 }, "geometry": { "type": "Polygon", "coordinates": [ [ [ 73.187142630374851, 22.605189210824044 ], [ 73.177417765028494, 22.605079065487207 ], [ 73.177298787889697, 22.614108361939969 ], [ 73.187024287219828, 22.614218556031332 ], [ 73.187142630374851, 22.605189210824044 ] ] ] } },
{ "type": "Feature", "properties": { "FeatureID": "98", "HA_Area": 100.0, "OBJECTID_1": 1752, "Join_Count": 1, "TARGET_FID": 1751, "Id": 0, "Slope_Max": 5.79184, "nor_score": 0.083815688328500004, "oneminus": 0.91618431167100001, "Shape_Leng": 4000.0, "Shape_Area": 1000000.0 }, "geometry": { "type": "Polygon", "coordinates": [ [ [ 73.118332233822898, 22.658579662867851 ], [ 73.128060539184816, 22.658693641409229 ], [ 73.128182997012445, 22.649664646565348 ], [ 73.118455327140168, 22.649550718372929 ], [ 73.118332233822898, 22.658579662867851 ] ] ] } },
{ "type": "Feature", "properties": { "FeatureID": "99", "HA_Area": 100.0, "OBJECTID_1": 1708, "Join_Count": 1, "TARGET_FID": 1707, "Id": 0, "Slope_Max": 6.21687, "nor_score": 0.0899664385176, "oneminus": 0.91003356148199999, "Shape_Leng": 4000.0, "Shape_Area": 1000000.0 }, "geometry": { "type": "Polygon", "coordinates": [ [ [ 73.18666889626806, 22.641306527190853 ], [ 73.176941493051075, 22.641196186798862 ], [ 73.176822273571887, 22.650225440240355 ], [ 73.186550312063289, 22.650335829411574 ], [ 73.18666889626806, 22.641306527190853 ] ] ] } },
{ "type": "Feature", "properties": { "FeatureID": "100", "HA_Area": 100.0, "OBJECTID_1": 1616, "Join_Count": 1, "TARGET_FID": 1615, "Id": 0, "Slope_Max": 14.6164, "nor_score": 0.21151889399900001, "oneminus": 0.78848110600099997, "Shape_Leng": 4000.0, "Shape_Area": 1000000.0 }, "geometry": { "type": "Polygon", "coordinates": [ [ [ 73.264717094948452, 22.624108624187585 ], [ 73.254990488317304, 22.624003094611073 ], [ 73.25487646756217, 22.633032752405153 ], [ 73.264603708960294, 22.633138328664149 ], [ 73.264717094948452, 22.624108624187585 ] ] ] } },
{ "type": "Feature", "properties": { "FeatureID": "101", "HA_Area": 100.0, "OBJECTID_1": 1709, "Join_Count": 1, "TARGET_FID": 1708, "Id": 0, "Slope_Max": 4.26254, "nor_score": 0.061684664627900003, "oneminus": 0.93831533537199996, "Shape_Leng": 4000.0, "Shape_Area": 1000000.0 }, "geometry": { "type": "Polygon", "coordinates": [ [ [ 73.18666889626806, 22.641306527190853 ], [ 73.186550312063289, 22.650335829411574 ], [ 73.19627841086114, 22.65044562869311 ], [ 73.196396359773857, 22.641416277953752 ], [ 73.18666889626806, 22.641306527190853 ] ] ] } },
{ "type": "Feature", "properties": { "FeatureID": "102", "HA_Area": 100.0, "OBJECTID_1": 1809, "Join_Count": 1, "TARGET_FID": 1808, "Id": 0, "Slope_Max": 5.33205, "nor_score": 0.077161907476800004, "oneminus": 0.92283809252299998, "Shape_Leng": 4000.0, "Shape_Area": 1000000.0 }, "geometry": { "type": "Polygon", "coordinates": [ [ [ 73.196160401964889, 22.659474968683245 ], [ 73.186431667552085, 22.65936512087692 ], [ 73.186312962716826, 22.668394401583395 ], [ 73.196042333067609, 22.668504297920656 ], [ 73.196160401964889, 22.659474968683245 ] ] ] } },
{ "type": "Feature", "properties": { "FeatureID": "103", "HA_Area": 100.0, "OBJECTID_1": 1802, "Join_Count": 1, "TARGET_FID": 1801, "Id": 0, "Slope_Max": 9.75932, "nor_score": 0.141230443924, "oneminus": 0.85876955607600003, "Shape_Leng": 4000.0, "Shape_Area": 1000000.0 }, "geometry": { "type": "Polygon", "coordinates": [ [ [ 73.128060539184816, 22.658693641409229 ], [ 73.118332233822898, 22.658579662867851 ], [ 73.118209077920838, 22.667608596559916 ], [ 73.127938019095325, 22.667722625456644 ], [ 73.128060539184816, 22.658693641409229 ] ] ] } },
{ "type": "Feature", "properties": { "FeatureID": "104", "HA_Area": 100.0, "OBJECTID_1": 1812, "Join_Count": 1, "TARGET_FID": 1811, "Id": 0, "Slope_Max": 3.54866, "nor_score": 0.051353866813, "oneminus": 0.94864613318699997, "Shape_Leng": 4000.0, "Shape_Area": 1000000.0 }, "geometry": { "type": "Polygon", "coordinates": [ [ [ 73.225346963917502, 22.659800971051968 ], [ 73.215618050470638, 22.659692893785536 ], [ 73.215501253501827, 22.668722319302834 ], [ 73.225230802939009, 22.668830444318203 ], [ 73.225346963917502, 22.659800971051968 ] ] ] } },
{ "type": "Feature", "properties": { "FeatureID": "105", "HA_Area": 100.0, "OBJECTID_1": 1305, "Join_Count": 1, "TARGET_FID": 1304, "Id": 0, "Slope_Max": 20.9877, "nor_score": 0.30372014032400002, "oneminus": 0.69627985967600003, "Shape_Leng": 4000.0, "Shape_Area": 1000000.0 }, "geometry": { "type": "Polygon", "coordinates": [ [ [ 73.158448584814693, 22.568740108932833 ], [ 73.148726434557389, 22.568628396005455 ], [ 73.148605801498718, 22.577657587661893 ], [ 73.158328584397523, 22.577769350100105 ], [ 73.158448584814693, 22.568740108932833 ] ] ] } },
{ "type": "Feature", "properties": { "FeatureID": "106", "HA_Area": 100.0, "OBJECTID_1": 1817, "Join_Count": 1, "TARGET_FID": 1816, "Id": 0, "Slope_Max": 17.6342, "nor_score": 0.25519049554899997, "oneminus": 0.74480950445100003, "Shape_Leng": 4000.0, "Shape_Area": 1000000.0 }, "geometry": { "type": "Polygon", "coordinates": [ [ [ 73.273992410169868, 22.660332503953704 ], [ 73.26426320479392, 22.660227377878904 ], [ 73.264149587948282, 22.669257039533946 ], [ 73.273879429399884, 22.669362212054182 ], [ 73.273992410169868, 22.660332503953704 ] ] ] } },
{ "type": "Feature", "properties": { "FeatureID": "107", "HA_Area": 100.0, "OBJECTID_1": 1007, "Join_Count": 1, "TARGET_FID": 1006, "Id": 0, "Slope_Max": 4.92617, "nor_score": 0.071288280273400007, "oneminus": 0.92871171972699995, "Shape_Leng": 4000.0, "Shape_Area": 1000000.0 }, "geometry": { "type": "Polygon", "coordinates": [ [ [ 73.178604209573095, 22.514785510613759 ], [ 73.168885726711025, 22.514675266514431 ], [ 73.168766723442744, 22.523704621297053 ], [ 73.178485837050914, 22.523814914349565 ], [ 73.178604209573095, 22.514785510613759 ] ] ] } },
{ "type": "Feature", "properties": { "FeatureID": "108", "HA_Area": 100.0, "OBJECTID_1": 1971, "Join_Count": 1, "TARGET_FID": 1970, "Id": 0, "Slope_Max": 7.62346, "nor_score": 0.11032168075899999, "oneminus": 0.88967831924100005, "Shape_Leng": 4000.0, "Shape_Area": 1000000.0 }, "geometry": { "type": "Polygon", "coordinates": [ [ [ 73.312578325268987, 22.68783674706437 ], [ 73.302846982768983, 22.687733845974993 ], [ 73.302735740885637, 22.69676365976505 ], [ 73.312467720497864, 22.69686660627422 ], [ 73.312578325268987, 22.68783674706437 ] ] ] } },
{ "type": "Feature", "properties": { "FeatureID": "109", "HA_Area": 100.0, "OBJECTID_1": 1153, "Join_Count": 1, "TARGET_FID": 1152, "Id": 0, "Slope_Max": 7.23285, "nor_score": 0.104669034295, "oneminus": 0.89533096570500004, "Shape_Leng": 4000.0, "Shape_Area": 1000000.0 }, "geometry": { "type": "Polygon", "coordinates": [ [ [ 73.139367772304027, 22.541428605420748 ], [ 73.129647641126951, 22.541315867593834 ], [ 73.129525929026499, 22.550344991721065 ], [ 73.139246691843468, 22.550457779560464 ], [ 73.139367772304027, 22.541428605420748 ] ] ] } },
{ "type": "Feature", "properties": { "FeatureID": "110", "HA_Area": 100.0, "OBJECTID_1": 1613, "Join_Count": 1, "TARGET_FID": 1612, "Id": 0, "Slope_Max": 13.5538, "nor_score": 0.196141645901, "oneminus": 0.80385835409899997, "Shape_Leng": 4000.0, "Shape_Area": 1000000.0 }, "geometry": { "type": "Polygon", "coordinates": [ [ [ 73.235537449362596, 22.623790267841475 ], [ 73.225811017684421, 22.623682970677216 ], [ 73.225695092730291, 22.632712486860417 ], [ 73.235422159124383, 22.63281983148886 ], [ 73.235537449362596, 22.623790267841475 ] ] ] } },
{ "type": "Feature", "properties": { "FeatureID": "111", "HA_Area": 100.0, "OBJECTID_1": 1670, "Join_Count": 1, "TARGET_FID": 1669, "Id": 0, "Slope_Max": 10.4605, "nor_score": 0.15137745109799999, "oneminus": 0.84862254890199995, "Shape_Leng": 4000.0, "Shape_Area": 1000000.0 }, "geometry": { "type": "Polygon", "coordinates": [ [ [ 73.303513248215495, 22.63355473870638 ], [ 73.293785777997954, 22.633451520473177 ], [ 73.293674239690787, 22.642481352751048 ], [ 73.303402345064939, 22.642584616630138 ], [ 73.303513248215495, 22.63355473870638 ] ] ] } },
{ "type": "Feature", "properties": { "FeatureID": "112", "HA_Area": 100.0, "OBJECTID_1": 1858, "Join_Count": 1, "TARGET_FID": 1857, "Id": 0, "Slope_Max": 4.92617, "nor_score": 0.071288280273400007, "oneminus": 0.92871171972699995, "Shape_Leng": 4000.0, "Shape_Area": 1000000.0 }, "geometry": { "type": "Polygon", "coordinates": [ [ [ 73.186312962716826, 22.668394401583395 ], [ 73.17658365270772, 22.668283914835186 ], [ 73.176464251287342, 22.677313135981517 ], [ 73.186194197539876, 22.67742367152751 ], [ 73.186312962716826, 22.668394401583395 ] ] ] } },
{ "type": "Feature", "properties": { "FeatureID": "113", "HA_Area": 100.0, "OBJECTID_1": 1001, "Join_Count": 1, "TARGET_FID": 1000, "Id": 0, "Slope_Max": 22.0299, "nor_score": 0.31880217239699998, "oneminus": 0.68119782760299996, "Shape_Leng": 4000.0, "Shape_Area": 1000000.0 }, "geometry": { "type": "Polygon", "coordinates": [ [ [ 73.120294229127154, 22.514115257000544 ], [ 73.110576115205845, 22.514001497400407 ], [ 73.110453327834506, 22.523030553001821 ], [ 73.120172072394723, 22.523144363115701 ], [ 73.120294229127154, 22.514115257000544 ] ] ] } },
{ "type": "Feature", "properties": { "FeatureID": "114", "HA_Area": 100.0, "OBJECTID_1": 1009, "Join_Count": 1, "TARGET_FID": 1008, "Id": 0, "Slope_Max": 6.11346, "nor_score": 0.088469960593600003, "oneminus": 0.91153003940599997, "Shape_Leng": 4000.0, "Shape_Area": 1000000.0 }, "geometry": { "type": "Polygon", "coordinates": [ [ [ 73.198041356070704, 22.515004240889144 ], [ 73.188322752800147, 22.51489516874361 ], [ 73.188205011041632, 22.52392462117248 ], [ 73.197924245093276, 22.524033741750952 ], [ 73.198041356070704, 22.515004240889144 ] ] ] } },
{ "type": "Feature", "properties": { "FeatureID": "115", "HA_Area": 100.0, "OBJECTID_1": 1404, "Join_Count": 1, "TARGET_FID": 1403, "Id": 0, "Slope_Max": 10.7089, "nor_score": 0.15497214197100001, "oneminus": 0.84502785802900005, "Shape_Leng": 4000.0, "Shape_Area": 1000000.0 }, "geometry": { "type": "Polygon", "coordinates": [ [ [ 73.148364351000268, 22.595715938714612 ], [ 73.148485106985646, 22.586686768566121 ], [ 73.138761752595556, 22.586574368604659 ], [ 73.138640363342276, 22.595603488969452 ], [ 73.148364351000268, 22.595715938714612 ] ] ] } },
{ "type": "Feature", "properties": { "FeatureID": "116", "HA_Area": 100.0, "OBJECTID_1": 1874, "Join_Count": 1, "TARGET_FID": 1873, "Id": 0, "Slope_Max": 6.89609, "nor_score": 0.099795665119700006, "oneminus": 0.90020433487999996, "Shape_Leng": 4000.0, "Shape_Area": 1000000.0 }, "geometry": { "type": "Polygon", "coordinates": [ [ [ 73.341989909594659, 22.670081883728695 ], [ 73.332259672897308, 22.66998084529806 ], [ 73.332150453436483, 22.67901081592224 ], [ 73.341881326648291, 22.679111898978764 ], [ 73.341989909594659, 22.670081883728695 ] ] ] } },
{ "type": "Feature", "properties": { "FeatureID": "117", "HA_Area": 100.0, "OBJECTID_1": 1520, "Join_Count": 1, "TARGET_FID": 1519, "Id": 0, "Slope_Max": 4.99081, "nor_score": 0.072223708359800007, "oneminus": 0.92777629163999997, "Shape_Leng": 4000.0, "Shape_Area": 1000000.0 }, "geometry": { "type": "Polygon", "coordinates": [ [ [ 73.303845619346447, 22.606465040887755 ], [ 73.294120052662009, 22.60636195955756 ], [ 73.29400868446703, 22.61539182387299 ], [ 73.303734885339807, 22.615494950831746 ], [ 73.303845619346447, 22.606465040887755 ] ] ] } },
{ "type": "Feature", "properties": { "FeatureID": "118", "HA_Area": 100.0, "OBJECTID_1": 1766, "Join_Count": 1, "TARGET_FID": 1765, "Id": 0, "Slope_Max": 18.6513, "nor_score": 0.26990931433799997, "oneminus": 0.73009068566199997, "Shape_Leng": 4000.0, "Shape_Area": 1000000.0 }, "geometry": { "type": "Polygon", "coordinates": [ [ [ 73.26437676389989, 22.651197705513287 ], [ 73.254648251999271, 22.651092035871574 ], [ 73.254534057157628, 22.660121661536969 ], [ 73.26426320479392, 22.660227377878904 ], [ 73.26437676389989, 22.651197705513287 ] ] ] } },
{ "type": "Feature", "properties": { "FeatureID": "119", "HA_Area": 100.0, "OBJECTID_1": 1224, "Join_Count": 1, "TARGET_FID": 1223, "Id": 0, "Slope_Max": 3.98984, "nor_score": 0.057738332564000003, "oneminus": 0.94226166743600004, "Shape_Leng": 4000.0, "Shape_Area": 1000000.0 }, "geometry": { "type": "Polygon", "coordinates": [ [ [ 73.343396473224331, 22.552690715956714 ], [ 73.333674481831395, 22.552590257148719 ], [ 73.33356598252989, 22.561620366259771 ], [ 73.343288606242098, 22.56172086962032 ], [ 73.343396473224331, 22.552690715956714 ] ] ] } },
{ "type": "Feature", "properties": { "FeatureID": "120", "HA_Area": 100.0, "OBJECTID_1": 1455, "Join_Count": 1, "TARGET_FID": 1454, "Id": 0, "Slope_Max": 9.8913, "nor_score": 0.143140370574, "oneminus": 0.85685962942600002, "Shape_Leng": 4000.0, "Shape_Area": 1000000.0 }, "geometry": { "type": "Polygon", "coordinates": [ [ [ 73.148364351000268, 22.595715938714612 ], [ 73.148243533524649, 22.604745098103859 ], [ 73.157968216280977, 22.604857009112084 ], [ 73.158088400148472, 22.595827800193245 ], [ 73.148364351000268, 22.595715938714612 ] ] ] } },
{ "type": "Feature", "properties": { "FeatureID": "121", "HA_Area": 100.0, "OBJECTID_1": 1502, "Join_Count": 1, "TARGET_FID": 1501, "Id": 0, "Slope_Max": 9.21103, "nor_score": 0.13329594913000001, "oneminus": 0.86670405087000002, "Shape_Leng": 4000.0, "Shape_Area": 1000000.0 }, "geometry": { "type": "Polygon", "coordinates": [ [ [ 73.128794352858833, 22.604519510521872 ], [ 73.119069855594134, 22.604405833978653 ], [ 73.118947074926822, 22.613434832435061 ], [ 73.128672206067947, 22.613548559295388 ], [ 73.128794352858833, 22.604519510521872 ] ] ] } },
{ "type": "Feature", "properties": { "FeatureID": "122", "HA_Area": 100.0, "OBJECTID_1": 1517, "Join_Count": 1, "TARGET_FID": 1516, "Id": 0, "Slope_Max": 6.29327, "nor_score": 0.091072052963399999, "oneminus": 0.90892794703699997, "Shape_Leng": 4000.0, "Shape_Area": 1000000.0 }, "geometry": { "type": "Polygon", "coordinates": [ [ [ 73.274669089628645, 22.60615403067349 ], [ 73.264943693924792, 22.606049183147775 ], [ 73.264830423264343, 22.615078909014304 ], [ 73.274556453106641, 22.615183802950181 ], [ 73.274669089628645, 22.60615403067349 ] ] ] } },
{ "type": "Feature", "properties": { "FeatureID": "123", "HA_Area": 100.0, "OBJECTID_1": 1212, "Join_Count": 1, "TARGET_FID": 1211, "Id": 0, "Slope_Max": 6.61384, "nor_score": 0.095711130387499996, "oneminus": 0.90428886961300003, "Shape_Leng": 4000.0, "Shape_Area": 1000000.0 }, "geometry": { "type": "Polygon", "coordinates": [ [ [ 73.226736296091474, 22.55144645556457 ], [ 73.217014989357835, 22.551338950814191 ], [ 73.216898903507044, 22.560368504987693 ], [ 73.226620842360674, 22.560476057414601 ], [ 73.226736296091474, 22.55144645556457 ] ] ] } },
{ "type": "Feature", "properties": { "FeatureID": "124", "HA_Area": 100.0, "OBJECTID_1": 1904, "Join_Count": 1, "TARGET_FID": 1903, "Id": 0, "Slope_Max": 7.21823, "nor_score": 0.1044574589, "oneminus": 0.8955425411, "Shape_Leng": 4000.0, "Shape_Area": 1000000.0 }, "geometry": { "type": "Polygon", "coordinates": [ [ [ 73.147274777917545, 22.676977985463907 ], [ 73.137545076334078, 22.676865087381952 ], [ 73.137423068143164, 22.685894099933321 ], [ 73.147153406221676, 22.686007047862045 ], [ 73.147274777917545, 22.676977985463907 ] ] ] } },
{ "type": "Feature", "properties": { "FeatureID": "125", "HA_Area": 100.0, "OBJECTID_1": 1820, "Join_Count": 1, "TARGET_FID": 1819, "Id": 0, "Slope_Max": 5.45072, "nor_score": 0.078879221230199997, "oneminus": 0.92112077876999998, "Shape_Leng": 4000.0, "Shape_Area": 1000000.0 }, "geometry": { "type": "Polygon", "coordinates": [ [ [ 73.303180369504673, 22.660644340433201 ], [ 73.293450992848378, 22.660540985244975 ], [ 73.293339284279952, 22.669570785454155 ], [ 73.303069297061981, 22.669674186305627 ], [ 73.303180369504673, 22.660644340433201 ] ] ] } },
{ "type": "Feature", "properties": { "FeatureID": "126", "HA_Area": 100.0, "OBJECTID_1": 1365, "Join_Count": 1, "TARGET_FID": 1364, "Id": 0, "Slope_Max": 9.60919, "nor_score": 0.13905785768000001, "oneminus": 0.86094214232, "Shape_Leng": 4000.0, "Shape_Area": 1000000.0 }, "geometry": { "type": "Polygon", "coordinates": [ [ [ 73.255559722506618, 22.578854645170733 ], [ 73.24583634278207, 22.578748761010175 ], [ 73.245721978695229, 22.587778425369272 ], [ 73.255445991557266, 22.587884356443226 ], [ 73.255559722506618, 22.578854645170733 ] ] ] } },
{ "type": "Feature", "properties": { "FeatureID": "127", "HA_Area": 100.0, "OBJECTID_1": 1859, "Join_Count": 1, "TARGET_FID": 1858, "Id": 0, "Slope_Max": 6.00822, "nor_score": 0.086946998655200003, "oneminus": 0.913053001345, "Shape_Leng": 4000.0, "Shape_Area": 1000000.0 }, "geometry": { "type": "Polygon", "coordinates": [ [ [ 73.196042333067609, 22.668504297920656 ], [ 73.186312962716826, 22.668394401583395 ], [ 73.186194197539876, 22.67742367152751 ], [ 73.195924204151737, 22.67753361640186 ], [ 73.196042333067609, 22.668504297920656 ] ] ] } },
{ "type": "Feature", "properties": { "FeatureID": "128", "HA_Area": 100.0, "OBJECTID_1": 1011, "Join_Count": 1, "TARGET_FID": 1010, "Id": 0, "Slope_Max": 6.22541, "nor_score": 0.090090025984600003, "oneminus": 0.90990997401499996, "Shape_Leng": 4000.0, "Shape_Area": 1000000.0 }, "geometry": { "type": "Polygon", "coordinates": [ [ [ 73.217478741456233, 22.515220627168311 ], [ 73.207760019063244, 22.515112727035604 ], [ 73.207643538884255, 22.524142276070215 ], [ 73.217362892092964, 22.524250224115573 ], [ 73.217478741456233, 22.515220627168311 ] ] ] } },
{ "type": "Feature", "properties": { "FeatureID": "129", "HA_Area": 100.0, "OBJECTID_1": 1008, "Join_Count": 1, "TARGET_FID": 1007, "Id": 0, "Slope_Max": 7.04032, "nor_score": 0.101882864914, "oneminus": 0.898117135086, "Shape_Leng": 4000.0, "Shape_Area": 1000000.0 }, "geometry": { "type": "Polygon", "coordinates": [ [ [ 73.188322752800147, 22.51489516874361 ], [ 73.178604209573095, 22.514785510613759 ], [ 73.178485837050914, 22.523814914349565 ], [ 73.188205011041632, 22.52392462117248 ], [ 73.188322752800147, 22.51489516874361 ] ] ] } },
{ "type": "Feature", "properties": { "FeatureID": "130", "HA_Area": 100.0, "OBJECTID_1": 1412, "Join_Count": 1, "TARGET_FID": 1411, "Id": 0, "Slope_Max": 6.44328, "nor_score": 0.093242900288599995, "oneminus": 0.90675709971100005, "Shape_Leng": 4000.0, "Shape_Area": 1000000.0 }, "geometry": { "type": "Polygon", "coordinates": [ [ [ 73.22627412804249, 22.587564798773794 ], [ 73.216550290896436, 22.587457103281199 ], [ 73.216433968282715, 22.596486614625078 ], [ 73.226158438837359, 22.596594357818283 ], [ 73.22627412804249, 22.587564798773794 ] ] ] } },
{ "type": "Feature", "properties": { "FeatureID": "131", "HA_Area": 100.0, "OBJECTID_1": 1725, "Join_Count": 1, "TARGET_FID": 1724, "Id": 0, "Slope_Max": 6.03471, "nor_score": 0.087330340618000005, "oneminus": 0.91266965938199995, "Shape_Leng": 4000.0, "Shape_Area": 1000000.0 }, "geometry": { "type": "Polygon", "coordinates": [ [ [ 73.352043711689802, 22.643092088714727 ], [ 73.342315327474196, 22.642991773985237 ], [ 73.342206909991503, 22.652021821228491 ], [ 73.351935929768132, 22.652122180306197 ], [ 73.352043711689802, 22.643092088714727 ] ] ] } },
{ "type": "Feature", "properties": { "FeatureID": "132", "HA_Area": 100.0, "OBJECTID_1": 1358, "Join_Count": 1, "TARGET_FID": 1357, "Id": 0, "Slope_Max": 7.90152, "nor_score": 0.114345581037, "oneminus": 0.88565441896300001, "Shape_Leng": 4000.0, "Shape_Area": 1000000.0 }, "geometry": { "type": "Polygon", "coordinates": [ [ [ 73.187497298599169, 22.578101110788712 ], [ 73.177774333269866, 22.577991111678521 ], [ 73.177655537700943, 22.587020440352987 ], [ 73.187379136046971, 22.587130488199229 ], [ 73.187497298599169, 22.578101110788712 ] ] ] } },
{ "type": "Feature", "properties": { "FeatureID": "133", "HA_Area": 100.0, "OBJECTID_1": 1610, "Join_Count": 1, "TARGET_FID": 1609, "Id": 0, "Slope_Max": 9.07414, "nor_score": 0.131314961413, "oneminus": 0.86868503858699997, "Shape_Leng": 4000.0, "Shape_Area": 1000000.0 }, "geometry": { "type": "Polygon", "coordinates": [ [ [ 73.20635833153986, 22.623466608862472 ], [ 73.196632077718803, 22.623357544241284 ], [ 73.196514248720575, 22.632386916468633 ], [ 73.206241137205637, 22.632496029335641 ], [ 73.20635833153986, 22.623466608862472 ] ] ] } },
{ "type": "Feature", "properties": { "FeatureID": "134", "HA_Area": 100.0, "OBJECTID_1": 1715, "Join_Count": 1, "TARGET_FID": 1714, "Id": 0, "Slope_Max": 18.8256, "nor_score": 0.27243165794399998, "oneminus": 0.72756834205599996, "Shape_Leng": 4000.0, "Shape_Area": 1000000.0 }, "geometry": { "type": "Polygon", "coordinates": [ [ [ 73.254762388795143, 22.642062399493156 ], [ 73.24503457033606, 22.641956186814262 ], [ 73.244919798144437, 22.650985776237725 ], [ 73.254648251999271, 22.651092035871574 ], [ 73.254762388795143, 22.642062399493156 ] ] ] } },
{ "type": "Feature", "properties": { "FeatureID": "135", "HA_Area": 100.0, "OBJECTID_1": 1975, "Join_Count": 1, "TARGET_FID": 1974, "Id": 0, "Slope_Max": 7.17419, "nor_score": 0.10382014503799999, "oneminus": 0.89617985496200003, "Shape_Leng": 4000.0, "Shape_Area": 1000000.0 }, "geometry": { "type": "Polygon", "coordinates": [ [ [ 73.351504253767658, 22.688242440084348 ], [ 73.341772688515093, 22.688141903557561 ], [ 73.341663995178919, 22.697171897461661 ], [ 73.351396197608921, 22.697272478364802 ], [ 73.351504253767658, 22.688242440084348 ] ] ] } },
{ "type": "Feature", "properties": { "FeatureID": "136", "HA_Area": 100.0, "OBJECTID_1": 1701, "Join_Count": 1, "TARGET_FID": 1700, "Id": 0, "Slope_Max": 5.89203, "nor_score": 0.08526556736, "oneminus": 0.91473443263999998, "Shape_Leng": 4000.0, "Shape_Area": 1000000.0 }, "geometry": { "type": "Polygon", "coordinates": [ [ [ 73.118578357890925, 22.640521763078674 ], [ 73.108851385733701, 22.640407295706062 ], [ 73.108727719834391, 22.649436200397197 ], [ 73.118455327140168, 22.649550718372929 ], [ 73.118578357890925, 22.640521763078674 ] ] ] } },
{ "type": "Feature", "properties": { "FeatureID": "137", "HA_Area": 100.0, "OBJECTID_1": 1823, "Join_Count": 1, "TARGET_FID": 1822, "Id": 0, "Slope_Max": 4.4107, "nor_score": 0.063828738118799994, "oneminus": 0.93617126188099997, "Shape_Leng": 4000.0, "Shape_Area": 1000000.0 }, "geometry": { "type": "Polygon", "coordinates": [ [ [ 73.332368836864177, 22.660950864000384 ], [ 73.322639291835728, 22.660849279824792 ], [ 73.322529491693899, 22.669879216241473 ], [ 73.332259672897308, 22.66998084529806 ], [ 73.332368836864177, 22.660950864000384 ] ] ] } },
{ "type": "Feature", "properties": { "FeatureID": "138", "HA_Area": 100.0, "OBJECTID_1": 1351, "Join_Count": 1, "TARGET_FID": 1350, "Id": 0, "Slope_Max": 4.92617, "nor_score": 0.071288280273400007, "oneminus": 0.92871171972699995, "Shape_Leng": 4000.0, "Shape_Area": 1000000.0 }, "geometry": { "type": "Polygon", "coordinates": [ [ [ 73.11943782281719, 22.577318773933097 ], [ 73.109715287668607, 22.577204660603069 ], [ 73.109592061481109, 22.586233640835783 ], [ 73.119315229521106, 22.586347804724149 ], [ 73.11943782281719, 22.577318773933097 ] ] ] } },
{ "type": "Feature", "properties": { "FeatureID": "139", "HA_Area": 100.0, "OBJECTID_1": 1473, "Join_Count": 1, "TARGET_FID": 1472, "Id": 0, "Slope_Max": 8.89987, "nor_score": 0.128793045636, "oneminus": 0.87120695436399997, "Shape_Leng": 4000.0, "Shape_Area": 1000000.0 }, "geometry": { "type": "Polygon", "coordinates": [ [ [ 73.323406331315482, 22.597639426180105 ], [ 73.323296921437958, 22.606669437254642 ], [ 73.333022656199873, 22.60677075226365 ], [ 73.333131432162617, 22.597740696347881 ], [ 73.323406331315482, 22.597639426180105 ] ] ] } },
{ "type": "Feature", "properties": { "FeatureID": "140", "HA_Area": 100.0, "OBJECTID_1": 1112, "Join_Count": 1, "TARGET_FID": 1111, "Id": 0, "Slope_Max": 4.91531, "nor_score": 0.0711311220065, "oneminus": 0.928868877993, "Shape_Leng": 4000.0, "Shape_Area": 1000000.0 }, "geometry": { "type": "Polygon", "coordinates": [ [ [ 73.226967027092911, 22.533387219789997 ], [ 73.217246983633586, 22.533279810374637 ], [ 73.217131016060947, 22.542309385942005 ], [ 73.226851690996511, 22.542416843021872 ], [ 73.226967027092911, 22.533387219789997 ] ] ] } },
{ "type": "Feature", "properties": { "FeatureID": "141", "HA_Area": 100.0, "OBJECTID_1": 1107, "Join_Count": 1, "TARGET_FID": 1106, "Id": 0, "Slope_Max": 5.57637, "nor_score": 0.080697544103899996, "oneminus": 0.91930245589600001, "Shape_Leng": 4000.0, "Shape_Area": 1000000.0 }, "geometry": { "type": "Polygon", "coordinates": [ [ [ 73.178367404146215, 22.532844307372844 ], [ 73.168647659470338, 22.532733965360979 ], [ 73.168528534776186, 22.541763298702698 ], [ 73.178248910841404, 22.541873689680077 ], [ 73.178367404146215, 22.532844307372844 ] ] ] } },
{ "type": "Feature", "properties": { "FeatureID": "142", "HA_Area": 100.0, "OBJECTID_1": 1655, "Join_Count": 1, "TARGET_FID": 1654, "Id": 0, "Slope_Max": 5.6334, "nor_score": 0.081522847545600005, "oneminus": 0.91847715245399997, "Shape_Leng": 4000.0, "Shape_Area": 1000000.0 }, "geometry": { "type": "Polygon", "coordinates": [ [ [ 73.15760729749249, 22.631944571315628 ], [ 73.147880711977052, 22.631832511681033 ], [ 73.147759648361102, 22.640861627998216 ], [ 73.157486868774825, 22.64097373718748 ], [ 73.15760729749249, 22.631944571315628 ] ] ] } },
{ "type": "Feature", "properties": { "FeatureID": "143", "HA_Area": 100.0, "OBJECTID_1": 1123, "Join_Count": 1, "TARGET_FID": 1122, "Id": 0, "Slope_Max": 6.61384, "nor_score": 0.095711130387499996, "oneminus": 0.90428886961300003, "Shape_Leng": 4000.0, "Shape_Area": 1000000.0 }, "geometry": { "type": "Polygon", "coordinates": [ [ [ 73.333891314598688, 22.534530007043944 ], [ 73.324170642130014, 22.534429050606285 ], [ 73.3240616217211, 22.543459136169673 ], [ 73.333782925848965, 22.543560137408956 ], [ 73.333891314598688, 22.534530007043944 ] ] ] } },
{ "type": "Feature", "properties": { "FeatureID": "144", "HA_Area": 100.0, "OBJECTID_1": 1862, "Join_Count": 1, "TARGET_FID": 1861, "Id": 0, "Slope_Max": 4.72685, "nor_score": 0.068403855060900007, "oneminus": 0.931596144939, "Shape_Leng": 4000.0, "Shape_Area": 1000000.0 }, "geometry": { "type": "Polygon", "coordinates": [ [ [ 73.225230802939009, 22.668830444318203 ], [ 73.215501253501827, 22.668722319302834 ], [ 73.215384397160662, 22.677751734076136 ], [ 73.225114582911303, 22.677859906846493 ], [ 73.225230802939009, 22.668830444318203 ] ] ] } },
{ "type": "Feature", "properties": { "FeatureID": "145", "HA_Area": 100.0, "OBJECTID_1": 1264, "Join_Count": 1, "TARGET_FID": 1263, "Id": 0, "Slope_Max": 6.22541, "nor_score": 0.090090025984600003, "oneminus": 0.90990997401499996, "Shape_Leng": 4000.0, "Shape_Area": 1000000.0 }, "geometry": { "type": "Polygon", "coordinates": [ [ [ 73.246064896274561, 22.560689400221928 ], [ 73.236342840057205, 22.560583022497507 ], [ 73.236227959942667, 22.569612661073595 ], [ 73.24595064863621, 22.569719085959903 ], [ 73.246064896274561, 22.560689400221928 ] ] ] } },
{ "type": "Feature", "properties": { "FeatureID": "146", "HA_Area": 100.0, "OBJECTID_1": 1522, "Join_Count": 1, "TARGET_FID": 1521, "Id": 0, "Slope_Max": 10.0935, "nor_score": 0.14606647464200001, "oneminus": 0.85393352535800005, "Shape_Leng": 4000.0, "Shape_Area": 1000000.0 }, "geometry": { "type": "Polygon", "coordinates": [ [ [ 73.323296921437958, 22.606669437254642 ], [ 73.313571242379282, 22.606567533458076 ], [ 73.313461142577424, 22.615597488770081 ], [ 73.323187455857209, 22.61569943767411 ], [ 73.323296921437958, 22.606669437254642 ] ] ] } },
{ "type": "Feature", "properties": { "FeatureID": "147", "HA_Area": 100.0, "OBJECTID_1": 1312, "Join_Count": 1, "TARGET_FID": 1311, "Id": 0, "Slope_Max": 4.92617, "nor_score": 0.071288280273400007, "oneminus": 0.92871171972699995, "Shape_Leng": 4000.0, "Shape_Area": 1000000.0 }, "geometry": { "type": "Polygon", "coordinates": [ [ [ 73.226505329787003, 22.569505648568466 ], [ 73.216782758491362, 22.569398048459011 ], [ 73.216666554293582, 22.57842758122468 ], [ 73.226389758353321, 22.578535229022691 ], [ 73.226505329787003, 22.569505648568466 ] ] ] } },
{ "type": "Feature", "properties": { "FeatureID": "148", "HA_Area": 100.0, "OBJECTID_1": 1973, "Join_Count": 1, "TARGET_FID": 1972, "Id": 0, "Slope_Max": 11.9043, "nor_score": 0.17227117173000001, "oneminus": 0.82772882827000005, "Shape_Leng": 4000.0, "Shape_Area": 1000000.0 }, "geometry": { "type": "Polygon", "coordinates": [ [ [ 73.332041178465474, 22.688040775869482 ], [ 73.322309723942297, 22.68793905703382 ], [ 73.322199756299852, 22.696968961402614 ], [ 73.33193184796805, 22.697070725136363 ], [ 73.332041178465474, 22.688040775869482 ] ] ] } },
{ "type": "Feature", "properties": { "FeatureID": "149", "HA_Area": 100.0, "OBJECTID_1": 1015, "Join_Count": 1, "TARGET_FID": 1014, "Id": 0, "Slope_Max": 5.08619, "nor_score": 0.073603989223100005, "oneminus": 0.92639601077699996, "Shape_Leng": 4000.0, "Shape_Area": 1000000.0 }, "geometry": { "type": "Polygon", "coordinates": [ [ [ 73.256354218601984, 22.515646367270715 ], [ 73.246635261822604, 22.515540811338262 ], [ 73.246521305009111, 22.52457055046256 ], [ 73.256240892672324, 22.524676153267013 ], [ 73.256354218601984, 22.515646367270715 ] ] ] } },
{ "type": "Feature", "properties": { "FeatureID": "150", "HA_Area": 100.0, "OBJECTID_1": 1814, "Join_Count": 1, "TARGET_FID": 1813, "Id": 0, "Slope_Max": 13.7078, "nor_score": 0.19837023638199999, "oneminus": 0.80162976361799998, "Shape_Leng": 4000.0, "Shape_Area": 1000000.0 }, "geometry": { "type": "Polygon", "coordinates": [ [ [ 73.244804967584074, 22.660015354942221 ], [ 73.235075936396356, 22.659908458109054 ], [ 73.234960411425433, 22.668937978863536 ], [ 73.244690078637873, 22.66904492292425 ], [ 73.244804967584074, 22.660015354942221 ] ] ] } },
{ "type": "Feature", "properties": { "FeatureID": "151", "HA_Area": 100.0, "OBJECTID_1": 1916, "Join_Count": 1, "TARGET_FID": 1915, "Id": 0, "Slope_Max": 13.3527, "nor_score": 0.19323146812399999, "oneminus": 0.80676853187599995, "Shape_Leng": 4000.0, "Shape_Area": 1000000.0 }, "geometry": { "type": "Polygon", "coordinates": [ [ [ 73.264035913346106, 22.678286690474945 ], [ 73.254305493269086, 22.678180880714777 ], [ 73.254191124188239, 22.687210474220269 ], [ 73.263922180970496, 22.687316330698437 ], [ 73.264035913346106, 22.678286690474945 ] ] ] } },
{ "type": "Feature", "properties": { "FeatureID": "152", "HA_Area": 100.0, "OBJECTID_1": 1614, "Join_Count": 1, "TARGET_FID": 1613, "Id": 0, "Slope_Max": 11.9384, "nor_score": 0.172764652139, "oneminus": 0.82723534786099995, "Shape_Leng": 4000.0, "Shape_Area": 1000000.0 }, "geometry": { "type": "Polygon", "coordinates": [ [ [ 73.245263939681109, 22.623896975824241 ], [ 73.235537449362596, 22.623790267841475 ], [ 73.235422159124383, 22.63281983148886 ], [ 73.245149284175923, 22.632926586675261 ], [ 73.245263939681109, 22.623896975824241 ] ] ] } },
{ "type": "Feature", "properties": { "FeatureID": "153", "HA_Area": 100.0, "OBJECTID_1": 1154, "Join_Count": 1, "TARGET_FID": 1153, "Id": 0, "Slope_Max": 14.973, "nor_score": 0.21667937114399999, "oneminus": 0.78332062885599996, "Shape_Leng": 4000.0, "Shape_Area": 1000000.0 }, "geometry": { "type": "Polygon", "coordinates": [ [ [ 73.149087965185743, 22.541540756557975 ], [ 73.139367772304027, 22.541428605420748 ], [ 73.139246691843468, 22.550457779560464 ], [ 73.148967516383024, 22.550569980449982 ], [ 73.149087965185743, 22.541540756557975 ] ] ] } },
{ "type": "Feature", "properties": { "FeatureID": "154", "HA_Area": 100.0, "OBJECTID_1": 1472, "Join_Count": 1, "TARGET_FID": 1471, "Id": 0, "Slope_Max": 9.17133, "nor_score": 0.132721443371, "oneminus": 0.867278556629, "Shape_Leng": 4000.0, "Shape_Area": 1000000.0 }, "geometry": { "type": "Polygon", "coordinates": [ [ [ 73.323406331315482, 22.597639426180105 ], [ 73.313681286155344, 22.597537567485301 ], [ 73.313571242379282, 22.606567533458076 ], [ 73.323296921437958, 22.606669437254642 ], [ 73.323406331315482, 22.597639426180105 ] ] ] } },
{ "type": "Feature", "properties": { "FeatureID": "155", "HA_Area": 100.0, "OBJECTID_1": 1255, "Join_Count": 1, "TARGET_FID": 1254, "Id": 0, "Slope_Max": 14.9632, "nor_score": 0.21653755262800001, "oneminus": 0.78346244737199999, "Shape_Leng": 4000.0, "Shape_Area": 1000000.0 }, "geometry": { "type": "Polygon", "coordinates": [ [ [ 73.158568524117371, 22.559710857023106 ], [ 73.148847006179523, 22.559599193600313 ], [ 73.148726434557389, 22.568628396005455 ], [ 73.158448584814693, 22.568740108932833 ], [ 73.158568524117371, 22.559710857023106 ] ] ] } },
{ "type": "Feature", "properties": { "FeatureID": "156", "HA_Area": 100.0, "OBJECTID_1": 1075, "Join_Count": 1, "TARGET_FID": 1074, "Id": 0, "Slope_Max": 6.29327, "nor_score": 0.091072052963399999, "oneminus": 0.90892794703699997, "Shape_Leng": 4000.0, "Shape_Area": 1000000.0 }, "geometry": { "type": "Polygon", "coordinates": [ [ [ 73.353439895744685, 22.525699929953948 ], [ 73.343719744463684, 22.525600191241143 ], [ 73.343612042319137, 22.534630376763683 ], [ 73.353332824969499, 22.534730159751913 ], [ 73.353439895744685, 22.525699929953948 ] ] ] } },
{ "type": "Feature", "properties": { "FeatureID": "157", "HA_Area": 100.0, "OBJECTID_1": 1570, "Join_Count": 1, "TARGET_FID": 1569, "Id": 0, "Slope_Max": 7.59576, "nor_score": 0.109920825396, "oneminus": 0.89007917460399999, "Shape_Leng": 4000.0, "Shape_Area": 1000000.0 }, "geometry": { "type": "Polygon", "coordinates": [ [ [ 73.303734885339807, 22.615494950831746 ], [ 73.29400868446703, 22.61539182387299 ], [ 73.293897259584512, 22.624421677512679 ], [ 73.303624094968299, 22.624524850105768 ], [ 73.303734885339807, 22.615494950831746 ] ] ] } },
{ "type": "Feature", "properties": { "FeatureID": "158", "HA_Area": 100.0, "OBJECTID_1": 1272, "Join_Count": 1, "TARGET_FID": 1271, "Id": 0, "Slope_Max": 3.74008, "nor_score": 0.054123971893500003, "oneminus": 0.945876028107, "Shape_Leng": 4000.0, "Shape_Area": 1000000.0 }, "geometry": { "type": "Polygon", "coordinates": [ [ [ 73.323843414117718, 22.561519275400276 ], [ 73.314120901327684, 22.561417597055542 ], [ 73.314011081491756, 22.570447605636872 ], [ 73.323734226890892, 22.570549329060579 ], [ 73.323843414117718, 22.561519275400276 ] ] ] } },
{ "type": "Feature", "properties": { "FeatureID": "159", "HA_Area": 100.0, "OBJECTID_1": 1167, "Join_Count": 1, "TARGET_FID": 1166, "Id": 0, "Slope_Max": 3.5335, "nor_score": 0.051134480082799999, "oneminus": 0.94886551991699997, "Shape_Leng": 4000.0, "Shape_Area": 1000000.0 }, "geometry": { "type": "Polygon", "coordinates": [ [ [ 73.275455941367156, 22.542945325781226 ], [ 73.265734975606833, 22.542840802962505 ], [ 73.26562210806425, 22.551870603584629 ], [ 73.275343705707257, 22.551975172772497 ], [ 73.275455941367156, 22.542945325781226 ] ] ] } },
{ "type": "Feature", "properties": { "FeatureID": "160", "HA_Area": 100.0, "OBJECTID_1": 1172, "Join_Count": 1, "TARGET_FID": 1171, "Id": 0, "Slope_Max": 3.54866, "nor_score": 0.051353866813, "oneminus": 0.94864613318699997, "Shape_Leng": 4000.0, "Shape_Area": 1000000.0 }, "geometry": { "type": "Polygon", "coordinates": [ [ [ 73.3240616217211, 22.543459136169673 ], [ 73.314340373183029, 22.543357547965833 ], [ 73.314230665219355, 22.552387577830711 ], [ 73.323952545722392, 22.552489211102156 ], [ 73.3240616217211, 22.543459136169673 ] ] ] } },
{ "type": "Feature", "properties": { "FeatureID": "161", "HA_Area": 100.0, "OBJECTID_1": 1119, "Join_Count": 1, "TARGET_FID": 1118, "Id": 0, "Slope_Max": 4.45897, "nor_score": 0.0645272729756, "oneminus": 0.93547272702399997, "Shape_Leng": 4000.0, "Shape_Area": 1000000.0 }, "geometry": { "type": "Polygon", "coordinates": [ [ [ 73.295008959453099, 22.534122661122865 ], [ 73.285288511209927, 22.534019357950992 ], [ 73.285176964326837, 22.54304926170494 ], [ 73.294898044163972, 22.543152610719602 ], [ 73.295008959453099, 22.534122661122865 ] ] ] } },
{ "type": "Feature", "properties": { "FeatureID": "162", "HA_Area": 100.0, "OBJECTID_1": 1612, "Join_Count": 1, "TARGET_FID": 1611, "Id": 0, "Slope_Max": 12.422, "nor_score": 0.179762987396, "oneminus": 0.82023701260399995, "Shape_Leng": 4000.0, "Shape_Area": 1000000.0 }, "geometry": { "type": "Polygon", "coordinates": [ [ [ 73.225811017684421, 22.623682970677216 ], [ 73.216084644969285, 22.623575084346012 ], [ 73.215968085316462, 22.632604552804469 ], [ 73.225695092730291, 22.632712486860417 ], [ 73.225811017684421, 22.623682970677216 ] ] ] } },
{ "type": "Feature", "properties": { "FeatureID": "163", "HA_Area": 100.0, "OBJECTID_1": 1760, "Join_Count": 1, "TARGET_FID": 1759, "Id": 0, "Slope_Max": 6.57365, "nor_score": 0.095129524041500005, "oneminus": 0.90487047595799996, "Shape_Leng": 4000.0, "Shape_Area": 1000000.0 }, "geometry": { "type": "Polygon", "coordinates": [ [ [ 73.206006569642511, 22.650554838070093 ], [ 73.19627841086114, 22.65044562869311 ], [ 73.196160401964889, 22.659474968683245 ], [ 73.205889196378763, 22.65958422632438 ], [ 73.206006569642511, 22.650554838070093 ] ] ] } },
{ "type": "Feature", "properties": { "FeatureID": "164", "HA_Area": 100.0, "OBJECTID_1": 1063, "Join_Count": 1, "TARGET_FID": 1062, "Id": 0, "Slope_Max": 4.27508, "nor_score": 0.061866140160900002, "oneminus": 0.93813385983899999, "Shape_Leng": 4000.0, "Shape_Area": 1000000.0 }, "geometry": { "type": "Polygon", "coordinates": [ [ [ 73.227082304397754, 22.524357585872426 ], [ 73.226967027092911, 22.533387219789997 ], [ 73.236687129343792, 22.533494042642122 ], [ 73.236801775477034, 22.524464361326238 ], [ 73.227082304397754, 22.524357585872426 ] ] ] } },
{ "type": "Feature", "properties": { "FeatureID": "165", "HA_Area": 100.0, "OBJECTID_1": 1617, "Join_Count": 1, "TARGET_FID": 1616, "Id": 0, "Slope_Max": 13.6713, "nor_score": 0.19784203279500001, "oneminus": 0.80215796720499999, "Shape_Leng": 4000.0, "Shape_Area": 1000000.0 }, "geometry": { "type": "Polygon", "coordinates": [ [ [ 73.274443759251838, 22.624213564539495 ], [ 73.264717094948452, 22.624108624187585 ], [ 73.264603708960294, 22.633138328664149 ], [ 73.274331008047525, 22.633243315437959 ], [ 73.274443759251838, 22.624213564539495 ] ] ] } },
{ "type": "Feature", "properties": { "FeatureID": "166", "HA_Area": 100.0, "OBJECTID_1": 1175, "Join_Count": 1, "TARGET_FID": 1174, "Id": 0, "Slope_Max": 3.71128, "nor_score": 0.053707197140099999, "oneminus": 0.94629280285999995, "Shape_Leng": 4000.0, "Shape_Area": 1000000.0 }, "geometry": { "type": "Polygon", "coordinates": [ [ [ 73.353225699586289, 22.543760378939261 ], [ 73.343504285244677, 22.543660551670012 ], [ 73.343396473224331, 22.552690715956714 ], [ 73.353118519579141, 22.552790587512551 ], [ 73.353225699586289, 22.543760378939261 ] ] ] } },
{ "type": "Feature", "properties": { "FeatureID": "167", "HA_Area": 100.0, "OBJECTID_1": 1804, "Join_Count": 1, "TARGET_FID": 1803, "Id": 0, "Slope_Max": 5.28179, "nor_score": 0.076434576947200003, "oneminus": 0.92356542305300005, "Shape_Leng": 4000.0, "Shape_Area": 1000000.0 }, "geometry": { "type": "Polygon", "coordinates": [ [ [ 73.14751733637128, 22.658919828298671 ], [ 73.137788906808581, 22.658807029891296 ], [ 73.137667022549849, 22.667836064033445 ], [ 73.147396087961411, 22.667948912274948 ], [ 73.14751733637128, 22.658919828298671 ] ] ] } },
{ "type": "Feature", "properties": { "FeatureID": "168", "HA_Area": 100.0, "OBJECTID_1": 1062, "Join_Count": 1, "TARGET_FID": 1061, "Id": 0, "Slope_Max": 4.14789, "nor_score": 0.060025528760200002, "oneminus": 0.93997447124, "Shape_Leng": 4000.0, "Shape_Area": 1000000.0 }, "geometry": { "type": "Polygon", "coordinates": [ [ [ 73.227082304397754, 22.524357585872426 ], [ 73.217362892092964, 22.524250224115573 ], [ 73.217246983633586, 22.533279810374637 ], [ 73.226967027092911, 22.533387219789997 ], [ 73.227082304397754, 22.524357585872426 ] ] ] } },
{ "type": "Feature", "properties": { "FeatureID": "169", "HA_Area": 100.0, "OBJECTID_1": 1423, "Join_Count": 1, "TARGET_FID": 1422, "Id": 0, "Slope_Max": 6.58171, "nor_score": 0.0952461627325, "oneminus": 0.90475383726799996, "Shape_Leng": 4000.0, "Shape_Area": 1000000.0 }, "geometry": { "type": "Polygon", "coordinates": [ [ [ 73.333240152760851, 22.58871062978616 ], [ 73.323515685505981, 22.588609404453948 ], [ 73.323406331315482, 22.597639426180105 ], [ 73.333131432162617, 22.597740696347881 ], [ 73.333240152760851, 22.58871062978616 ] ] ] } },
{ "type": "Feature", "properties": { "FeatureID": "170", "HA_Area": 100.0, "OBJECTID_1": 1058, "Join_Count": 1, "TARGET_FID": 1057, "Id": 0, "Slope_Max": 4.55397, "nor_score": 0.065902047261599997, "oneminus": 0.934097952738, "Shape_Leng": 4000.0, "Shape_Area": 1000000.0 }, "geometry": { "type": "Polygon", "coordinates": [ [ [ 73.188205011041632, 22.52392462117248 ], [ 73.178485837050914, 22.523814914349565 ], [ 73.178367404146215, 22.532844307372844 ], [ 73.188087209222147, 22.532954062894952 ], [ 73.188205011041632, 22.52392462117248 ] ] ] } },
{ "type": "Feature", "properties": { "FeatureID": "171", "HA_Area": 100.0, "OBJECTID_1": 1268, "Join_Count": 1, "TARGET_FID": 1267, "Id": 0, "Slope_Max": 4.39855, "nor_score": 0.063652914073100003, "oneminus": 0.936347085927, "Shape_Leng": 4000.0, "Shape_Area": 1000000.0 }, "geometry": { "type": "Polygon", "coordinates": [ [ [ 73.284953699911668, 22.561109037247924 ], [ 73.27523141283136, 22.561005009100665 ], [ 73.275119062722794, 22.570034834762254 ], [ 73.284841982346521, 22.570138909030007 ], [ 73.284953699911668, 22.561109037247924 ] ] ] } },
{ "type": "Feature", "properties": { "FeatureID": "172", "HA_Area": 100.0, "OBJECTID_1": 1624, "Join_Count": 1, "TARGET_FID": 1623, "Id": 0, "Slope_Max": 5.56681, "nor_score": 0.080559203426099998, "oneminus": 0.91944079657400002, "Shape_Leng": 4000.0, "Shape_Area": 1000000.0 }, "geometry": { "type": "Polygon", "coordinates": [ [ [ 73.342531997088642, 22.624931647529575 ], [ 73.332804938116325, 22.624830832143545 ], [ 73.332695995963192, 22.633860856100789 ], [ 73.342423689834547, 22.633961716084436 ], [ 73.342531997088642, 22.624931647529575 ] ] ] } },
{ "type": "Feature", "properties": { "FeatureID": "173", "HA_Area": 100.0, "OBJECTID_1": 1853, "Join_Count": 1, "TARGET_FID": 1852, "Id": 0, "Slope_Max": 7.86147, "nor_score": 0.11376601033100001, "oneminus": 0.88623398966900002, "Shape_Leng": 4000.0, "Shape_Area": 1000000.0 }, "geometry": { "type": "Polygon", "coordinates": [ [ [ 73.137667022549849, 22.667836064033445 ], [ 73.127938019095325, 22.667722625456644 ], [ 73.127815436725754, 22.676751598704062 ], [ 73.137545076334078, 22.676865087381952 ], [ 73.137667022549849, 22.667836064033445 ] ] ] } },
{ "type": "Feature", "properties": { "FeatureID": "174", "HA_Area": 100.0, "OBJECTID_1": 1456, "Join_Count": 1, "TARGET_FID": 1455, "Id": 0, "Slope_Max": 16.1766, "nor_score": 0.23409707523500001, "oneminus": 0.76590292476499999, "Shape_Leng": 4000.0, "Shape_Area": 1000000.0 }, "geometry": { "type": "Polygon", "coordinates": [ [ [ 73.167692960223064, 22.604968331578227 ], [ 73.167812510464614, 22.595939073390184 ], [ 73.158088400148472, 22.595827800193245 ], [ 73.157968216280977, 22.604857009112084 ], [ 73.167692960223064, 22.604968331578227 ] ] ] } },
{ "type": "Feature", "properties": { "FeatureID": "175", "HA_Area": 100.0, "OBJECTID_1": 1507, "Join_Count": 1, "TARGET_FID": 1506, "Id": 0, "Slope_Max": 9.37358, "nor_score": 0.13564826508799999, "oneminus": 0.86435173491200001, "Shape_Leng": 4000.0, "Shape_Area": 1000000.0 }, "geometry": { "type": "Polygon", "coordinates": [ [ [ 73.167692960223064, 22.604968331578227 ], [ 73.167573349118157, 22.613997579016001 ], [ 73.177298787889697, 22.614108361939969 ], [ 73.177417765028494, 22.605079065487207 ], [ 73.167692960223064, 22.604968331578227 ] ] ] } },
{ "type": "Feature", "properties": { "FeatureID": "176", "HA_Area": 100.0, "OBJECTID_1": 1024, "Join_Count": 1, "TARGET_FID": 1023, "Id": 0, "Slope_Max": 3.96287, "nor_score": 0.057348038374899997, "oneminus": 0.94265196162499998, "Shape_Leng": 4000.0, "Shape_Area": 1000000.0 }, "geometry": { "type": "Polygon", "coordinates": [ [ [ 73.343827391694276, 22.516569995105868 ], [ 73.334107926358854, 22.516469714451947 ], [ 73.333999648096636, 22.525499866057121 ], [ 73.343719744463684, 22.525600191241143 ], [ 73.343827391694276, 22.516569995105868 ] ] ] } },
{ "type": "Feature", "properties": { "FeatureID": "177", "HA_Area": 100.0, "OBJECTID_1": 1952, "Join_Count": 1, "TARGET_FID": 1951, "Id": 0, "Slope_Max": 8.50309, "nor_score": 0.12305110705400001, "oneminus": 0.87694889294599998, "Shape_Leng": 4000.0, "Shape_Area": 1000000.0 }, "geometry": { "type": "Polygon", "coordinates": [ [ [ 73.127692792057928, 22.685780561147986 ], [ 73.11796257828918, 22.685666431521412 ], [ 73.117839234522961, 22.694695332783816 ], [ 73.1275700850736, 22.694809512784904 ], [ 73.127692792057928, 22.685780561147986 ] ] ] } },
{ "type": "Feature", "properties": { "FeatureID": "178", "HA_Area": 100.0, "OBJECTID_1": 1968, "Join_Count": 1, "TARGET_FID": 1967, "Id": 0, "Slope_Max": 9.21103, "nor_score": 0.13329594913000001, "oneminus": 0.86670405087000002, "Shape_Leng": 4000.0, "Shape_Area": 1000000.0 }, "geometry": { "type": "Polygon", "coordinates": [ [ [ 73.283384467582621, 22.687526270492349 ], [ 73.273653295543085, 22.687421596127216 ], [ 73.273540142422647, 22.696451272092869 ], [ 73.283271951524526, 22.696555992660304 ], [ 73.283384467582621, 22.687526270492349 ] ] ] } },
{ "type": "Feature", "properties": { "FeatureID": "179", "HA_Area": 100.0, "OBJECTID_1": 1622, "Join_Count": 1, "TARGET_FID": 1621, "Id": 0, "Slope_Max": 5.28179, "nor_score": 0.076434576947200003, "oneminus": 0.92356542305300005, "Shape_Leng": 4000.0, "Shape_Area": 1000000.0 }, "geometry": { "type": "Polygon", "coordinates": [ [ [ 73.323077934556977, 22.62472942743506 ], [ 73.313350986733369, 22.624627433417864 ], [ 73.313240774830803, 22.633657367397973 ], [ 73.322968357520992, 22.633759406534047 ], [ 73.323077934556977, 22.62472942743506 ] ] ] } },
{ "type": "Feature", "properties": { "FeatureID": "180", "HA_Area": 100.0, "OBJECTID_1": 1453, "Join_Count": 1, "TARGET_FID": 1452, "Id": 0, "Slope_Max": 7.05533, "nor_score": 0.102100077995, "oneminus": 0.89789992200500002, "Shape_Leng": 4000.0, "Shape_Area": 1000000.0 }, "geometry": { "type": "Polygon", "coordinates": [ [ [ 73.138640363342276, 22.595603488969452 ], [ 73.128916437496812, 22.595490450972985 ], [ 73.128794352858833, 22.604519510521872 ], [ 73.138518912276467, 22.604632598568713 ], [ 73.138640363342276, 22.595603488969452 ] ] ] } },
{ "type": "Feature", "properties": { "FeatureID": "181", "HA_Area": 100.0, "OBJECTID_1": 1972, "Join_Count": 1, "TARGET_FID": 1971, "Id": 0, "Slope_Max": 5.56681, "nor_score": 0.080559203426099998, "oneminus": 0.91944079657400002, "Shape_Leng": 4000.0, "Shape_Area": 1000000.0 }, "geometry": { "type": "Polygon", "coordinates": [ [ [ 73.322309723942297, 22.68793905703382 ], [ 73.312578325268987, 22.68783674706437 ], [ 73.312467720497864, 22.69686660627422 ], [ 73.322199756299852, 22.696968961402614 ], [ 73.322309723942297, 22.68793905703382 ] ] ] } },
{ "type": "Feature", "properties": { "FeatureID": "182", "HA_Area": 100.0, "OBJECTID_1": 1204, "Join_Count": 1, "TARGET_FID": 1203, "Id": 0, "Slope_Max": 12.4383, "nor_score": 0.179998873157, "oneminus": 0.82000112684299997, "Shape_Leng": 4000.0, "Shape_Area": 1000000.0 }, "geometry": { "type": "Polygon", "coordinates": [ [ [ 73.148967516383024, 22.550569980449982 ], [ 73.139246691843468, 22.550457779560464 ], [ 73.139125549660292, 22.55948694295223 ], [ 73.148847006179523, 22.559599193600313 ], [ 73.148967516383024, 22.550569980449982 ] ] ] } },
{ "type": "Feature", "properties": { "FeatureID": "183", "HA_Area": 100.0, "OBJECTID_1": 1869, "Join_Count": 1, "TARGET_FID": 1868, "Id": 0, "Slope_Max": 6.01707, "nor_score": 0.087075064529000004, "oneminus": 0.91292493547099995, "Shape_Leng": 4000.0, "Shape_Area": 1000000.0 }, "geometry": { "type": "Polygon", "coordinates": [ [ [ 73.293339284279952, 22.669570785454155 ], [ 73.283609328284854, 22.669466794032303 ], [ 73.283496926497165, 22.678496537615199 ], [ 73.29322751892461, 22.678600574966858 ], [ 73.293339284279952, 22.669570785454155 ] ] ] } },
{ "type": "Feature", "properties": { "FeatureID": "184", "HA_Area": 100.0, "OBJECTID_1": 1516, "Join_Count": 1, "TARGET_FID": 1515, "Id": 0, "Slope_Max": 4.39855, "nor_score": 0.063652914073100003, "oneminus": 0.936347085927, "Shape_Leng": 4000.0, "Shape_Area": 1000000.0 }, "geometry": { "type": "Polygon", "coordinates": [ [ [ 73.264943693924792, 22.606049183147775 ], [ 73.255218355859569, 22.605943746918513 ], [ 73.255104451077457, 22.614973426114368 ], [ 73.264830423264343, 22.615078909014304 ], [ 73.264943693924792, 22.606049183147775 ] ] ] } },
{ "type": "Feature", "properties": { "FeatureID": "185", "HA_Area": 100.0, "OBJECTID_1": 1113, "Join_Count": 1, "TARGET_FID": 1112, "Id": 0, "Slope_Max": 5.45072, "nor_score": 0.078879221230199997, "oneminus": 0.92112077876999998, "Shape_Leng": 4000.0, "Shape_Area": 1000000.0 }, "geometry": { "type": "Polygon", "coordinates": [ [ [ 73.236687129343792, 22.533494042642122 ], [ 73.226967027092911, 22.533387219789997 ], [ 73.226851690996511, 22.542416843021872 ], [ 73.236572424740743, 22.542523713278282 ], [ 73.236687129343792, 22.533494042642122 ] ] ] } },
{ "type": "Feature", "properties": { "FeatureID": "186", "HA_Area": 100.0, "OBJECTID_1": 1017, "Join_Count": 1, "TARGET_FID": 1016, "Id": 0, "Slope_Max": 4.4107, "nor_score": 0.063828738118799994, "oneminus": 0.93617126188099997, "Shape_Leng": 4000.0, "Shape_Area": 1000000.0 }, "geometry": { "type": "Polygon", "coordinates": [ [ [ 73.275792305217223, 22.515855720863495 ], [ 73.266073233174069, 22.515751337117191 ], [ 73.265960538145023, 22.524781169725319 ], [ 73.275680241105505, 22.52488559982325 ], [ 73.275792305217223, 22.515855720863495 ] ] ] } },
{ "type": "Feature", "properties": { "FeatureID": "187", "HA_Area": 100.0, "OBJECTID_1": 1575, "Join_Count": 1, "TARGET_FID": 1574, "Id": 0, "Slope_Max": 4.45897, "nor_score": 0.0645272729756, "oneminus": 0.93547272702399997, "Shape_Leng": 4000.0, "Shape_Area": 1000000.0 }, "geometry": { "type": "Polygon", "coordinates": [ [ [ 73.352366728722757, 22.616001750042628 ], [ 73.342640249252582, 22.615901568324077 ], [ 73.342531997088642, 22.624931647529575 ], [ 73.352259111151113, 22.625031873579502 ], [ 73.352366728722757, 22.616001750042628 ] ] ] } },
{ "type": "Feature", "properties": { "FeatureID": "188", "HA_Area": 100.0, "OBJECTID_1": 1362, "Join_Count": 1, "TARGET_FID": 1361, "Id": 0, "Slope_Max": 3.94932, "nor_score": 0.057151954541100003, "oneminus": 0.94284804545900003, "Shape_Leng": 4000.0, "Shape_Area": 1000000.0 }, "geometry": { "type": "Polygon", "coordinates": [ [ [ 73.226389758353321, 22.578535229022691 ], [ 73.216666554293582, 22.57842758122468 ], [ 73.216550290896436, 22.587457103281199 ], [ 73.22627412804249, 22.587564798773794 ], [ 73.226389758353321, 22.578535229022691 ] ] ] } },
{ "type": "Feature", "properties": { "FeatureID": "189", "HA_Area": 100.0, "OBJECTID_1": 1410, "Join_Count": 1, "TARGET_FID": 1409, "Id": 0, "Slope_Max": 7.01776, "nor_score": 0.101556389747, "oneminus": 0.89844361025300001, "Shape_Leng": 4000.0, "Shape_Area": 1000000.0 }, "geometry": { "type": "Polygon", "coordinates": [ [ [ 73.206826512966984, 22.587348819678116 ], [ 73.197102794576423, 22.587239947979217 ], [ 73.196985205197365, 22.596269363140646 ], [ 73.206709556961926, 22.596378283060975 ], [ 73.206826512966984, 22.587348819678116 ] ] ] } },
{ "type": "Feature", "properties": { "FeatureID": "190", "HA_Area": 100.0, "OBJECTID_1": 1704, "Join_Count": 1, "TARGET_FID": 1703, "Id": 0, "Slope_Max": 7.25473, "nor_score": 0.104985669388, "oneminus": 0.89501433061199998, "Shape_Leng": 4000.0, "Shape_Area": 1000000.0 }, "geometry": { "type": "Polygon", "coordinates": [ [ [ 73.147759648361102, 22.640861627998216 ], [ 73.13803248952739, 22.640748929240139 ], [ 73.137910729128407, 22.649777984959023 ], [ 73.147638523165185, 22.649890733538601 ], [ 73.147759648361102, 22.640861627998216 ] ] ] } },
{ "type": "Feature", "properties": { "FeatureID": "191", "HA_Area": 100.0, "OBJECTID_1": 1556, "Join_Count": 1, "TARGET_FID": 1555, "Id": 0, "Slope_Max": 6.21687, "nor_score": 0.0899664385176, "oneminus": 0.91003356148199999, "Shape_Leng": 4000.0, "Shape_Area": 1000000.0 }, "geometry": { "type": "Polygon", "coordinates": [ [ [ 73.167573349118157, 22.613997579016001 ], [ 73.15784797122771, 22.613886207274433 ], [ 73.157727664970835, 22.622915394676781 ], [ 73.16745367713213, 22.623026815700012 ], [ 73.167573349118157, 22.613997579016001 ] ] ] } },
{ "type": "Feature", "properties": { "FeatureID": "192", "HA_Area": 100.0, "OBJECTID_1": 1454, "Join_Count": 1, "TARGET_FID": 1453, "Id": 0, "Slope_Max": 6.42679, "nor_score": 0.093004268139899995, "oneminus": 0.90699573186000004, "Shape_Leng": 4000.0, "Shape_Area": 1000000.0 }, "geometry": { "type": "Polygon", "coordinates": [ [ [ 73.138518912276467, 22.604632598568713 ], [ 73.148243533524649, 22.604745098103859 ], [ 73.148364351000268, 22.595715938714612 ], [ 73.138640363342276, 22.595603488969452 ], [ 73.138518912276467, 22.604632598568713 ] ] ] } },
{ "type": "Feature", "properties": { "FeatureID": "193", "HA_Area": 100.0, "OBJECTID_1": 1854, "Join_Count": 1, "TARGET_FID": 1853, "Id": 0, "Slope_Max": 5.97272, "nor_score": 0.086433265359199998, "oneminus": 0.91356673464100002, "Shape_Leng": 4000.0, "Shape_Area": 1000000.0 }, "geometry": { "type": "Polygon", "coordinates": [ [ [ 73.147396087961411, 22.667948912274948 ], [ 73.137667022549849, 22.667836064033445 ], [ 73.137545076334078, 22.676865087381952 ], [ 73.147274777917545, 22.676977985463907 ], [ 73.147396087961411, 22.667948912274948 ] ] ] } },
{ "type": "Feature", "properties": { "FeatureID": "194", "HA_Area": 100.0, "OBJECTID_1": 1756, "Join_Count": 1, "TARGET_FID": 1755, "Id": 0, "Slope_Max": 7.51903, "nor_score": 0.10881044272400001, "oneminus": 0.89118955727600002, "Shape_Leng": 4000.0, "Shape_Area": 1000000.0 }, "geometry": { "type": "Polygon", "coordinates": [ [ [ 73.167094295709802, 22.65011446119442 ], [ 73.157366378799935, 22.650002892288793 ], [ 73.157245827549943, 22.659032036616086 ], [ 73.166974380021614, 22.659143654828341 ], [ 73.167094295709802, 22.65011446119442 ] ] ] } },
{ "type": "Feature", "properties": { "FeatureID": "195", "HA_Area": 100.0, "OBJECTID_1": 1855, "Join_Count": 1, "TARGET_FID": 1854, "Id": 0, "Slope_Max": 5.65227, "nor_score": 0.081795919953800006, "oneminus": 0.91820408004599996, "Shape_Leng": 4000.0, "Shape_Area": 1000000.0 }, "geometry": { "type": "Polygon", "coordinates": [ [ [ 73.147396087961411, 22.667948912274948 ], [ 73.147274777917545, 22.676977985463907 ], [ 73.157004541153015, 22.677090292934615 ], [ 73.157125215006943, 22.668061170165867 ], [ 73.147396087961411, 22.667948912274948 ] ] ] } },
{ "type": "Feature", "properties": { "FeatureID": "196", "HA_Area": 100.0, "OBJECTID_1": 1803, "Join_Count": 1, "TARGET_FID": 1802, "Id": 0, "Slope_Max": 6.66969, "nor_score": 0.096519355159099998, "oneminus": 0.90348064484099999, "Shape_Leng": 4000.0, "Shape_Area": 1000000.0 }, "geometry": { "type": "Polygon", "coordinates": [ [ [ 73.137667022549849, 22.667836064033445 ], [ 73.137788906808581, 22.658807029891296 ], [ 73.128060539184816, 22.658693641409229 ], [ 73.127938019095325, 22.667722625456644 ], [ 73.137667022549849, 22.667836064033445 ] ] ] } },
{ "type": "Feature", "properties": { "FeatureID": "197", "HA_Area": 100.0, "OBJECTID_1": 1706, "Join_Count": 1, "TARGET_FID": 1705, "Id": 0, "Slope_Max": 5.92803, "nor_score": 0.085786539251899996, "oneminus": 0.91421346074800003, "Shape_Leng": 4000.0, "Shape_Area": 1000000.0 }, "geometry": { "type": "Polygon", "coordinates": [ [ [ 73.157366378799935, 22.650002892288793 ], [ 73.167094295709802, 22.65011446119442 ], [ 73.167214150445744, 22.641085256792728 ], [ 73.157486868774825, 22.64097373718748 ], [ 73.157366378799935, 22.650002892288793 ] ] ] } },
{ "type": "Feature", "properties": { "FeatureID": "198", "HA_Area": 100.0, "OBJECTID_1": 1070, "Join_Count": 1, "TARGET_FID": 1069, "Id": 0, "Slope_Max": 3.5335, "nor_score": 0.051134480082799999, "oneminus": 0.94886551991699997, "Shape_Leng": 4000.0, "Shape_Area": 1000000.0 }, "geometry": { "type": "Polygon", "coordinates": [ [ [ 73.304839691696799, 22.525195371813886 ], [ 73.295119818203105, 22.525092700881551 ], [ 73.295008959453099, 22.534122661122865 ], [ 73.304729464235379, 22.534225377631966 ], [ 73.304839691696799, 22.525195371813886 ] ] ] } },
{ "type": "Feature", "properties": { "FeatureID": "199", "HA_Area": 100.0, "OBJECTID_1": 1811, "Join_Count": 1, "TARGET_FID": 1810, "Id": 0, "Slope_Max": 4.87164, "nor_score": 0.070499162910899998, "oneminus": 0.929500837089, "Shape_Leng": 4000.0, "Shape_Area": 1000000.0 }, "geometry": { "type": "Polygon", "coordinates": [ [ [ 73.215618050470638, 22.659692893785536 ], [ 73.205889196378763, 22.65958422632438 ], [ 73.205771763436985, 22.668613603832075 ], [ 73.215501253501827, 22.668722319302834 ], [ 73.215618050470638, 22.659692893785536 ] ] ] } },
{ "type": "Feature", "properties": { "FeatureID": "200", "HA_Area": 100.0, "OBJECTID_1": 1317, "Join_Count": 1, "TARGET_FID": 1316, "Id": 0, "Slope_Max": 4.91531, "nor_score": 0.0711311220065, "oneminus": 0.928868877993, "Shape_Leng": 4000.0, "Shape_Area": 1000000.0 }, "geometry": { "type": "Polygon", "coordinates": [ [ [ 73.275119062722794, 22.570034834762254 ], [ 73.26539620034842, 22.56993017281853 ], [ 73.265283160141664, 22.578959941423363 ], [ 73.275006655364948, 22.579064649753796 ], [ 73.275119062722794, 22.570034834762254 ] ] ] } },
{ "type": "Feature", "properties": { "FeatureID": "201", "HA_Area": 100.0, "OBJECTID_1": 1822, "Join_Count": 1, "TARGET_FID": 1821, "Id": 0, "Slope_Max": 10.9791, "nor_score": 0.158882294856, "oneminus": 0.84111770514399997, "Shape_Leng": 4000.0, "Shape_Area": 1000000.0 }, "geometry": { "type": "Polygon", "coordinates": [ [ [ 73.322639291835728, 22.660849279824792 ], [ 73.312909802608175, 22.660747105297784 ], [ 73.312799366307701, 22.669776996572711 ], [ 73.322529491693899, 22.669879216241473 ], [ 73.322639291835728, 22.660849279824792 ] ] ] } },
{ "type": "Feature", "properties": { "FeatureID": "202", "HA_Area": 100.0, "OBJECTID_1": 1504, "Join_Count": 1, "TARGET_FID": 1503, "Id": 0, "Slope_Max": 6.47612, "nor_score": 0.093718135847099995, "oneminus": 0.90628186415300005, "Shape_Leng": 4000.0, "Shape_Area": 1000000.0 }, "geometry": { "type": "Polygon", "coordinates": [ [ [ 73.148243533524649, 22.604745098103859 ], [ 73.138518912276467, 22.604632598568713 ], [ 73.138397399380111, 22.613661697398925 ], [ 73.148122654540856, 22.613774246730351 ], [ 73.148243533524649, 22.604745098103859 ] ] ] } },
{ "type": "Feature", "properties": { "FeatureID": "203", "HA_Area": 100.0, "OBJECTID_1": 1105, "Join_Count": 1, "TARGET_FID": 1104, "Id": 0, "Slope_Max": 12.64, "nor_score": 0.182917745529, "oneminus": 0.81708225447100002, "Shape_Leng": 4000.0, "Shape_Area": 1000000.0 }, "geometry": { "type": "Polygon", "coordinates": [ [ [ 73.158927975516249, 22.532623036874298 ], [ 73.149208352605555, 22.53251152192782 ], [ 73.149087965185743, 22.541540756557975 ], [ 73.158808219450378, 22.541652320990323 ], [ 73.158927975516249, 22.532623036874298 ] ] ] } },
{ "type": "Feature", "properties": { "FeatureID": "204", "HA_Area": 100.0, "OBJECTID_1": 1868, "Join_Count": 1, "TARGET_FID": 1867, "Id": 0, "Slope_Max": 11.5918, "nor_score": 0.16774887790699999, "oneminus": 0.83225112209300001, "Shape_Leng": 4000.0, "Shape_Area": 1000000.0 }, "geometry": { "type": "Polygon", "coordinates": [ [ [ 73.283609328284854, 22.669466794032303 ], [ 73.273879429399884, 22.669362212054182 ], [ 73.27376639119656, 22.678391909446507 ], [ 73.283496926497165, 22.678496537615199 ], [ 73.283609328284854, 22.669466794032303 ] ] ] } },
{ "type": "Feature", "properties": { "FeatureID": "205", "HA_Area": 100.0, "OBJECTID_1": 1772, "Join_Count": 1, "TARGET_FID": 1771, "Id": 0, "Slope_Max": 6.61384, "nor_score": 0.095711130387499996, "oneminus": 0.90428886961300003, "Shape_Leng": 4000.0, "Shape_Area": 1000000.0 }, "geometry": { "type": "Polygon", "coordinates": [ [ [ 73.312909802608175, 22.660747105297784 ], [ 73.322639291835728, 22.660849279824792 ], [ 73.322749036176646, 22.651819332732366 ], [ 73.31302018278457, 22.651717203341391 ], [ 73.312909802608175, 22.660747105297784 ] ] ] } },
{ "type": "Feature", "properties": { "FeatureID": "206", "HA_Area": 100.0, "OBJECTID_1": 1118, "Join_Count": 1, "TARGET_FID": 1117, "Id": 0, "Slope_Max": 5.65227, "nor_score": 0.081795919953800006, "oneminus": 0.91820408004599996, "Shape_Leng": 4000.0, "Shape_Area": 1000000.0 }, "geometry": { "type": "Polygon", "coordinates": [ [ [ 73.285288511209927, 22.534019357950992 ], [ 73.275568119827696, 22.533915468130321 ], [ 73.275455941367156, 22.542945325781226 ], [ 73.285176964326837, 22.54304926170494 ], [ 73.285288511209927, 22.534019357950992 ] ] ] } },
{ "type": "Feature", "properties": { "FeatureID": "207", "HA_Area": 100.0, "OBJECTID_1": 1261, "Join_Count": 1, "TARGET_FID": 1260, "Id": 0, "Slope_Max": 3.71128, "nor_score": 0.053707197140099999, "oneminus": 0.94629280285999995, "Shape_Leng": 4000.0, "Shape_Area": 1000000.0 }, "geometry": { "type": "Polygon", "coordinates": [ [ [ 73.216898903507044, 22.560368504987693 ], [ 73.207177023818289, 22.560260365231333 ], [ 73.207060246377836, 22.569289860759802 ], [ 73.216782758491362, 22.569398048459011 ], [ 73.216898903507044, 22.560368504987693 ] ] ] } },
{ "type": "Feature", "properties": { "FeatureID": "208", "HA_Area": 100.0, "OBJECTID_1": 1325, "Join_Count": 1, "TARGET_FID": 1324, "Id": 0, "Slope_Max": 3.74008, "nor_score": 0.054123971893500003, "oneminus": 0.945876028107, "Shape_Leng": 4000.0, "Shape_Area": 1000000.0 }, "geometry": { "type": "Polygon", "coordinates": [ [ [ 73.352903995629489, 22.570850972803168 ], [ 73.34318068428199, 22.570751012657389 ], [ 73.343072707327991, 22.579781145064473 ], [ 73.352796651655154, 22.579881149513607 ], [ 73.352903995629489, 22.570850972803168 ] ] ] } },
{ "type": "Feature", "properties": { "FeatureID": "209", "HA_Area": 100.0, "OBJECTID_1": 1367, "Join_Count": 1, "TARGET_FID": 1366, "Id": 0, "Slope_Max": 4.26254, "nor_score": 0.061684664627900003, "oneminus": 0.93831533537199996, "Shape_Leng": 4000.0, "Shape_Area": 1000000.0 }, "geometry": { "type": "Polygon", "coordinates": [ [ [ 73.265170062346655, 22.587989699348835 ], [ 73.27489419074108, 22.588094454071832 ], [ 73.275006655364948, 22.579064649753796 ], [ 73.265283160141664, 22.578959941423363 ], [ 73.265170062346655, 22.587989699348835 ] ] ] } },
{ "type": "Feature", "properties": { "FeatureID": "210", "HA_Area": 100.0, "OBJECTID_1": 1416, "Join_Count": 1, "TARGET_FID": 1415, "Id": 0, "Slope_Max": 4.91531, "nor_score": 0.0711311220065, "oneminus": 0.928868877993, "Shape_Leng": 4000.0, "Shape_Area": 1000000.0 }, "geometry": { "type": "Polygon", "coordinates": [ [ [ 73.265170062346655, 22.587989699348835 ], [ 73.255445991557266, 22.587884356443226 ], [ 73.255332202680549, 22.596914057026972 ], [ 73.265056906946626, 22.59701944659146 ], [ 73.265170062346655, 22.587989699348835 ] ] ] } },
{ "type": "Feature", "properties": { "FeatureID": "211", "HA_Area": 100.0, "OBJECTID_1": 1072, "Join_Count": 1, "TARGET_FID": 1071, "Id": 0, "Slope_Max": 6.14813, "nor_score": 0.088971680166500006, "oneminus": 0.91102831983400001, "Shape_Leng": 4000.0, "Shape_Area": 1000000.0 }, "geometry": { "type": "Polygon", "coordinates": [ [ [ 73.324279606965291, 22.525398954415451 ], [ 73.314559621391439, 22.525297456329799 ], [ 73.314450025234962, 22.534327507464379 ], [ 73.324170642130014, 22.534429050606285 ], [ 73.324279606965291, 22.525398954415451 ] ] ] } },
{ "type": "Feature", "properties": { "FeatureID": "212", "HA_Area": 100.0, "OBJECTID_1": 1054, "Join_Count": 1, "TARGET_FID": 1053, "Id": 0, "Slope_Max": 15.2878, "nor_score": 0.22123495284799999, "oneminus": 0.77876504715200001, "Shape_Leng": 4000.0, "Shape_Area": 1000000.0 }, "geometry": { "type": "Polygon", "coordinates": [ [ [ 73.149328678660297, 22.523482276563012 ], [ 73.13960974812916, 22.523370224911581 ], [ 73.139488791059946, 22.532399420536624 ], [ 73.149208352605555, 22.53251152192782 ], [ 73.149328678660297, 22.523482276563012 ] ] ] } },
{ "type": "Feature", "properties": { "FeatureID": "213", "HA_Area": 100.0, "OBJECTID_1": 1158, "Join_Count": 1, "TARGET_FID": 1157, "Id": 0, "Slope_Max": 5.08619, "nor_score": 0.073603989223100005, "oneminus": 0.92639601077699996, "Shape_Leng": 4000.0, "Shape_Area": 1000000.0 }, "geometry": { "type": "Polygon", "coordinates": [ [ [ 73.187969347324284, 22.541983493907523 ], [ 73.178248910841404, 22.541873689680077 ], [ 73.178130357118945, 22.550903061267778 ], [ 73.187851425330535, 22.551012914206687 ], [ 73.187969347324284, 22.541983493907523 ] ] ] } },
{ "type": "Feature", "properties": { "FeatureID": "214", "HA_Area": 100.0, "OBJECTID_1": 1907, "Join_Count": 1, "TARGET_FID": 1906, "Id": 0, "Slope_Max": 6.94959, "nor_score": 0.100569884362, "oneminus": 0.89943011563800002, "Shape_Leng": 4000.0, "Shape_Area": 1000000.0 }, "geometry": { "type": "Polygon", "coordinates": [ [ [ 73.176464251287342, 22.677313135981517 ], [ 73.166734365717332, 22.677202009778863 ], [ 73.166614267065569, 22.686231171088473 ], [ 73.176344789184441, 22.686342346355808 ], [ 73.176464251287342, 22.677313135981517 ] ] ] } },
{ "type": "Feature", "properties": { "FeatureID": "215", "HA_Area": 100.0, "OBJECTID_1": 1925, "Join_Count": 1, "TARGET_FID": 1924, "Id": 0, "Slope_Max": 5.128, "nor_score": 0.074209029574499999, "oneminus": 0.92579097042500003, "Shape_Leng": 4000.0, "Shape_Area": 1000000.0 }, "geometry": { "type": "Polygon", "coordinates": [ [ [ 73.351612255046916, 22.679212391134836 ], [ 73.341881326648291, 22.679111898978764 ], [ 73.341772688515093, 22.688141903557561 ], [ 73.351504253767658, 22.688242440084348 ], [ 73.351612255046916, 22.679212391134836 ] ] ] } },
{ "type": "Feature", "properties": { "FeatureID": "216", "HA_Area": 100.0, "OBJECTID_1": 1302, "Join_Count": 1, "TARGET_FID": 1301, "Id": 0, "Slope_Max": 5.60496, "nor_score": 0.081111282649200006, "oneminus": 0.91888871735099997, "Shape_Leng": 4000.0, "Shape_Area": 1000000.0 }, "geometry": { "type": "Polygon", "coordinates": [ [ [ 73.129282318674299, 22.568403207709238 ], [ 73.119560353692577, 22.568289732370879 ], [ 73.11943782281719, 22.577318773933097 ], [ 73.129160420386455, 22.577432299563139 ], [ 73.129282318674299, 22.568403207709238 ] ] ] } },
{ "type": "Feature", "properties": { "FeatureID": "217", "HA_Area": 100.0, "OBJECTID_1": 1052, "Join_Count": 1, "TARGET_FID": 1051, "Id": 0, "Slope_Max": 9.87556, "nor_score": 0.14291258596799999, "oneminus": 0.85708741403199995, "Shape_Leng": 4000.0, "Shape_Area": 1000000.0 }, "geometry": { "type": "Polygon", "coordinates": [ [ [ 73.129890879266782, 22.523257587090733 ], [ 73.120172072394723, 22.523144363115701 ], [ 73.120049853350451, 22.532173458480859 ], [ 73.129769291201029, 22.532286732715885 ], [ 73.129890879266782, 22.523257587090733 ] ] ] } },
{ "type": "Feature", "properties": { "FeatureID": "218", "HA_Area": 100.0, "OBJECTID_1": 1016, "Join_Count": 1, "TARGET_FID": 1015, "Id": 0, "Slope_Max": 4.5657, "nor_score": 0.066071798891299993, "oneminus": 0.93392820110899999, "Shape_Leng": 4000.0, "Shape_Area": 1000000.0 }, "geometry": { "type": "Polygon", "coordinates": [ [ [ 73.266073233174069, 22.515751337117191 ], [ 73.256354218601984, 22.515646367270715 ], [ 73.256240892672324, 22.524676153267013 ], [ 73.265960538145023, 22.524781169725319 ], [ 73.266073233174069, 22.515751337117191 ] ] ] } },
{ "type": "Feature", "properties": { "FeatureID": "219", "HA_Area": 100.0, "OBJECTID_1": 1359, "Join_Count": 1, "TARGET_FID": 1358, "Id": 0, "Slope_Max": 5.60496, "nor_score": 0.081111282649200006, "oneminus": 0.91888871735099997, "Shape_Leng": 4000.0, "Shape_Area": 1000000.0 }, "geometry": { "type": "Polygon", "coordinates": [ [ [ 73.197220324094317, 22.578210522092991 ], [ 73.187497298599169, 22.578101110788712 ], [ 73.187379136046971, 22.587130488199229 ], [ 73.197102794576423, 22.587239947979217 ], [ 73.197220324094317, 22.578210522092991 ] ] ] } },
{ "type": "Feature", "properties": { "FeatureID": "220", "HA_Area": 100.0, "OBJECTID_1": 1115, "Join_Count": 1, "TARGET_FID": 1114, "Id": 0, "Slope_Max": 4.10896, "nor_score": 0.059462160363799997, "oneminus": 0.94053783963600002, "Shape_Leng": 4000.0, "Shape_Area": 1000000.0 }, "geometry": { "type": "Polygon", "coordinates": [ [ [ 73.256127508933176, 22.533705928598923 ], [ 73.246407290064468, 22.533600278916555 ], [ 73.246293216971765, 22.542629996696771 ], [ 73.256014067367744, 22.542735693262944 ], [ 73.256127508933176, 22.533705928598923 ] ] ] } },
{ "type": "Feature", "properties": { "FeatureID": "221", "HA_Area": 100.0, "OBJECTID_1": 1568, "Join_Count": 1, "TARGET_FID": 1567, "Id": 0, "Slope_Max": 6.29327, "nor_score": 0.091072052963399999, "oneminus": 0.90892794703699997, "Shape_Leng": 4000.0, "Shape_Area": 1000000.0 }, "geometry": { "type": "Polygon", "coordinates": [ [ [ 73.274443759251838, 22.624213564539495 ], [ 73.284170480904791, 22.624317915652565 ], [ 73.284282540281751, 22.61528810790778 ], [ 73.274556453106641, 22.615183802950181 ], [ 73.274443759251838, 22.624213564539495 ] ] ] } },
{ "type": "Feature", "properties": { "FeatureID": "222", "HA_Area": 100.0, "OBJECTID_1": 1303, "Join_Count": 1, "TARGET_FID": 1302, "Id": 0, "Slope_Max": 6.11346, "nor_score": 0.088469960593600003, "oneminus": 0.91153003940599997, "Shape_Leng": 4000.0, "Shape_Area": 1000000.0 }, "geometry": { "type": "Polygon", "coordinates": [ [ [ 73.129282318674299, 22.568403207709238 ], [ 73.129160420386455, 22.577432299563139 ], [ 73.138883080054342, 22.577545237477835 ], [ 73.139004345736581, 22.568516095592525 ], [ 73.129282318674299, 22.568403207709238 ] ] ] } },
{ "type": "Feature", "properties": { "FeatureID": "223", "HA_Area": 100.0, "OBJECTID_1": 1807, "Join_Count": 1, "TARGET_FID": 1806, "Id": 0, "Slope_Max": 6.92671, "nor_score": 0.100238778978, "oneminus": 0.89976122102199996, "Shape_Leng": 4000.0, "Shape_Area": 1000000.0 }, "geometry": { "type": "Polygon", "coordinates": [ [ [ 73.176702993463337, 22.659254682920295 ], [ 73.166974380021614, 22.659143654828341 ], [ 73.166854403363402, 22.668172837690992 ], [ 73.17658365270772, 22.668283914835186 ], [ 73.176702993463337, 22.659254682920295 ] ] ] } },
{ "type": "Feature", "properties": { "FeatureID": "224", "HA_Area": 100.0, "OBJECTID_1": 1618, "Join_Count": 1, "TARGET_FID": 1617, "Id": 0, "Slope_Max": 15.1978, "nor_score": 0.21993253001900001, "oneminus": 0.78006746998099996, "Shape_Leng": 4000.0, "Shape_Area": 1000000.0 }, "geometry": { "type": "Polygon", "coordinates": [ [ [ 73.284170480904791, 22.624317915652565 ], [ 73.274443759251838, 22.624213564539495 ], [ 73.274331008047525, 22.633243315437959 ], [ 73.284058364501021, 22.63334771271235 ], [ 73.284170480904791, 22.624317915652565 ] ] ] } },
{ "type": "Feature", "properties": { "FeatureID": "225", "HA_Area": 100.0, "OBJECTID_1": 1068, "Join_Count": 1, "TARGET_FID": 1067, "Id": 0, "Slope_Max": 5.28179, "nor_score": 0.076434576947200003, "oneminus": 0.92356542305300005, "Shape_Leng": 4000.0, "Shape_Area": 1000000.0 }, "geometry": { "type": "Polygon", "coordinates": [ [ [ 73.285400001232105, 22.52498944354668 ], [ 73.275680241105505, 22.52488559982325 ], [ 73.275568119827696, 22.533915468130321 ], [ 73.285288511209927, 22.534019357950992 ], [ 73.285400001232105, 22.52498944354668 ] ] ] } },
{ "type": "Feature", "properties": { "FeatureID": "226", "HA_Area": 100.0, "OBJECTID_1": 1919, "Join_Count": 1, "TARGET_FID": 1918, "Id": 0, "Slope_Max": 5.90105, "nor_score": 0.085396103603100001, "oneminus": 0.91460389639700002, "Shape_Leng": 4000.0, "Shape_Area": 1000000.0 }, "geometry": { "type": "Polygon", "coordinates": [ [ [ 73.29322751892461, 22.678600574966858 ], [ 73.283496926497165, 22.678496537615199 ], [ 73.283384467582621, 22.687526270492349 ], [ 73.293115696765724, 22.687630353779646 ], [ 73.29322751892461, 22.678600574966858 ] ] ] } },
{ "type": "Feature", "properties": { "FeatureID": "227", "HA_Area": 100.0, "OBJECTID_1": 1770, "Join_Count": 1, "TARGET_FID": 1769, "Id": 0, "Slope_Max": 11.8184, "nor_score": 0.171028092967, "oneminus": 0.82897190703300005, "Shape_Leng": 4000.0, "Shape_Area": 1000000.0 }, "geometry": { "type": "Polygon", "coordinates": [ [ [ 73.30329138550016, 22.651614483873558 ], [ 73.293562644646443, 22.651511174342787 ], [ 73.293450992848378, 22.660540985244975 ], [ 73.303180369504673, 22.660644340433201 ], [ 73.30329138550016, 22.651614483873558 ] ] ] } },
{ "type": "Feature", "properties": { "FeatureID": "228", "HA_Area": 100.0, "OBJECTID_1": 1963, "Join_Count": 1, "TARGET_FID": 1962, "Id": 0, "Slope_Max": 4.45897, "nor_score": 0.0645272729756, "oneminus": 0.93547272702399997, "Shape_Leng": 4000.0, "Shape_Area": 1000000.0 }, "geometry": { "type": "Polygon", "coordinates": [ [ [ 73.224998303817102, 22.686889358633369 ], [ 73.22488196563917, 22.695918799675361 ], [ 73.234613484087561, 22.696026476721592 ], [ 73.234729185288202, 22.68699698817327 ], [ 73.224998303817102, 22.686889358633369 ] ] ] } },
{ "type": "Feature", "properties": { "FeatureID": "229", "HA_Area": 100.0, "OBJECTID_1": 1852, "Join_Count": 1, "TARGET_FID": 1851, "Id": 0, "Slope_Max": 5.4897, "nor_score": 0.079443314176400007, "oneminus": 0.92055668582399997, "Shape_Leng": 4000.0, "Shape_Area": 1000000.0 }, "geometry": { "type": "Polygon", "coordinates": [ [ [ 73.127938019095325, 22.667722625456644 ], [ 73.118209077920838, 22.667608596559916 ], [ 73.1180858594157, 22.676637519445602 ], [ 73.127815436725754, 22.676751598704062 ], [ 73.127938019095325, 22.667722625456644 ] ] ] } },
{ "type": "Feature", "properties": { "FeatureID": "230", "HA_Area": 100.0, "OBJECTID_1": 1669, "Join_Count": 1, "TARGET_FID": 1668, "Id": 0, "Slope_Max": 16.7911, "nor_score": 0.24298971447100001, "oneminus": 0.75701028552899996, "Shape_Leng": 4000.0, "Shape_Area": 1000000.0 }, "geometry": { "type": "Polygon", "coordinates": [ [ [ 73.293785777997954, 22.633451520473177 ], [ 73.284058364501021, 22.63334771271235 ], [ 73.283946191053801, 22.64237749908369 ], [ 73.293674239690787, 22.642481352751048 ], [ 73.293785777997954, 22.633451520473177 ] ] ] } },
{ "type": "Feature", "properties": { "FeatureID": "231", "HA_Area": 100.0, "OBJECTID_1": 1422, "Join_Count": 1, "TARGET_FID": 1421, "Id": 0, "Slope_Max": 8.00071, "nor_score": 0.11578098977700001, "oneminus": 0.88421901022299998, "Shape_Leng": 4000.0, "Shape_Area": 1000000.0 }, "geometry": { "type": "Polygon", "coordinates": [ [ [ 73.323515685505981, 22.588609404453948 ], [ 73.313791273921879, 22.588507590855201 ], [ 73.313681286155344, 22.597537567485301 ], [ 73.323406331315482, 22.597639426180105 ], [ 73.323515685505981, 22.588609404453948 ] ] ] } },
{ "type": "Feature", "properties": { "FeatureID": "232", "HA_Area": 100.0, "OBJECTID_1": 1061, "Join_Count": 1, "TARGET_FID": 1060, "Id": 0, "Slope_Max": 6.22541, "nor_score": 0.090090025984600003, "oneminus": 0.90990997401499996, "Shape_Leng": 4000.0, "Shape_Area": 1000000.0 }, "geometry": { "type": "Polygon", "coordinates": [ [ [ 73.207643538884255, 22.524142276070215 ], [ 73.207526999287552, 22.533171814410586 ], [ 73.217246983633586, 22.533279810374637 ], [ 73.217362892092964, 22.524250224115573 ], [ 73.207643538884255, 22.524142276070215 ] ] ] } },
{ "type": "Feature", "properties": { "FeatureID": "233", "HA_Area": 100.0, "OBJECTID_1": 1163, "Join_Count": 1, "TARGET_FID": 1162, "Id": 0, "Slope_Max": 3.94932, "nor_score": 0.057151954541100003, "oneminus": 0.94284804545900003, "Shape_Leng": 4000.0, "Shape_Area": 1000000.0 }, "geometry": { "type": "Polygon", "coordinates": [ [ [ 73.236572424740743, 22.542523713278282 ], [ 73.226851690996511, 22.542416843021872 ], [ 73.226736296091474, 22.55144645556457 ], [ 73.236457661650888, 22.55155337323124 ], [ 73.236572424740743, 22.542523713278282 ] ] ] } },
{ "type": "Feature", "properties": { "FeatureID": "234", "HA_Area": 100.0, "OBJECTID_1": 1503, "Join_Count": 1, "TARGET_FID": 1502, "Id": 0, "Slope_Max": 8.1825, "nor_score": 0.11841173981, "oneminus": 0.88158826019000003, "Shape_Leng": 4000.0, "Shape_Area": 1000000.0 }, "geometry": { "type": "Polygon", "coordinates": [ [ [ 73.138518912276467, 22.604632598568713 ], [ 73.128794352858833, 22.604519510521872 ], [ 73.128672206067947, 22.613548559295388 ], [ 73.138397399380111, 22.613661697398925 ], [ 73.138518912276467, 22.604632598568713 ] ] ] } },
{ "type": "Feature", "properties": { "FeatureID": "235", "HA_Area": 100.0, "OBJECTID_1": 1962, "Join_Count": 1, "TARGET_FID": 1961, "Id": 0, "Slope_Max": 5.33205, "nor_score": 0.077161907476800004, "oneminus": 0.92283809252299998, "Shape_Leng": 4000.0, "Shape_Area": 1000000.0 }, "geometry": { "type": "Polygon", "coordinates": [ [ [ 73.224998303817102, 22.686889358633369 ], [ 73.215267481429805, 22.68678113810196 ], [ 73.215150506291863, 22.695810531376839 ], [ 73.22488196563917, 22.695918799675361 ], [ 73.224998303817102, 22.686889358633369 ] ] ] } },
{ "type": "Feature", "properties": { "FeatureID": "236", "HA_Area": 100.0, "OBJECTID_1": 1320, "Join_Count": 1, "TARGET_FID": 1319, "Id": 0, "Slope_Max": 3.28135, "nor_score": 0.047485530792599998, "oneminus": 0.952514469207, "Shape_Leng": 4000.0, "Shape_Area": 1000000.0 }, "geometry": { "type": "Polygon", "coordinates": [ [ [ 73.304287992053176, 22.570345294481285 ], [ 73.294564958897368, 22.570242395607686 ], [ 73.294453817287206, 22.579272302591455 ], [ 73.304177483341647, 22.579375247070558 ], [ 73.304287992053176, 22.570345294481285 ] ] ] } },
{ "type": "Feature", "properties": { "FeatureID": "237", "HA_Area": 100.0, "OBJECTID_1": 1060, "Join_Count": 1, "TARGET_FID": 1059, "Id": 0, "Slope_Max": 4.63546, "nor_score": 0.067081317353599998, "oneminus": 0.93291868264599997, "Shape_Leng": 4000.0, "Shape_Area": 1000000.0 }, "geometry": { "type": "Polygon", "coordinates": [ [ [ 73.207643538884255, 22.524142276070215 ], [ 73.197924245093276, 22.524033741750952 ], [ 73.197807074376499, 22.533063231912461 ], [ 73.207526999287552, 22.533171814410586 ], [ 73.207643538884255, 22.524142276070215 ] ] ] } },
{ "type": "Feature", "properties": { "FeatureID": "238", "HA_Area": 100.0, "OBJECTID_1": 1573, "Join_Count": 1, "TARGET_FID": 1572, "Id": 0, "Slope_Max": 4.05645, "nor_score": 0.058702266503300002, "oneminus": 0.94129773349699997, "Shape_Leng": 4000.0, "Shape_Area": 1000000.0 }, "geometry": { "type": "Polygon", "coordinates": [ [ [ 73.332913824856504, 22.615800797530017 ], [ 73.323187455857209, 22.61569943767411 ], [ 73.323077934556977, 22.62472942743506 ], [ 73.332804938116325, 22.624830832143545 ], [ 73.332913824856504, 22.615800797530017 ] ] ] } },
{ "type": "Feature", "properties": { "FeatureID": "239", "HA_Area": 100.0, "OBJECTID_1": 1373, "Join_Count": 1, "TARGET_FID": 1372, "Id": 0, "Slope_Max": 4.92617, "nor_score": 0.071288280273400007, "oneminus": 0.92871171972699995, "Shape_Leng": 4000.0, "Shape_Area": 1000000.0 }, "geometry": { "type": "Polygon", "coordinates": [ [ [ 73.323515685505981, 22.588609404453948 ], [ 73.333240152760851, 22.58871062978616 ], [ 73.333348818010734, 22.579680552581937 ], [ 73.323624984025713, 22.579579372079621 ], [ 73.323515685505981, 22.588609404453948 ] ] ] } },
{ "type": "Feature", "properties": { "FeatureID": "240", "HA_Area": 100.0, "OBJECTID_1": 1605, "Join_Count": 1, "TARGET_FID": 1604, "Id": 0, "Slope_Max": 6.49248, "nor_score": 0.093954884166700003, "oneminus": 0.90604511583299996, "Shape_Leng": 4000.0, "Shape_Area": 1000000.0 }, "geometry": { "type": "Polygon", "coordinates": [ [ [ 73.157727664970835, 22.622915394676781 ], [ 73.148001714030983, 22.622803384590583 ], [ 73.147880711977052, 22.631832511681033 ], [ 73.15760729749249, 22.631944571315628 ], [ 73.157727664970835, 22.622915394676781 ] ] ] } },
{ "type": "Feature", "properties": { "FeatureID": "241", "HA_Area": 100.0, "OBJECTID_1": 1368, "Join_Count": 1, "TARGET_FID": 1367, "Id": 0, "Slope_Max": 4.26254, "nor_score": 0.061684664627900003, "oneminus": 0.93831533537199996, "Shape_Leng": 4000.0, "Shape_Area": 1000000.0 }, "geometry": { "type": "Polygon", "coordinates": [ [ [ 73.28473020785421, 22.579168770147863 ], [ 73.275006655364948, 22.579064649753796 ], [ 73.27489419074108, 22.588094454071832 ], [ 73.28461837641818, 22.588198620598039 ], [ 73.28473020785421, 22.579168770147863 ] ] ] } },
{ "type": "Feature", "properties": { "FeatureID": "242", "HA_Area": 100.0, "OBJECTID_1": 1717, "Join_Count": 1, "TARGET_FID": 1716, "Id": 0, "Slope_Max": 17.6099, "nor_score": 0.25483884745699997, "oneminus": 0.74516115254299997, "Shape_Leng": 4000.0, "Shape_Area": 1000000.0 }, "geometry": { "type": "Polygon", "coordinates": [ [ [ 73.27421819947692, 22.642273055642139 ], [ 73.264490265283058, 22.642168022440554 ], [ 73.26437676389989, 22.651197705513287 ], [ 73.274105333523295, 22.651302785148538 ], [ 73.27421819947692, 22.642273055642139 ] ] ] } },
{ "type": "Feature", "properties": { "FeatureID": "243", "HA_Area": 100.0, "OBJECTID_1": 1004, "Join_Count": 1, "TARGET_FID": 1003, "Id": 0, "Slope_Max": 9.95398, "nor_score": 0.14404743771699999, "oneminus": 0.85595256228299998, "Shape_Leng": 4000.0, "Shape_Area": 1000000.0 }, "geometry": { "type": "Polygon", "coordinates": [ [ [ 73.149448943367801, 22.514453020467094 ], [ 73.139730643529575, 22.514341018549164 ], [ 73.13960974812916, 22.523370224911581 ], [ 73.149328678660297, 22.523482276563012 ], [ 73.149448943367801, 22.514453020467094 ] ] ] } },
{ "type": "Feature", "properties": { "FeatureID": "244", "HA_Area": 100.0, "OBJECTID_1": 1371, "Join_Count": 1, "TARGET_FID": 1370, "Id": 0, "Slope_Max": 3.98984, "nor_score": 0.057738332564000003, "oneminus": 0.94226166743600004, "Shape_Leng": 4000.0, "Shape_Area": 1000000.0 }, "geometry": { "type": "Polygon", "coordinates": [ [ [ 73.313901205695245, 22.579477603571238 ], [ 73.304177483341647, 22.579375247070558 ], [ 73.30406691833096, 22.588405189003716 ], [ 73.313791273921879, 22.588507590855201 ], [ 73.313901205695245, 22.579477603571238 ] ] ] } },
{ "type": "Feature", "properties": { "FeatureID": "245", "HA_Area": 100.0, "OBJECTID_1": 1668, "Join_Count": 1, "TARGET_FID": 1667, "Id": 0, "Slope_Max": 13.4537, "nor_score": 0.19469307105899999, "oneminus": 0.80530692894099998, "Shape_Leng": 4000.0, "Shape_Area": 1000000.0 }, "geometry": { "type": "Polygon", "coordinates": [ [ [ 73.284058364501021, 22.63334771271235 ], [ 73.274331008047525, 22.633243315437959 ], [ 73.27421819947692, 22.642273055642139 ], [ 73.283946191053801, 22.64237749908369 ], [ 73.284058364501021, 22.63334771271235 ] ] ] } },
{ "type": "Feature", "properties": { "FeatureID": "246", "HA_Area": 100.0, "OBJECTID_1": 1505, "Join_Count": 1, "TARGET_FID": 1504, "Id": 0, "Slope_Max": 5.57637, "nor_score": 0.080697544103899996, "oneminus": 0.91930245589600001, "Shape_Leng": 4000.0, "Shape_Area": 1000000.0 }, "geometry": { "type": "Polygon", "coordinates": [ [ [ 73.157968216280977, 22.604857009112084 ], [ 73.148243533524649, 22.604745098103859 ], [ 73.148122654540856, 22.613774246730351 ], [ 73.15784797122771, 22.613886207274433 ], [ 73.157968216280977, 22.604857009112084 ] ] ] } },
{ "type": "Feature", "properties": { "FeatureID": "247", "HA_Area": 100.0, "OBJECTID_1": 1621, "Join_Count": 1, "TARGET_FID": 1620, "Id": 0, "Slope_Max": 7.04032, "nor_score": 0.101882864914, "oneminus": 0.898117135086, "Shape_Leng": 4000.0, "Shape_Area": 1000000.0 }, "geometry": { "type": "Polygon", "coordinates": [ [ [ 73.313350986733369, 22.624627433417864 ], [ 73.303624094968299, 22.624524850105768 ], [ 73.303513248215495, 22.63355473870638 ], [ 73.313240774830803, 22.633657367397973 ], [ 73.313350986733369, 22.624627433417864 ] ] ] } },
{ "type": "Feature", "properties": { "FeatureID": "248", "HA_Area": 100.0, "OBJECTID_1": 1663, "Join_Count": 1, "TARGET_FID": 1662, "Id": 0, "Slope_Max": 15.4154, "nor_score": 0.223081491755, "oneminus": 0.77691850824499997, "Shape_Leng": 4000.0, "Shape_Area": 1000000.0 }, "geometry": { "type": "Polygon", "coordinates": [ [ [ 73.225695092730291, 22.632712486860417 ], [ 73.225579108795912, 22.641741992319613 ], [ 73.235306810228678, 22.641849384418258 ], [ 73.235422159124383, 22.63281983148886 ], [ 73.225695092730291, 22.632712486860417 ] ] ] } },
{ "type": "Feature", "properties": { "FeatureID": "249", "HA_Area": 100.0, "OBJECTID_1": 1865, "Join_Count": 1, "TARGET_FID": 1864, "Id": 0, "Slope_Max": 8.7578, "nor_score": 0.126737104983, "oneminus": 0.87326289501700005, "Shape_Leng": 4000.0, "Shape_Area": 1000000.0 }, "geometry": { "type": "Polygon", "coordinates": [ [ [ 73.254419804253217, 22.669151276485859 ], [ 73.244690078637873, 22.66904492292425 ], [ 73.244575131288769, 22.678074480180356 ], [ 73.254305493269086, 22.678180880714777 ], [ 73.254419804253217, 22.669151276485859 ] ] ] } },
{ "type": "Feature", "properties": { "FeatureID": "250", "HA_Area": 100.0, "OBJECTID_1": 1720, "Join_Count": 1, "TARGET_FID": 1719, "Id": 0, "Slope_Max": 15.3518, "nor_score": 0.2221611205, "oneminus": 0.7778388795, "Shape_Leng": 4000.0, "Shape_Area": 1000000.0 }, "geometry": { "type": "Polygon", "coordinates": [ [ [ 73.303402345064939, 22.642584616630138 ], [ 73.293674239690787, 22.642481352751048 ], [ 73.293562644646443, 22.651511174342787 ], [ 73.30329138550016, 22.651614483873558 ], [ 73.303402345064939, 22.642584616630138 ] ] ] } },
{ "type": "Feature", "properties": { "FeatureID": "251", "HA_Area": 100.0, "OBJECTID_1": 1166, "Join_Count": 1, "TARGET_FID": 1165, "Id": 0, "Slope_Max": 4.77188, "nor_score": 0.069055501205300004, "oneminus": 0.93094449879499996, "Shape_Leng": 4000.0, "Shape_Area": 1000000.0 }, "geometry": { "type": "Polygon", "coordinates": [ [ [ 73.265734975606833, 22.542840802962505 ], [ 73.256014067367744, 22.542735693262944 ], [ 73.255900567959216, 22.551765447255622 ], [ 73.26562210806425, 22.551870603584629 ], [ 73.265734975606833, 22.542840802962505 ] ] ] } },
{ "type": "Feature", "properties": { "FeatureID": "252", "HA_Area": 100.0, "OBJECTID_1": 1566, "Join_Count": 1, "TARGET_FID": 1565, "Id": 0, "Slope_Max": 5.3719, "nor_score": 0.077738593785599996, "oneminus": 0.92226140621399999, "Shape_Leng": 4000.0, "Shape_Area": 1000000.0 }, "geometry": { "type": "Polygon", "coordinates": [ [ [ 73.264830423264343, 22.615078909014304 ], [ 73.255104451077457, 22.614973426114368 ], [ 73.254990488317304, 22.624003094611073 ], [ 73.264717094948452, 22.624108624187585 ], [ 73.264830423264343, 22.615078909014304 ] ] ] } },
{ "type": "Feature", "properties": { "FeatureID": "253", "HA_Area": 100.0, "OBJECTID_1": 1662, "Join_Count": 1, "TARGET_FID": 1661, "Id": 0, "Slope_Max": 17.5451, "nor_score": 0.25390110081200001, "oneminus": 0.74609889918799999, "Shape_Leng": 4000.0, "Shape_Area": 1000000.0 }, "geometry": { "type": "Polygon", "coordinates": [ [ [ 73.225695092730291, 22.632712486860417 ], [ 73.215968085316462, 22.632604552804469 ], [ 73.215851466360618, 22.641634010532883 ], [ 73.225579108795912, 22.641741992319613 ], [ 73.225695092730291, 22.632712486860417 ] ] ] } },
{ "type": "Feature", "properties": { "FeatureID": "254", "HA_Area": 100.0, "OBJECTID_1": 1510, "Join_Count": 1, "TARGET_FID": 1509, "Id": 0, "Slope_Max": 12.4789, "nor_score": 0.180586407009, "oneminus": 0.81941359299100003, "Shape_Leng": 4000.0, "Shape_Area": 1000000.0 }, "geometry": { "type": "Polygon", "coordinates": [ [ [ 73.196867555939718, 22.605298767573796 ], [ 73.19674984678602, 22.614328161275171 ], [ 73.206475466265729, 22.61443717765664 ], [ 73.206592541400624, 22.605407735721645 ], [ 73.196867555939718, 22.605298767573796 ] ] ] } },
{ "type": "Feature", "properties": { "FeatureID": "255", "HA_Area": 100.0, "OBJECTID_1": 1753, "Join_Count": 1, "TARGET_FID": 1752, "Id": 0, "Slope_Max": 6.7408, "nor_score": 0.097548408859799998, "oneminus": 0.90245159113999995, "Shape_Leng": 4000.0, "Shape_Area": 1000000.0 }, "geometry": { "type": "Polygon", "coordinates": [ [ [ 73.137910729128407, 22.649777984959023 ], [ 73.128182997012445, 22.649664646565348 ], [ 73.128060539184816, 22.658693641409229 ], [ 73.137788906808581, 22.658807029891296 ], [ 73.137910729128407, 22.649777984959023 ] ] ] } },
{ "type": "Feature", "properties": { "FeatureID": "256", "HA_Area": 100.0, "OBJECTID_1": 1357, "Join_Count": 1, "TARGET_FID": 1356, "Id": 0, "Slope_Max": 6.08733, "nor_score": 0.088091821587199998, "oneminus": 0.91190817841299998, "Shape_Leng": 4000.0, "Shape_Area": 1000000.0 }, "geometry": { "type": "Polygon", "coordinates": [ [ [ 73.177774333269866, 22.577991111678521 ], [ 73.168051428428612, 22.577880524777331 ], [ 73.167931999860556, 22.586909804455392 ], [ 73.177655537700943, 22.587020440352987 ], [ 73.177774333269866, 22.577991111678521 ] ] ] } },
{ "type": "Feature", "properties": { "FeatureID": "257", "HA_Area": 100.0, "OBJECTID_1": 1202, "Join_Count": 1, "TARGET_FID": 1201, "Id": 0, "Slope_Max": 5.0015, "nor_score": 0.072378410058399997, "oneminus": 0.92762158994199995, "Shape_Leng": 4000.0, "Shape_Area": 1000000.0 }, "geometry": { "type": "Polygon", "coordinates": [ [ [ 73.129525929026499, 22.550344991721065 ], [ 73.119805228253938, 22.550231616947045 ], [ 73.119682822165444, 22.559260680041024 ], [ 73.129404154881641, 22.559374105094037 ], [ 73.129525929026499, 22.550344991721065 ] ] ] } },
{ "type": "Feature", "properties": { "FeatureID": "258", "HA_Area": 100.0, "OBJECTID_1": 1459, "Join_Count": 1, "TARGET_FID": 1458, "Id": 0, "Slope_Max": 17.5126, "nor_score": 0.25343079219100001, "oneminus": 0.74656920780900005, "Shape_Leng": 4000.0, "Shape_Area": 1000000.0 }, "geometry": { "type": "Polygon", "coordinates": [ [ [ 73.196867555939718, 22.605298767573796 ], [ 73.196985205197365, 22.596269363140646 ], [ 73.187260913311391, 22.596159854878842 ], [ 73.187142630374851, 22.605189210824044 ], [ 73.196867555939718, 22.605298767573796 ] ] ] } },
{ "type": "Feature", "properties": { "FeatureID": "259", "HA_Area": 100.0, "OBJECTID_1": 1415, "Join_Count": 1, "TARGET_FID": 1414, "Id": 0, "Slope_Max": 5.11758, "nor_score": 0.074058240443899997, "oneminus": 0.925941759556, "Shape_Leng": 4000.0, "Shape_Area": 1000000.0 }, "geometry": { "type": "Polygon", "coordinates": [ [ [ 73.255445991557266, 22.587884356443226 ], [ 73.245721978695229, 22.587778425369272 ], [ 73.245607556358692, 22.596808079033696 ], [ 73.255332202680549, 22.596914057026972 ], [ 73.255445991557266, 22.587884356443226 ] ] ] } },
{ "type": "Feature", "properties": { "FeatureID": "260", "HA_Area": 100.0, "OBJECTID_1": 1768, "Join_Count": 1, "TARGET_FID": 1767, "Id": 0, "Slope_Max": 6.62185, "nor_score": 0.095827044528800004, "oneminus": 0.90417295547099996, "Shape_Leng": 4000.0, "Shape_Area": 1000000.0 }, "geometry": { "type": "Polygon", "coordinates": [ [ [ 73.283833960546488, 22.651407274763091 ], [ 73.274105333523295, 22.651302785148538 ], [ 73.273992410169868, 22.660332503953704 ], [ 73.2837216729624, 22.660437039747112 ], [ 73.283833960546488, 22.651407274763091 ] ] ] } },
{ "type": "Feature", "properties": { "FeatureID": "261", "HA_Area": 100.0, "OBJECTID_1": 1316, "Join_Count": 1, "TARGET_FID": 1315, "Id": 0, "Slope_Max": 5.2514, "nor_score": 0.075994796017699998, "oneminus": 0.92400520398200003, "Shape_Leng": 4000.0, "Shape_Area": 1000000.0 }, "geometry": { "type": "Polygon", "coordinates": [ [ [ 73.26539620034842, 22.56993017281853 ], [ 73.2556733955455, 22.569824923212995 ], [ 73.255559722506618, 22.578854645170733 ], [ 73.265283160141664, 22.578959941423363 ], [ 73.26539620034842, 22.56993017281853 ] ] ] } },
{ "type": "Feature", "properties": { "FeatureID": "262", "HA_Area": 100.0, "OBJECTID_1": 1355, "Join_Count": 1, "TARGET_FID": 1354, "Id": 0, "Slope_Max": 13.9673, "nor_score": 0.20212555646, "oneminus": 0.79787444354000003, "Shape_Leng": 4000.0, "Shape_Area": 1000000.0 }, "geometry": { "type": "Polygon", "coordinates": [ [ [ 73.158328584397523, 22.577769350100105 ], [ 73.148605801498718, 22.577657587661893 ], [ 73.148485106985646, 22.586686768566121 ], [ 73.158208522848057, 22.586798580521414 ], [ 73.158328584397523, 22.577769350100105 ] ] ] } },
{ "type": "Feature", "properties": { "FeatureID": "263", "HA_Area": 100.0, "OBJECTID_1": 1065, "Join_Count": 1, "TARGET_FID": 1064, "Id": 0, "Slope_Max": 5.29188, "nor_score": 0.076580597851099996, "oneminus": 0.92341940214899998, "Shape_Leng": 4000.0, "Shape_Area": 1000000.0 }, "geometry": { "type": "Polygon", "coordinates": [ [ [ 73.256240892672324, 22.524676153267013 ], [ 73.246521305009111, 22.52457055046256 ], [ 73.246407290064468, 22.533600278916555 ], [ 73.256127508933176, 22.533705928598923 ], [ 73.256240892672324, 22.524676153267013 ] ] ] } },
{ "type": "Feature", "properties": { "FeatureID": "264", "HA_Area": 100.0, "OBJECTID_1": 1905, "Join_Count": 1, "TARGET_FID": 1904, "Id": 0, "Slope_Max": 5.90105, "nor_score": 0.085396103603100001, "oneminus": 0.91460389639700002, "Shape_Leng": 4000.0, "Shape_Area": 1000000.0 }, "geometry": { "type": "Polygon", "coordinates": [ [ [ 73.157004541153015, 22.677090292934615 ], [ 73.147274777917545, 22.676977985463907 ], [ 73.147153406221676, 22.686007047862045 ], [ 73.156883805970224, 22.686119404918834 ], [ 73.157004541153015, 22.677090292934615 ] ] ] } },
{ "type": "Feature", "properties": { "FeatureID": "265", "HA_Area": 100.0, "OBJECTID_1": 1308, "Join_Count": 1, "TARGET_FID": 1307, "Id": 0, "Slope_Max": 8.36012, "nor_score": 0.120982138309, "oneminus": 0.87901786169100005, "Shape_Leng": 4000.0, "Shape_Area": 1000000.0 }, "geometry": { "type": "Polygon", "coordinates": [ [ [ 73.187615400985464, 22.569071722650783 ], [ 73.177893068350784, 22.568961772270505 ], [ 73.177774333269866, 22.577991111678521 ], [ 73.187497298599169, 22.578101110788712 ], [ 73.187615400985464, 22.569071722650783 ] ] ] } },
{ "type": "Feature", "properties": { "FeatureID": "266", "HA_Area": 100.0, "OBJECTID_1": 1475, "Join_Count": 1, "TARGET_FID": 1474, "Id": 0, "Slope_Max": 9.21668, "nor_score": 0.13337770593199999, "oneminus": 0.86662229406799995, "Shape_Leng": 4000.0, "Shape_Area": 1000000.0 }, "geometry": { "type": "Polygon", "coordinates": [ [ [ 73.35258179962787, 22.597941471047548 ], [ 73.342856588374246, 22.597841377974913 ], [ 73.342748446342441, 22.606871478471373 ], [ 73.352474291543004, 22.606971615864172 ], [ 73.35258179962787, 22.597941471047548 ] ] ] } },
{ "type": "Feature", "properties": { "FeatureID": "267", "HA_Area": 100.0, "OBJECTID_1": 1615, "Join_Count": 1, "TARGET_FID": 1614, "Id": 0, "Slope_Max": 14.1478, "nor_score": 0.20473763381400001, "oneminus": 0.79526236618599999, "Shape_Leng": 4000.0, "Shape_Area": 1000000.0 }, "geometry": { "type": "Polygon", "coordinates": [ [ [ 73.254990488317304, 22.624003094611073 ], [ 73.245263939681109, 22.623896975824241 ], [ 73.245149284175923, 22.632926586675261 ], [ 73.25487646756217, 22.633032752405153 ], [ 73.254990488317304, 22.624003094611073 ] ] ] } },
{ "type": "Feature", "properties": { "FeatureID": "268", "HA_Area": 100.0, "OBJECTID_1": 1918, "Join_Count": 1, "TARGET_FID": 1917, "Id": 0, "Slope_Max": 9.67384, "nor_score": 0.13999342377599999, "oneminus": 0.86000657622400001, "Shape_Leng": 4000.0, "Shape_Area": 1000000.0 }, "geometry": { "type": "Polygon", "coordinates": [ [ [ 73.283496926497165, 22.678496537615199 ], [ 73.27376639119656, 22.678391909446507 ], [ 73.273653295543085, 22.687421596127216 ], [ 73.283384467582621, 22.687526270492349 ], [ 73.283496926497165, 22.678496537615199 ] ] ] } },
{ "type": "Feature", "properties": { "FeatureID": "269", "HA_Area": 100.0, "OBJECTID_1": 1915, "Join_Count": 1, "TARGET_FID": 1914, "Id": 0, "Slope_Max": 10.0162, "nor_score": 0.14494783900399999, "oneminus": 0.85505216099600001, "Shape_Leng": 4000.0, "Shape_Area": 1000000.0 }, "geometry": { "type": "Polygon", "coordinates": [ [ [ 73.254305493269086, 22.678180880714777 ], [ 73.244575131288769, 22.678074480180356 ], [ 73.244460125519694, 22.687104026707068 ], [ 73.254191124188239, 22.687210474220269 ], [ 73.254305493269086, 22.678180880714777 ] ] ] } },
{ "type": "Feature", "properties": { "FeatureID": "270", "HA_Area": 100.0, "OBJECTID_1": 1764, "Join_Count": 1, "TARGET_FID": 1763, "Id": 0, "Slope_Max": 11.7882, "nor_score": 0.170591058425, "oneminus": 0.829408941575, "Shape_Leng": 4000.0, "Shape_Area": 1000000.0 }, "geometry": { "type": "Polygon", "coordinates": [ [ [ 73.244919798144437, 22.650985776237725 ], [ 73.235191402658387, 22.650878926626135 ], [ 73.235075936396356, 22.659908458109054 ], [ 73.244804967584074, 22.660015354942221 ], [ 73.244919798144437, 22.650985776237725 ] ] ] } },
{ "type": "Feature", "properties": { "FeatureID": "271", "HA_Area": 100.0, "OBJECTID_1": 1469, "Join_Count": 1, "TARGET_FID": 1468, "Id": 0, "Slope_Max": 5.4016, "nor_score": 0.078168389731000001, "oneminus": 0.92183161026899996, "Shape_Leng": 4000.0, "Shape_Area": 1000000.0 }, "geometry": { "type": "Polygon", "coordinates": [ [ [ 73.294231364186032, 22.59733208456986 ], [ 73.284506488021833, 22.59722846037706 ], [ 73.284394542648556, 22.60625828948146 ], [ 73.294120052662009, 22.60636195955756 ], [ 73.294231364186032, 22.59733208456986 ] ] ] } },
{ "type": "Feature", "properties": { "FeatureID": "272", "HA_Area": 100.0, "OBJECTID_1": 1558, "Join_Count": 1, "TARGET_FID": 1557, "Id": 0, "Slope_Max": 8.17608, "nor_score": 0.118318831845, "oneminus": 0.88168116815499997, "Shape_Leng": 4000.0, "Shape_Area": 1000000.0 }, "geometry": { "type": "Polygon", "coordinates": [ [ [ 73.187024287219828, 22.614218556031332 ], [ 73.177298787889697, 22.614108361939969 ], [ 73.177179750192309, 22.623137647645159 ], [ 73.186905883828729, 22.623247890497233 ], [ 73.187024287219828, 22.614218556031332 ] ] ] } },
{ "type": "Feature", "properties": { "FeatureID": "273", "HA_Area": 100.0, "OBJECTID_1": 1957, "Join_Count": 1, "TARGET_FID": 1956, "Id": 0, "Slope_Max": 6.87303, "nor_score": 0.099461958257399993, "oneminus": 0.90053804174300001, "Shape_Leng": 4000.0, "Shape_Area": 1000000.0 }, "geometry": { "type": "Polygon", "coordinates": [ [ [ 73.176344789184441, 22.686342346355808 ], [ 73.166614267065569, 22.686231171088473 ], [ 73.166494107390264, 22.69526032161632 ], [ 73.17622526638128, 22.695371545954561 ], [ 73.176344789184441, 22.686342346355808 ] ] ] } },
{ "type": "Feature", "properties": { "FeatureID": "274", "HA_Area": 100.0, "OBJECTID_1": 1169, "Join_Count": 1, "TARGET_FID": 1168, "Id": 0, "Slope_Max": 4.27508, "nor_score": 0.061866140160900002, "oneminus": 0.93813385983899999, "Shape_Leng": 4000.0, "Shape_Area": 1000000.0 }, "geometry": { "type": "Polygon", "coordinates": [ [ [ 73.294898044163972, 22.543152610719602 ], [ 73.285176964326837, 22.54304926170494 ], [ 73.285065360566264, 22.552079154805078 ], [ 73.294787072319281, 22.552182549668295 ], [ 73.294898044163972, 22.543152610719602 ] ] ] } },
{ "type": "Feature", "properties": { "FeatureID": "275", "HA_Area": 100.0, "OBJECTID_1": 1860, "Join_Count": 1, "TARGET_FID": 1859, "Id": 0, "Slope_Max": 4.27508, "nor_score": 0.061866140160900002, "oneminus": 0.93813385983899999, "Shape_Leng": 4000.0, "Shape_Area": 1000000.0 }, "geometry": { "type": "Polygon", "coordinates": [ [ [ 73.205771763436985, 22.668613603832075 ], [ 73.196042333067609, 22.668504297920656 ], [ 73.195924204151737, 22.67753361640186 ], [ 73.205654270799741, 22.677642970589677 ], [ 73.205771763436985, 22.668613603832075 ] ] ] } },
{ "type": "Feature", "properties": { "FeatureID": "276", "HA_Area": 100.0, "OBJECTID_1": 1152, "Join_Count": 1, "TARGET_FID": 1151, "Id": 0, "Slope_Max": 6.28483, "nor_score": 0.090949914595699996, "oneminus": 0.90905008540400001, "Shape_Leng": 4000.0, "Shape_Area": 1000000.0 }, "geometry": { "type": "Polygon", "coordinates": [ [ [ 73.129647641126951, 22.541315867593834 ], [ 73.119927571976234, 22.541202543092481 ], [ 73.119805228253938, 22.550231616947045 ], [ 73.129525929026499, 22.550344991721065 ], [ 73.129647641126951, 22.541315867593834 ] ] ] } },
{ "type": "Feature", "properties": { "FeatureID": "277", "HA_Area": 100.0, "OBJECTID_1": 1375, "Join_Count": 1, "TARGET_FID": 1374, "Id": 0, "Slope_Max": 4.91531, "nor_score": 0.0711311220065, "oneminus": 0.928868877993, "Shape_Leng": 4000.0, "Shape_Area": 1000000.0 }, "geometry": { "type": "Polygon", "coordinates": [ [ [ 73.352796651655154, 22.579881149513607 ], [ 73.343072707327991, 22.579781145064473 ], [ 73.342964675364087, 22.588811266838125 ], [ 73.352689252993258, 22.588911315596221 ], [ 73.352796651655154, 22.579881149513607 ] ] ] } },
{ "type": "Feature", "properties": { "FeatureID": "278", "HA_Area": 100.0, "OBJECTID_1": 1923, "Join_Count": 1, "TARGET_FID": 1922, "Id": 0, "Slope_Max": 7.34154, "nor_score": 0.106241921154, "oneminus": 0.893758078846, "Shape_Leng": 4000.0, "Shape_Area": 1000000.0 }, "geometry": { "type": "Polygon", "coordinates": [ [ [ 73.332150453436483, 22.67901081592224 ], [ 73.322419635734875, 22.678909141978959 ], [ 73.322309723942297, 22.68793905703382 ], [ 73.332041178465474, 22.688040775869482 ], [ 73.332150453436483, 22.67901081592224 ] ] ] } },
{ "type": "Feature", "properties": { "FeatureID": "279", "HA_Area": 100.0, "OBJECTID_1": 1018, "Join_Count": 1, "TARGET_FID": 1017, "Id": 0, "Slope_Max": 4.27508, "nor_score": 0.061866140160900002, "oneminus": 0.93813385983899999, "Shape_Leng": 4000.0, "Shape_Area": 1000000.0 }, "geometry": { "type": "Polygon", "coordinates": [ [ [ 73.285511434409884, 22.515959518495485 ], [ 73.275792305217223, 22.515855720863495 ], [ 73.275680241105505, 22.52488559982325 ], [ 73.285400001232105, 22.52498944354668 ], [ 73.285511434409884, 22.515959518495485 ] ] ] } },
{ "type": "Feature", "properties": { "FeatureID": "280", "HA_Area": 100.0, "OBJECTID_1": 1108, "Join_Count": 1, "TARGET_FID": 1107, "Id": 0, "Slope_Max": 4.63546, "nor_score": 0.067081317353599998, "oneminus": 0.93291868264599997, "Shape_Leng": 4000.0, "Shape_Area": 1000000.0 }, "geometry": { "type": "Polygon", "coordinates": [ [ [ 73.188087209222147, 22.532954062894952 ], [ 73.178367404146215, 22.532844307372844 ], [ 73.178248910841404, 22.541873689680077 ], [ 73.187969347324284, 22.541983493907523 ], [ 73.188087209222147, 22.532954062894952 ] ] ] } },
{ "type": "Feature", "properties": { "FeatureID": "281", "HA_Area": 100.0, "OBJECTID_1": 1125, "Join_Count": 1, "TARGET_FID": 1124, "Id": 0, "Slope_Max": 3.74008, "nor_score": 0.054123971893500003, "oneminus": 0.945876028107, "Shape_Leng": 4000.0, "Shape_Area": 1000000.0 }, "geometry": { "type": "Polygon", "coordinates": [ [ [ 73.353332824969499, 22.534730159751913 ], [ 73.343612042319137, 22.534630376763683 ], [ 73.343504285244677, 22.543660551670012 ], [ 73.353225699586289, 22.543760378939261 ], [ 73.353332824969499, 22.534730159751913 ] ] ] } },
{ "type": "Feature", "properties": { "FeatureID": "282", "HA_Area": 100.0, "OBJECTID_1": 1659, "Join_Count": 1, "TARGET_FID": 1658, "Id": 0, "Slope_Max": 5.01216, "nor_score": 0.072532670126799995, "oneminus": 0.92746732987299996, "Shape_Leng": 4000.0, "Shape_Area": 1000000.0 }, "geometry": { "type": "Polygon", "coordinates": [ [ [ 73.196514248720575, 22.632386916468633 ], [ 73.186787420184018, 22.632277214218227 ], [ 73.18666889626806, 22.641306527190853 ], [ 73.196396359773857, 22.641416277953752 ], [ 73.196514248720575, 22.632386916468633 ] ] ] } },
{ "type": "Feature", "properties": { "FeatureID": "283", "HA_Area": 100.0, "OBJECTID_1": 1363, "Join_Count": 1, "TARGET_FID": 1362, "Id": 0, "Slope_Max": 6.7408, "nor_score": 0.097548408859799998, "oneminus": 0.90245159113999995, "Shape_Leng": 4000.0, "Shape_Area": 1000000.0 }, "geometry": { "type": "Polygon", "coordinates": [ [ [ 73.236113021290237, 22.578642288956022 ], [ 73.226389758353321, 22.578535229022691 ], [ 73.22627412804249, 22.587564798773794 ], [ 73.235998024082875, 22.587671906141324 ], [ 73.236113021290237, 22.578642288956022 ] ] ] } },
{ "type": "Feature", "properties": { "FeatureID": "284", "HA_Area": 100.0, "OBJECTID_1": 1625, "Join_Count": 1, "TARGET_FID": 1624, "Id": 0, "Slope_Max": 6.03471, "nor_score": 0.087330340618000005, "oneminus": 0.91266965938199995, "Shape_Leng": 4000.0, "Shape_Area": 1000000.0 }, "geometry": { "type": "Polygon", "coordinates": [ [ [ 73.342531997088642, 22.624931647529575 ], [ 73.342423689834547, 22.633961716084436 ], [ 73.352151438812129, 22.634061986471341 ], [ 73.352259111151113, 22.625031873579502 ], [ 73.342531997088642, 22.624931647529575 ] ] ] } },
{ "type": "Feature", "properties": { "FeatureID": "285", "HA_Area": 100.0, "OBJECTID_1": 1403, "Join_Count": 1, "TARGET_FID": 1402, "Id": 0, "Slope_Max": 6.82666, "nor_score": 0.0987909217846, "oneminus": 0.90120907821499996, "Shape_Leng": 4000.0, "Shape_Area": 1000000.0 }, "geometry": { "type": "Polygon", "coordinates": [ [ [ 73.138761752595556, 22.586574368604659 ], [ 73.12903846, 22.586461380652235 ], [ 73.128916437496812, 22.595490450972985 ], [ 73.138640363342276, 22.595603488969452 ], [ 73.138761752595556, 22.586574368604659 ] ] ] } },
{ "type": "Feature", "properties": { "FeatureID": "286", "HA_Area": 100.0, "OBJECTID_1": 1122, "Join_Count": 1, "TARGET_FID": 1121, "Id": 0, "Slope_Max": 5.97272, "nor_score": 0.086433265359199998, "oneminus": 0.91356673464100002, "Shape_Leng": 4000.0, "Shape_Area": 1000000.0 }, "geometry": { "type": "Polygon", "coordinates": [ [ [ 73.324170642130014, 22.534429050606285 ], [ 73.314450025234962, 22.534327507464379 ], [ 73.314340373183029, 22.543357547965833 ], [ 73.3240616217211, 22.543459136169673 ], [ 73.324170642130014, 22.534429050606285 ] ] ] } },
{ "type": "Feature", "properties": { "FeatureID": "287", "HA_Area": 100.0, "OBJECTID_1": 1056, "Join_Count": 1, "TARGET_FID": 1055, "Id": 0, "Slope_Max": 6.21687, "nor_score": 0.0899664385176, "oneminus": 0.91003356148199999, "Shape_Leng": 4000.0, "Shape_Area": 1000000.0 }, "geometry": { "type": "Polygon", "coordinates": [ [ [ 73.168766723442744, 22.523704621297053 ], [ 73.159047670538683, 22.523593742029867 ], [ 73.158927975516249, 22.532623036874298 ], [ 73.168647659470338, 22.532733965360979 ], [ 73.168766723442744, 22.523704621297053 ] ] ] } },
{ "type": "Feature", "properties": { "FeatureID": "288", "HA_Area": 100.0, "OBJECTID_1": 1401, "Join_Count": 1, "TARGET_FID": 1400, "Id": 0, "Slope_Max": 6.94959, "nor_score": 0.100569884362, "oneminus": 0.89943011563800002, "Shape_Leng": 4000.0, "Shape_Area": 1000000.0 }, "geometry": { "type": "Polygon", "coordinates": [ [ [ 73.119315229521106, 22.586347804724149 ], [ 73.109592061481109, 22.586233640835783 ], [ 73.10946877253258, 22.595262610287424 ], [ 73.119192573786151, 22.595376824740509 ], [ 73.119315229521106, 22.586347804724149 ] ] ] } },
{ "type": "Feature", "properties": { "FeatureID": "289", "HA_Area": 100.0, "OBJECTID_1": 1170, "Join_Count": 1, "TARGET_FID": 1169, "Id": 0, "Slope_Max": 3.28135, "nor_score": 0.047485530792599998, "oneminus": 0.952514469207, "Shape_Leng": 4000.0, "Shape_Area": 1000000.0 }, "geometry": { "type": "Polygon", "coordinates": [ [ [ 73.304619180556671, 22.543255372811199 ], [ 73.294898044163972, 22.543152610719602 ], [ 73.294787072319281, 22.552182549668295 ], [ 73.304508840644317, 22.552285357348143 ], [ 73.304619180556671, 22.543255372811199 ] ] ] } },
{ "type": "Feature", "properties": { "FeatureID": "290", "HA_Area": 100.0, "OBJECTID_1": 1156, "Join_Count": 1, "TARGET_FID": 1155, "Id": 0, "Slope_Max": 7.54004, "nor_score": 0.109114484454, "oneminus": 0.89088551554600004, "Shape_Leng": 4000.0, "Shape_Area": 1000000.0 }, "geometry": { "type": "Polygon", "coordinates": [ [ [ 73.168528534776186, 22.541763298702698 ], [ 73.158808219450378, 22.541652320990323 ], [ 73.158688402323349, 22.550681594374435 ], [ 73.16840934934261, 22.550792621318703 ], [ 73.168528534776186, 22.541763298702698 ] ] ] } },
{ "type": "Feature", "properties": { "FeatureID": "291", "HA_Area": 100.0, "OBJECTID_1": 1656, "Join_Count": 1, "TARGET_FID": 1655, "Id": 0, "Slope_Max": 6.20832, "nor_score": 0.089842713041100003, "oneminus": 0.910157286959, "Shape_Leng": 4000.0, "Shape_Area": 1000000.0 }, "geometry": { "type": "Polygon", "coordinates": [ [ [ 73.167333944247261, 22.632056041626743 ], [ 73.15760729749249, 22.631944571315628 ], [ 73.157486868774825, 22.64097373718748 ], [ 73.167214150445744, 22.641085256792728 ], [ 73.167333944247261, 22.632056041626743 ] ] ] } },
{ "type": "Feature", "properties": { "FeatureID": "292", "HA_Area": 100.0, "OBJECTID_1": 1310, "Join_Count": 1, "TARGET_FID": 1309, "Id": 0, "Slope_Max": 4.5657, "nor_score": 0.066071798891299993, "oneminus": 0.93392820110899999, "Shape_Leng": 4000.0, "Shape_Area": 1000000.0 }, "geometry": { "type": "Polygon", "coordinates": [ [ [ 73.207060246377836, 22.569289860759802 ], [ 73.197337793768511, 22.569181085485482 ], [ 73.197220324094317, 22.578210522092991 ], [ 73.20694340943318, 22.57831934557656 ], [ 73.207060246377836, 22.569289860759802 ] ] ] } },
{ "type": "Feature", "properties": { "FeatureID": "293", "HA_Area": 100.0, "OBJECTID_1": 1574, "Join_Count": 1, "TARGET_FID": 1573, "Id": 0, "Slope_Max": 4.91531, "nor_score": 0.0711311220065, "oneminus": 0.928868877993, "Shape_Leng": 4000.0, "Shape_Area": 1000000.0 }, "geometry": { "type": "Polygon", "coordinates": [ [ [ 73.342531997088642, 22.624931647529575 ], [ 73.342640249252582, 22.615901568324077 ], [ 73.332913824856504, 22.615800797530017 ], [ 73.332804938116325, 22.624830832143545 ], [ 73.342531997088642, 22.624931647529575 ] ] ] } },
{ "type": "Feature", "properties": { "FeatureID": "294", "HA_Area": 100.0, "OBJECTID_1": 1765, "Join_Count": 1, "TARGET_FID": 1764, "Id": 0, "Slope_Max": 20.3407, "nor_score": 0.29435719246600001, "oneminus": 0.70564280753399999, "Shape_Leng": 4000.0, "Shape_Area": 1000000.0 }, "geometry": { "type": "Polygon", "coordinates": [ [ [ 73.244919798144437, 22.650985776237725 ], [ 73.244804967584074, 22.660015354942221 ], [ 73.254534057157628, 22.660121661536969 ], [ 73.254648251999271, 22.651092035871574 ], [ 73.244919798144437, 22.650985776237725 ] ] ] } },
{ "type": "Feature", "properties": { "FeatureID": "295", "HA_Area": 100.0, "OBJECTID_1": 1675, "Join_Count": 1, "TARGET_FID": 1674, "Id": 0, "Slope_Max": 8.60715, "nor_score": 0.124556997223, "oneminus": 0.87544300277700005, "Shape_Leng": 4000.0, "Shape_Area": 1000000.0 }, "geometry": { "type": "Polygon", "coordinates": [ [ [ 73.352151438812129, 22.634061986471341 ], [ 73.342423689834547, 22.633961716084436 ], [ 73.342315327474196, 22.642991773985237 ], [ 73.352043711689802, 22.643092088714727 ], [ 73.352151438812129, 22.634061986471341 ] ] ] } },
{ "type": "Feature", "properties": { "FeatureID": "296", "HA_Area": 100.0, "OBJECTID_1": 1421, "Join_Count": 1, "TARGET_FID": 1420, "Id": 0, "Slope_Max": 8.67981, "nor_score": 0.12560847746000001, "oneminus": 0.87439152253999997, "Shape_Leng": 4000.0, "Shape_Area": 1000000.0 }, "geometry": { "type": "Polygon", "coordinates": [ [ [ 73.313791273921879, 22.588507590855201 ], [ 73.30406691833096, 22.588405189003716 ], [ 73.303956297004689, 22.597435120277261 ], [ 73.313681286155344, 22.597537567485301 ], [ 73.313791273921879, 22.588507590855201 ] ] ] } },
{ "type": "Feature", "properties": { "FeatureID": "297", "HA_Area": 100.0, "OBJECTID_1": 1601, "Join_Count": 1, "TARGET_FID": 1600, "Id": 0, "Slope_Max": 9.12573, "nor_score": 0.13206153736099999, "oneminus": 0.86793846263899999, "Shape_Leng": 4000.0, "Shape_Area": 1000000.0 }, "geometry": { "type": "Polygon", "coordinates": [ [ [ 73.118824231766013, 22.622463820106212 ], [ 73.10909852893775, 22.622349453920609 ], [ 73.108974988762029, 22.631378380212677 ], [ 73.118701326093472, 22.631492796988585 ], [ 73.118824231766013, 22.622463820106212 ] ] ] } },
{ "type": "Feature", "properties": { "FeatureID": "298", "HA_Area": 100.0, "OBJECTID_1": 1168, "Join_Count": 1, "TARGET_FID": 1167, "Id": 0, "Slope_Max": 5.0015, "nor_score": 0.072378410058399997, "oneminus": 0.92762158994199995, "Shape_Leng": 4000.0, "Shape_Area": 1000000.0 }, "geometry": { "type": "Polygon", "coordinates": [ [ [ 73.285176964326837, 22.54304926170494 ], [ 73.275455941367156, 22.542945325781226 ], [ 73.275343705707257, 22.551975172772497 ], [ 73.285065360566264, 22.552079154805078 ], [ 73.285176964326837, 22.54304926170494 ] ] ] } },
{ "type": "Feature", "properties": { "FeatureID": "299", "HA_Area": 100.0, "OBJECTID_1": 1954, "Join_Count": 1, "TARGET_FID": 1953, "Id": 0, "Slope_Max": 4.63546, "nor_score": 0.067081317353599998, "oneminus": 0.93291868264599997, "Shape_Leng": 4000.0, "Shape_Area": 1000000.0 }, "geometry": { "type": "Polygon", "coordinates": [ [ [ 73.147153406221676, 22.686007047862045 ], [ 73.137423068143164, 22.685894099933321 ], [ 73.137300997958988, 22.694923101684051 ], [ 73.147031972855771, 22.695036099465867 ], [ 73.147153406221676, 22.686007047862045 ] ] ] } },
{ "type": "Feature", "properties": { "FeatureID": "300", "HA_Area": 100.0, "OBJECTID_1": 1460, "Join_Count": 1, "TARGET_FID": 1459, "Id": 0, "Slope_Max": 8.69787, "nor_score": 0.125869839766, "oneminus": 0.87413016023400003, "Shape_Leng": 4000.0, "Shape_Area": 1000000.0 }, "geometry": { "type": "Polygon", "coordinates": [ [ [ 73.206709556961926, 22.596378283060975 ], [ 73.196985205197365, 22.596269363140646 ], [ 73.196867555939718, 22.605298767573796 ], [ 73.206592541400624, 22.605407735721645 ], [ 73.206709556961926, 22.596378283060975 ] ] ] } },
{ "type": "Feature", "properties": { "FeatureID": "301", "HA_Area": 100.0, "OBJECTID_1": 1418, "Join_Count": 1, "TARGET_FID": 1417, "Id": 0, "Slope_Max": 4.4107, "nor_score": 0.063828738118799994, "oneminus": 0.93617126188099997, "Shape_Leng": 4000.0, "Shape_Area": 1000000.0 }, "geometry": { "type": "Polygon", "coordinates": [ [ [ 73.28461837641818, 22.588198620598039 ], [ 73.27489419074108, 22.588094454071832 ], [ 73.274781668834535, 22.597124247712884 ], [ 73.284506488021833, 22.59722846037706 ], [ 73.28461837641818, 22.588198620598039 ] ] ] } },
{ "type": "Feature", "properties": { "FeatureID": "302", "HA_Area": 100.0, "OBJECTID_1": 1222, "Join_Count": 1, "TARGET_FID": 1221, "Id": 0, "Slope_Max": 3.66765, "nor_score": 0.053075810783700002, "oneminus": 0.94692418921599997, "Shape_Leng": 4000.0, "Shape_Area": 1000000.0 }, "geometry": { "type": "Polygon", "coordinates": [ [ [ 73.323952545722392, 22.552489211102156 ], [ 73.314230665219355, 22.552387577830711 ], [ 73.314120901327684, 22.561417597055542 ], [ 73.323843414117718, 22.561519275400276 ], [ 73.323952545722392, 22.552489211102156 ] ] ] } },
{ "type": "Feature", "properties": { "FeatureID": "303", "HA_Area": 100.0, "OBJECTID_1": 1120, "Join_Count": 1, "TARGET_FID": 1119, "Id": 0, "Slope_Max": 3.74008, "nor_score": 0.054123971893500003, "oneminus": 0.945876028107, "Shape_Leng": 4000.0, "Shape_Area": 1000000.0 }, "geometry": { "type": "Polygon", "coordinates": [ [ [ 73.304729464235379, 22.534225377631966 ], [ 73.295008959453099, 22.534122661122865 ], [ 73.294898044163972, 22.543152610719602 ], [ 73.304619180556671, 22.543255372811199 ], [ 73.304729464235379, 22.534225377631966 ] ] ] } },
{ "type": "Feature", "properties": { "FeatureID": "304", "HA_Area": 100.0, "OBJECTID_1": 1714, "Join_Count": 1, "TARGET_FID": 1713, "Id": 0, "Slope_Max": 16.0079, "nor_score": 0.23165577078, "oneminus": 0.76834422922000001, "Shape_Leng": 4000.0, "Shape_Area": 1000000.0 }, "geometry": { "type": "Polygon", "coordinates": [ [ [ 73.244919798144437, 22.650985776237725 ], [ 73.24503457033606, 22.641956186814262 ], [ 73.235306810228678, 22.641849384418258 ], [ 73.235191402658387, 22.650878926626135 ], [ 73.244919798144437, 22.650985776237725 ] ] ] } },
{ "type": "Feature", "properties": { "FeatureID": "305", "HA_Area": 100.0, "OBJECTID_1": 1567, "Join_Count": 1, "TARGET_FID": 1566, "Id": 0, "Slope_Max": 8.47841, "nor_score": 0.122693952386, "oneminus": 0.877306047614, "Shape_Leng": 4000.0, "Shape_Area": 1000000.0 }, "geometry": { "type": "Polygon", "coordinates": [ [ [ 73.274556453106641, 22.615183802950181 ], [ 73.264830423264343, 22.615078909014304 ], [ 73.264717094948452, 22.624108624187585 ], [ 73.274443759251838, 22.624213564539495 ], [ 73.274556453106641, 22.615183802950181 ] ] ] } },
{ "type": "Feature", "properties": { "FeatureID": "306", "HA_Area": 100.0, "OBJECTID_1": 1721, "Join_Count": 1, "TARGET_FID": 1720, "Id": 0, "Slope_Max": 8.77569, "nor_score": 0.12699599692, "oneminus": 0.87300400308000004, "Shape_Leng": 4000.0, "Shape_Area": 1000000.0 }, "geometry": { "type": "Polygon", "coordinates": [ [ [ 73.313130506853312, 22.642687290706974 ], [ 73.303402345064939, 22.642584616630138 ], [ 73.30329138550016, 22.651614483873558 ], [ 73.31302018278457, 22.651717203341391 ], [ 73.313130506853312, 22.642687290706974 ] ] ] } },
{ "type": "Feature", "properties": { "FeatureID": "307", "HA_Area": 100.0, "OBJECTID_1": 1451, "Join_Count": 1, "TARGET_FID": 1450, "Id": 0, "Slope_Max": 6.87303, "nor_score": 0.099461958257399993, "oneminus": 0.90053804174300001, "Shape_Leng": 4000.0, "Shape_Area": 1000000.0 }, "geometry": { "type": "Polygon", "coordinates": [ [ [ 73.119192573786151, 22.595376824740509 ], [ 73.10946877253258, 22.595262610287424 ], [ 73.109345420804701, 22.604291568954455 ], [ 73.119069855594134, 22.604405833978653 ], [ 73.119192573786151, 22.595376824740509 ] ] ] } },
{ "type": "Feature", "properties": { "FeatureID": "308", "HA_Area": 100.0, "OBJECTID_1": 1023, "Join_Count": 1, "TARGET_FID": 1022, "Id": 0, "Slope_Max": 3.37813, "nor_score": 0.048886067993700003, "oneminus": 0.95111393200600003, "Shape_Leng": 4000.0, "Shape_Area": 1000000.0 }, "geometry": { "type": "Polygon", "coordinates": [ [ [ 73.334107926358854, 22.516469714451947 ], [ 73.324388516243104, 22.516368847600621 ], [ 73.324279606965291, 22.525398954415451 ], [ 73.333999648096636, 22.525499866057121 ], [ 73.334107926358854, 22.516469714451947 ] ] ] } },
{ "type": "Feature", "properties": { "FeatureID": "309", "HA_Area": 100.0, "OBJECTID_1": 1322, "Join_Count": 1, "TARGET_FID": 1321, "Id": 0, "Slope_Max": 4.92617, "nor_score": 0.071288280273400007, "oneminus": 0.92871171972699995, "Shape_Leng": 4000.0, "Shape_Area": 1000000.0 }, "geometry": { "type": "Polygon", "coordinates": [ [ [ 73.323734226890892, 22.570549329060579 ], [ 73.314011081491756, 22.570447605636872 ], [ 73.313901205695245, 22.579477603571238 ], [ 73.323624984025713, 22.579579372079621 ], [ 73.323734226890892, 22.570549329060579 ] ] ] } },
{ "type": "Feature", "properties": { "FeatureID": "310", "HA_Area": 100.0, "OBJECTID_1": 1908, "Join_Count": 1, "TARGET_FID": 1907, "Id": 0, "Slope_Max": 5.3719, "nor_score": 0.077738593785599996, "oneminus": 0.92226140621399999, "Shape_Leng": 4000.0, "Shape_Area": 1000000.0 }, "geometry": { "type": "Polygon", "coordinates": [ [ [ 73.186194197539876, 22.67742367152751 ], [ 73.176464251287342, 22.677313135981517 ], [ 73.176344789184441, 22.686342346355808 ], [ 73.1860753720036, 22.686452930705769 ], [ 73.186194197539876, 22.67742367152751 ] ] ] } },
{ "type": "Feature", "properties": { "FeatureID": "311", "HA_Area": 100.0, "OBJECTID_1": 1953, "Join_Count": 1, "TARGET_FID": 1952, "Id": 0, "Slope_Max": 6.82666, "nor_score": 0.0987909217846, "oneminus": 0.90120907821499996, "Shape_Leng": 4000.0, "Shape_Area": 1000000.0 }, "geometry": { "type": "Polygon", "coordinates": [ [ [ 73.137423068143164, 22.685894099933321 ], [ 73.127692792057928, 22.685780561147986 ], [ 73.1275700850736, 22.694809512784904 ], [ 73.137300997958988, 22.694923101684051 ], [ 73.137423068143164, 22.685894099933321 ] ] ] } },
{ "type": "Feature", "properties": { "FeatureID": "312", "HA_Area": 100.0, "OBJECTID_1": 1474, "Join_Count": 1, "TARGET_FID": 1473, "Id": 0, "Slope_Max": 6.44328, "nor_score": 0.093242900288599995, "oneminus": 0.90675709971100005, "Shape_Leng": 4000.0, "Shape_Area": 1000000.0 }, "geometry": { "type": "Polygon", "coordinates": [ [ [ 73.342856588374246, 22.597841377974913 ], [ 73.333131432162617, 22.597740696347881 ], [ 73.333022656199873, 22.60677075226365 ], [ 73.342748446342441, 22.606871478471373 ], [ 73.342856588374246, 22.597841377974913 ] ] ] } },
{ "type": "Feature", "properties": { "FeatureID": "313", "HA_Area": 100.0, "OBJECTID_1": 1604, "Join_Count": 1, "TARGET_FID": 1603, "Id": 0, "Slope_Max": 7.05533, "nor_score": 0.102100077995, "oneminus": 0.89789992200500002, "Shape_Leng": 4000.0, "Shape_Area": 1000000.0 }, "geometry": { "type": "Polygon", "coordinates": [ [ [ 73.148001714030983, 22.622803384590583 ], [ 73.138275824635173, 22.622690785456573 ], [ 73.13815418802362, 22.631719862738141 ], [ 73.147880711977052, 22.631832511681033 ], [ 73.148001714030983, 22.622803384590583 ] ] ] } },
{ "type": "Feature", "properties": { "FeatureID": "314", "HA_Area": 100.0, "OBJECTID_1": 1220, "Join_Count": 1, "TARGET_FID": 1219, "Id": 0, "Slope_Max": 4.27508, "nor_score": 0.061866140160900002, "oneminus": 0.93813385983899999, "Shape_Leng": 4000.0, "Shape_Area": 1000000.0 }, "geometry": { "type": "Polygon", "coordinates": [ [ [ 73.304508840644317, 22.552285357348143 ], [ 73.294787072319281, 22.552182549668295 ], [ 73.294676043902555, 22.561212477965476 ], [ 73.304398444481933, 22.561315331239328 ], [ 73.304508840644317, 22.552285357348143 ] ] ] } },
{ "type": "Feature", "properties": { "FeatureID": "315", "HA_Area": 100.0, "OBJECTID_1": 1254, "Join_Count": 1, "TARGET_FID": 1253, "Id": 0, "Slope_Max": 6.92671, "nor_score": 0.100238778978, "oneminus": 0.89976122102199996, "Shape_Leng": 4000.0, "Shape_Area": 1000000.0 }, "geometry": { "type": "Polygon", "coordinates": [ [ [ 73.148847006179523, 22.559599193600313 ], [ 73.139125549660292, 22.55948694295223 ], [ 73.139004345736581, 22.568516095592525 ], [ 73.148726434557389, 22.568628396005455 ], [ 73.148847006179523, 22.559599193600313 ] ] ] } },
{ "type": "Feature", "properties": { "FeatureID": "316", "HA_Area": 100.0, "OBJECTID_1": 1206, "Join_Count": 1, "TARGET_FID": 1205, "Id": 0, "Slope_Max": 7.74002, "nor_score": 0.112008459921, "oneminus": 0.88799154007900005, "Shape_Leng": 4000.0, "Shape_Area": 1000000.0 }, "geometry": { "type": "Polygon", "coordinates": [ [ [ 73.168290103151932, 22.559821933205487 ], [ 73.16840934934261, 22.550792621318703 ], [ 73.158688402323349, 22.550681594374435 ], [ 73.158568524117371, 22.559710857023106 ], [ 73.168290103151932, 22.559821933205487 ] ] ] } },
{ "type": "Feature", "properties": { "FeatureID": "317", "HA_Area": 100.0, "OBJECTID_1": 1964, "Join_Count": 1, "TARGET_FID": 1963, "Id": 0, "Slope_Max": 3.83917, "nor_score": 0.055557934984499999, "oneminus": 0.94444206501500005, "Shape_Leng": 4000.0, "Shape_Area": 1000000.0 }, "geometry": { "type": "Polygon", "coordinates": [ [ [ 73.244460125519694, 22.687104026707068 ], [ 73.234729185288202, 22.68699698817327 ], [ 73.234613484087561, 22.696026476721592 ], [ 73.244345061313524, 22.696133562500929 ], [ 73.244460125519694, 22.687104026707068 ] ] ] } },
{ "type": "Feature", "properties": { "FeatureID": "318", "HA_Area": 100.0, "OBJECTID_1": 1470, "Join_Count": 1, "TARGET_FID": 1469, "Id": 0, "Slope_Max": 7.84137, "nor_score": 0.113475134703, "oneminus": 0.88652486529700003, "Shape_Leng": 4000.0, "Shape_Area": 1000000.0 }, "geometry": { "type": "Polygon", "coordinates": [ [ [ 73.303956297004689, 22.597435120277261 ], [ 73.294231364186032, 22.59733208456986 ], [ 73.294120052662009, 22.60636195955756 ], [ 73.303845619346447, 22.606465040887755 ], [ 73.303956297004689, 22.597435120277261 ] ] ] } },
{ "type": "Feature", "properties": { "FeatureID": "319", "HA_Area": 100.0, "OBJECTID_1": 1257, "Join_Count": 1, "TARGET_FID": 1256, "Id": 0, "Slope_Max": 10.2763, "nor_score": 0.14871183987600001, "oneminus": 0.85128816012399999, "Shape_Leng": 4000.0, "Shape_Area": 1000000.0 }, "geometry": { "type": "Polygon", "coordinates": [ [ [ 73.168290103151932, 22.559821933205487 ], [ 73.168170796186516, 22.568851234359528 ], [ 73.177893068350784, 22.568961772270505 ], [ 73.178011742961274, 22.55993242213242 ], [ 73.168290103151932, 22.559821933205487 ] ] ] } },
{ "type": "Feature", "properties": { "FeatureID": "320", "HA_Area": 100.0, "OBJECTID_1": 1457, "Join_Count": 1, "TARGET_FID": 1456, "Id": 0, "Slope_Max": 16.278, "nor_score": 0.23556447456599999, "oneminus": 0.76443552543399995, "Shape_Leng": 4000.0, "Shape_Area": 1000000.0 }, "geometry": { "type": "Polygon", "coordinates": [ [ [ 73.177536681626364, 22.596049758290384 ], [ 73.167812510464614, 22.595939073390184 ], [ 73.167692960223064, 22.604968331578227 ], [ 73.177417765028494, 22.605079065487207 ], [ 73.177536681626364, 22.596049758290384 ] ] ] } },
{ "type": "Feature", "properties": { "FeatureID": "321", "HA_Area": 100.0, "OBJECTID_1": 1409, "Join_Count": 1, "TARGET_FID": 1408, "Id": 0, "Slope_Max": 6.98755, "nor_score": 0.101119210296, "oneminus": 0.89888078970399998, "Shape_Leng": 4000.0, "Shape_Area": 1000000.0 }, "geometry": { "type": "Polygon", "coordinates": [ [ [ 73.197102794576423, 22.587239947979217 ], [ 73.187379136046971, 22.587130488199229 ], [ 73.187260913311391, 22.596159854878842 ], [ 73.196985205197365, 22.596269363140646 ], [ 73.197102794576423, 22.587239947979217 ] ] ] } },
{ "type": "Feature", "properties": { "FeatureID": "322", "HA_Area": 100.0, "OBJECTID_1": 1956, "Join_Count": 1, "TARGET_FID": 1955, "Id": 0, "Slope_Max": 5.57637, "nor_score": 0.080697544103899996, "oneminus": 0.91930245589600001, "Shape_Leng": 4000.0, "Shape_Area": 1000000.0 }, "geometry": { "type": "Polygon", "coordinates": [ [ [ 73.166614267065569, 22.686231171088473 ], [ 73.156883805970224, 22.686119404918834 ], [ 73.156763009440638, 22.695148506115036 ], [ 73.166494107390264, 22.69526032161632 ], [ 73.166614267065569, 22.686231171088473 ] ] ] } },
{ "type": "Feature", "properties": { "FeatureID": "323", "HA_Area": 100.0, "OBJECTID_1": 1608, "Join_Count": 1, "TARGET_FID": 1607, "Id": 0, "Slope_Max": 5.29188, "nor_score": 0.076580597851099996, "oneminus": 0.92341940214899998, "Shape_Leng": 4000.0, "Shape_Area": 1000000.0 }, "geometry": { "type": "Polygon", "coordinates": [ [ [ 73.186905883828729, 22.623247890497233 ], [ 73.177179750192309, 22.623137647645159 ], [ 73.177060651918666, 22.632166922599286 ], [ 73.186787420184018, 22.632277214218227 ], [ 73.186905883828729, 22.623247890497233 ] ] ] } },
{ "type": "Feature", "properties": { "FeatureID": "324", "HA_Area": 100.0, "OBJECTID_1": 1102, "Join_Count": 1, "TARGET_FID": 1101, "Id": 0, "Slope_Max": 6.08733, "nor_score": 0.088091821587199998, "oneminus": 0.91190817841299998, "Shape_Leng": 4000.0, "Shape_Area": 1000000.0 }, "geometry": { "type": "Polygon", "coordinates": [ [ [ 73.129769291201029, 22.532286732715885 ], [ 73.120049853350451, 22.532173458480859 ], [ 73.119927571976234, 22.541202543092481 ], [ 73.129647641126951, 22.541315867593834 ], [ 73.129769291201029, 22.532286732715885 ] ] ] } },
{ "type": "Feature", "properties": { "FeatureID": "325", "HA_Area": 100.0, "OBJECTID_1": 1003, "Join_Count": 1, "TARGET_FID": 1002, "Id": 0, "Slope_Max": 17.324, "nor_score": 0.25070148960600003, "oneminus": 0.74929851039399997, "Shape_Leng": 4000.0, "Shape_Area": 1000000.0 }, "geometry": { "type": "Polygon", "coordinates": [ [ [ 73.139730643529575, 22.514341018549164 ], [ 73.130012405342214, 22.5142284307219 ], [ 73.129890879266782, 22.523257587090733 ], [ 73.13960974812916, 22.523370224911581 ], [ 73.139730643529575, 22.514341018549164 ] ] ] } },
{ "type": "Feature", "properties": { "FeatureID": "326", "HA_Area": 100.0, "OBJECTID_1": 1266, "Join_Count": 1, "TARGET_FID": 1265, "Id": 0, "Slope_Max": 6.25095, "nor_score": 0.090459622205700002, "oneminus": 0.90954037779399999, "Shape_Leng": 4000.0, "Shape_Area": 1000000.0 }, "geometry": { "type": "Polygon", "coordinates": [ [ [ 73.265509182983678, 22.560900393537789 ], [ 73.255787010690739, 22.560795190573465 ], [ 73.2556733955455, 22.569824923212995 ], [ 73.26539620034842, 22.56993017281853 ], [ 73.265509182983678, 22.560900393537789 ] ] ] } },
{ "type": "Feature", "properties": { "FeatureID": "327", "HA_Area": 100.0, "OBJECTID_1": 1005, "Join_Count": 1, "TARGET_FID": 1004, "Id": 0, "Slope_Max": 5.82848, "nor_score": 0.084345913754399995, "oneminus": 0.91565408624599998, "Shape_Leng": 4000.0, "Shape_Area": 1000000.0 }, "geometry": { "type": "Polygon", "coordinates": [ [ [ 73.159167304535444, 22.514564436460542 ], [ 73.149448943367801, 22.514453020467094 ], [ 73.149328678660297, 22.523482276563012 ], [ 73.159047670538683, 22.523593742029867 ], [ 73.159167304535444, 22.514564436460542 ] ] ] } },
{ "type": "Feature", "properties": { "FeatureID": "328", "HA_Area": 100.0, "OBJECTID_1": 1713, "Join_Count": 1, "TARGET_FID": 1712, "Id": 0, "Slope_Max": 11.9384, "nor_score": 0.172764652139, "oneminus": 0.82723534786099995, "Shape_Leng": 4000.0, "Shape_Area": 1000000.0 }, "geometry": { "type": "Polygon", "coordinates": [ [ [ 73.235306810228678, 22.641849384418258 ], [ 73.225579108795912, 22.641741992319613 ], [ 73.225463065864076, 22.65077148705128 ], [ 73.235191402658387, 22.650878926626135 ], [ 73.235306810228678, 22.641849384418258 ] ] ] } },
{ "type": "Feature", "properties": { "FeatureID": "329", "HA_Area": 100.0, "OBJECTID_1": 1657, "Join_Count": 1, "TARGET_FID": 1656, "Id": 0, "Slope_Max": 7.3055, "nor_score": 0.105720376523, "oneminus": 0.89427962347699996, "Shape_Leng": 4000.0, "Shape_Area": 1000000.0 }, "geometry": { "type": "Polygon", "coordinates": [ [ [ 73.177060651918666, 22.632166922599286 ], [ 73.167333944247261, 22.632056041626743 ], [ 73.167214150445744, 22.641085256792728 ], [ 73.176941493051075, 22.641196186798862 ], [ 73.177060651918666, 22.632166922599286 ] ] ] } },
{ "type": "Feature", "properties": { "FeatureID": "330", "HA_Area": 100.0, "OBJECTID_1": 1468, "Join_Count": 1, "TARGET_FID": 1467, "Id": 0, "Slope_Max": 4.3125, "nor_score": 0.062407654760099997, "oneminus": 0.93759234524000001, "Shape_Leng": 4000.0, "Shape_Area": 1000000.0 }, "geometry": { "type": "Polygon", "coordinates": [ [ [ 73.284506488021833, 22.59722846037706 ], [ 73.274781668834535, 22.597124247712884 ], [ 73.274669089628645, 22.60615403067349 ], [ 73.284394542648556, 22.60625828948146 ], [ 73.284506488021833, 22.59722846037706 ] ] ] } },
{ "type": "Feature", "properties": { "FeatureID": "331", "HA_Area": 100.0, "OBJECTID_1": 1762, "Join_Count": 1, "TARGET_FID": 1761, "Id": 0, "Slope_Max": 6.70929, "nor_score": 0.097092418719799997, "oneminus": 0.90290758128000004, "Shape_Leng": 4000.0, "Shape_Area": 1000000.0 }, "geometry": { "type": "Polygon", "coordinates": [ [ [ 73.225463065864076, 22.65077148705128 ], [ 73.215734788084461, 22.650663457527724 ], [ 73.215618050470638, 22.659692893785536 ], [ 73.225346963917502, 22.659800971051968 ], [ 73.225463065864076, 22.65077148705128 ] ] ] } },
{ "type": "Feature", "properties": { "FeatureID": "332", "HA_Area": 100.0, "OBJECTID_1": 1861, "Join_Count": 1, "TARGET_FID": 1860, "Id": 0, "Slope_Max": 5.128, "nor_score": 0.074209029574499999, "oneminus": 0.92579097042500003, "Shape_Leng": 4000.0, "Shape_Area": 1000000.0 }, "geometry": { "type": "Polygon", "coordinates": [ [ [ 73.215501253501827, 22.668722319302834 ], [ 73.205771763436985, 22.668613603832075 ], [ 73.205654270799741, 22.677642970589677 ], [ 73.215384397160662, 22.677751734076136 ], [ 73.215501253501827, 22.668722319302834 ] ] ] } },
{ "type": "Feature", "properties": { "FeatureID": "333", "HA_Area": 100.0, "OBJECTID_1": 1906, "Join_Count": 1, "TARGET_FID": 1905, "Id": 0, "Slope_Max": 5.65227, "nor_score": 0.081795919953800006, "oneminus": 0.91820408004599996, "Shape_Leng": 4000.0, "Shape_Area": 1000000.0 }, "geometry": { "type": "Polygon", "coordinates": [ [ [ 73.166734365717332, 22.677202009778863 ], [ 73.157004541153015, 22.677090292934615 ], [ 73.156883805970224, 22.686119404918834 ], [ 73.166614267065569, 22.686231171088473 ], [ 73.166734365717332, 22.677202009778863 ] ] ] } },
{ "type": "Feature", "properties": { "FeatureID": "334", "HA_Area": 100.0, "OBJECTID_1": 1405, "Join_Count": 1, "TARGET_FID": 1404, "Id": 0, "Slope_Max": 15.7197, "nor_score": 0.22748512504900001, "oneminus": 0.77251487495100002, "Shape_Leng": 4000.0, "Shape_Area": 1000000.0 }, "geometry": { "type": "Polygon", "coordinates": [ [ [ 73.158208522848057, 22.586798580521414 ], [ 73.148485106985646, 22.586686768566121 ], [ 73.148364351000268, 22.595715938714612 ], [ 73.158088400148472, 22.595827800193245 ], [ 73.158208522848057, 22.586798580521414 ] ] ] } },
{ "type": "Feature", "properties": { "FeatureID": "335", "HA_Area": 100.0, "OBJECTID_1": 1315, "Join_Count": 1, "TARGET_FID": 1314, "Id": 0, "Slope_Max": 6.47612, "nor_score": 0.093718135847099995, "oneminus": 0.90628186415300005, "Shape_Leng": 4000.0, "Shape_Area": 1000000.0 }, "geometry": { "type": "Polygon", "coordinates": [ [ [ 73.24595064863621, 22.569719085959903 ], [ 73.24583634278207, 22.578748761010175 ], [ 73.255559722506618, 22.578854645170733 ], [ 73.2556733955455, 22.569824923212995 ], [ 73.24595064863621, 22.569719085959903 ] ] ] } },
{ "type": "Feature", "properties": { "FeatureID": "336", "HA_Area": 100.0, "OBJECTID_1": 1914, "Join_Count": 1, "TARGET_FID": 1913, "Id": 0, "Slope_Max": 4.45897, "nor_score": 0.0645272729756, "oneminus": 0.93547272702399997, "Shape_Leng": 4000.0, "Shape_Area": 1000000.0 }, "geometry": { "type": "Polygon", "coordinates": [ [ [ 73.244575131288769, 22.678074480180356 ], [ 73.234844827728438, 22.677967488886097 ], [ 73.234729185288202, 22.68699698817327 ], [ 73.244460125519694, 22.687104026707068 ], [ 73.244575131288769, 22.678074480180356 ] ] ] } },
{ "type": "Feature", "properties": { "FeatureID": "337", "HA_Area": 100.0, "OBJECTID_1": 1165, "Join_Count": 1, "TARGET_FID": 1164, "Id": 0, "Slope_Max": 3.74008, "nor_score": 0.054123971893500003, "oneminus": 0.945876028107, "Shape_Leng": 4000.0, "Shape_Area": 1000000.0 }, "geometry": { "type": "Polygon", "coordinates": [ [ [ 73.256014067367744, 22.542735693262944 ], [ 73.246293216971765, 22.542629996696771 ], [ 73.246179085714104, 22.551659703799722 ], [ 73.255900567959216, 22.551765447255622 ], [ 73.256014067367744, 22.542735693262944 ] ] ] } },
{ "type": "Feature", "properties": { "FeatureID": "338", "HA_Area": 100.0, "OBJECTID_1": 1314, "Join_Count": 1, "TARGET_FID": 1313, "Id": 0, "Slope_Max": 4.5657, "nor_score": 0.066071798891299993, "oneminus": 0.93392820110899999, "Shape_Leng": 4000.0, "Shape_Area": 1000000.0 }, "geometry": { "type": "Polygon", "coordinates": [ [ [ 73.24595064863621, 22.569719085959903 ], [ 73.236227959942667, 22.569612661073595 ], [ 73.236113021290237, 22.578642288956022 ], [ 73.24583634278207, 22.578748761010175 ], [ 73.24595064863621, 22.569719085959903 ] ] ] } },
{ "type": "Feature", "properties": { "FeatureID": "339", "HA_Area": 100.0, "OBJECTID_1": 1857, "Join_Count": 1, "TARGET_FID": 1856, "Id": 0, "Slope_Max": 6.62185, "nor_score": 0.095827044528800004, "oneminus": 0.90417295547099996, "Shape_Leng": 4000.0, "Shape_Area": 1000000.0 }, "geometry": { "type": "Polygon", "coordinates": [ [ [ 73.166854403363402, 22.668172837690992 ], [ 73.166734365717332, 22.677202009778863 ], [ 73.176464251287342, 22.677313135981517 ], [ 73.17658365270772, 22.668283914835186 ], [ 73.166854403363402, 22.668172837690992 ] ] ] } },
{ "type": "Feature", "properties": { "FeatureID": "340", "HA_Area": 100.0, "OBJECTID_1": 1208, "Join_Count": 1, "TARGET_FID": 1207, "Id": 0, "Slope_Max": 5.90105, "nor_score": 0.085396103603100001, "oneminus": 0.91460389639700002, "Shape_Leng": 4000.0, "Shape_Area": 1000000.0 }, "geometry": { "type": "Polygon", "coordinates": [ [ [ 73.187851425330535, 22.551012914206687 ], [ 73.178130357118945, 22.550903061267778 ], [ 73.178011742961274, 22.55993242213242 ], [ 73.187733443223422, 22.560042323788942 ], [ 73.187851425330535, 22.551012914206687 ] ] ] } },
{ "type": "Feature", "properties": { "FeatureID": "341", "HA_Area": 100.0, "OBJECTID_1": 1465, "Join_Count": 1, "TARGET_FID": 1464, "Id": 0, "Slope_Max": 4.3125, "nor_score": 0.062407654760099997, "oneminus": 0.93759234524000001, "Shape_Leng": 4000.0, "Shape_Area": 1000000.0 }, "geometry": { "type": "Polygon", "coordinates": [ [ [ 73.245493075755476, 22.605837722 ], [ 73.255218355859569, 22.605943746918513 ], [ 73.255332202680549, 22.596914057026972 ], [ 73.245607556358692, 22.596808079033696 ], [ 73.245493075755476, 22.605837722 ] ] ] } },
{ "type": "Feature", "properties": { "FeatureID": "342", "HA_Area": 100.0, "OBJECTID_1": 1856, "Join_Count": 1, "TARGET_FID": 1855, "Id": 0, "Slope_Max": 4.77188, "nor_score": 0.069055501205300004, "oneminus": 0.93094449879499996, "Shape_Leng": 4000.0, "Shape_Area": 1000000.0 }, "geometry": { "type": "Polygon", "coordinates": [ [ [ 73.166854403363402, 22.668172837690992 ], [ 73.157125215006943, 22.668061170165867 ], [ 73.157004541153015, 22.677090292934615 ], [ 73.166734365717332, 22.677202009778863 ], [ 73.166854403363402, 22.668172837690992 ] ] ] } },
{ "type": "Feature", "properties": { "FeatureID": "343", "HA_Area": 100.0, "OBJECTID_1": 1256, "Join_Count": 1, "TARGET_FID": 1255, "Id": 0, "Slope_Max": 12.62, "nor_score": 0.1826283121, "oneminus": 0.8173716879, "Shape_Leng": 4000.0, "Shape_Area": 1000000.0 }, "geometry": { "type": "Polygon", "coordinates": [ [ [ 73.168290103151932, 22.559821933205487 ], [ 73.158568524117371, 22.559710857023106 ], [ 73.158448584814693, 22.568740108932833 ], [ 73.168170796186516, 22.568851234359528 ], [ 73.168290103151932, 22.559821933205487 ] ] ] } },
{ "type": "Feature", "properties": { "FeatureID": "344", "HA_Area": 100.0, "OBJECTID_1": 1514, "Join_Count": 1, "TARGET_FID": 1513, "Id": 0, "Slope_Max": 4.9586, "nor_score": 0.071757588325799995, "oneminus": 0.92824241167400001, "Shape_Leng": 4000.0, "Shape_Area": 1000000.0 }, "geometry": { "type": "Polygon", "coordinates": [ [ [ 73.245493075755476, 22.605837722 ], [ 73.235767853935059, 22.605731108406562 ], [ 73.235652680960456, 22.614760693479539 ], [ 73.245378536868628, 22.614867354264664 ], [ 73.245493075755476, 22.605837722 ] ] ] } },
{ "type": "Feature", "properties": { "FeatureID": "345", "HA_Area": 100.0, "OBJECTID_1": 1323, "Join_Count": 1, "TARGET_FID": 1322, "Id": 0, "Slope_Max": 4.45897, "nor_score": 0.0645272729756, "oneminus": 0.93547272702399997, "Shape_Leng": 4000.0, "Shape_Area": 1000000.0 }, "geometry": { "type": "Polygon", "coordinates": [ [ [ 73.33345742792838, 22.570650464738659 ], [ 73.323734226890892, 22.570549329060579 ], [ 73.323624984025713, 22.579579372079621 ], [ 73.333348818010734, 22.579680552581937 ], [ 73.33345742792838, 22.570650464738659 ] ] ] } },
{ "type": "Feature", "properties": { "FeatureID": "346", "HA_Area": 100.0, "OBJECTID_1": 1408, "Join_Count": 1, "TARGET_FID": 1407, "Id": 0, "Slope_Max": 7.62346, "nor_score": 0.11032168075899999, "oneminus": 0.88967831924100005, "Shape_Leng": 4000.0, "Shape_Area": 1000000.0 }, "geometry": { "type": "Polygon", "coordinates": [ [ [ 73.187379136046971, 22.587130488199229 ], [ 73.177655537700943, 22.587020440352987 ], [ 73.177536681626364, 22.596049758290384 ], [ 73.187260913311391, 22.596159854878842 ], [ 73.187379136046971, 22.587130488199229 ] ] ] } },
{ "type": "Feature", "properties": { "FeatureID": "347", "HA_Area": 100.0, "OBJECTID_1": 1664, "Join_Count": 1, "TARGET_FID": 1663, "Id": 0, "Slope_Max": 14.6535, "nor_score": 0.21205577838100001, "oneminus": 0.78794422161900002, "Shape_Leng": 4000.0, "Shape_Area": 1000000.0 }, "geometry": { "type": "Polygon", "coordinates": [ [ [ 73.245149284175923, 22.632926586675261 ], [ 73.235422159124383, 22.63281983148886 ], [ 73.235306810228678, 22.641849384418258 ], [ 73.24503457033606, 22.641956186814262 ], [ 73.245149284175923, 22.632926586675261 ] ] ] } },
{ "type": "Feature", "properties": { "FeatureID": "348", "HA_Area": 100.0, "OBJECTID_1": 1012, "Join_Count": 1, "TARGET_FID": 1011, "Id": 0, "Slope_Max": 5.82848, "nor_score": 0.084345913754399995, "oneminus": 0.91565408624599998, "Shape_Leng": 4000.0, "Shape_Area": 1000000.0 }, "geometry": { "type": "Polygon", "coordinates": [ [ [ 73.227197522928151, 22.515327941272652 ], [ 73.217478741456233, 22.515220627168311 ], [ 73.217362892092964, 22.524250224115573 ], [ 73.227082304397754, 22.524357585872426 ], [ 73.227197522928151, 22.515327941272652 ] ] ] } },
{ "type": "Feature", "properties": { "FeatureID": "349", "HA_Area": 100.0, "OBJECTID_1": 1969, "Join_Count": 1, "TARGET_FID": 1968, "Id": 0, "Slope_Max": 5.3719, "nor_score": 0.077738593785599996, "oneminus": 0.92226140621399999, "Shape_Leng": 4000.0, "Shape_Area": 1000000.0 }, "geometry": { "type": "Polygon", "coordinates": [ [ [ 73.293115696765724, 22.687630353779646 ], [ 73.283384467582621, 22.687526270492349 ], [ 73.283271951524526, 22.696555992660304 ], [ 73.293003817786683, 22.696660121889067 ], [ 73.293115696765724, 22.687630353779646 ] ] ] } },
{ "type": "Feature", "properties": { "FeatureID": "350", "HA_Area": 100.0, "OBJECTID_1": 1073, "Join_Count": 1, "TARGET_FID": 1072, "Id": 0, "Slope_Max": 6.62185, "nor_score": 0.095827044528800004, "oneminus": 0.90417295547099996, "Shape_Leng": 4000.0, "Shape_Area": 1000000.0 }, "geometry": { "type": "Polygon", "coordinates": [ [ [ 73.333999648096636, 22.525499866057121 ], [ 73.324279606965291, 22.525398954415451 ], [ 73.324170642130014, 22.534429050606285 ], [ 73.333891314598688, 22.534530007043944 ], [ 73.333999648096636, 22.525499866057121 ] ] ] } },
{ "type": "Feature", "properties": { "FeatureID": "351", "HA_Area": 100.0, "OBJECTID_1": 1666, "Join_Count": 1, "TARGET_FID": 1665, "Id": 0, "Slope_Max": 6.80336, "nor_score": 0.098453737084000001, "oneminus": 0.90154626291600004, "Shape_Leng": 4000.0, "Shape_Area": 1000000.0 }, "geometry": { "type": "Polygon", "coordinates": [ [ [ 73.264603708960294, 22.633138328664149 ], [ 73.25487646756217, 22.633032752405153 ], [ 73.254762388795143, 22.642062399493156 ], [ 73.264490265283058, 22.642168022440554 ], [ 73.264603708960294, 22.633138328664149 ] ] ] } },
{ "type": "Feature", "properties": { "FeatureID": "352", "HA_Area": 100.0, "OBJECTID_1": 1413, "Join_Count": 1, "TARGET_FID": 1412, "Id": 0, "Slope_Max": 5.65227, "nor_score": 0.081795919953800006, "oneminus": 0.91820408004599996, "Shape_Leng": 4000.0, "Shape_Area": 1000000.0 }, "geometry": { "type": "Polygon", "coordinates": [ [ [ 73.235998024082875, 22.587671906141324 ], [ 73.22627412804249, 22.587564798773794 ], [ 73.226158438837359, 22.596594357818283 ], [ 73.2358829683035, 22.596701512625994 ], [ 73.235998024082875, 22.587671906141324 ] ] ] } },
{ "type": "Feature", "properties": { "FeatureID": "353", "HA_Area": 100.0, "OBJECTID_1": 1774, "Join_Count": 1, "TARGET_FID": 1773, "Id": 0, "Slope_Max": 5.0015, "nor_score": 0.072378410058399997, "oneminus": 0.92762158994199995, "Shape_Leng": 4000.0, "Shape_Area": 1000000.0 }, "geometry": { "type": "Polygon", "coordinates": [ [ [ 73.342206909991503, 22.652021821228491 ], [ 73.332477945353304, 22.651920872032658 ], [ 73.332368836864177, 22.660950864000384 ], [ 73.342098437370367, 22.66105185781079 ], [ 73.342206909991503, 22.652021821228491 ] ] ] } },
{ "type": "Feature", "properties": { "FeatureID": "354", "HA_Area": 100.0, "OBJECTID_1": 1555, "Join_Count": 1, "TARGET_FID": 1554, "Id": 0, "Slope_Max": 5.60496, "nor_score": 0.081111282649200006, "oneminus": 0.91888871735099997, "Shape_Leng": 4000.0, "Shape_Area": 1000000.0 }, "geometry": { "type": "Polygon", "coordinates": [ [ [ 73.15784797122771, 22.613886207274433 ], [ 73.148122654540856, 22.613774246730351 ], [ 73.148001714030983, 22.622803384590583 ], [ 73.157727664970835, 22.622915394676781 ], [ 73.15784797122771, 22.613886207274433 ] ] ] } },
{ "type": "Feature", "properties": { "FeatureID": "355", "HA_Area": 100.0, "OBJECTID_1": 1270, "Join_Count": 1, "TARGET_FID": 1269, "Id": 0, "Slope_Max": 3.66765, "nor_score": 0.053075810783700002, "oneminus": 0.94692418921599997, "Shape_Leng": 4000.0, "Shape_Area": 1000000.0 }, "geometry": { "type": "Polygon", "coordinates": [ [ [ 73.304398444481933, 22.561315331239328 ], [ 73.294676043902555, 22.561212477965476 ], [ 73.294564958897368, 22.570242395607686 ], [ 73.304287992053176, 22.570345294481285 ], [ 73.304398444481933, 22.561315331239328 ] ] ] } },
{ "type": "Feature", "properties": { "FeatureID": "356", "HA_Area": 100.0, "OBJECTID_1": 1161, "Join_Count": 1, "TARGET_FID": 1160, "Id": 0, "Slope_Max": 5.0015, "nor_score": 0.072378410058399997, "oneminus": 0.92762158994199995, "Shape_Leng": 4000.0, "Shape_Area": 1000000.0 }, "geometry": { "type": "Polygon", "coordinates": [ [ [ 73.217131016060947, 22.542309385942005 ], [ 73.207410400255839, 22.542201342053229 ], [ 73.207293741771849, 22.551230858994646 ], [ 73.217014989357835, 22.551338950814191 ], [ 73.217131016060947, 22.542309385942005 ] ] ] } },
{ "type": "Feature", "properties": { "FeatureID": "357", "HA_Area": 100.0, "OBJECTID_1": 1722, "Join_Count": 1, "TARGET_FID": 1721, "Id": 0, "Slope_Max": 7.16682, "nor_score": 0.103713491331, "oneminus": 0.89628650866899995, "Shape_Leng": 4000.0, "Shape_Area": 1000000.0 }, "geometry": { "type": "Polygon", "coordinates": [ [ [ 73.322858724732967, 22.642789374967652 ], [ 73.313130506853312, 22.642687290706974 ], [ 73.31302018278457, 22.651717203341391 ], [ 73.322749036176646, 22.651819332732366 ], [ 73.322858724732967, 22.642789374967652 ] ] ] } },
{ "type": "Feature", "properties": { "FeatureID": "358", "HA_Area": 100.0, "OBJECTID_1": 1159, "Join_Count": 1, "TARGET_FID": 1158, "Id": 0, "Slope_Max": 4.92617, "nor_score": 0.071288280273400007, "oneminus": 0.92871171972699995, "Shape_Leng": 4000.0, "Shape_Area": 1000000.0 }, "geometry": { "type": "Polygon", "coordinates": [ [ [ 73.197689843903021, 22.542092711370167 ], [ 73.187969347324284, 22.541983493907523 ], [ 73.187851425330535, 22.551012914206687 ], [ 73.197572553655462, 22.551122180120576 ], [ 73.197689843903021, 22.542092711370167 ] ] ] } },
{ "type": "Feature", "properties": { "FeatureID": "359", "HA_Area": 100.0, "OBJECTID_1": 1252, "Join_Count": 1, "TARGET_FID": 1251, "Id": 0, "Slope_Max": 6.82666, "nor_score": 0.0987909217846, "oneminus": 0.90120907821499996, "Shape_Leng": 4000.0, "Shape_Area": 1000000.0 }, "geometry": { "type": "Polygon", "coordinates": [ [ [ 73.129404154881641, 22.559374105094037 ], [ 73.119682822165444, 22.559260680041024 ], [ 73.119560353692577, 22.568289732370879 ], [ 73.129282318674299, 22.568403207709238 ], [ 73.129404154881641, 22.559374105094037 ] ] ] } },
{ "type": "Feature", "properties": { "FeatureID": "360", "HA_Area": 100.0, "OBJECTID_1": 1572, "Join_Count": 1, "TARGET_FID": 1571, "Id": 0, "Slope_Max": 4.69279, "nor_score": 0.067910961192700001, "oneminus": 0.932089038807, "Shape_Leng": 4000.0, "Shape_Area": 1000000.0 }, "geometry": { "type": "Polygon", "coordinates": [ [ [ 73.323187455857209, 22.61569943767411 ], [ 73.313461142577424, 22.615597488770081 ], [ 73.313350986733369, 22.624627433417864 ], [ 73.323077934556977, 22.62472942743506 ], [ 73.323187455857209, 22.61569943767411 ] ] ] } },
{ "type": "Feature", "properties": { "FeatureID": "361", "HA_Area": 100.0, "OBJECTID_1": 1609, "Join_Count": 1, "TARGET_FID": 1608, "Id": 0, "Slope_Max": 5.28179, "nor_score": 0.076434576947200003, "oneminus": 0.92356542305300005, "Shape_Leng": 4000.0, "Shape_Area": 1000000.0 }, "geometry": { "type": "Polygon", "coordinates": [ [ [ 73.196632077718803, 22.623357544241284 ], [ 73.186905883828729, 22.623247890497233 ], [ 73.186787420184018, 22.632277214218227 ], [ 73.196514248720575, 22.632386916468633 ], [ 73.196632077718803, 22.623357544241284 ] ] ] } },
{ "type": "Feature", "properties": { "FeatureID": "362", "HA_Area": 100.0, "OBJECTID_1": 1424, "Join_Count": 1, "TARGET_FID": 1423, "Id": 0, "Slope_Max": 10.8851, "nor_score": 0.15752199086099999, "oneminus": 0.84247800913899995, "Shape_Leng": 4000.0, "Shape_Area": 1000000.0 }, "geometry": { "type": "Polygon", "coordinates": [ [ [ 73.342964675364087, 22.588811266838125 ], [ 73.333240152760851, 22.58871062978616 ], [ 73.333131432162617, 22.597740696347881 ], [ 73.342856588374246, 22.597841377974913 ], [ 73.342964675364087, 22.588811266838125 ] ] ] } },
{ "type": "Feature", "properties": { "FeatureID": "363", "HA_Area": 100.0, "OBJECTID_1": 1425, "Join_Count": 1, "TARGET_FID": 1424, "Id": 0, "Slope_Max": 8.31609, "nor_score": 0.120344962456, "oneminus": 0.87965503754399998, "Shape_Leng": 4000.0, "Shape_Area": 1000000.0 }, "geometry": { "type": "Polygon", "coordinates": [ [ [ 73.342964675364087, 22.588811266838125 ], [ 73.342856588374246, 22.597841377974913 ], [ 73.35258179962787, 22.597941471047548 ], [ 73.352689252993258, 22.588911315596221 ], [ 73.342964675364087, 22.588811266838125 ] ] ] } },
{ "type": "Feature", "properties": { "FeatureID": "364", "HA_Area": 100.0, "OBJECTID_1": 1360, "Join_Count": 1, "TARGET_FID": 1359, "Id": 0, "Slope_Max": 4.63546, "nor_score": 0.067081317353599998, "oneminus": 0.93291868264599997, "Shape_Leng": 4000.0, "Shape_Area": 1000000.0 }, "geometry": { "type": "Polygon", "coordinates": [ [ [ 73.20694340943318, 22.57831934557656 ], [ 73.197220324094317, 22.578210522092991 ], [ 73.197102794576423, 22.587239947979217 ], [ 73.206826512966984, 22.587348819678116 ], [ 73.20694340943318, 22.57831934557656 ] ] ] } },
{ "type": "Feature", "properties": { "FeatureID": "365", "HA_Area": 100.0, "OBJECTID_1": 1763, "Join_Count": 1, "TARGET_FID": 1762, "Id": 0, "Slope_Max": 9.78057, "nor_score": 0.141537956592, "oneminus": 0.85846204340800003, "Shape_Leng": 4000.0, "Shape_Area": 1000000.0 }, "geometry": { "type": "Polygon", "coordinates": [ [ [ 73.225346963917502, 22.659800971051968 ], [ 73.235075936396356, 22.659908458109054 ], [ 73.235191402658387, 22.650878926626135 ], [ 73.225463065864076, 22.65077148705128 ], [ 73.225346963917502, 22.659800971051968 ] ] ] } },
{ "type": "Feature", "properties": { "FeatureID": "366", "HA_Area": 100.0, "OBJECTID_1": 1910, "Join_Count": 1, "TARGET_FID": 1909, "Id": 0, "Slope_Max": 3.96287, "nor_score": 0.057348038374899997, "oneminus": 0.94265196162499998, "Shape_Leng": 4000.0, "Shape_Area": 1000000.0 }, "geometry": { "type": "Polygon", "coordinates": [ [ [ 73.205654270799741, 22.677642970589677 ], [ 73.195924204151737, 22.67753361640186 ], [ 73.195806015199736, 22.686562924123375 ], [ 73.205536718449579, 22.686672326593712 ], [ 73.205654270799741, 22.677642970589677 ] ] ] } },
{ "type": "Feature", "properties": { "FeatureID": "367", "HA_Area": 100.0, "OBJECTID_1": 1173, "Join_Count": 1, "TARGET_FID": 1172, "Id": 0, "Slope_Max": 3.54866, "nor_score": 0.051353866813, "oneminus": 0.94864613318699997, "Shape_Leng": 4000.0, "Shape_Area": 1000000.0 }, "geometry": { "type": "Polygon", "coordinates": [ [ [ 73.333782925848965, 22.543560137408956 ], [ 73.3240616217211, 22.543459136169673 ], [ 73.323952545722392, 22.552489211102156 ], [ 73.333674481831395, 22.552590257148719 ], [ 73.333782925848965, 22.543560137408956 ] ] ] } },
{ "type": "Feature", "properties": { "FeatureID": "368", "HA_Area": 100.0, "OBJECTID_1": 1014, "Join_Count": 1, "TARGET_FID": 1013, "Id": 0, "Slope_Max": 5.01216, "nor_score": 0.072532670126799995, "oneminus": 0.92746732987299996, "Shape_Leng": 4000.0, "Shape_Area": 1000000.0 }, "geometry": { "type": "Polygon", "coordinates": [ [ [ 73.246635261822604, 22.515540811338262 ], [ 73.236916363157462, 22.51543466933412 ], [ 73.236801775477034, 22.524464361326238 ], [ 73.246521305009111, 22.52457055046256 ], [ 73.246635261822604, 22.515540811338262 ] ] ] } },
{ "type": "Feature", "properties": { "FeatureID": "369", "HA_Area": 100.0, "OBJECTID_1": 1157, "Join_Count": 1, "TARGET_FID": 1156, "Id": 0, "Slope_Max": 4.45897, "nor_score": 0.0645272729756, "oneminus": 0.93547272702399997, "Shape_Leng": 4000.0, "Shape_Area": 1000000.0 }, "geometry": { "type": "Polygon", "coordinates": [ [ [ 73.178248910841404, 22.541873689680077 ], [ 73.168528534776186, 22.541763298702698 ], [ 73.16840934934261, 22.550792621318703 ], [ 73.178130357118945, 22.550903061267778 ], [ 73.178248910841404, 22.541873689680077 ] ] ] } },
{ "type": "Feature", "properties": { "FeatureID": "370", "HA_Area": 100.0, "OBJECTID_1": 1671, "Join_Count": 1, "TARGET_FID": 1670, "Id": 0, "Slope_Max": 8.30346, "nor_score": 0.120162196535, "oneminus": 0.87983780346499996, "Shape_Leng": 4000.0, "Shape_Area": 1000000.0 }, "geometry": { "type": "Polygon", "coordinates": [ [ [ 73.313240774830803, 22.633657367397973 ], [ 73.303513248215495, 22.63355473870638 ], [ 73.303402345064939, 22.642584616630138 ], [ 73.313130506853312, 22.642687290706974 ], [ 73.313240774830803, 22.633657367397973 ] ] ] } },
{ "type": "Feature", "properties": { "FeatureID": "371", "HA_Area": 100.0, "OBJECTID_1": 1966, "Join_Count": 1, "TARGET_FID": 1965, "Id": 0, "Slope_Max": 18.0242, "nor_score": 0.26083433700899999, "oneminus": 0.73916566299099995, "Shape_Leng": 4000.0, "Shape_Area": 1000000.0 }, "geometry": { "type": "Polygon", "coordinates": [ [ [ 73.263922180970496, 22.687316330698437 ], [ 73.254191124188239, 22.687210474220269 ], [ 73.254076696993678, 22.696240056998864 ], [ 73.263808390804542, 22.696345960200965 ], [ 73.263922180970496, 22.687316330698437 ] ] ] } },
{ "type": "Feature", "properties": { "FeatureID": "372", "HA_Area": 100.0, "OBJECTID_1": 1205, "Join_Count": 1, "TARGET_FID": 1204, "Id": 0, "Slope_Max": 16.4874, "nor_score": 0.23859477577300001, "oneminus": 0.76140522422699997, "Shape_Leng": 4000.0, "Shape_Area": 1000000.0 }, "geometry": { "type": "Polygon", "coordinates": [ [ [ 73.158688402323349, 22.550681594374435 ], [ 73.148967516383024, 22.550569980449982 ], [ 73.148847006179523, 22.559599193600313 ], [ 73.158568524117371, 22.559710857023106 ], [ 73.158688402323349, 22.550681594374435 ] ] ] } },
{ "type": "Feature", "properties": { "FeatureID": "373", "HA_Area": 100.0, "OBJECTID_1": 1565, "Join_Count": 1, "TARGET_FID": 1564, "Id": 0, "Slope_Max": 5.90105, "nor_score": 0.085396103603100001, "oneminus": 0.91460389639700002, "Shape_Leng": 4000.0, "Shape_Area": 1000000.0 }, "geometry": { "type": "Polygon", "coordinates": [ [ [ 73.255104451077457, 22.614973426114368 ], [ 73.245378536868628, 22.614867354264664 ], [ 73.245263939681109, 22.623896975824241 ], [ 73.254990488317304, 22.624003094611073 ], [ 73.255104451077457, 22.614973426114368 ] ] ] } },
{ "type": "Feature", "properties": { "FeatureID": "374", "HA_Area": 100.0, "OBJECTID_1": 1711, "Join_Count": 1, "TARGET_FID": 1710, "Id": 0, "Slope_Max": 7.84137, "nor_score": 0.113475134703, "oneminus": 0.88652486529700003, "Shape_Leng": 4000.0, "Shape_Area": 1000000.0 }, "geometry": { "type": "Polygon", "coordinates": [ [ [ 73.215851466360618, 22.641634010532883 ], [ 73.206123883245667, 22.641525439072691 ], [ 73.206006569642511, 22.650554838070093 ], [ 73.215734788084461, 22.650663457527724 ], [ 73.215851466360618, 22.641634010532883 ] ] ] } },
{ "type": "Feature", "properties": { "FeatureID": "375", "HA_Area": 100.0, "OBJECTID_1": 1217, "Join_Count": 1, "TARGET_FID": 1216, "Id": 0, "Slope_Max": 3.74008, "nor_score": 0.054123971893500003, "oneminus": 0.945876028107, "Shape_Leng": 4000.0, "Shape_Area": 1000000.0 }, "geometry": { "type": "Polygon", "coordinates": [ [ [ 73.275343705707257, 22.551975172772497 ], [ 73.26562210806425, 22.551870603584629 ], [ 73.265509182983678, 22.560900393537789 ], [ 73.27523141283136, 22.561005009100665 ], [ 73.275343705707257, 22.551975172772497 ] ] ] } },
{ "type": "Feature", "properties": { "FeatureID": "376", "HA_Area": 100.0, "OBJECTID_1": 1665, "Join_Count": 1, "TARGET_FID": 1664, "Id": 0, "Slope_Max": 8.05962, "nor_score": 0.116633501783, "oneminus": 0.88336649821699997, "Shape_Leng": 4000.0, "Shape_Area": 1000000.0 }, "geometry": { "type": "Polygon", "coordinates": [ [ [ 73.25487646756217, 22.633032752405153 ], [ 73.245149284175923, 22.632926586675261 ], [ 73.24503457033606, 22.641956186814262 ], [ 73.254762388795143, 22.642062399493156 ], [ 73.25487646756217, 22.633032752405153 ] ] ] } },
{ "type": "Feature", "properties": { "FeatureID": "377", "HA_Area": 100.0, "OBJECTID_1": 1218, "Join_Count": 1, "TARGET_FID": 1217, "Id": 0, "Slope_Max": 4.00325, "nor_score": 0.057932394559199997, "oneminus": 0.94206760544099999, "Shape_Leng": 4000.0, "Shape_Area": 1000000.0 }, "geometry": { "type": "Polygon", "coordinates": [ [ [ 73.275343705707257, 22.551975172772497 ], [ 73.27523141283136, 22.561005009100665 ], [ 73.284953699911668, 22.561109037247924 ], [ 73.285065360566264, 22.552079154805078 ], [ 73.275343705707257, 22.551975172772497 ] ] ] } },
{ "type": "Feature", "properties": { "FeatureID": "378", "HA_Area": 100.0, "OBJECTID_1": 1551, "Join_Count": 1, "TARGET_FID": 1550, "Id": 0, "Slope_Max": 6.25095, "nor_score": 0.090459622205700002, "oneminus": 0.90954037779399999, "Shape_Leng": 4000.0, "Shape_Area": 1000000.0 }, "geometry": { "type": "Polygon", "coordinates": [ [ [ 73.118947074926822, 22.613434832435061 ], [ 73.109222006279197, 22.613320516833358 ], [ 73.10909852893775, 22.622349453920609 ], [ 73.118824231766013, 22.622463820106212 ], [ 73.118947074926822, 22.613434832435061 ] ] ] } },
{ "type": "Feature", "properties": { "FeatureID": "379", "HA_Area": 100.0, "OBJECTID_1": 1124, "Join_Count": 1, "TARGET_FID": 1123, "Id": 0, "Slope_Max": 4.77188, "nor_score": 0.069055501205300004, "oneminus": 0.93094449879499996, "Shape_Leng": 4000.0, "Shape_Area": 1000000.0 }, "geometry": { "type": "Polygon", "coordinates": [ [ [ 73.333782925848965, 22.543560137408956 ], [ 73.343504285244677, 22.543660551670012 ], [ 73.343612042319137, 22.534630376763683 ], [ 73.333891314598688, 22.534530007043944 ], [ 73.333782925848965, 22.543560137408956 ] ] ] } },
{ "type": "Feature", "properties": { "FeatureID": "380", "HA_Area": 100.0, "OBJECTID_1": 1813, "Join_Count": 1, "TARGET_FID": 1812, "Id": 0, "Slope_Max": 5.6334, "nor_score": 0.081522847545600005, "oneminus": 0.91847715245399997, "Shape_Leng": 4000.0, "Shape_Area": 1000000.0 }, "geometry": { "type": "Polygon", "coordinates": [ [ [ 73.235075936396356, 22.659908458109054 ], [ 73.225346963917502, 22.659800971051968 ], [ 73.225230802939009, 22.668830444318203 ], [ 73.234960411425433, 22.668937978863536 ], [ 73.235075936396356, 22.659908458109054 ] ] ] } },
{ "type": "Feature", "properties": { "FeatureID": "381", "HA_Area": 100.0, "OBJECTID_1": 1452, "Join_Count": 1, "TARGET_FID": 1451, "Id": 0, "Slope_Max": 11.0723, "nor_score": 0.160231019857, "oneminus": 0.83976898014300005, "Shape_Leng": 4000.0, "Shape_Area": 1000000.0 }, "geometry": { "type": "Polygon", "coordinates": [ [ [ 73.128916437496812, 22.595490450972985 ], [ 73.119192573786151, 22.595376824740509 ], [ 73.119069855594134, 22.604405833978653 ], [ 73.128794352858833, 22.604519510521872 ], [ 73.128916437496812, 22.595490450972985 ] ] ] } },
{ "type": "Feature", "properties": { "FeatureID": "382", "HA_Area": 100.0, "OBJECTID_1": 1025, "Join_Count": 1, "TARGET_FID": 1024, "Id": 0, "Slope_Max": 3.83917, "nor_score": 0.055557934984499999, "oneminus": 0.94444206501500005, "Shape_Leng": 4000.0, "Shape_Area": 1000000.0 }, "geometry": { "type": "Polygon", "coordinates": [ [ [ 73.353546911927694, 22.516669689548813 ], [ 73.343827391694276, 22.516569995105868 ], [ 73.343719744463684, 22.525600191241143 ], [ 73.353439895744685, 22.525699929953948 ], [ 73.353546911927694, 22.516669689548813 ] ] ] } },
{ "type": "Feature", "properties": { "FeatureID": "383", "HA_Area": 100.0, "OBJECTID_1": 1055, "Join_Count": 1, "TARGET_FID": 1054, "Id": 0, "Slope_Max": 7.57491, "nor_score": 0.109619102225, "oneminus": 0.89038089777499996, "Shape_Leng": 4000.0, "Shape_Area": 1000000.0 }, "geometry": { "type": "Polygon", "coordinates": [ [ [ 73.159047670538683, 22.523593742029867 ], [ 73.149328678660297, 22.523482276563012 ], [ 73.149208352605555, 22.53251152192782 ], [ 73.158927975516249, 22.532623036874298 ], [ 73.159047670538683, 22.523593742029867 ] ] ] } },
{ "type": "Feature", "properties": { "FeatureID": "384", "HA_Area": 100.0, "OBJECTID_1": 1301, "Join_Count": 1, "TARGET_FID": 1300, "Id": 0, "Slope_Max": 4.69279, "nor_score": 0.067910961192700001, "oneminus": 0.932089038807, "Shape_Leng": 4000.0, "Shape_Area": 1000000.0 }, "geometry": { "type": "Polygon", "coordinates": [ [ [ 73.119560353692577, 22.568289732370879 ], [ 73.109838451113347, 22.568175669592808 ], [ 73.109715287668607, 22.577204660603069 ], [ 73.11943782281719, 22.577318773933097 ], [ 73.119560353692577, 22.568289732370879 ] ] ] } },
{ "type": "Feature", "properties": { "FeatureID": "385", "HA_Area": 100.0, "OBJECTID_1": 1071, "Join_Count": 1, "TARGET_FID": 1070, "Id": 0, "Slope_Max": 3.98984, "nor_score": 0.057738332564000003, "oneminus": 0.94226166743600004, "Shape_Leng": 4000.0, "Shape_Area": 1000000.0 }, "geometry": { "type": "Polygon", "coordinates": [ [ [ 73.314559621391439, 22.525297456329799 ], [ 73.304839691696799, 22.525195371813886 ], [ 73.304729464235379, 22.534225377631966 ], [ 73.314450025234962, 22.534327507464379 ], [ 73.314559621391439, 22.525297456329799 ] ] ] } },
{ "type": "Feature", "properties": { "FeatureID": "386", "HA_Area": 100.0, "OBJECTID_1": 1209, "Join_Count": 1, "TARGET_FID": 1208, "Id": 0, "Slope_Max": 5.09668, "nor_score": 0.0737557927232, "oneminus": 0.92624420727699996, "Shape_Leng": 4000.0, "Shape_Area": 1000000.0 }, "geometry": { "type": "Polygon", "coordinates": [ [ [ 73.197572553655462, 22.551122180120576 ], [ 73.187851425330535, 22.551012914206687 ], [ 73.187733443223422, 22.560042323788942 ], [ 73.197455203616414, 22.560151638160182 ], [ 73.197572553655462, 22.551122180120576 ] ] ] } },
{ "type": "Feature", "properties": { "FeatureID": "387", "HA_Area": 100.0, "OBJECTID_1": 1562, "Join_Count": 1, "TARGET_FID": 1561, "Id": 0, "Slope_Max": 15.941, "nor_score": 0.230687634453, "oneminus": 0.769312365547, "Shape_Leng": 4000.0, "Shape_Area": 1000000.0 }, "geometry": { "type": "Polygon", "coordinates": [ [ [ 73.225926883675498, 22.61465344377347 ], [ 73.216201145336413, 22.614545605160966 ], [ 73.216084644969285, 22.623575084346012 ], [ 73.225811017684421, 22.623682970677216 ], [ 73.225926883675498, 22.61465344377347 ] ] ] } },
{ "type": "Feature", "properties": { "FeatureID": "388", "HA_Area": 100.0, "OBJECTID_1": 1324, "Join_Count": 1, "TARGET_FID": 1323, "Id": 0, "Slope_Max": 3.98984, "nor_score": 0.057738332564000003, "oneminus": 0.94226166743600004, "Shape_Leng": 4000.0, "Shape_Area": 1000000.0 }, "geometry": { "type": "Polygon", "coordinates": [ [ [ 73.34318068428199, 22.570751012657389 ], [ 73.33345742792838, 22.570650464738659 ], [ 73.333348818010734, 22.579680552581937 ], [ 73.343072707327991, 22.579781145064473 ], [ 73.34318068428199, 22.570751012657389 ] ] ] } },
{ "type": "Feature", "properties": { "FeatureID": "389", "HA_Area": 100.0, "OBJECTID_1": 1318, "Join_Count": 1, "TARGET_FID": 1317, "Id": 0, "Slope_Max": 3.28135, "nor_score": 0.047485530792599998, "oneminus": 0.952514469207, "Shape_Leng": 4000.0, "Shape_Area": 1000000.0 }, "geometry": { "type": "Polygon", "coordinates": [ [ [ 73.284841982346521, 22.570138909030007 ], [ 73.275119062722794, 22.570034834762254 ], [ 73.275006655364948, 22.579064649753796 ], [ 73.28473020785421, 22.579168770147863 ], [ 73.284841982346521, 22.570138909030007 ] ] ] } },
{ "type": "Feature", "properties": { "FeatureID": "390", "HA_Area": 100.0, "OBJECTID_1": 1806, "Join_Count": 1, "TARGET_FID": 1805, "Id": 0, "Slope_Max": 8.36012, "nor_score": 0.120982138309, "oneminus": 0.87901786169100005, "Shape_Leng": 4000.0, "Shape_Area": 1000000.0 }, "geometry": { "type": "Polygon", "coordinates": [ [ [ 73.166974380021614, 22.659143654828341 ], [ 73.157245827549943, 22.659032036616086 ], [ 73.157125215006943, 22.668061170165867 ], [ 73.166854403363402, 22.668172837690992 ], [ 73.166974380021614, 22.659143654828341 ] ] ] } },
{ "type": "Feature", "properties": { "FeatureID": "391", "HA_Area": 100.0, "OBJECTID_1": 1959, "Join_Count": 1, "TARGET_FID": 1958, "Id": 0, "Slope_Max": 7.74002, "nor_score": 0.112008459921, "oneminus": 0.88799154007900005, "Shape_Leng": 4000.0, "Shape_Area": 1000000.0 }, "geometry": { "type": "Polygon", "coordinates": [ [ [ 73.195806015199736, 22.686562924123375 ], [ 73.1860753720036, 22.686452930705769 ], [ 73.185956486090319, 22.695482179114695 ], [ 73.195687766194027, 22.695592221081711 ], [ 73.195806015199736, 22.686562924123375 ] ] ] } },
{ "type": "Feature", "properties": { "FeatureID": "392", "HA_Area": 100.0, "OBJECTID_1": 1111, "Join_Count": 1, "TARGET_FID": 1110, "Id": 0, "Slope_Max": 4.45897, "nor_score": 0.0645272729756, "oneminus": 0.93547272702399997, "Shape_Leng": 4000.0, "Shape_Area": 1000000.0 }, "geometry": { "type": "Polygon", "coordinates": [ [ [ 73.217246983633586, 22.533279810374637 ], [ 73.207526999287552, 22.533171814410586 ], [ 73.207410400255839, 22.542201342053229 ], [ 73.217131016060947, 22.542309385942005 ], [ 73.217246983633586, 22.533279810374637 ] ] ] } },
{ "type": "Feature", "properties": { "FeatureID": "393", "HA_Area": 100.0, "OBJECTID_1": 1354, "Join_Count": 1, "TARGET_FID": 1353, "Id": 0, "Slope_Max": 12.3154, "nor_score": 0.17822034530899999, "oneminus": 0.82177965469100001, "Shape_Leng": 4000.0, "Shape_Area": 1000000.0 }, "geometry": { "type": "Polygon", "coordinates": [ [ [ 73.148605801498718, 22.577657587661893 ], [ 73.138883080054342, 22.577545237477835 ], [ 73.138761752595556, 22.586574368604659 ], [ 73.148485106985646, 22.586686768566121 ], [ 73.148605801498718, 22.577657587661893 ] ] ] } },
{ "type": "Feature", "properties": { "FeatureID": "394", "HA_Area": 100.0, "OBJECTID_1": 1210, "Join_Count": 1, "TARGET_FID": 1209, "Id": 0, "Slope_Max": 5.55723, "nor_score": 0.080420566028099993, "oneminus": 0.91957943397200004, "Shape_Leng": 4000.0, "Shape_Area": 1000000.0 }, "geometry": { "type": "Polygon", "coordinates": [ [ [ 73.197572553655462, 22.551122180120576 ], [ 73.197455203616414, 22.560151638160182 ], [ 73.207177023818289, 22.560260365231333 ], [ 73.207293741771849, 22.551230858994646 ], [ 73.197572553655462, 22.551122180120576 ] ] ] } },
{ "type": "Feature", "properties": { "FeatureID": "395", "HA_Area": 100.0, "OBJECTID_1": 1773, "Join_Count": 1, "TARGET_FID": 1772, "Id": 0, "Slope_Max": 5.11758, "nor_score": 0.074058240443899997, "oneminus": 0.925941759556, "Shape_Leng": 4000.0, "Shape_Area": 1000000.0 }, "geometry": { "type": "Polygon", "coordinates": [ [ [ 73.332477945353304, 22.651920872032658 ], [ 73.322749036176646, 22.651819332732366 ], [ 73.322639291835728, 22.660849279824792 ], [ 73.332368836864177, 22.660950864000384 ], [ 73.332477945353304, 22.651920872032658 ] ] ] } },
{ "type": "Feature", "properties": { "FeatureID": "396", "HA_Area": 100.0, "OBJECTID_1": 1051, "Join_Count": 1, "TARGET_FID": 1050, "Id": 0, "Slope_Max": 5.80102, "nor_score": 0.08394853623, "oneminus": 0.91605146377000002, "Shape_Leng": 4000.0, "Shape_Area": 1000000.0 }, "geometry": { "type": "Polygon", "coordinates": [ [ [ 73.120172072394723, 22.523144363115701 ], [ 73.110453327834506, 22.523030553001821 ], [ 73.110330477829834, 22.532059597846871 ], [ 73.120049853350451, 22.532173458480859 ], [ 73.120172072394723, 22.523144363115701 ] ] ] } },
{ "type": "Feature", "properties": { "FeatureID": "397", "HA_Area": 100.0, "OBJECTID_1": 1463, "Join_Count": 1, "TARGET_FID": 1462, "Id": 0, "Slope_Max": 4.19924, "nor_score": 0.0607686337705, "oneminus": 0.93923136623000003, "Shape_Leng": 4000.0, "Shape_Area": 1000000.0 }, "geometry": { "type": "Polygon", "coordinates": [ [ [ 73.2358829683035, 22.596701512625994 ], [ 73.226158438837359, 22.596594357818283 ], [ 73.226042690720746, 22.605623906152665 ], [ 73.235767853935059, 22.605731108406562 ], [ 73.2358829683035, 22.596701512625994 ] ] ] } },
{ "type": "Feature", "properties": { "FeatureID": "398", "HA_Area": 100.0, "OBJECTID_1": 1661, "Join_Count": 1, "TARGET_FID": 1660, "Id": 0, "Slope_Max": 12.967, "nor_score": 0.18764986892800001, "oneminus": 0.81235013107200005, "Shape_Leng": 4000.0, "Shape_Area": 1000000.0 }, "geometry": { "type": "Polygon", "coordinates": [ [ [ 73.215968085316462, 22.632604552804469 ], [ 73.206241137205637, 22.632496029335641 ], [ 73.206123883245667, 22.641525439072691 ], [ 73.215851466360618, 22.641634010532883 ], [ 73.215968085316462, 22.632604552804469 ] ] ] } },
{ "type": "Feature", "properties": { "FeatureID": "399", "HA_Area": 100.0, "OBJECTID_1": 1769, "Join_Count": 1, "TARGET_FID": 1768, "Id": 0, "Slope_Max": 5.01216, "nor_score": 0.072532670126799995, "oneminus": 0.92746732987299996, "Shape_Leng": 4000.0, "Shape_Area": 1000000.0 }, "geometry": { "type": "Polygon", "coordinates": [ [ [ 73.2837216729624, 22.660437039747112 ], [ 73.293450992848378, 22.660540985244975 ], [ 73.293562644646443, 22.651511174342787 ], [ 73.283833960546488, 22.651407274763091 ], [ 73.2837216729624, 22.660437039747112 ] ] ] } },
{ "type": "Feature", "properties": { "FeatureID": "400", "HA_Area": 100.0, "OBJECTID_1": 1960, "Join_Count": 1, "TARGET_FID": 1959, "Id": 0, "Slope_Max": 5.128, "nor_score": 0.074209029574499999, "oneminus": 0.92579097042500003, "Shape_Leng": 4000.0, "Shape_Area": 1000000.0 }, "geometry": { "type": "Polygon", "coordinates": [ [ [ 73.205536718449579, 22.686672326593712 ], [ 73.195806015199736, 22.686562924123375 ], [ 73.195687766194027, 22.695592221081711 ], [ 73.205419106368993, 22.695701671840709 ], [ 73.205536718449579, 22.686672326593712 ] ] ] } },
{ "type": "Feature", "properties": { "FeatureID": "401", "HA_Area": 100.0, "OBJECTID_1": 1819, "Join_Count": 1, "TARGET_FID": 1818, "Id": 0, "Slope_Max": 5.65227, "nor_score": 0.081795919953800006, "oneminus": 0.91820408004599996, "Shape_Leng": 4000.0, "Shape_Area": 1000000.0 }, "geometry": { "type": "Polygon", "coordinates": [ [ [ 73.293450992848378, 22.660540985244975 ], [ 73.2837216729624, 22.660437039747112 ], [ 73.283609328284854, 22.669466794032303 ], [ 73.293339284279952, 22.669570785454155 ], [ 73.293450992848378, 22.660540985244975 ] ] ] } },
{ "type": "Feature", "properties": { "FeatureID": "402", "HA_Area": 100.0, "OBJECTID_1": 1101, "Join_Count": 1, "TARGET_FID": 1100, "Id": 0, "Slope_Max": 6.03471, "nor_score": 0.087330340618000005, "oneminus": 0.91266965938199995, "Shape_Leng": 4000.0, "Shape_Area": 1000000.0 }, "geometry": { "type": "Polygon", "coordinates": [ [ [ 73.120049853350451, 22.532173458480859 ], [ 73.110330477829834, 22.532059597846871 ], [ 73.110207565173596, 22.54108863193203 ], [ 73.119927571976234, 22.541202543092481 ], [ 73.120049853350451, 22.532173458480859 ] ] ] } },
{ "type": "Feature", "properties": { "FeatureID": "403", "HA_Area": 100.0, "OBJECTID_1": 1352, "Join_Count": 1, "TARGET_FID": 1351, "Id": 0, "Slope_Max": 7.62346, "nor_score": 0.11032168075899999, "oneminus": 0.88967831924100005, "Shape_Leng": 4000.0, "Shape_Area": 1000000.0 }, "geometry": { "type": "Polygon", "coordinates": [ [ [ 73.129160420386455, 22.577432299563139 ], [ 73.11943782281719, 22.577318773933097 ], [ 73.119315229521106, 22.586347804724149 ], [ 73.12903846, 22.586461380652235 ], [ 73.129160420386455, 22.577432299563139 ] ] ] } },
{ "type": "Feature", "properties": { "FeatureID": "404", "HA_Area": 100.0, "OBJECTID_1": 1417, "Join_Count": 1, "TARGET_FID": 1416, "Id": 0, "Slope_Max": 3.5335, "nor_score": 0.051134480082799999, "oneminus": 0.94886551991699997, "Shape_Leng": 4000.0, "Shape_Area": 1000000.0 }, "geometry": { "type": "Polygon", "coordinates": [ [ [ 73.27489419074108, 22.588094454071832 ], [ 73.265170062346655, 22.587989699348835 ], [ 73.265056906946626, 22.59701944659146 ], [ 73.274781668834535, 22.597124247712884 ], [ 73.27489419074108, 22.588094454071832 ] ] ] } },
{ "type": "Feature", "properties": { "FeatureID": "405", "HA_Area": 100.0, "OBJECTID_1": 1912, "Join_Count": 1, "TARGET_FID": 1911, "Id": 0, "Slope_Max": 5.97272, "nor_score": 0.086433265359199998, "oneminus": 0.91356673464100002, "Shape_Leng": 4000.0, "Shape_Area": 1000000.0 }, "geometry": { "type": "Polygon", "coordinates": [ [ [ 73.215267481429805, 22.68678113810196 ], [ 73.224998303817102, 22.686889358633369 ], [ 73.225114582911303, 22.677859906846493 ], [ 73.215384397160662, 22.677751734076136 ], [ 73.215267481429805, 22.68678113810196 ] ] ] } },
{ "type": "Feature", "properties": { "FeatureID": "406", "HA_Area": 100.0, "OBJECTID_1": 1364, "Join_Count": 1, "TARGET_FID": 1363, "Id": 0, "Slope_Max": 4.60072, "nor_score": 0.066578583411200001, "oneminus": 0.93342141658900002, "Shape_Leng": 4000.0, "Shape_Area": 1000000.0 }, "geometry": { "type": "Polygon", "coordinates": [ [ [ 73.24583634278207, 22.578748761010175 ], [ 73.236113021290237, 22.578642288956022 ], [ 73.235998024082875, 22.587671906141324 ], [ 73.245721978695229, 22.587778425369272 ], [ 73.24583634278207, 22.578748761010175 ] ] ] } },
{ "type": "Feature", "properties": { "FeatureID": "407", "HA_Area": 100.0, "OBJECTID_1": 1755, "Join_Count": 1, "TARGET_FID": 1754, "Id": 0, "Slope_Max": 4.77188, "nor_score": 0.069055501205300004, "oneminus": 0.93094449879499996, "Shape_Leng": 4000.0, "Shape_Area": 1000000.0 }, "geometry": { "type": "Polygon", "coordinates": [ [ [ 73.157366378799935, 22.650002892288793 ], [ 73.147638523165185, 22.649890733538601 ], [ 73.14751733637128, 22.658919828298671 ], [ 73.157245827549943, 22.659032036616086 ], [ 73.157366378799935, 22.650002892288793 ] ] ] } },
{ "type": "Feature", "properties": { "FeatureID": "408", "HA_Area": 100.0, "OBJECTID_1": 1069, "Join_Count": 1, "TARGET_FID": 1068, "Id": 0, "Slope_Max": 4.26254, "nor_score": 0.061684664627900003, "oneminus": 0.93831533537199996, "Shape_Leng": 4000.0, "Shape_Area": 1000000.0 }, "geometry": { "type": "Polygon", "coordinates": [ [ [ 73.295119818203105, 22.525092700881551 ], [ 73.285400001232105, 22.52498944354668 ], [ 73.285288511209927, 22.534019357950992 ], [ 73.295008959453099, 22.534122661122865 ], [ 73.295119818203105, 22.525092700881551 ] ] ] } },
{ "type": "Feature", "properties": { "FeatureID": "409", "HA_Area": 100.0, "OBJECTID_1": 1651, "Join_Count": 1, "TARGET_FID": 1650, "Id": 0, "Slope_Max": 5.80102, "nor_score": 0.08394853623, "oneminus": 0.91605146377000002, "Shape_Leng": 4000.0, "Shape_Area": 1000000.0 }, "geometry": { "type": "Polygon", "coordinates": [ [ [ 73.118701326093472, 22.631492796988585 ], [ 73.108974988762029, 22.631378380212677 ], [ 73.108851385733701, 22.640407295706062 ], [ 73.118578357890925, 22.640521763078674 ], [ 73.118701326093472, 22.631492796988585 ] ] ] } },
{ "type": "Feature", "properties": { "FeatureID": "410", "HA_Area": 100.0, "OBJECTID_1": 1013, "Join_Count": 1, "TARGET_FID": 1012, "Id": 0, "Slope_Max": 4.65848, "nor_score": 0.067414451476699999, "oneminus": 0.93258554852300002, "Shape_Leng": 4000.0, "Shape_Area": 1000000.0 }, "geometry": { "type": "Polygon", "coordinates": [ [ [ 73.236916363157462, 22.51543466933412 ], [ 73.227197522928151, 22.515327941272652 ], [ 73.227082304397754, 22.524357585872426 ], [ 73.236801775477034, 22.524464361326238 ], [ 73.236916363157462, 22.51543466933412 ] ] ] } },
{ "type": "Feature", "properties": { "FeatureID": "411", "HA_Area": 100.0, "OBJECTID_1": 1464, "Join_Count": 1, "TARGET_FID": 1463, "Id": 0, "Slope_Max": 4.05645, "nor_score": 0.058702266503300002, "oneminus": 0.94129773349699997, "Shape_Leng": 4000.0, "Shape_Area": 1000000.0 }, "geometry": { "type": "Polygon", "coordinates": [ [ [ 73.245607556358692, 22.596808079033696 ], [ 73.2358829683035, 22.596701512625994 ], [ 73.235767853935059, 22.605731108406562 ], [ 73.245493075755476, 22.605837722 ], [ 73.245607556358692, 22.596808079033696 ] ] ] } },
{ "type": "Feature", "properties": { "FeatureID": "412", "HA_Area": 100.0, "OBJECTID_1": 1867, "Join_Count": 1, "TARGET_FID": 1866, "Id": 0, "Slope_Max": 16.705, "nor_score": 0.241743737509, "oneminus": 0.75825626249099998, "Shape_Leng": 4000.0, "Shape_Area": 1000000.0 }, "geometry": { "type": "Polygon", "coordinates": [ [ [ 73.273879429399884, 22.669362212054182 ], [ 73.264149587948282, 22.669257039533946 ], [ 73.264035913346106, 22.678286690474945 ], [ 73.27376639119656, 22.678391909446507 ], [ 73.273879429399884, 22.669362212054182 ] ] ] } },
{ "type": "Feature", "properties": { "FeatureID": "413", "HA_Area": 100.0, "OBJECTID_1": 1652, "Join_Count": 1, "TARGET_FID": 1651, "Id": 0, "Slope_Max": 5.4897, "nor_score": 0.079443314176400007, "oneminus": 0.92055668582399997, "Shape_Leng": 4000.0, "Shape_Area": 1000000.0 }, "geometry": { "type": "Polygon", "coordinates": [ [ [ 73.118701326093472, 22.631492796988585 ], [ 73.118578357890925, 22.640521763078674 ], [ 73.128305392596417, 22.640635640928508 ], [ 73.128427725954879, 22.631606624502218 ], [ 73.118701326093472, 22.631492796988585 ] ] ] } },
{ "type": "Feature", "properties": { "FeatureID": "414", "HA_Area": 100.0, "OBJECTID_1": 1406, "Join_Count": 1, "TARGET_FID": 1405, "Id": 0, "Slope_Max": 17.7146, "nor_score": 0.25635399805999998, "oneminus": 0.74364600193999997, "Shape_Leng": 4000.0, "Shape_Area": 1000000.0 }, "geometry": { "type": "Polygon", "coordinates": [ [ [ 73.167931999860556, 22.586909804455392 ], [ 73.158208522848057, 22.586798580521414 ], [ 73.158088400148472, 22.595827800193245 ], [ 73.167812510464614, 22.595939073390184 ], [ 73.167931999860556, 22.586909804455392 ] ] ] } },
{ "type": "Feature", "properties": { "FeatureID": "415", "HA_Area": 100.0, "OBJECTID_1": 1961, "Join_Count": 1, "TARGET_FID": 1960, "Id": 0, "Slope_Max": 5.4213, "nor_score": 0.078453475862300004, "oneminus": 0.92154652413799998, "Shape_Leng": 4000.0, "Shape_Area": 1000000.0 }, "geometry": { "type": "Polygon", "coordinates": [ [ [ 73.215267481429805, 22.68678113810196 ], [ 73.205536718449579, 22.686672326593712 ], [ 73.205419106368993, 22.695701671840709 ], [ 73.215150506291863, 22.695810531376839 ], [ 73.215267481429805, 22.68678113810196 ] ] ] } },
{ "type": "Feature", "properties": { "FeatureID": "416", "HA_Area": 100.0, "OBJECTID_1": 1260, "Join_Count": 1, "TARGET_FID": 1259, "Id": 0, "Slope_Max": 6.51694, "nor_score": 0.0943088577175, "oneminus": 0.90569114228199998, "Shape_Leng": 4000.0, "Shape_Area": 1000000.0 }, "geometry": { "type": "Polygon", "coordinates": [ [ [ 73.207177023818289, 22.560260365231333 ], [ 73.197455203616414, 22.560151638160182 ], [ 73.197337793768511, 22.569181085485482 ], [ 73.207060246377836, 22.569289860759802 ], [ 73.207177023818289, 22.560260365231333 ] ] ] } },
{ "type": "Feature", "properties": { "FeatureID": "417", "HA_Area": 100.0, "OBJECTID_1": 1901, "Join_Count": 1, "TARGET_FID": 1900, "Id": 0, "Slope_Max": 9.83346, "nor_score": 0.14230334322900001, "oneminus": 0.85769665677100004, "Shape_Leng": 4000.0, "Shape_Area": 1000000.0 }, "geometry": { "type": "Polygon", "coordinates": [ [ [ 73.1180858594157, 22.676637519445602 ], [ 73.108356344727028, 22.676522849622053 ], [ 73.108232427160132, 22.685551711069071 ], [ 73.11796257828918, 22.685666431521412 ], [ 73.1180858594157, 22.676637519445602 ] ] ] } },
{ "type": "Feature", "properties": { "FeatureID": "418", "HA_Area": 100.0, "OBJECTID_1": 1372, "Join_Count": 1, "TARGET_FID": 1371, "Id": 0, "Slope_Max": 5.17979, "nor_score": 0.074958503721099995, "oneminus": 0.92504149627900001, "Shape_Leng": 4000.0, "Shape_Area": 1000000.0 }, "geometry": { "type": "Polygon", "coordinates": [ [ [ 73.323624984025713, 22.579579372079621 ], [ 73.313901205695245, 22.579477603571238 ], [ 73.313791273921879, 22.588507590855201 ], [ 73.323515685505981, 22.588609404453948 ], [ 73.323624984025713, 22.579579372079621 ] ] ] } },
{ "type": "Feature", "properties": { "FeatureID": "419", "HA_Area": 100.0, "OBJECTID_1": 1219, "Join_Count": 1, "TARGET_FID": 1218, "Id": 0, "Slope_Max": 3.98984, "nor_score": 0.057738332564000003, "oneminus": 0.94226166743600004, "Shape_Leng": 4000.0, "Shape_Area": 1000000.0 }, "geometry": { "type": "Polygon", "coordinates": [ [ [ 73.294787072319281, 22.552182549668295 ], [ 73.285065360566264, 22.552079154805078 ], [ 73.284953699911668, 22.561109037247924 ], [ 73.294676043902555, 22.561212477965476 ], [ 73.294787072319281, 22.552182549668295 ] ] ] } },
{ "type": "Feature", "properties": { "FeatureID": "420", "HA_Area": 100.0, "OBJECTID_1": 1623, "Join_Count": 1, "TARGET_FID": 1622, "Id": 0, "Slope_Max": 3.94932, "nor_score": 0.057151954541100003, "oneminus": 0.94284804545900003, "Shape_Leng": 4000.0, "Shape_Area": 1000000.0 }, "geometry": { "type": "Polygon", "coordinates": [ [ [ 73.322968357520992, 22.633759406534047 ], [ 73.332695995963192, 22.633860856100789 ], [ 73.332804938116325, 22.624830832143545 ], [ 73.323077934556977, 22.62472942743506 ], [ 73.322968357520992, 22.633759406534047 ] ] ] } },
{ "type": "Feature", "properties": { "FeatureID": "421", "HA_Area": 100.0, "OBJECTID_1": 1074, "Join_Count": 1, "TARGET_FID": 1073, "Id": 0, "Slope_Max": 3.83917, "nor_score": 0.055557934984499999, "oneminus": 0.94444206501500005, "Shape_Leng": 4000.0, "Shape_Area": 1000000.0 }, "geometry": { "type": "Polygon", "coordinates": [ [ [ 73.343719744463684, 22.525600191241143 ], [ 73.333999648096636, 22.525499866057121 ], [ 73.333891314598688, 22.534530007043944 ], [ 73.343612042319137, 22.534630376763683 ], [ 73.343719744463684, 22.525600191241143 ] ] ] } },
{ "type": "Feature", "properties": { "FeatureID": "422", "HA_Area": 100.0, "OBJECTID_1": 1672, "Join_Count": 1, "TARGET_FID": 1671, "Id": 0, "Slope_Max": 9.05111, "nor_score": 0.130981696181, "oneminus": 0.86901830381900003, "Shape_Leng": 4000.0, "Shape_Area": 1000000.0 }, "geometry": { "type": "Polygon", "coordinates": [ [ [ 73.322968357520992, 22.633759406534047 ], [ 73.313240774830803, 22.633657367397973 ], [ 73.313130506853312, 22.642687290706974 ], [ 73.322858724732967, 22.642789374967652 ], [ 73.322968357520992, 22.633759406534047 ] ] ] } },
{ "type": "Feature", "properties": { "FeatureID": "423", "HA_Area": 100.0, "OBJECTID_1": 1602, "Join_Count": 1, "TARGET_FID": 1601, "Id": 0, "Slope_Max": 8.50309, "nor_score": 0.12305110705400001, "oneminus": 0.87694889294599998, "Shape_Leng": 4000.0, "Shape_Area": 1000000.0 }, "geometry": { "type": "Polygon", "coordinates": [ [ [ 73.128427725954879, 22.631606624502218 ], [ 73.128549997105992, 22.622577597290004 ], [ 73.118824231766013, 22.622463820106212 ], [ 73.118701326093472, 22.631492796988585 ], [ 73.128427725954879, 22.631606624502218 ] ] ] } },
{ "type": "Feature", "properties": { "FeatureID": "424", "HA_Area": 100.0, "OBJECTID_1": 1053, "Join_Count": 1, "TARGET_FID": 1052, "Id": 0, "Slope_Max": 21.1473, "nor_score": 0.306029783758, "oneminus": 0.69397021624199995, "Shape_Leng": 4000.0, "Shape_Area": 1000000.0 }, "geometry": { "type": "Polygon", "coordinates": [ [ [ 73.13960974812916, 22.523370224911581 ], [ 73.129890879266782, 22.523257587090733 ], [ 73.129769291201029, 22.532286732715885 ], [ 73.139488791059946, 22.532399420536624 ], [ 73.13960974812916, 22.523370224911581 ] ] ] } },
{ "type": "Feature", "properties": { "FeatureID": "425", "HA_Area": 100.0, "OBJECTID_1": 1259, "Join_Count": 1, "TARGET_FID": 1258, "Id": 0, "Slope_Max": 5.45072, "nor_score": 0.078879221230199997, "oneminus": 0.92112077876999998, "Shape_Leng": 4000.0, "Shape_Area": 1000000.0 }, "geometry": { "type": "Polygon", "coordinates": [ [ [ 73.197455203616414, 22.560151638160182 ], [ 73.187733443223422, 22.560042323788942 ], [ 73.187615400985464, 22.569071722650783 ], [ 73.197337793768511, 22.569181085485482 ], [ 73.197455203616414, 22.560151638160182 ] ] ] } },
{ "type": "Feature", "properties": { "FeatureID": "426", "HA_Area": 100.0, "OBJECTID_1": 1920, "Join_Count": 1, "TARGET_FID": 1919, "Id": 0, "Slope_Max": 3.94932, "nor_score": 0.057151954541100003, "oneminus": 0.94284804545900003, "Shape_Leng": 4000.0, "Shape_Area": 1000000.0 }, "geometry": { "type": "Polygon", "coordinates": [ [ [ 73.302958168155598, 22.678704021487373 ], [ 73.29322751892461, 22.678600574966858 ], [ 73.293115696765724, 22.687630353779646 ], [ 73.302846982768983, 22.687733845974993 ], [ 73.302958168155598, 22.678704021487373 ] ] ] } },
{ "type": "Feature", "properties": { "FeatureID": "427", "HA_Area": 100.0, "OBJECTID_1": 1724, "Join_Count": 1, "TARGET_FID": 1723, "Id": 0, "Slope_Max": 7.19625, "nor_score": 0.10413938160900001, "oneminus": 0.89586061839099995, "Shape_Leng": 4000.0, "Shape_Area": 1000000.0 }, "geometry": { "type": "Polygon", "coordinates": [ [ [ 73.342315327474196, 22.642991773985237 ], [ 73.332586998380918, 22.642890869398315 ], [ 73.332477945353304, 22.651920872032658 ], [ 73.342206909991503, 22.652021821228491 ], [ 73.342315327474196, 22.642991773985237 ] ] ] } },
{ "type": "Feature", "properties": { "FeatureID": "428", "HA_Area": 100.0, "OBJECTID_1": 1866, "Join_Count": 1, "TARGET_FID": 1865, "Id": 0, "Slope_Max": 9.46198, "nor_score": 0.13692752993099999, "oneminus": 0.86307247006900001, "Shape_Leng": 4000.0, "Shape_Area": 1000000.0 }, "geometry": { "type": "Polygon", "coordinates": [ [ [ 73.264149587948282, 22.669257039533946 ], [ 73.254419804253217, 22.669151276485859 ], [ 73.254305493269086, 22.678180880714777 ], [ 73.264035913346106, 22.678286690474945 ], [ 73.264149587948282, 22.669257039533946 ] ] ] } },
{ "type": "Feature", "properties": { "FeatureID": "429", "HA_Area": 100.0, "OBJECTID_1": 1653, "Join_Count": 1, "TARGET_FID": 1652, "Id": 0, "Slope_Max": 3.83917, "nor_score": 0.055557934984499999, "oneminus": 0.94444206501500005, "Shape_Leng": 4000.0, "Shape_Area": 1000000.0 }, "geometry": { "type": "Polygon", "coordinates": [ [ [ 73.128427725954879, 22.631606624502218 ], [ 73.128305392596417, 22.640635640928508 ], [ 73.13803248952739, 22.640748929240139 ], [ 73.13815418802362, 22.631719862738141 ], [ 73.128427725954879, 22.631606624502218 ] ] ] } },
{ "type": "Feature", "properties": { "FeatureID": "430", "HA_Area": 100.0, "OBJECTID_1": 1871, "Join_Count": 1, "TARGET_FID": 1870, "Id": 0, "Slope_Max": 7.7604, "nor_score": 0.11230338612599999, "oneminus": 0.88769661387400001, "Shape_Leng": 4000.0, "Shape_Area": 1000000.0 }, "geometry": { "type": "Polygon", "coordinates": [ [ [ 73.302958168155598, 22.678704021487373 ], [ 73.31268887386679, 22.678806877162721 ], [ 73.312799366307701, 22.669776996572711 ], [ 73.303069297061981, 22.669674186305627 ], [ 73.302958168155598, 22.678704021487373 ] ] ] } },
{ "type": "Feature", "properties": { "FeatureID": "431", "HA_Area": 100.0, "OBJECTID_1": 1462, "Join_Count": 1, "TARGET_FID": 1461, "Id": 0, "Slope_Max": 6.08733, "nor_score": 0.088091821587199998, "oneminus": 0.91190817841299998, "Shape_Leng": 4000.0, "Shape_Area": 1000000.0 }, "geometry": { "type": "Polygon", "coordinates": [ [ [ 73.226158438837359, 22.596594357818283 ], [ 73.216433968282715, 22.596486614625078 ], [ 73.216317586435125, 22.605516115252833 ], [ 73.226042690720746, 22.605623906152665 ], [ 73.226158438837359, 22.596594357818283 ] ] ] } },
{ "type": "Feature", "properties": { "FeatureID": "432", "HA_Area": 100.0, "OBJECTID_1": 1110, "Join_Count": 1, "TARGET_FID": 1109, "Id": 0, "Slope_Max": 4.60072, "nor_score": 0.066578583411200001, "oneminus": 0.93342141658900002, "Shape_Leng": 4000.0, "Shape_Area": 1000000.0 }, "geometry": { "type": "Polygon", "coordinates": [ [ [ 73.207526999287552, 22.533171814410586 ], [ 73.197807074376499, 22.533063231912461 ], [ 73.197689843903021, 22.542092711370167 ], [ 73.207410400255839, 22.542201342053229 ], [ 73.207526999287552, 22.533171814410586 ] ] ] } },
{ "type": "Feature", "properties": { "FeatureID": "433", "HA_Area": 100.0, "OBJECTID_1": 1106, "Join_Count": 1, "TARGET_FID": 1105, "Id": 0, "Slope_Max": 9.8913, "nor_score": 0.143140370574, "oneminus": 0.85685962942600002, "Shape_Leng": 4000.0, "Shape_Area": 1000000.0 }, "geometry": { "type": "Polygon", "coordinates": [ [ [ 73.168647659470338, 22.532733965360979 ], [ 73.158927975516249, 22.532623036874298 ], [ 73.158808219450378, 22.541652320990323 ], [ 73.168528534776186, 22.541763298702698 ], [ 73.168647659470338, 22.532733965360979 ] ] ] } },
{ "type": "Feature", "properties": { "FeatureID": "434", "HA_Area": 100.0, "OBJECTID_1": 1269, "Join_Count": 1, "TARGET_FID": 1268, "Id": 0, "Slope_Max": 3.66765, "nor_score": 0.053075810783700002, "oneminus": 0.94692418921599997, "Shape_Leng": 4000.0, "Shape_Area": 1000000.0 }, "geometry": { "type": "Polygon", "coordinates": [ [ [ 73.294676043902555, 22.561212477965476 ], [ 73.284953699911668, 22.561109037247924 ], [ 73.284841982346521, 22.570138909030007 ], [ 73.294564958897368, 22.570242395607686 ], [ 73.294676043902555, 22.561212477965476 ] ] ] } },
{ "type": "Feature", "properties": { "FeatureID": "435", "HA_Area": 100.0, "OBJECTID_1": 1611, "Join_Count": 1, "TARGET_FID": 1610, "Id": 0, "Slope_Max": 10.9463, "nor_score": 0.15840762513600001, "oneminus": 0.84159237486399996, "Shape_Leng": 4000.0, "Shape_Area": 1000000.0 }, "geometry": { "type": "Polygon", "coordinates": [ [ [ 73.216084644969285, 22.623575084346012 ], [ 73.20635833153986, 22.623466608862472 ], [ 73.206241137205637, 22.632496029335641 ], [ 73.215968085316462, 22.632604552804469 ], [ 73.216084644969285, 22.623575084346012 ] ] ] } },
{ "type": "Feature", "properties": { "FeatureID": "436", "HA_Area": 100.0, "OBJECTID_1": 1667, "Join_Count": 1, "TARGET_FID": 1666, "Id": 0, "Slope_Max": 10.7137, "nor_score": 0.15504160212900001, "oneminus": 0.84495839787100002, "Shape_Leng": 4000.0, "Shape_Area": 1000000.0 }, "geometry": { "type": "Polygon", "coordinates": [ [ [ 73.274331008047525, 22.633243315437959 ], [ 73.264603708960294, 22.633138328664149 ], [ 73.264490265283058, 22.642168022440554 ], [ 73.27421819947692, 22.642273055642139 ], [ 73.274331008047525, 22.633243315437959 ] ] ] } },
{ "type": "Feature", "properties": { "FeatureID": "437", "HA_Area": 100.0, "OBJECTID_1": 1818, "Join_Count": 1, "TARGET_FID": 1817, "Id": 0, "Slope_Max": 8.47841, "nor_score": 0.122693952386, "oneminus": 0.877306047614, "Shape_Leng": 4000.0, "Shape_Area": 1000000.0 }, "geometry": { "type": "Polygon", "coordinates": [ [ [ 73.2837216729624, 22.660437039747112 ], [ 73.273992410169868, 22.660332503953704 ], [ 73.273879429399884, 22.669362212054182 ], [ 73.283609328284854, 22.669466794032303 ], [ 73.2837216729624, 22.660437039747112 ] ] ] } },
{ "type": "Feature", "properties": { "FeatureID": "438", "HA_Area": 100.0, "OBJECTID_1": 1263, "Join_Count": 1, "TARGET_FID": 1262, "Id": 0, "Slope_Max": 5.09668, "nor_score": 0.0737557927232, "oneminus": 0.92624420727699996, "Shape_Leng": 4000.0, "Shape_Area": 1000000.0 }, "geometry": { "type": "Polygon", "coordinates": [ [ [ 73.236342840057205, 22.560583022497507 ], [ 73.226620842360674, 22.560476057414601 ], [ 73.226505329787003, 22.569505648568466 ], [ 73.236227959942667, 22.569612661073595 ], [ 73.236342840057205, 22.560583022497507 ] ] ] } },
{ "type": "Feature", "properties": { "FeatureID": "439", "HA_Area": 100.0, "OBJECTID_1": 1903, "Join_Count": 1, "TARGET_FID": 1902, "Id": 0, "Slope_Max": 6.62185, "nor_score": 0.095827044528800004, "oneminus": 0.90417295547099996, "Shape_Leng": 4000.0, "Shape_Area": 1000000.0 }, "geometry": { "type": "Polygon", "coordinates": [ [ [ 73.137545076334078, 22.676865087381952 ], [ 73.127815436725754, 22.676751598704062 ], [ 73.127692792057928, 22.685780561147986 ], [ 73.137423068143164, 22.685894099933321 ], [ 73.137545076334078, 22.676865087381952 ] ] ] } },
{ "type": "Feature", "properties": { "FeatureID": "440", "HA_Area": 100.0, "OBJECTID_1": 1019, "Join_Count": 1, "TARGET_FID": 1018, "Id": 0, "Slope_Max": 6.49248, "nor_score": 0.093954884166700003, "oneminus": 0.90604511583299996, "Shape_Leng": 4000.0, "Shape_Area": 1000000.0 }, "geometry": { "type": "Polygon", "coordinates": [ [ [ 73.295230620430431, 22.516062729999124 ], [ 73.285511434409884, 22.515959518495485 ], [ 73.285400001232105, 22.52498944354668 ], [ 73.295119818203105, 22.525092700881551 ], [ 73.295230620430431, 22.516062729999124 ] ] ] } },
{ "type": "Feature", "properties": { "FeatureID": "441", "HA_Area": 100.0, "OBJECTID_1": 1921, "Join_Count": 1, "TARGET_FID": 1920, "Id": 0, "Slope_Max": 4.69279, "nor_score": 0.067910961192700001, "oneminus": 0.932089038807, "Shape_Leng": 4000.0, "Shape_Area": 1000000.0 }, "geometry": { "type": "Polygon", "coordinates": [ [ [ 73.31268887386679, 22.678806877162721 ], [ 73.302958168155598, 22.678704021487373 ], [ 73.302846982768983, 22.687733845974993 ], [ 73.312578325268987, 22.68783674706437 ], [ 73.31268887386679, 22.678806877162721 ] ] ] } },
{ "type": "Feature", "properties": { "FeatureID": "442", "HA_Area": 100.0, "OBJECTID_1": 1552, "Join_Count": 1, "TARGET_FID": 1551, "Id": 0, "Slope_Max": 10.8045, "nor_score": 0.15635559015100001, "oneminus": 0.84364440984900002, "Shape_Leng": 4000.0, "Shape_Area": 1000000.0 }, "geometry": { "type": "Polygon", "coordinates": [ [ [ 73.128672206067947, 22.613548559295388 ], [ 73.118947074926822, 22.613434832435061 ], [ 73.118824231766013, 22.622463820106212 ], [ 73.128549997105992, 22.622577597290004 ], [ 73.128672206067947, 22.613548559295388 ] ] ] } },
{ "type": "Feature", "properties": { "FeatureID": "443", "HA_Area": 100.0, "OBJECTID_1": 1719, "Join_Count": 1, "TARGET_FID": 1718, "Id": 0, "Slope_Max": 7.54004, "nor_score": 0.109114484454, "oneminus": 0.89088551554600004, "Shape_Leng": 4000.0, "Shape_Area": 1000000.0 }, "geometry": { "type": "Polygon", "coordinates": [ [ [ 73.293674239690787, 22.642481352751048 ], [ 73.283946191053801, 22.64237749908369 ], [ 73.283833960546488, 22.651407274763091 ], [ 73.293562644646443, 22.651511174342787 ], [ 73.293674239690787, 22.642481352751048 ] ] ] } },
{ "type": "Feature", "properties": { "FeatureID": "444", "HA_Area": 100.0, "OBJECTID_1": 1958, "Join_Count": 1, "TARGET_FID": 1957, "Id": 0, "Slope_Max": 9.63618, "nor_score": 0.13944843823899999, "oneminus": 0.86055156176100001, "Shape_Leng": 4000.0, "Shape_Area": 1000000.0 }, "geometry": { "type": "Polygon", "coordinates": [ [ [ 73.1860753720036, 22.686452930705769 ], [ 73.176344789184441, 22.686342346355808 ], [ 73.17622526638128, 22.695371545954561 ], [ 73.185956486090319, 22.695482179114695 ], [ 73.1860753720036, 22.686452930705769 ] ] ] } },
{ "type": "Feature", "properties": { "FeatureID": "445", "HA_Area": 100.0, "OBJECTID_1": 1619, "Join_Count": 1, "TARGET_FID": 1618, "Id": 0, "Slope_Max": 10.8093, "nor_score": 0.15642506411000001, "oneminus": 0.84357493589, "Shape_Leng": 4000.0, "Shape_Area": 1000000.0 }, "geometry": { "type": "Polygon", "coordinates": [ [ [ 73.293897259584512, 22.624421677512679 ], [ 73.284170480904791, 22.624317915652565 ], [ 73.284058364501021, 22.63334771271235 ], [ 73.293785777997954, 22.633451520473177 ], [ 73.293897259584512, 22.624421677512679 ] ] ] } },
{ "type": "Feature", "properties": { "FeatureID": "446", "HA_Area": 100.0, "OBJECTID_1": 1064, "Join_Count": 1, "TARGET_FID": 1063, "Id": 0, "Slope_Max": 4.39855, "nor_score": 0.063652914073100003, "oneminus": 0.936347085927, "Shape_Leng": 4000.0, "Shape_Area": 1000000.0 }, "geometry": { "type": "Polygon", "coordinates": [ [ [ 73.246521305009111, 22.52457055046256 ], [ 73.236801775477034, 22.524464361326238 ], [ 73.236687129343792, 22.533494042642122 ], [ 73.246407290064468, 22.533600278916555 ], [ 73.246521305009111, 22.52457055046256 ] ] ] } },
{ "type": "Feature", "properties": { "FeatureID": "447", "HA_Area": 100.0, "OBJECTID_1": 1911, "Join_Count": 1, "TARGET_FID": 1910, "Id": 0, "Slope_Max": 5.4897, "nor_score": 0.079443314176400007, "oneminus": 0.92055668582399997, "Shape_Leng": 4000.0, "Shape_Area": 1000000.0 }, "geometry": { "type": "Polygon", "coordinates": [ [ [ 73.215384397160662, 22.677751734076136 ], [ 73.205654270799741, 22.677642970589677 ], [ 73.205536718449579, 22.686672326593712 ], [ 73.215267481429805, 22.68678113810196 ], [ 73.215384397160662, 22.677751734076136 ] ] ] } },
{ "type": "Feature", "properties": { "FeatureID": "448", "HA_Area": 100.0, "OBJECTID_1": 1620, "Join_Count": 1, "TARGET_FID": 1619, "Id": 0, "Slope_Max": 8.53384, "nor_score": 0.12349610474100001, "oneminus": 0.87650389525899997, "Shape_Leng": 4000.0, "Shape_Area": 1000000.0 }, "geometry": { "type": "Polygon", "coordinates": [ [ [ 73.293897259584512, 22.624421677512679 ], [ 73.293785777997954, 22.633451520473177 ], [ 73.303513248215495, 22.63355473870638 ], [ 73.303624094968299, 22.624524850105768 ], [ 73.293897259584512, 22.624421677512679 ] ] ] } },
{ "type": "Feature", "properties": { "FeatureID": "449", "HA_Area": 100.0, "OBJECTID_1": 1067, "Join_Count": 1, "TARGET_FID": 1066, "Id": 0, "Slope_Max": 6.00822, "nor_score": 0.086946998655200003, "oneminus": 0.913053001345, "Shape_Leng": 4000.0, "Shape_Area": 1000000.0 }, "geometry": { "type": "Polygon", "coordinates": [ [ [ 73.275680241105505, 22.52488559982325 ], [ 73.265960538145023, 22.524781169725319 ], [ 73.265847785628182, 22.533810991674915 ], [ 73.275568119827696, 22.533915468130321 ], [ 73.275680241105505, 22.52488559982325 ] ] ] } },
{ "type": "Feature", "properties": { "FeatureID": "450", "HA_Area": 100.0, "OBJECTID_1": 1258, "Join_Count": 1, "TARGET_FID": 1257, "Id": 0, "Slope_Max": 6.82666, "nor_score": 0.0987909217846, "oneminus": 0.90120907821499996, "Shape_Leng": 4000.0, "Shape_Area": 1000000.0 }, "geometry": { "type": "Polygon", "coordinates": [ [ [ 73.187733443223422, 22.560042323788942 ], [ 73.178011742961274, 22.55993242213242 ], [ 73.177893068350784, 22.568961772270505 ], [ 73.187615400985464, 22.569071722650783 ], [ 73.187733443223422, 22.560042323788942 ] ] ] } },
{ "type": "Feature", "properties": { "FeatureID": "451", "HA_Area": 100.0, "OBJECTID_1": 1824, "Join_Count": 1, "TARGET_FID": 1823, "Id": 0, "Slope_Max": 4.10896, "nor_score": 0.059462160363799997, "oneminus": 0.94053783963600002, "Shape_Leng": 4000.0, "Shape_Area": 1000000.0 }, "geometry": { "type": "Polygon", "coordinates": [ [ [ 73.342098437370367, 22.66105185781079 ], [ 73.332368836864177, 22.660950864000384 ], [ 73.332259672897308, 22.66998084529806 ], [ 73.341989909594659, 22.670081883728695 ], [ 73.342098437370367, 22.66105185781079 ] ] ] } },
{ "type": "Feature", "properties": { "FeatureID": "452", "HA_Area": 100.0, "OBJECTID_1": 1967, "Join_Count": 1, "TARGET_FID": 1966, "Id": 0, "Slope_Max": 10.8851, "nor_score": 0.15752199086099999, "oneminus": 0.84247800913899995, "Shape_Leng": 4000.0, "Shape_Area": 1000000.0 }, "geometry": { "type": "Polygon", "coordinates": [ [ [ 73.273653295543085, 22.687421596127216 ], [ 73.263922180970496, 22.687316330698437 ], [ 73.263808390804542, 22.696345960200965 ], [ 73.273540142422647, 22.696451272092869 ], [ 73.273653295543085, 22.687421596127216 ] ] ] } },
{ "type": "Feature", "properties": { "FeatureID": "453", "HA_Area": 100.0, "OBJECTID_1": 1414, "Join_Count": 1, "TARGET_FID": 1413, "Id": 0, "Slope_Max": 4.87164, "nor_score": 0.070499162910899998, "oneminus": 0.929500837089, "Shape_Leng": 4000.0, "Shape_Area": 1000000.0 }, "geometry": { "type": "Polygon", "coordinates": [ [ [ 73.245721978695229, 22.587778425369272 ], [ 73.235998024082875, 22.587671906141324 ], [ 73.2358829683035, 22.596701512625994 ], [ 73.245607556358692, 22.596808079033696 ], [ 73.245721978695229, 22.587778425369272 ] ] ] } },
{ "type": "Feature", "properties": { "FeatureID": "454", "HA_Area": 100.0, "OBJECTID_1": 1553, "Join_Count": 1, "TARGET_FID": 1552, "Id": 0, "Slope_Max": 7.3055, "nor_score": 0.105720376523, "oneminus": 0.89427962347699996, "Shape_Leng": 4000.0, "Shape_Area": 1000000.0 }, "geometry": { "type": "Polygon", "coordinates": [ [ [ 73.138397399380111, 22.613661697398925 ], [ 73.128672206067947, 22.613548559295388 ], [ 73.128549997105992, 22.622577597290004 ], [ 73.138275824635173, 22.622690785456573 ], [ 73.138397399380111, 22.613661697398925 ] ] ] } },
{ "type": "Feature", "properties": { "FeatureID": "455", "HA_Area": 100.0, "OBJECTID_1": 1873, "Join_Count": 1, "TARGET_FID": 1872, "Id": 0, "Slope_Max": 7.23285, "nor_score": 0.104669034295, "oneminus": 0.89533096570500004, "Shape_Leng": 4000.0, "Shape_Area": 1000000.0 }, "geometry": { "type": "Polygon", "coordinates": [ [ [ 73.322419635734875, 22.678909141978959 ], [ 73.332150453436483, 22.67901081592224 ], [ 73.332259672897308, 22.66998084529806 ], [ 73.322529491693899, 22.669879216241473 ], [ 73.322419635734875, 22.678909141978959 ] ] ] } },
{ "type": "Feature", "properties": { "FeatureID": "456", "HA_Area": 100.0, "OBJECTID_1": 1304, "Join_Count": 1, "TARGET_FID": 1303, "Id": 0, "Slope_Max": 8.60715, "nor_score": 0.124556997223, "oneminus": 0.87544300277700005, "Shape_Leng": 4000.0, "Shape_Area": 1000000.0 }, "geometry": { "type": "Polygon", "coordinates": [ [ [ 73.148726434557389, 22.568628396005455 ], [ 73.139004345736581, 22.568516095592525 ], [ 73.138883080054342, 22.577545237477835 ], [ 73.148605801498718, 22.577657587661893 ], [ 73.148726434557389, 22.568628396005455 ] ] ] } },
{ "type": "Feature", "properties": { "FeatureID": "457", "HA_Area": 100.0, "OBJECTID_1": 1006, "Join_Count": 1, "TARGET_FID": 1005, "Id": 0, "Slope_Max": 4.69279, "nor_score": 0.067910961192700001, "oneminus": 0.932089038807, "Shape_Leng": 4000.0, "Shape_Area": 1000000.0 }, "geometry": { "type": "Polygon", "coordinates": [ [ [ 73.168885726711025, 22.514675266514431 ], [ 73.159167304535444, 22.514564436460542 ], [ 73.159047670538683, 22.523593742029867 ], [ 73.168766723442744, 22.523704621297053 ], [ 73.168885726711025, 22.514675266514431 ] ] ] } },
{ "type": "Feature", "properties": { "FeatureID": "458", "HA_Area": 100.0, "OBJECTID_1": 1759, "Join_Count": 1, "TARGET_FID": 1758, "Id": 0, "Slope_Max": 5.72714, "nor_score": 0.082879390782599996, "oneminus": 0.917120609217, "Shape_Leng": 4000.0, "Shape_Area": 1000000.0 }, "geometry": { "type": "Polygon", "coordinates": [ [ [ 73.19627841086114, 22.65044562869311 ], [ 73.186550312063289, 22.650335829411574 ], [ 73.186431667552085, 22.65936512087692 ], [ 73.196160401964889, 22.659474968683245 ], [ 73.19627841086114, 22.65044562869311 ] ] ] } },
{ "type": "Feature", "properties": { "FeatureID": "459", "HA_Area": 100.0, "OBJECTID_1": 1171, "Join_Count": 1, "TARGET_FID": 1170, "Id": 0, "Slope_Max": 4.27508, "nor_score": 0.061866140160900002, "oneminus": 0.93813385983899999, "Shape_Leng": 4000.0, "Shape_Area": 1000000.0 }, "geometry": { "type": "Polygon", "coordinates": [ [ [ 73.314340373183029, 22.543357547965833 ], [ 73.304619180556671, 22.543255372811199 ], [ 73.304508840644317, 22.552285357348143 ], [ 73.314230665219355, 22.552387577830711 ], [ 73.314340373183029, 22.543357547965833 ] ] ] } },
{ "type": "Feature", "properties": { "FeatureID": "460", "HA_Area": 100.0, "OBJECTID_1": 1658, "Join_Count": 1, "TARGET_FID": 1657, "Id": 0, "Slope_Max": 4.69279, "nor_score": 0.067910961192700001, "oneminus": 0.932089038807, "Shape_Leng": 4000.0, "Shape_Area": 1000000.0 }, "geometry": { "type": "Polygon", "coordinates": [ [ [ 73.186787420184018, 22.632277214218227 ], [ 73.177060651918666, 22.632166922599286 ], [ 73.176941493051075, 22.641196186798862 ], [ 73.18666889626806, 22.641306527190853 ], [ 73.186787420184018, 22.632277214218227 ] ] ] } },
{ "type": "Feature", "properties": { "FeatureID": "461", "HA_Area": 100.0, "OBJECTID_1": 1606, "Join_Count": 1, "TARGET_FID": 1605, "Id": 0, "Slope_Max": 6.174, "nor_score": 0.089346051514700001, "oneminus": 0.91065394848500003, "Shape_Leng": 4000.0, "Shape_Area": 1000000.0 }, "geometry": { "type": "Polygon", "coordinates": [ [ [ 73.16745367713213, 22.623026815700012 ], [ 73.157727664970835, 22.622915394676781 ], [ 73.15760729749249, 22.631944571315628 ], [ 73.167333944247261, 22.632056041626743 ], [ 73.16745367713213, 22.623026815700012 ] ] ] } },
{ "type": "Feature", "properties": { "FeatureID": "462", "HA_Area": 100.0, "OBJECTID_1": 1851, "Join_Count": 1, "TARGET_FID": 1850, "Id": 0, "Slope_Max": 8.1825, "nor_score": 0.11841173981, "oneminus": 0.88158826019000003, "Shape_Leng": 4000.0, "Shape_Area": 1000000.0 }, "geometry": { "type": "Polygon", "coordinates": [ [ [ 73.118209077920838, 22.667608596559916 ], [ 73.108480199349444, 22.667493977358717 ], [ 73.108356344727028, 22.676522849622053 ], [ 73.1180858594157, 22.676637519445602 ], [ 73.118209077920838, 22.667608596559916 ] ] ] } },
{ "type": "Feature", "properties": { "FeatureID": "463", "HA_Area": 100.0, "OBJECTID_1": 1559, "Join_Count": 1, "TARGET_FID": 1558, "Id": 0, "Slope_Max": 10.4012, "nor_score": 0.15051930830599999, "oneminus": 0.84948069169399998, "Shape_Leng": 4000.0, "Shape_Area": 1000000.0 }, "geometry": { "type": "Polygon", "coordinates": [ [ [ 73.19674984678602, 22.614328161275171 ], [ 73.187024287219828, 22.614218556031332 ], [ 73.186905883828729, 22.623247890497233 ], [ 73.196632077718803, 22.623357544241284 ], [ 73.19674984678602, 22.614328161275171 ] ] ] } },
{ "type": "Feature", "properties": { "FeatureID": "464", "HA_Area": 100.0, "OBJECTID_1": 1369, "Join_Count": 1, "TARGET_FID": 1368, "Id": 0, "Slope_Max": 5.92803, "nor_score": 0.085786539251899996, "oneminus": 0.91421346074800003, "Shape_Leng": 4000.0, "Shape_Area": 1000000.0 }, "geometry": { "type": "Polygon", "coordinates": [ [ [ 73.294453817287206, 22.579272302591455 ], [ 73.28473020785421, 22.579168770147863 ], [ 73.28461837641818, 22.588198620598039 ], [ 73.294342619055598, 22.588302198913336 ], [ 73.294453817287206, 22.579272302591455 ] ] ] } },
{ "type": "Feature", "properties": { "FeatureID": "465", "HA_Area": 100.0, "OBJECTID_1": 1512, "Join_Count": 1, "TARGET_FID": 1511, "Id": 0, "Slope_Max": 7.21823, "nor_score": 0.1044574589, "oneminus": 0.8955425411, "Shape_Leng": 4000.0, "Shape_Area": 1000000.0 }, "geometry": { "type": "Polygon", "coordinates": [ [ [ 73.226042690720746, 22.605623906152665 ], [ 73.216317586435125, 22.605516115252833 ], [ 73.216201145336413, 22.614545605160966 ], [ 73.225926883675498, 22.61465344377347 ], [ 73.226042690720746, 22.605623906152665 ] ] ] } },
{ "type": "Feature", "properties": { "FeatureID": "466", "HA_Area": 100.0, "OBJECTID_1": 1917, "Join_Count": 1, "TARGET_FID": 1916, "Id": 0, "Slope_Max": 16.751, "nor_score": 0.24240941231400001, "oneminus": 0.75759058768599996, "Shape_Leng": 4000.0, "Shape_Area": 1000000.0 }, "geometry": { "type": "Polygon", "coordinates": [ [ [ 73.263922180970496, 22.687316330698437 ], [ 73.273653295543085, 22.687421596127216 ], [ 73.27376639119656, 22.678391909446507 ], [ 73.264035913346106, 22.678286690474945 ], [ 73.263922180970496, 22.687316330698437 ] ] ] } },
{ "type": "Feature", "properties": { "FeatureID": "467", "HA_Area": 100.0, "OBJECTID_1": 1922, "Join_Count": 1, "TARGET_FID": 1921, "Id": 0, "Slope_Max": 12.4423, "nor_score": 0.180056754322, "oneminus": 0.81994324567800003, "Shape_Leng": 4000.0, "Shape_Area": 1000000.0 }, "geometry": { "type": "Polygon", "coordinates": [ [ [ 73.322419635734875, 22.678909141978959 ], [ 73.31268887386679, 22.678806877162721 ], [ 73.312578325268987, 22.68783674706437 ], [ 73.322309723942297, 22.68793905703382 ], [ 73.322419635734875, 22.678909141978959 ] ] ] } },
{ "type": "Feature", "properties": { "FeatureID": "468", "HA_Area": 100.0, "OBJECTID_1": 1775, "Join_Count": 1, "TARGET_FID": 1774, "Id": 0, "Slope_Max": 4.26254, "nor_score": 0.061684664627900003, "oneminus": 0.93831533537199996, "Shape_Leng": 4000.0, "Shape_Area": 1000000.0 }, "geometry": { "type": "Polygon", "coordinates": [ [ [ 73.351935929768132, 22.652122180306197 ], [ 73.342206909991503, 22.652021821228491 ], [ 73.342098437370367, 22.66105185781079 ], [ 73.351828093031116, 22.661152261242325 ], [ 73.351935929768132, 22.652122180306197 ] ] ] } },
{ "type": "Feature", "properties": { "FeatureID": "469", "HA_Area": 100.0, "OBJECTID_1": 1673, "Join_Count": 1, "TARGET_FID": 1672, "Id": 0, "Slope_Max": 11.0305, "nor_score": 0.15962612441599999, "oneminus": 0.84037387558400001, "Shape_Leng": 4000.0, "Shape_Area": 1000000.0 }, "geometry": { "type": "Polygon", "coordinates": [ [ [ 73.332695995963192, 22.633860856100789 ], [ 73.322968357520992, 22.633759406534047 ], [ 73.322858724732967, 22.642789374967652 ], [ 73.332586998380918, 22.642890869398315 ], [ 73.332695995963192, 22.633860856100789 ] ] ] } },
{ "type": "Feature", "properties": { "FeatureID": "470", "HA_Area": 100.0, "OBJECTID_1": 1306, "Join_Count": 1, "TARGET_FID": 1305, "Id": 0, "Slope_Max": 11.6839, "nor_score": 0.169081690418, "oneminus": 0.83091830958199997, "Shape_Leng": 4000.0, "Shape_Area": 1000000.0 }, "geometry": { "type": "Polygon", "coordinates": [ [ [ 73.168170796186516, 22.568851234359528 ], [ 73.158448584814693, 22.568740108932833 ], [ 73.158328584397523, 22.577769350100105 ], [ 73.168051428428612, 22.577880524777331 ], [ 73.168170796186516, 22.568851234359528 ] ] ] } },
{ "type": "Feature", "properties": { "FeatureID": "471", "HA_Area": 100.0, "OBJECTID_1": 1471, "Join_Count": 1, "TARGET_FID": 1470, "Id": 0, "Slope_Max": 7.70593, "nor_score": 0.11151513822299999, "oneminus": 0.88848486177700003, "Shape_Leng": 4000.0, "Shape_Area": 1000000.0 }, "geometry": { "type": "Polygon", "coordinates": [ [ [ 73.313681286155344, 22.597537567485301 ], [ 73.303956297004689, 22.597435120277261 ], [ 73.303845619346447, 22.606465040887755 ], [ 73.313571242379282, 22.606567533458076 ], [ 73.313681286155344, 22.597537567485301 ] ] ] } },
{ "type": "Feature", "properties": { "FeatureID": "472", "HA_Area": 100.0, "OBJECTID_1": 1117, "Join_Count": 1, "TARGET_FID": 1116, "Id": 0, "Slope_Max": 5.33205, "nor_score": 0.077161907476800004, "oneminus": 0.92283809252299998, "Shape_Leng": 4000.0, "Shape_Area": 1000000.0 }, "geometry": { "type": "Polygon", "coordinates": [ [ [ 73.275568119827696, 22.533915468130321 ], [ 73.265847785628182, 22.533810991674915 ], [ 73.265734975606833, 22.542840802962505 ], [ 73.275455941367156, 22.542945325781226 ], [ 73.275568119827696, 22.533915468130321 ] ] ] } },
{ "type": "Feature", "properties": { "FeatureID": "473", "HA_Area": 100.0, "OBJECTID_1": 1560, "Join_Count": 1, "TARGET_FID": 1559, "Id": 0, "Slope_Max": 11.7405, "nor_score": 0.16990077653399999, "oneminus": 0.83009922346599996, "Shape_Leng": 4000.0, "Shape_Area": 1000000.0 }, "geometry": { "type": "Polygon", "coordinates": [ [ [ 73.206475466265729, 22.61443717765664 ], [ 73.19674984678602, 22.614328161275171 ], [ 73.196632077718803, 22.623357544241284 ], [ 73.20635833153986, 22.623466608862472 ], [ 73.206475466265729, 22.61443717765664 ] ] ] } },
{ "type": "Feature", "properties": { "FeatureID": "474", "HA_Area": 100.0, "OBJECTID_1": 1151, "Join_Count": 1, "TARGET_FID": 1150, "Id": 0, "Slope_Max": 5.2514, "nor_score": 0.075994796017699998, "oneminus": 0.92400520398200003, "Shape_Leng": 4000.0, "Shape_Area": 1000000.0 }, "geometry": { "type": "Polygon", "coordinates": [ [ [ 73.119927571976234, 22.541202543092481 ], [ 73.110207565173596, 22.54108863193203 ], [ 73.110084589847588, 22.550117655253757 ], [ 73.119805228253938, 22.550231616947045 ], [ 73.119927571976234, 22.541202543092481 ] ] ] } },
{ "type": "Feature", "properties": { "FeatureID": "475", "HA_Area": 100.0, "OBJECTID_1": 1021, "Join_Count": 1, "TARGET_FID": 1020, "Id": 0, "Slope_Max": 3.42549, "nor_score": 0.049571429847999997, "oneminus": 0.950428570152, "Shape_Leng": 4000.0, "Shape_Area": 1000000.0 }, "geometry": { "type": "Polygon", "coordinates": [ [ [ 73.314669161668689, 22.516267394565546 ], [ 73.304949862957244, 22.516165355360439 ], [ 73.304839691696799, 22.525195371813886 ], [ 73.314559621391439, 22.525297456329799 ], [ 73.314669161668689, 22.516267394565546 ] ] ] } },
{ "type": "Feature", "properties": { "FeatureID": "476", "HA_Area": 100.0, "OBJECTID_1": 1311, "Join_Count": 1, "TARGET_FID": 1310, "Id": 0, "Slope_Max": 3.62349, "nor_score": 0.052436758002100001, "oneminus": 0.94756324199800002, "Shape_Leng": 4000.0, "Shape_Area": 1000000.0 }, "geometry": { "type": "Polygon", "coordinates": [ [ [ 73.216782758491362, 22.569398048459011 ], [ 73.207060246377836, 22.569289860759802 ], [ 73.20694340943318, 22.57831934557656 ], [ 73.216666554293582, 22.57842758122468 ], [ 73.216782758491362, 22.569398048459011 ] ] ] } },
{ "type": "Feature", "properties": { "FeatureID": "477", "HA_Area": 100.0, "OBJECTID_1": 1057, "Join_Count": 1, "TARGET_FID": 1056, "Id": 0, "Slope_Max": 5.3719, "nor_score": 0.077738593785599996, "oneminus": 0.92226140621399999, "Shape_Leng": 4000.0, "Shape_Area": 1000000.0 }, "geometry": { "type": "Polygon", "coordinates": [ [ [ 73.178485837050914, 22.523814914349565 ], [ 73.168766723442744, 22.523704621297053 ], [ 73.168647659470338, 22.532733965360979 ], [ 73.178367404146215, 22.532844307372844 ], [ 73.178485837050914, 22.523814914349565 ] ] ] } },
{ "type": "Feature", "properties": { "FeatureID": "478", "HA_Area": 100.0, "OBJECTID_1": 1557, "Join_Count": 1, "TARGET_FID": 1556, "Id": 0, "Slope_Max": 10.1802, "nor_score": 0.14732113239799999, "oneminus": 0.85267886760199996, "Shape_Leng": 4000.0, "Shape_Area": 1000000.0 }, "geometry": { "type": "Polygon", "coordinates": [ [ [ 73.16745367713213, 22.623026815700012 ], [ 73.177179750192309, 22.623137647645159 ], [ 73.177298787889697, 22.614108361939969 ], [ 73.167573349118157, 22.613997579016001 ], [ 73.16745367713213, 22.623026815700012 ] ] ] } },
{ "type": "Feature", "properties": { "FeatureID": "479", "HA_Area": 100.0, "OBJECTID_1": 1274, "Join_Count": 1, "TARGET_FID": 1273, "Id": 0, "Slope_Max": 4.10896, "nor_score": 0.059462160363799997, "oneminus": 0.94053783963600002, "Shape_Leng": 4000.0, "Shape_Area": 1000000.0 }, "geometry": { "type": "Polygon", "coordinates": [ [ [ 73.343288606242098, 22.56172086962032 ], [ 73.33356598252989, 22.561620366259771 ], [ 73.33345742792838, 22.570650464738659 ], [ 73.34318068428199, 22.570751012657389 ], [ 73.343288606242098, 22.56172086962032 ] ] ] } },
{ "type": "Feature", "properties": { "FeatureID": "480", "HA_Area": 100.0, "OBJECTID_1": 1808, "Join_Count": 1, "TARGET_FID": 1807, "Id": 0, "Slope_Max": 5.72714, "nor_score": 0.082879390782599996, "oneminus": 0.917120609217, "Shape_Leng": 4000.0, "Shape_Area": 1000000.0 }, "geometry": { "type": "Polygon", "coordinates": [ [ [ 73.176702993463337, 22.659254682920295 ], [ 73.17658365270772, 22.668283914835186 ], [ 73.186312962716826, 22.668394401583395 ], [ 73.186431667552085, 22.65936512087692 ], [ 73.176702993463337, 22.659254682920295 ] ] ] } },
{ "type": "Feature", "properties": { "FeatureID": "481", "HA_Area": 100.0, "OBJECTID_1": 1307, "Join_Count": 1, "TARGET_FID": 1306, "Id": 0, "Slope_Max": 10.0832, "nor_score": 0.14591742443, "oneminus": 0.85408257557, "Shape_Leng": 4000.0, "Shape_Area": 1000000.0 }, "geometry": { "type": "Polygon", "coordinates": [ [ [ 73.168170796186516, 22.568851234359528 ], [ 73.168051428428612, 22.577880524777331 ], [ 73.177774333269866, 22.577991111678521 ], [ 73.177893068350784, 22.568961772270505 ], [ 73.168170796186516, 22.568851234359528 ] ] ] } },
{ "type": "Feature", "properties": { "FeatureID": "482", "HA_Area": 100.0, "OBJECTID_1": 1864, "Join_Count": 1, "TARGET_FID": 1863, "Id": 0, "Slope_Max": 5.4213, "nor_score": 0.078453475862300004, "oneminus": 0.92154652413799998, "Shape_Leng": 4000.0, "Shape_Area": 1000000.0 }, "geometry": { "type": "Polygon", "coordinates": [ [ [ 73.234844827728438, 22.677967488886097 ], [ 73.244575131288769, 22.678074480180356 ], [ 73.244690078637873, 22.66904492292425 ], [ 73.234960411425433, 22.668937978863536 ], [ 73.234844827728438, 22.677967488886097 ] ] ] } },
{ "type": "Feature", "properties": { "FeatureID": "483", "HA_Area": 100.0, "OBJECTID_1": 1821, "Join_Count": 1, "TARGET_FID": 1820, "Id": 0, "Slope_Max": 11.6313, "nor_score": 0.168320499269, "oneminus": 0.83167950073100005, "Shape_Leng": 4000.0, "Shape_Area": 1000000.0 }, "geometry": { "type": "Polygon", "coordinates": [ [ [ 73.312909802608175, 22.660747105297784 ], [ 73.303180369504673, 22.660644340433201 ], [ 73.303069297061981, 22.669674186305627 ], [ 73.312799366307701, 22.669776996572711 ], [ 73.312909802608175, 22.660747105297784 ] ] ] } },
{ "type": "Feature", "properties": { "FeatureID": "484", "HA_Area": 100.0, "OBJECTID_1": 1607, "Join_Count": 1, "TARGET_FID": 1606, "Id": 0, "Slope_Max": 7.46271, "nor_score": 0.107995414086, "oneminus": 0.892004585914, "Shape_Leng": 4000.0, "Shape_Area": 1000000.0 }, "geometry": { "type": "Polygon", "coordinates": [ [ [ 73.177179750192309, 22.623137647645159 ], [ 73.16745367713213, 22.623026815700012 ], [ 73.167333944247261, 22.632056041626743 ], [ 73.177060651918666, 22.632166922599286 ], [ 73.177179750192309, 22.623137647645159 ] ] ] } },
{ "type": "Feature", "properties": { "FeatureID": "485", "HA_Area": 100.0, "OBJECTID_1": 1757, "Join_Count": 1, "TARGET_FID": 1756, "Id": 0, "Slope_Max": 8.57668, "nor_score": 0.124116057014, "oneminus": 0.87588394298600003, "Shape_Leng": 4000.0, "Shape_Area": 1000000.0 }, "geometry": { "type": "Polygon", "coordinates": [ [ [ 73.176702993463337, 22.659254682920295 ], [ 73.176822273571887, 22.650225440240355 ], [ 73.167094295709802, 22.65011446119442 ], [ 73.166974380021614, 22.659143654828341 ], [ 73.176702993463337, 22.659254682920295 ] ] ] } },
{ "type": "Feature", "properties": { "FeatureID": "486", "HA_Area": 100.0, "OBJECTID_1": 1913, "Join_Count": 1, "TARGET_FID": 1912, "Id": 0, "Slope_Max": 4.39855, "nor_score": 0.063652914073100003, "oneminus": 0.936347085927, "Shape_Leng": 4000.0, "Shape_Area": 1000000.0 }, "geometry": { "type": "Polygon", "coordinates": [ [ [ 73.234844827728438, 22.677967488886097 ], [ 73.225114582911303, 22.677859906846493 ], [ 73.224998303817102, 22.686889358633369 ], [ 73.234729185288202, 22.68699698817327 ], [ 73.234844827728438, 22.677967488886097 ] ] ] } },
{ "type": "Feature", "properties": { "FeatureID": "487", "HA_Area": 100.0, "OBJECTID_1": 1924, "Join_Count": 1, "TARGET_FID": 1923, "Id": 0, "Slope_Max": 6.14813, "nor_score": 0.088971680166500006, "oneminus": 0.91102831983400001, "Shape_Leng": 4000.0, "Shape_Area": 1000000.0 }, "geometry": { "type": "Polygon", "coordinates": [ [ [ 73.341881326648291, 22.679111898978764 ], [ 73.332150453436483, 22.67901081592224 ], [ 73.332041178465474, 22.688040775869482 ], [ 73.341772688515093, 22.688141903557561 ], [ 73.341881326648291, 22.679111898978764 ] ] ] } },
{ "type": "Feature", "properties": { "FeatureID": "488", "HA_Area": 100.0, "OBJECTID_1": 1703, "Join_Count": 1, "TARGET_FID": 1702, "Id": 0, "Slope_Max": 6.35204, "nor_score": 0.091922529329700006, "oneminus": 0.90807747067, "Shape_Leng": 4000.0, "Shape_Area": 1000000.0 }, "geometry": { "type": "Polygon", "coordinates": [ [ [ 73.13803248952739, 22.640748929240139 ], [ 73.128305392596417, 22.640635640928508 ], [ 73.128182997012445, 22.649664646565348 ], [ 73.137910729128407, 22.649777984959023 ], [ 73.13803248952739, 22.640748929240139 ] ] ] } },
{ "type": "Feature", "properties": { "FeatureID": "489", "HA_Area": 100.0, "OBJECTID_1": 1875, "Join_Count": 1, "TARGET_FID": 1874, "Id": 0, "Slope_Max": 6.51694, "nor_score": 0.0943088577175, "oneminus": 0.90569114228199998, "Shape_Leng": 4000.0, "Shape_Area": 1000000.0 }, "geometry": { "type": "Polygon", "coordinates": [ [ [ 73.341881326648291, 22.679111898978764 ], [ 73.351612255046916, 22.679212391134836 ], [ 73.351720201462726, 22.670182331519687 ], [ 73.341989909594659, 22.670081883728695 ], [ 73.341881326648291, 22.679111898978764 ] ] ] } },
{ "type": "Feature", "properties": { "FeatureID": "490", "HA_Area": 100.0, "OBJECTID_1": 1374, "Join_Count": 1, "TARGET_FID": 1373, "Id": 0, "Slope_Max": 4.9586, "nor_score": 0.071757588325799995, "oneminus": 0.92824241167400001, "Shape_Leng": 4000.0, "Shape_Area": 1000000.0 }, "geometry": { "type": "Polygon", "coordinates": [ [ [ 73.343072707327991, 22.579781145064473 ], [ 73.333348818010734, 22.579680552581937 ], [ 73.333240152760851, 22.58871062978616 ], [ 73.342964675364087, 22.588811266838125 ], [ 73.343072707327991, 22.579781145064473 ] ] ] } },
{ "type": "Feature", "properties": { "FeatureID": "491", "HA_Area": 100.0, "OBJECTID_1": 1203, "Join_Count": 1, "TARGET_FID": 1202, "Id": 0, "Slope_Max": 7.25473, "nor_score": 0.104985669388, "oneminus": 0.89501433061199998, "Shape_Leng": 4000.0, "Shape_Area": 1000000.0 }, "geometry": { "type": "Polygon", "coordinates": [ [ [ 73.139246691843468, 22.550457779560464 ], [ 73.129525929026499, 22.550344991721065 ], [ 73.129404154881641, 22.559374105094037 ], [ 73.139125549660292, 22.55948694295223 ], [ 73.139246691843468, 22.550457779560464 ] ] ] } },
{ "type": "Feature", "properties": { "FeatureID": "492", "HA_Area": 100.0, "OBJECTID_1": 1951, "Join_Count": 1, "TARGET_FID": 1950, "Id": 0, "Slope_Max": 8.80543, "nor_score": 0.12742637940500001, "oneminus": 0.87257362059499999, "Shape_Leng": 4000.0, "Shape_Area": 1000000.0 }, "geometry": { "type": "Polygon", "coordinates": [ [ [ 73.11796257828918, 22.685666431521412 ], [ 73.108232427160132, 22.685551711069071 ], [ 73.108108446630339, 22.694580561696267 ], [ 73.117839234522961, 22.694695332783816 ], [ 73.11796257828918, 22.685666431521412 ] ] ] } },
{ "type": "Feature", "properties": { "FeatureID": "493", "HA_Area": 100.0, "OBJECTID_1": 1751, "Join_Count": 1, "TARGET_FID": 1750, "Id": 0, "Slope_Max": 8.23366, "nor_score": 0.119152091532, "oneminus": 0.88084790846799998, "Shape_Leng": 4000.0, "Shape_Area": 1000000.0 }, "geometry": { "type": "Polygon", "coordinates": [ [ [ 73.118455327140168, 22.649550718372929 ], [ 73.108727719834391, 22.649436200397197 ], [ 73.108603991045769, 22.658465094282594 ], [ 73.118332233822898, 22.658579662867851 ], [ 73.118455327140168, 22.649550718372929 ] ] ] } },
{ "type": "Feature", "properties": { "FeatureID": "494", "HA_Area": 100.0, "OBJECTID_1": 1319, "Join_Count": 1, "TARGET_FID": 1318, "Id": 0, "Slope_Max": 3.98984, "nor_score": 0.057738332564000003, "oneminus": 0.94226166743600004, "Shape_Leng": 4000.0, "Shape_Area": 1000000.0 }, "geometry": { "type": "Polygon", "coordinates": [ [ [ 73.294564958897368, 22.570242395607686 ], [ 73.284841982346521, 22.570138909030007 ], [ 73.28473020785421, 22.579168770147863 ], [ 73.294453817287206, 22.579272302591455 ], [ 73.294564958897368, 22.570242395607686 ] ] ] } },
{ "type": "Feature", "properties": { "FeatureID": "495", "HA_Area": 100.0, "OBJECTID_1": 1361, "Join_Count": 1, "TARGET_FID": 1360, "Id": 0, "Slope_Max": 3.42549, "nor_score": 0.049571429847999997, "oneminus": 0.950428570152, "Shape_Leng": 4000.0, "Shape_Area": 1000000.0 }, "geometry": { "type": "Polygon", "coordinates": [ [ [ 73.216666554293582, 22.57842758122468 ], [ 73.20694340943318, 22.57831934557656 ], [ 73.206826512966984, 22.587348819678116 ], [ 73.216550290896436, 22.587457103281199 ], [ 73.216666554293582, 22.57842758122468 ] ] ] } },
{ "type": "Feature", "properties": { "FeatureID": "496", "HA_Area": 100.0, "OBJECTID_1": 1569, "Join_Count": 1, "TARGET_FID": 1568, "Id": 0, "Slope_Max": 5.4016, "nor_score": 0.078168389731000001, "oneminus": 0.92183161026899996, "Shape_Leng": 4000.0, "Shape_Area": 1000000.0 }, "geometry": { "type": "Polygon", "coordinates": [ [ [ 73.29400868446703, 22.61539182387299 ], [ 73.284282540281751, 22.61528810790778 ], [ 73.284170480904791, 22.624317915652565 ], [ 73.293897259584512, 22.624421677512679 ], [ 73.29400868446703, 22.61539182387299 ] ] ] } },
{ "type": "Feature", "properties": { "FeatureID": "497", "HA_Area": 100.0, "OBJECTID_1": 1211, "Join_Count": 1, "TARGET_FID": 1210, "Id": 0, "Slope_Max": 5.01216, "nor_score": 0.072532670126799995, "oneminus": 0.92746732987299996, "Shape_Leng": 4000.0, "Shape_Area": 1000000.0 }, "geometry": { "type": "Polygon", "coordinates": [ [ [ 73.217014989357835, 22.551338950814191 ], [ 73.207293741771849, 22.551230858994646 ], [ 73.207177023818289, 22.560260365231333 ], [ 73.216898903507044, 22.560368504987693 ], [ 73.217014989357835, 22.551338950814191 ] ] ] } },
{ "type": "Feature", "properties": { "FeatureID": "498", "HA_Area": 100.0, "OBJECTID_1": 1353, "Join_Count": 1, "TARGET_FID": 1352, "Id": 0, "Slope_Max": 9.26742, "nor_score": 0.13411198523699999, "oneminus": 0.86588801476300004, "Shape_Leng": 4000.0, "Shape_Area": 1000000.0 }, "geometry": { "type": "Polygon", "coordinates": [ [ [ 73.138883080054342, 22.577545237477835 ], [ 73.129160420386455, 22.577432299563139 ], [ 73.12903846, 22.586461380652235 ], [ 73.138761752595556, 22.586574368604659 ], [ 73.138883080054342, 22.577545237477835 ] ] ] } },
{ "type": "Feature", "properties": { "FeatureID": "499", "HA_Area": 100.0, "OBJECTID_1": 1251, "Join_Count": 1, "TARGET_FID": 1250, "Id": 0, "Slope_Max": 6.03471, "nor_score": 0.087330340618000005, "oneminus": 0.91266965938199995, "Shape_Leng": 4000.0, "Shape_Area": 1000000.0 }, "geometry": { "type": "Polygon", "coordinates": [ [ [ 73.119682822165444, 22.559260680041024 ], [ 73.109961551833592, 22.559146667808534 ], [ 73.109838451113347, 22.568175669592808 ], [ 73.119560353692577, 22.568289732370879 ], [ 73.119682822165444, 22.559260680041024 ] ] ] } },
{ "type": "Feature", "properties": { "FeatureID": "500", "HA_Area": 100.0, "OBJECTID_1": 1066, "Join_Count": 1, "TARGET_FID": 1065, "Id": 0, "Slope_Max": 6.87303, "nor_score": 0.099461958257399993, "oneminus": 0.90053804174300001, "Shape_Leng": 4000.0, "Shape_Area": 1000000.0 }, "geometry": { "type": "Polygon", "coordinates": [ [ [ 73.265960538145023, 22.524781169725319 ], [ 73.256240892672324, 22.524676153267013 ], [ 73.256127508933176, 22.533705928598923 ], [ 73.265847785628182, 22.533810991674915 ], [ 73.265960538145023, 22.524781169725319 ] ] ] } }
]
}
